Date,Message
2026-06-18T03:40:00.000-04:00,"2026-6-18 3:40,74.2,74.39,74.16,74.23,0,0,1,-1,-,-,neutral"
2026-06-18T03:45:00.000-04:00,"2026-6-18 3:45,74.43,74.43,74.18,74.23,5,0,1,-1,-,-,neutral"
2026-06-18T03:50:00.000-04:00,"2026-6-18 3:50,74.33,74.41,74.19,74.24,0,0,1,-1,-,-,neutral"
2026-06-18T03:55:00.000-04:00,"2026-6-18 3:55,74.33,74.4,74.2,74.24,0,0,1,0,-,-,neutral"
2026-06-18T04:00:00.000-04:00,"2026-6-18 4:00,74.31,74.38,74.21,74.24,0,0,1,0,-,-,neutral"
2026-06-18T04:05:00.000-04:00,"2026-6-18 4:05,74.25,74.35,74.21,74.24,0,0,1,0,-,-,neutral"
2026-06-18T04:10:00.000-04:00,"2026-6-18 4:10,74.36,74.36,74.22,74.25,0,0,1,0,-,-,neutral"
2026-06-18T04:15:00.000-04:00,"2026-6-18 4:15,74.11,74.27,74.21,74.24,0,0,1,0,-,-,neutral"
2026-06-18T04:20:00.000-04:00,"2026-6-18 4:20,74.36,74.3,74.23,74.25,5,1,1,0,-,-,wave_only"
2026-06-18T04:25:00.000-04:00,"2026-6-18 4:25,74.32,74.31,74.23,74.25,0,0,1,0,-,-,neutral"
2026-06-18T04:30:00.000-04:00,"2026-6-18 4:30,74.36,74.33,74.24,74.25,5,1,1,0,-,-,wave_only"
2026-06-18T04:35:00.000-04:00,"2026-6-18 4:35,74.13,74.26,74.23,74.25,0,0,1,0,-,-,neutral"
2026-06-18T04:40:00.000-04:00,"2026-6-18 4:40,73.98,74.15,74.21,74.24,-7,-1,-1,0,S,-,wave_only"
2026-06-18T04:45:00.000-04:00,"2026-6-18 4:45,73.86,74.02,74.19,74.22,-7,-1,-1,0,-,-,wave_only"
2026-06-18T04:50:00.000-04:00,"2026-6-18 4:50,73.97,73.98,74.17,74.21,-5,-1,-1,0,-,-,wave_only"
2026-06-18T04:55:00.000-04:00,"2026-6-18 4:55,73.98,73.95,74.16,74.2,-5,-1,-1,-1,-,-,RIDE_both"
2026-06-18T05:00:00.000-04:00,"2026-6-18 5:00,74.21,74.02,74.16,74.21,0,0,-1,-1,-,-,neutral"
2026-06-18T05:05:00.000-04:00,"2026-6-18 5:05,74,73.99,74.15,74.2,-5,-1,-1,-1,-,-,RIDE_both"
2026-06-18T05:10:00.000-04:00,"2026-6-18 5:10,74.06,74,74.14,74.19,0,0,-1,-1,-,-,neutral"
2026-06-18T05:15:00.000-04:00,"2026-6-18 5:15,73.73,73.88,74.11,74.17,-7,-1,-1,-1,-,-,RIDE_both"
2026-06-18T05:20:00.000-04:00,"2026-6-18 5:20,74.09,73.93,74.11,74.17,0,0,-1,-1,-,-,neutral"
2026-06-18T05:25:00.000-04:00,"2026-6-18 5:25,74.08,73.97,74.11,74.17,0,0,-1,-1,-,-,neutral"
2026-06-18T05:30:00.000-04:00,"2026-6-18 5:30,74.15,74.02,74.11,74.17,0,0,-1,-1,-,-,neutral"
2026-06-18T05:35:00.000-04:00,"2026-6-18 5:35,74.03,74.02,74.1,74.16,0,0,-1,-1,-,-,neutral"
2026-06-18T05:40:00.000-04:00,"2026-6-18 5:40,74.18,74.07,74.11,74.16,3,1,0,-1,B,-,FIGHT"
2026-06-18T05:45:00.000-04:00,"2026-6-18 5:45,74.07,74.07,74.11,74.16,0,0,0,-1,-,-,neutral"
2026-06-18T05:50:00.000-04:00,"2026-6-18 5:50,73.8,73.97,74.08,74.14,-7,-1,0,-1,S,-,tide_only"
2026-06-18T05:55:00.000-04:00,"2026-6-18 5:55,73.76,73.88,74.06,74.13,-7,-1,-1,-1,-,-,RIDE_both"
2026-06-18T06:00:00.000-04:00,"2026-6-18 6:00,73.91,73.88,74.05,74.12,-3,-1,-1,-1,-,-,RIDE_both"
2026-06-18T06:05:00.000-04:00,"2026-6-18 6:05,73.94,73.89,74.04,74.11,0,0,-1,-1,-,-,neutral"
2026-06-18T06:10:00.000-04:00,"2026-6-18 6:10,73.93,73.89,74.03,74.11,0,0,-1,-1,-,-,neutral"
2026-06-18T06:15:00.000-04:00,"2026-6-18 6:15,74.13,73.97,74.04,74.11,3,1,-1,-1,B,-,FIGHT"
2026-06-18T06:20:00.000-04:00,"2026-6-18 6:20,74.2,74.05,74.05,74.11,5,1,-1,-1,-,-,FIGHT"
2026-06-18T06:25:00.000-04:00,"2026-6-18 6:25,74.23,74.13,74.06,74.12,5,1,1,-1,-,-,wave_only"
2026-06-18T06:30:00.000-04:00,"2026-6-18 6:30,74.57,74.3,74.1,74.13,5,1,1,-1,-,-,wave_only"
2026-06-18T06:35:00.000-04:00,"2026-6-18 6:35,74.61,74.45,74.14,74.15,7,1,1,-1,-,-,wave_only"
2026-06-18T06:40:00.000-04:00,"2026-6-18 6:40,74.84,74.64,74.2,74.18,5,1,1,-1,-,-,wave_only"
2026-06-18T06:45:00.000-04:00,"2026-6-18 6:45,75,74.83,74.26,74.21,7,1,1,-1,-,-,wave_only"
2026-06-18T06:50:00.000-04:00,"2026-6-18 6:50,74.77,74.87,74.3,74.23,0,0,1,-1,-,-,neutral"
2026-06-18T06:55:00.000-04:00,"2026-6-18 6:55,74.63,74.85,74.32,74.25,0,0,1,0,-,-,neutral"
2026-06-18T07:00:00.000-04:00,"2026-6-18 7:00,74.56,74.8,74.34,74.26,0,0,1,0,-,-,neutral"
2026-06-18T07:05:00.000-04:00,"2026-6-18 7:05,74.65,74.79,74.36,74.28,0,0,1,0,-,-,neutral"
2026-06-18T07:10:00.000-04:00,"2026-6-18 7:10,74.64,74.77,74.39,74.29,0,0,1,0,-,-,neutral"
2026-06-18T07:15:00.000-04:00,"2026-6-18 7:15,74.59,74.74,74.4,74.3,0,0,1,0,-,-,neutral"
2026-06-18T07:20:00.000-04:00,"2026-6-18 7:20,74.64,74.73,74.42,74.32,0,0,1,0,-,-,neutral"
2026-06-18T07:25:00.000-04:00,"2026-6-18 7:25,74.81,74.78,74.45,74.33,5,1,1,0,-,-,wave_only"
2026-06-18T07:30:00.000-04:00,"2026-6-18 7:30,74.82,74.81,74.48,74.35,0,0,1,0,-,-,neutral"
2026-06-18T07:35:00.000-04:00,"2026-6-18 7:35,74.74,74.81,74.5,74.37,0,0,1,0,-,-,neutral"
2026-06-18T07:40:00.000-04:00,"2026-6-18 7:40,74.59,74.75,74.51,74.38,0,0,0,0,-,-,neutral"
2026-06-18T07:45:00.000-04:00,"2026-6-18 7:45,74.58,74.7,74.51,74.39,0,0,0,0,-,-,neutral"
2026-06-18T07:50:00.000-04:00,"2026-6-18 7:50,74.73,74.71,74.53,74.4,3,1,0,0,-,-,FIGHT"
2026-06-18T07:55:00.000-04:00,"2026-6-18 7:55,74.73,74.72,74.54,74.41,3,1,0,1,-,-,tide_only"
2026-06-18T08:00:00.000-04:00,"2026-6-18 8:00,74.54,74.66,74.54,74.42,0,0,0,1,-,-,neutral"
2026-06-18T08:05:00.000-04:00,"2026-6-18 8:05,74.48,74.59,74.54,74.42,-3,-1,0,1,S,-,FIGHT"
2026-06-18T08:10:00.000-04:00,"2026-6-18 8:10,74.34,74.48,74.52,74.42,-5,-1,0,1,-,-,FIGHT"
2026-06-18T08:15:00.000-04:00,"2026-6-18 8:15,74.44,74.45,74.52,74.42,-5,-1,0,1,-,-,FIGHT"
2026-06-18T08:20:00.000-04:00,"2026-6-18 8:20,74.4,74.41,74.51,74.42,-5,-1,0,1,-,-,FIGHT"
2026-06-18T08:25:00.000-04:00,"2026-6-18 8:25,74.58,74.45,74.51,74.42,0,0,0,1,-,-,neutral"
2026-06-18T08:30:00.000-04:00,"2026-6-18 8:30,74.39,74.41,74.5,74.42,-5,-1,0,1,-,-,FIGHT"
2026-06-18T08:35:00.000-04:00,"2026-6-18 8:35,74.53,74.43,74.51,74.43,0,0,0,1,-,-,neutral"
2026-06-18T08:40:00.000-04:00,"2026-6-18 8:40,74.59,74.47,74.51,74.43,0,0,0,1,-,-,neutral"
2026-06-18T08:45:00.000-04:00,"2026-6-18 8:45,74.47,74.46,74.51,74.43,-5,-1,0,1,-,-,FIGHT"
2026-06-18T08:50:00.000-04:00,"2026-6-18 8:50,74.35,74.41,74.5,74.43,-5,-1,0,1,-,-,FIGHT"
2026-06-18T08:55:00.000-04:00,"2026-6-18 8:55,74.45,74.41,74.49,74.43,0,0,0,1,-,-,neutral"
2026-06-18T09:00:00.000-04:00,"2026-6-18 9:00,74.5,74.43,74.49,74.43,0,0,0,1,-,-,neutral"
2026-06-18T09:05:00.000-04:00,"2026-6-18 9:05,74.04,74.27,74.46,74.42,-5,-1,0,1,-,-,FIGHT"
2026-06-18T09:10:00.000-04:00,"2026-6-18 9:10,74.04,74.16,74.43,74.4,-5,-1,0,1,-,-,FIGHT"
2026-06-18T09:15:00.000-04:00,"2026-6-18 9:15,74.04,74.08,74.4,74.39,-5,-1,0,1,-,-,FIGHT"
2026-06-18T09:20:00.000-04:00,"2026-6-18 9:20,74.1,74.05,74.37,74.38,-5,0,0,1,-,-,neutral"
2026-06-18T09:25:00.000-04:00,"2026-6-18 9:25,74.17,74.06,74.36,74.37,0,0,-1,1,-,-,neutral"
2026-06-18T09:30:00.000-04:00,"2026-6-18 9:30,73.86,73.95,74.32,74.35,-7,-1,-1,1,-,-,wave_only"
2026-06-18T09:35:00.000-04:00,"2026-6-18 9:35,73.56,73.77,74.26,74.32,-5,-1,-1,1,-,-,wave_only"
2026-06-18T09:40:00.000-04:00,"2026-6-18 9:40,73.4,73.58,74.2,74.28,-7,-1,-1,1,-,-,wave_only"
2026-06-18T09:45:00.000-04:00,"2026-6-18 9:45,73.18,73.37,74.12,74.24,-5,-1,-1,1,-,-,wave_only"
2026-06-18T09:50:00.000-04:00,"2026-6-18 9:50,73.29,73.26,74.05,74.2,0,0,-1,1,-,-,neutral"
2026-06-18T09:55:00.000-04:00,"2026-6-18 9:55,73.21,73.16,73.99,74.16,-3,-1,-1,-1,-,-,RIDE_both"
2026-06-18T10:00:00.000-04:00,"2026-6-18 10:00,73.43,73.18,73.95,74.13,0,0,-1,-1,-,-,neutral"
2026-06-18T10:05:00.000-04:00,"2026-6-18 10:05,73.04,73.06,73.88,74.09,-3,-1,-1,-1,-,-,RIDE_both"
2026-06-18T10:10:00.000-04:00,"2026-6-18 10:10,73.06,72.99,73.81,74.05,0,0,-1,-1,-,-,neutral"
2026-06-18T10:15:00.000-04:00,"2026-6-18 10:15,73.02,72.93,73.75,74.01,0,0,-1,-1,-,-,neutral"
2026-06-18T10:20:00.000-04:00,"2026-6-18 10:20,73.17,72.95,73.71,73.98,0,0,-1,-1,-,-,neutral"
2026-06-18T10:25:00.000-04:00,"2026-6-18 10:25,73.15,72.97,73.66,73.95,0,0,-1,-1,-,-,neutral"
2026-06-18T10:30:00.000-04:00,"2026-6-18 10:30,73.16,72.99,73.63,73.91,0,0,-1,-1,-,-,neutral"
2026-06-18T10:35:00.000-04:00,"2026-6-18 10:35,73.35,73.09,73.6,73.89,0,0,-1,-1,-,-,neutral"
2026-06-18T10:40:00.000-04:00,"2026-6-18 10:40,73.5,73.22,73.6,73.88,0,0,0,-1,-,-,neutral"
2026-06-18T10:45:00.000-04:00,"2026-6-18 10:45,73.25,73.22,73.57,73.85,0,0,0,-1,-,-,neutral"
2026-06-18T10:50:00.000-04:00,"2026-6-18 10:50,73.27,73.24,73.55,73.83,0,0,0,-1,-,-,neutral"
2026-06-18T10:55:00.000-04:00,"2026-6-18 10:55,73.3,73.26,73.53,73.81,0,0,-1,-1,-,-,neutral"
2026-06-18T11:00:00.000-04:00,"2026-6-18 11:00,73.34,73.3,73.51,73.79,0,0,-1,-1,-,-,neutral"
2026-06-18T11:05:00.000-04:00,"2026-6-18 11:05,73.23,73.28,73.49,73.77,-7,-1,-1,-1,-,-,RIDE_both"
2026-06-18T11:10:00.000-04:00,"2026-6-18 11:10,73.25,73.28,73.47,73.75,-7,0,-1,-1,-,-,neutral"
2026-06-18T11:15:00.000-04:00,"2026-6-18 11:15,72.88,73.14,73.43,73.71,-7,-1,-1,-1,-,-,RIDE_both"
2026-06-18T11:20:00.000-04:00,"2026-6-18 11:20,73.19,73.15,73.41,73.69,0,0,-1,-1,-,-,neutral"
2026-06-18T11:25:00.000-04:00,"2026-6-18 11:25,73.48,73.27,73.41,73.69,3,0,0,-1,-,-,neutral"
2026-06-18T11:30:00.000-04:00,"2026-6-18 11:30,73.6,73.4,73.43,73.68,5,1,0,-1,B,-,FIGHT"
2026-06-18T11:35:00.000-04:00,"2026-6-18 11:35,73.75,73.55,73.45,73.68,5,1,0,-1,-,-,FIGHT"
2026-06-18T11:40:00.000-04:00,"2026-6-18 11:40,73.79,73.68,73.48,73.69,5,1,0,-1,-,-,FIGHT"
2026-06-18T11:45:00.000-04:00,"2026-6-18 11:45,73.78,73.76,73.5,73.69,5,1,0,-1,-,-,FIGHT"
2026-06-18T11:50:00.000-04:00,"2026-6-18 11:50,73.84,73.84,73.53,73.7,5,1,0,-1,-,-,FIGHT"
2026-06-18T11:55:00.000-04:00,"2026-6-18 11:55,73.93,73.93,73.56,73.71,5,1,0,0,-,-,FIGHT"
2026-06-18T12:00:00.000-04:00,"2026-6-18 12:00,73.91,73.98,73.59,73.72,3,1,0,0,-,-,FIGHT"
2026-06-18T12:05:00.000-04:00,"2026-6-18 12:05,74.16,74.1,73.63,73.73,5,1,0,0,-,-,FIGHT"
2026-06-18T12:10:00.000-04:00,"2026-6-18 12:10,74.03,74.14,73.66,73.74,0,0,1,0,-,-,neutral"
2026-06-18T12:15:00.000-04:00,"2026-6-18 12:15,74.09,74.18,73.69,73.76,0,0,1,0,-,-,neutral"
2026-06-18T12:20:00.000-04:00,"2026-6-18 12:20,74.04,74.18,73.72,73.77,0,0,1,0,-,-,neutral"
2026-06-18T12:25:00.000-04:00,"2026-6-18 12:25,73.86,74.11,73.73,73.77,0,0,1,0,-,-,neutral"
2026-06-18T12:30:00.000-04:00,"2026-6-18 12:30,73.71,74,73.73,73.77,0,0,1,0,-,-,neutral"
2026-06-18T12:35:00.000-04:00,"2026-6-18 12:35,73.76,73.93,73.73,73.77,0,0,1,0,-,-,neutral"
2026-06-18T12:40:00.000-04:00,"2026-6-18 12:40,73.91,73.94,73.75,73.78,0,0,1,0,-,-,neutral"
2026-06-18T12:45:00.000-04:00,"2026-6-18 12:45,74.23,74.06,73.78,73.79,7,1,1,0,-,-,wave_only"
2026-06-18T12:50:00.000-04:00,"2026-6-18 12:50,74.3,74.17,73.82,73.81,7,1,1,0,-,-,wave_only"
2026-06-18T12:55:00.000-04:00,"2026-6-18 12:55,74.27,74.23,73.86,73.83,3,1,1,0,-,-,wave_only"
2026-06-18T13:00:00.000-04:00,"2026-6-18 13:00,74.31,74.29,73.89,73.85,3,1,1,0,-,-,wave_only"
2026-06-18T13:05:00.000-04:00,"2026-6-18 13:05,74.28,74.32,73.92,73.87,0,0,1,0,-,-,neutral"
2026-06-18T13:10:00.000-04:00,"2026-6-18 13:10,74.35,74.36,73.95,73.89,0,0,1,0,-,-,neutral"
2026-06-18T13:15:00.000-04:00,"2026-6-18 13:15,74.31,74.38,73.98,73.9,0,0,1,0,-,-,neutral"
2026-06-18T13:20:00.000-04:00,"2026-6-18 13:20,74.1,74.3,73.99,73.91,0,0,1,0,-,-,neutral"
2026-06-18T13:25:00.000-04:00,"2026-6-18 13:25,74.4,74.36,74.02,73.93,5,1,1,0,-,-,wave_only"
2026-06-18T13:30:00.000-04:00,"2026-6-18 13:30,74.37,74.38,74.05,73.95,0,0,1,0,-,-,neutral"
2026-06-18T13:35:00.000-04:00,"2026-6-18 13:35,74.56,74.47,74.09,73.97,7,1,1,0,-,-,wave_only"
2026-06-18T13:40:00.000-04:00,"2026-6-18 13:40,74.44,74.48,74.12,73.99,0,0,1,0,-,-,neutral"
2026-06-18T13:45:00.000-04:00,"2026-6-18 13:45,74.46,74.5,74.14,74.01,0,0,1,0,-,-,neutral"
2026-06-18T13:50:00.000-04:00,"2026-6-18 13:50,74.54,74.53,74.17,74.03,0,0,1,0,-,-,neutral"
2026-06-18T13:55:00.000-04:00,"2026-6-18 13:55,74.53,74.55,74.2,74.05,0,0,1,1,-,-,neutral"
2026-06-18T14:00:00.000-04:00,"2026-6-18 14:00,74.93,74.71,74.26,74.08,7,1,1,1,-,-,RIDE_both"
2026-06-18T14:05:00.000-04:00,"2026-6-18 14:05,74.85,74.8,74.3,74.11,7,1,1,1,-,-,RIDE_both"
2026-06-18T14:10:00.000-04:00,"2026-6-18 14:10,75.12,74.95,74.36,74.15,7,1,1,1,-,-,RIDE_both"
2026-06-18T14:15:00.000-04:00,"2026-6-18 14:15,75.22,75.1,74.43,74.19,7,1,1,1,-,-,RIDE_both"
2026-06-18T14:20:00.000-04:00,"2026-6-18 14:20,75.34,75.24,74.5,74.24,7,1,1,1,-,-,RIDE_both"
2026-06-18T14:25:00.000-04:00,"2026-6-18 14:25,75.84,75.53,74.6,74.3,7,1,1,1,-,-,RIDE_both"
2026-06-18T14:30:00.000-04:00,"2026-6-18 14:30,75.81,75.72,74.7,74.36,7,1,1,1,-,-,RIDE_both"
2026-06-18T14:35:00.000-04:00,"2026-6-18 14:35,75.8,75.84,74.78,74.42,7,1,1,1,-,-,RIDE_both"
2026-06-18T14:40:00.000-04:00,"2026-6-18 14:40,75.66,75.86,74.85,74.47,0,0,1,1,-,-,neutral"
2026-06-18T14:45:00.000-04:00,"2026-6-18 14:45,75.63,75.86,74.91,74.51,0,0,1,1,-,-,neutral"
2026-06-18T14:50:00.000-04:00,"2026-6-18 14:50,75.66,75.86,74.97,74.56,0,0,1,1,-,-,neutral"
2026-06-18T14:55:00.000-04:00,"2026-6-18 14:55,75.63,75.84,75.02,74.6,0,0,1,1,-,-,neutral"
2026-06-18T15:00:00.000-04:00,"2026-6-18 15:00,75.7,75.84,75.07,74.64,0,0,1,1,-,-,neutral"
2026-06-18T15:05:00.000-04:00,"2026-6-18 15:05,75.72,75.84,75.12,74.68,0,0,1,1,-,-,neutral"
2026-06-18T15:10:00.000-04:00,"2026-6-18 15:10,75.68,75.82,75.16,74.72,0,0,1,1,-,-,neutral"
2026-06-18T15:15:00.000-04:00,"2026-6-18 15:15,75.67,75.79,75.2,74.76,0,0,1,1,-,-,neutral"
2026-06-18T15:20:00.000-04:00,"2026-6-18 15:20,75.73,75.79,75.24,74.8,0,0,1,1,-,-,neutral"
2026-06-18T15:25:00.000-04:00,"2026-6-18 15:25,75.66,75.76,75.27,74.83,0,0,0,1,-,-,neutral"
2026-06-18T15:30:00.000-04:00,"2026-6-18 15:30,75.6,75.71,75.3,74.86,0,0,0,1,-,-,neutral"
2026-06-18T15:35:00.000-04:00,"2026-6-18 15:35,75.56,75.66,75.32,74.89,0,0,0,1,-,-,neutral"
2026-06-18T15:40:00.000-04:00,"2026-6-18 15:40,75.62,75.64,75.34,74.92,0,0,0,1,-,-,neutral"
2026-06-18T15:45:00.000-04:00,"2026-6-18 15:45,75.58,75.61,75.36,74.94,0,0,0,1,-,-,neutral"
2026-06-18T15:50:00.000-04:00,"2026-6-18 15:50,75.61,75.6,75.38,74.97,0,0,0,1,-,-,neutral"
2026-06-18T15:55:00.000-04:00,"2026-6-18 15:55,75.71,75.63,75.41,75,7,1,0,1,-,-,tide_only"
2026-06-18T16:00:00.000-04:00,"2026-6-18 16:00,75.8,75.68,75.44,75.03,7,1,0,1,-,-,tide_only"
2026-06-18T16:05:00.000-04:00,"2026-6-18 16:05,75.74,75.7,75.46,75.06,7,1,0,1,-,-,tide_only"
2026-06-18T16:10:00.000-04:00,"2026-6-18 16:10,75.59,75.65,75.47,75.08,0,0,0,1,-,-,neutral"
2026-06-18T16:15:00.000-04:00,"2026-6-18 16:15,75.53,75.6,75.47,75.1,-3,-1,0,1,S,-,FIGHT"
2026-06-18T16:20:00.000-04:00,"2026-6-18 16:20,75.45,75.53,75.47,75.11,-5,-1,0,1,-,-,FIGHT"
2026-06-18T16:25:00.000-04:00,"2026-6-18 16:25,75.46,75.48,75.47,75.12,-5,-1,0,1,-,-,FIGHT"
2026-06-18T16:30:00.000-04:00,"2026-6-18 16:30,75.38,75.42,75.46,75.13,-5,-1,0,1,-,-,FIGHT"
2026-06-18T16:35:00.000-04:00,"2026-6-18 16:35,75.43,75.39,75.46,75.15,-5,-1,0,1,-,-,FIGHT"
2026-06-18T16:40:00.000-04:00,"2026-6-18 16:40,75.43,75.38,75.46,75.16,-5,-1,0,1,-,-,FIGHT"
2026-06-18T16:45:00.000-04:00,"2026-6-18 16:45,75.4,75.36,75.45,75.17,-5,-1,0,1,-,-,FIGHT"
2026-06-18T16:50:00.000-04:00,"2026-6-18 16:50,75.48,75.38,75.46,75.18,0,0,0,1,-,-,neutral"
2026-06-18T16:55:00.000-04:00,"2026-6-18 16:55,75.54,75.41,75.46,75.19,0,0,0,1,-,-,neutral"
2026-06-18T18:00:00.000-04:00,"2026-6-18 18:00,75.44,75.41,75.46,75.2,-5,-1,0,1,-,-,FIGHT"
2026-06-18T18:05:00.000-04:00,"2026-6-18 18:05,75.41,75.39,75.46,75.21,-5,-1,0,1,-,-,FIGHT"
2026-06-18T18:10:00.000-04:00,"2026-6-18 18:10,75.47,75.4,75.46,75.22,0,0,0,1,-,-,neutral"
2026-06-18T18:15:00.000-04:00,"2026-6-18 18:15,75.56,75.45,75.47,75.23,0,0,0,1,-,-,neutral"
2026-06-18T18:20:00.000-04:00,"2026-6-18 18:20,75.65,75.52,75.48,75.25,7,1,0,1,B,-,tide_only"
2026-06-18T18:25:00.000-04:00,"2026-6-18 18:25,75.56,75.53,75.49,75.26,7,1,0,1,-,-,tide_only"
2026-06-18T18:30:00.000-04:00,"2026-6-18 18:30,75.48,75.51,75.49,75.27,-3,-1,0,1,S,-,FIGHT"
2026-06-18T18:35:00.000-04:00,"2026-6-18 18:35,75.43,75.48,75.48,75.28,-5,-1,0,1,-,-,FIGHT"
2026-06-18T18:40:00.000-04:00,"2026-6-18 18:40,75.42,75.46,75.48,75.28,-5,-1,0,1,-,-,FIGHT"
2026-06-18T18:45:00.000-04:00,"2026-6-18 18:45,75.39,75.42,75.47,75.29,-5,-1,0,1,-,-,FIGHT"
2026-06-18T18:50:00.000-04:00,"2026-6-18 18:50,75.42,75.41,75.47,75.29,-5,-1,0,1,-,-,FIGHT"
2026-06-18T18:55:00.000-04:00,"2026-6-18 18:55,75.39,75.4,75.46,75.3,-5,-1,0,1,-,-,FIGHT"
2026-06-18T19:00:00.000-04:00,"2026-6-18 19:00,75.45,75.41,75.46,75.3,0,0,0,1,-,-,neutral"
2026-06-18T19:05:00.000-04:00,"2026-6-18 19:05,75.32,75.37,75.45,75.3,-5,-1,0,1,-,-,FIGHT"
2026-06-18T19:10:00.000-04:00,"2026-6-18 19:10,75.33,75.34,75.44,75.3,-5,-1,0,1,-,-,FIGHT"
2026-06-18T19:15:00.000-04:00,"2026-6-18 19:15,75.26,75.3,75.43,75.3,-5,-1,0,1,-,-,FIGHT"
2026-06-18T19:20:00.000-04:00,"2026-6-18 19:20,75.21,75.25,75.41,75.3,-5,-1,0,1,-,-,FIGHT"
2026-06-18T19:25:00.000-04:00,"2026-6-18 19:25,75.18,75.21,75.39,75.29,-5,-1,-1,1,-,-,wave_only"
2026-06-18T19:30:00.000-04:00,"2026-6-18 19:30,75.24,75.2,75.38,75.29,0,0,-1,1,-,-,neutral"
2026-06-18T19:35:00.000-04:00,"2026-6-18 19:35,75.29,75.21,75.37,75.29,0,0,-1,1,-,-,neutral"
2026-06-18T19:40:00.000-04:00,"2026-6-18 19:40,75.3,75.23,75.37,75.29,0,0,-1,1,-,-,neutral"
2026-06-18T19:45:00.000-04:00,"2026-6-18 19:45,75.34,75.26,75.37,75.29,0,0,-1,1,-,-,neutral"
2026-06-18T19:50:00.000-04:00,"2026-6-18 19:50,75.33,75.28,75.36,75.3,0,0,-1,1,-,-,neutral"
2026-06-18T19:55:00.000-04:00,"2026-6-18 19:55,75.41,75.32,75.37,75.3,0,0,1,1,-,-,neutral"
2026-06-18T20:00:00.000-04:00,"2026-6-18 20:00,75.08,75.23,75.34,75.29,-5,-1,1,1,-,-,FIGHT"
2026-06-18T20:05:00.000-04:00,"2026-6-18 20:05,75.12,75.18,75.33,75.28,-5,-1,1,1,-,-,FIGHT"
2026-06-18T20:10:00.000-04:00,"2026-6-18 20:10,75.07,75.13,75.31,75.28,-5,-1,-1,1,-,-,wave_only"
2026-06-18T20:15:00.000-04:00,"2026-6-18 20:15,75.16,75.13,75.3,75.27,0,0,-1,1,-,-,neutral"
2026-06-18T20:20:00.000-04:00,"2026-6-18 20:20,75.18,75.13,75.29,75.27,0,0,-1,1,-,-,neutral"
2026-06-18T20:25:00.000-04:00,"2026-6-18 20:25,75.11,75.11,75.27,75.26,-5,-1,-1,1,-,-,wave_only"
2026-06-18T20:30:00.000-04:00,"2026-6-18 20:30,75.18,75.13,75.27,75.26,0,0,-1,1,-,-,neutral"
2026-06-18T20:35:00.000-04:00,"2026-6-18 20:35,75.18,75.14,75.26,75.26,0,0,-1,1,-,-,neutral"
2026-06-18T20:40:00.000-04:00,"2026-6-18 20:40,75.15,75.14,75.25,75.25,-5,0,-1,1,-,-,neutral"
2026-06-18T20:45:00.000-04:00,"2026-6-18 20:45,75.14,75.13,75.24,75.25,-3,-1,-1,1,-,-,wave_only"
2026-06-18T20:50:00.000-04:00,"2026-6-18 20:50,75.15,75.13,75.24,75.24,0,0,-1,1,-,-,neutral"
2026-06-18T20:55:00.000-04:00,"2026-6-18 20:55,75.06,75.1,75.22,75.24,-5,-1,-1,0,-,-,wave_only"
2026-06-18T21:00:00.000-04:00,"2026-6-18 21:00,75.03,75.07,75.21,75.23,-5,-1,-1,0,-,-,wave_only"
2026-06-18T21:05:00.000-04:00,"2026-6-18 21:05,75.14,75.09,75.2,75.22,0,0,-1,0,-,-,neutral"
2026-06-18T21:10:00.000-04:00,"2026-6-18 21:10,75.31,75.16,75.21,75.23,3,1,0,0,B,-,FIGHT"
2026-06-18T21:15:00.000-04:00,"2026-6-18 21:15,75.32,75.23,75.22,75.23,5,1,0,0,-,-,FIGHT"
2026-06-18T21:20:00.000-04:00,"2026-6-18 21:20,75.35,75.28,75.23,75.24,7,1,0,0,-,-,FIGHT"
2026-06-18T21:25:00.000-04:00,"2026-6-18 21:25,75.37,75.33,75.24,75.24,7,1,0,0,-,-,FIGHT"
2026-06-18T21:30:00.000-04:00,"2026-6-18 21:30,75.46,75.39,75.26,75.25,7,1,0,0,-,-,FIGHT"
2026-06-18T21:35:00.000-04:00,"2026-6-18 21:35,75.53,75.47,75.28,75.26,7,1,0,0,-,-,FIGHT"
2026-06-18T21:40:00.000-04:00,"2026-6-18 21:40,75.44,75.48,75.29,75.27,0,0,1,0,-,-,neutral"
2026-06-18T21:45:00.000-04:00,"2026-6-18 21:45,75.62,75.56,75.32,75.28,7,1,1,0,-,-,wave_only"
2026-06-18T21:50:00.000-04:00,"2026-6-18 21:50,75.65,75.62,75.34,75.3,7,1,1,0,-,-,wave_only"
2026-06-18T21:55:00.000-04:00,"2026-6-18 21:55,75.67,75.68,75.37,75.31,7,1,1,1,-,-,RIDE_both"
2026-06-18T22:00:00.000-04:00,"2026-6-18 22:00,75.68,75.71,75.39,75.33,5,0,1,1,-,-,neutral"
2026-06-18T22:05:00.000-04:00,"2026-6-18 22:05,75.71,75.75,75.42,75.34,7,1,1,1,-,-,RIDE_both"
2026-06-18T22:10:00.000-04:00,"2026-6-18 22:10,75.73,75.77,75.44,75.36,0,0,1,1,-,-,neutral"
2026-06-18T22:15:00.000-04:00,"2026-6-18 22:15,75.78,75.81,75.47,75.37,7,1,1,1,-,-,RIDE_both"
2026-06-18T22:20:00.000-04:00,"2026-6-18 22:20,75.68,75.79,75.48,75.38,0,0,1,1,-,-,neutral"
2026-06-18T22:25:00.000-04:00,"2026-6-18 22:25,75.6,75.75,75.49,75.39,0,0,1,1,-,-,neutral"
2026-06-18T22:30:00.000-04:00,"2026-6-18 22:30,75.61,75.72,75.5,75.4,0,0,1,1,-,-,neutral"
2026-06-18T22:35:00.000-04:00,"2026-6-18 22:35,75.56,75.67,75.5,75.41,0,0,1,1,-,-,neutral"
2026-06-18T22:40:00.000-04:00,"2026-6-18 22:40,75.53,75.63,75.51,75.41,0,0,0,1,-,-,neutral"
2026-06-18T22:45:00.000-04:00,"2026-6-18 22:45,75.64,75.63,75.52,75.42,0,0,0,1,-,-,neutral"
2026-06-18T22:50:00.000-04:00,"2026-6-18 22:50,75.6,75.62,75.52,75.43,0,0,0,1,-,-,neutral"
2026-06-18T22:55:00.000-04:00,"2026-6-18 22:55,75.6,75.61,75.53,75.44,0,0,1,0,-,-,neutral"
2026-06-18T23:00:00.000-04:00,"2026-6-18 23:00,75.67,75.63,75.54,75.44,7,1,1,0,-,-,wave_only"
2026-06-18T23:05:00.000-04:00,"2026-6-18 23:05,75.72,75.66,75.55,75.46,7,1,1,0,-,-,wave_only"
2026-06-18T23:10:00.000-04:00,"2026-6-18 23:10,75.68,75.67,75.56,75.46,7,1,1,0,-,-,wave_only"
2026-06-18T23:15:00.000-04:00,"2026-6-18 23:15,75.61,75.65,75.57,75.47,0,0,1,0,-,-,neutral"
2026-06-18T23:20:00.000-04:00,"2026-6-18 23:20,75.56,75.62,75.57,75.47,0,0,1,0,-,-,neutral"
2026-06-18T23:25:00.000-04:00,"2026-6-18 23:25,75.56,75.59,75.57,75.48,-3,-1,0,0,S,-,FIGHT"
2026-06-18T23:30:00.000-04:00,"2026-6-18 23:30,75.41,75.52,75.55,75.47,-5,-1,0,0,-,-,FIGHT"
2026-06-18T23:35:00.000-04:00,"2026-6-18 23:35,75.28,75.42,75.53,75.47,-5,-1,0,0,-,-,FIGHT"
2026-06-18T23:40:00.000-04:00,"2026-6-18 23:40,75.26,75.34,75.51,75.46,-5,-1,-1,0,-,-,wave_only"
2026-06-18T23:45:00.000-04:00,"2026-6-18 23:45,75.24,75.27,75.49,75.45,-5,-1,-1,0,-,-,wave_only"
2026-06-18T23:50:00.000-04:00,"2026-6-18 23:50,75.22,75.22,75.47,75.44,-5,-1,-1,0,-,-,wave_only"
2026-06-18T23:55:00.000-04:00,"2026-6-18 23:55,75.27,75.21,75.45,75.43,0,0,-1,0,-,-,neutral"
2026-06-19T00:00:00.000-04:00,"2026-6-19 0:00,75.22,75.18,75.44,75.43,-5,-1,-1,0,-,-,wave_only"
2026-06-19T00:05:00.000-04:00,"2026-6-19 0:05,75.23,75.17,75.42,75.42,0,0,-1,0,-,-,neutral"
2026-06-19T00:10:00.000-04:00,"2026-6-19 0:10,75.3,75.19,75.41,75.41,0,0,-1,0,-,-,neutral"
2026-06-19T00:15:00.000-04:00,"2026-6-19 0:15,75.45,75.26,75.41,75.41,0,0,-1,0,-,-,neutral"
2026-06-19T00:20:00.000-04:00,"2026-6-19 0:20,75.51,75.34,75.42,75.42,0,0,-1,0,-,-,neutral"
2026-06-19T00:25:00.000-04:00,"2026-6-19 0:25,75.48,75.39,75.43,75.42,0,0,0,0,-,-,neutral"
2026-06-19T00:30:00.000-04:00,"2026-6-19 0:30,75.67,75.49,75.45,75.43,7,1,0,0,B,-,FIGHT"
2026-06-19T00:35:00.000-04:00,"2026-6-19 0:35,75.65,75.56,75.46,75.44,7,1,0,0,-,-,FIGHT"
2026-06-19T00:40:00.000-04:00,"2026-6-19 0:40,75.72,75.64,75.48,75.45,7,1,1,0,-,-,wave_only"
2026-06-19T00:45:00.000-04:00,"2026-6-19 0:45,75.78,75.72,75.5,75.46,7,1,1,0,-,-,wave_only"
2026-06-19T00:50:00.000-04:00,"2026-6-19 0:50,75.81,75.78,75.53,75.48,7,1,1,0,-,-,wave_only"
2026-06-19T00:55:00.000-04:00,"2026-6-19 0:55,75.65,75.76,75.54,75.48,0,0,1,0,-,-,neutral"
2026-06-19T01:00:00.000-04:00,"2026-6-19 1:00,75.79,75.8,75.56,75.5,5,1,1,0,-,-,wave_only"
2026-06-19T01:05:00.000-04:00,"2026-6-19 1:05,76.03,75.91,75.59,75.52,7,1,1,0,-,-,wave_only"
2026-06-19T01:10:00.000-04:00,"2026-6-19 1:10,75.9,75.95,75.62,75.53,0,0,1,0,-,-,neutral"
2026-06-19T01:15:00.000-04:00,"2026-6-19 1:15,76.06,76.02,75.65,75.55,7,1,1,0,-,-,wave_only"
2026-06-19T01:20:00.000-04:00,"2026-6-19 1:20,76.03,76.06,75.68,75.57,7,1,1,0,-,-,wave_only"
2026-06-19T01:25:00.000-04:00,"2026-6-19 1:25,75.96,76.06,75.7,75.59,0,0,1,0,-,-,neutral"
2026-06-19T01:30:00.000-04:00,"2026-6-19 1:30,76.23,76.16,75.74,75.61,7,1,1,0,-,-,wave_only"
2026-06-19T01:35:00.000-04:00,"2026-6-19 1:35,76.27,76.24,75.78,75.64,7,1,1,0,-,-,wave_only"
2026-06-19T01:40:00.000-04:00,"2026-6-19 1:40,76.31,76.31,75.82,75.66,7,1,1,0,-,-,wave_only"
2026-06-19T01:45:00.000-04:00,"2026-6-19 1:45,76.29,76.35,75.86,75.69,0,0,1,0,-,-,neutral"
2026-06-19T01:50:00.000-04:00,"2026-6-19 1:50,76.24,76.35,75.89,75.71,0,0,1,0,-,-,neutral"
2026-06-19T01:55:00.000-04:00,"2026-6-19 1:55,76.22,76.34,75.91,75.73,0,0,1,1,-,-,neutral"
2026-06-19T02:00:00.000-04:00,"2026-6-19 2:00,76.4,76.39,75.95,75.76,7,0,1,1,-,-,neutral"
2026-06-19T02:05:00.000-04:00,"2026-6-19 2:05,76.57,76.49,76,75.79,7,1,1,1,-,-,RIDE_both"
2026-06-19T02:10:00.000-04:00,"2026-6-19 2:10,76.61,76.57,76.05,75.82,7,1,1,1,-,-,RIDE_both"
2026-06-19T02:15:00.000-04:00,"2026-6-19 2:15,76.45,76.57,76.08,75.85,0,0,1,1,-,-,neutral"
2026-06-19T02:20:00.000-04:00,"2026-6-19 2:20,76.44,76.56,76.1,75.87,0,0,1,1,-,-,neutral"
2026-06-19T02:25:00.000-04:00,"2026-6-19 2:25,76.36,76.51,76.12,75.89,0,0,0,1,-,-,neutral"
2026-06-19T02:30:00.000-04:00,"2026-6-19 2:30,76.55,76.55,76.16,75.91,7,1,0,1,-,-,tide_only"
2026-06-19T02:35:00.000-04:00,"2026-6-19 2:35,76.66,76.61,76.2,75.94,7,1,0,1,-,-,tide_only"
2026-06-19T02:40:00.000-04:00,"2026-6-19 2:40,76.44,76.57,76.21,75.96,0,0,1,1,-,-,neutral"
2026-06-19T02:45:00.000-04:00,"2026-6-19 2:45,76.38,76.52,76.23,75.98,0,0,1,1,-,-,neutral"
2026-06-19T02:50:00.000-04:00,"2026-6-19 2:50,76.26,76.43,76.23,75.99,0,0,1,1,-,-,neutral"
2026-06-19T02:55:00.000-04:00,"2026-6-19 2:55,76.19,76.34,76.23,76,-3,-1,0,1,S,-,FIGHT"
2026-06-19T03:00:00.000-04:00,"2026-6-19 3:00,76.04,76.21,76.21,76,-5,-1,0,1,-,-,FIGHT"
2026-06-19T03:05:00.000-04:00,"2026-6-19 3:05,76.09,76.14,76.2,76,-5,-1,0,1,-,-,FIGHT"
2026-06-19T03:10:00.000-04:00,"2026-6-19 3:10,76.17,76.12,76.2,76.01,-5,-1,0,1,-,-,FIGHT"
2026-06-19T03:15:00.000-04:00,"2026-6-19 3:15,76.24,76.14,76.2,76.02,0,0,0,1,-,-,neutral"
2026-06-19T03:20:00.000-04:00,"2026-6-19 3:20,76.26,76.16,76.21,76.03,0,0,0,1,-,-,neutral"
2026-06-19T03:25:00.000-04:00,"2026-6-19 3:25,76.22,76.16,76.21,76.04,0,0,0,1,-,-,neutral"
2026-06-19T03:30:00.000-04:00,"2026-6-19 3:30,76.39,76.23,76.22,76.05,0,0,0,1,-,-,neutral"
2026-06-19T03:35:00.000-04:00,"2026-6-19 3:35,76.23,76.22,76.22,76.06,-5,-1,0,1,-,-,FIGHT"
2026-06-19T03:40:00.000-04:00,"2026-6-19 3:40,76.5,76.31,76.24,76.07,7,1,0,1,B,-,tide_only"
2026-06-19T03:45:00.000-04:00,"2026-6-19 3:45,76.45,76.36,76.26,76.09,7,1,0,1,-,-,tide_only"
2026-06-19T03:50:00.000-04:00,"2026-6-19 3:50,76.3,76.34,76.26,76.1,0,0,0,1,-,-,neutral"
2026-06-19T03:55:00.000-04:00,"2026-6-19 3:55,76.25,76.31,76.26,76.1,-3,-1,0,1,S,-,FIGHT"
2026-06-19T04:00:00.000-04:00,"2026-6-19 4:00,76.3,76.3,76.27,76.11,0,0,0,1,-,-,neutral"
2026-06-19T04:05:00.000-04:00,"2026-6-19 4:05,76.05,76.21,76.25,76.11,-5,-1,0,1,-,-,FIGHT"
2026-06-19T04:10:00.000-04:00,"2026-6-19 4:10,76.16,76.18,76.24,76.11,-5,-1,0,1,-,-,FIGHT"
2026-06-19T04:15:00.000-04:00,"2026-6-19 4:15,75.97,76.09,76.22,76.1,-5,-1,0,1,-,-,FIGHT"
2026-06-19T04:20:00.000-04:00,"2026-6-19 4:20,76.09,76.07,76.21,76.1,-5,-1,0,1,-,-,FIGHT"
2026-06-19T04:25:00.000-04:00,"2026-6-19 4:25,75.77,75.93,76.18,76.09,-5,-1,0,1,-,-,FIGHT"
2026-06-19T04:30:00.000-04:00,"2026-6-19 4:30,75.82,75.86,76.15,76.08,-5,-1,0,1,-,-,FIGHT"
2026-06-19T04:35:00.000-04:00,"2026-6-19 4:35,75.83,75.81,76.12,76.07,-5,-1,0,1,-,-,FIGHT"
2026-06-19T04:40:00.000-04:00,"2026-6-19 4:40,76.03,75.86,76.12,76.07,0,0,0,1,-,-,neutral"
2026-06-19T04:45:00.000-04:00,"2026-6-19 4:45,75.73,75.78,76.09,76.06,-5,-1,0,1,-,-,FIGHT"
2026-06-19T04:50:00.000-04:00,"2026-6-19 4:50,75.9,75.79,76.07,76.05,0,0,0,1,-,-,neutral"
2026-06-19T04:55:00.000-04:00,"2026-6-19 4:55,75.85,75.79,76.06,76.04,-5,0,-1,0,-,-,neutral"
2026-06-19T05:00:00.000-04:00,"2026-6-19 5:00,75.72,75.74,76.03,76.03,-5,-1,-1,0,-,-,wave_only"
2026-06-19T05:05:00.000-04:00,"2026-6-19 5:05,75.77,75.72,76.01,76.02,-3,-1,-1,0,-,-,wave_only"
2026-06-19T05:10:00.000-04:00,"2026-6-19 5:10,75.73,75.7,75.99,76.01,-3,-1,-1,0,-,-,wave_only"
2026-06-19T05:15:00.000-04:00,"2026-6-19 5:15,75.66,75.66,75.96,75.99,-5,-1,-1,0,-,-,wave_only"
2026-06-19T05:20:00.000-04:00,"2026-6-19 5:20,75.81,75.69,75.95,75.99,0,0,-1,0,-,-,neutral"
2026-06-19T05:25:00.000-04:00,"2026-6-19 5:25,75.77,75.7,75.94,75.98,0,0,-1,0,-,-,neutral"
2026-06-19T05:30:00.000-04:00,"2026-6-19 5:30,75.61,75.65,75.91,75.96,-5,-1,-1,0,-,-,wave_only"
2026-06-19T05:35:00.000-04:00,"2026-6-19 5:35,75.56,75.6,75.89,75.95,-7,-1,-1,0,-,-,wave_only"
2026-06-19T05:40:00.000-04:00,"2026-6-19 5:40,75.84,75.67,75.88,75.94,0,0,-1,0,-,-,neutral"
2026-06-19T05:45:00.000-04:00,"2026-6-19 5:45,75.77,75.7,75.87,75.94,0,0,-1,0,-,-,neutral"
2026-06-19T05:50:00.000-04:00,"2026-6-19 5:50,75.58,75.65,75.85,75.92,-7,-1,-1,0,-,-,wave_only"
2026-06-19T05:55:00.000-04:00,"2026-6-19 5:55,75.62,75.63,75.83,75.91,-7,-1,-1,0,-,-,wave_only"
2026-06-19T06:00:00.000-04:00,"2026-6-19 6:00,75.77,75.67,75.83,75.91,0,0,-1,0,-,-,neutral"
2026-06-19T06:05:00.000-04:00,"2026-6-19 6:05,75.78,75.71,75.82,75.9,0,0,-1,0,-,-,neutral"
2026-06-19T06:10:00.000-04:00,"2026-6-19 6:10,75.75,75.72,75.82,75.89,0,0,-1,0,-,-,neutral"
2026-06-19T06:15:00.000-04:00,"2026-6-19 6:15,75.72,75.73,75.81,75.89,0,0,-1,0,-,-,neutral"
2026-06-19T06:20:00.000-04:00,"2026-6-19 6:20,75.85,75.77,75.81,75.89,3,1,-1,0,B,-,FIGHT"
2026-06-19T06:25:00.000-04:00,"2026-6-19 6:25,75.75,75.77,75.81,75.88,0,0,-1,0,-,-,neutral"
2026-06-19T06:30:00.000-04:00,"2026-6-19 6:30,75.94,75.84,75.82,75.88,5,1,-1,0,-,-,FIGHT"
2026-06-19T06:35:00.000-04:00,"2026-6-19 6:35,76.2,75.99,75.85,75.9,5,1,-1,0,-,-,FIGHT"
2026-06-19T06:40:00.000-04:00,"2026-6-19 6:40,76.06,76.04,75.86,75.9,5,1,0,0,-,-,FIGHT"
2026-06-19T06:45:00.000-04:00,"2026-6-19 6:45,76,76.06,75.88,75.91,0,0,0,0,-,-,neutral"
2026-06-19T06:50:00.000-04:00,"2026-6-19 6:50,75.8,75.99,75.87,75.9,0,0,0,0,-,-,neutral"
2026-06-19T06:55:00.000-04:00,"2026-6-19 6:55,75.88,75.97,75.87,75.9,0,0,0,0,-,-,neutral"
2026-06-19T07:00:00.000-04:00,"2026-6-19 7:00,76.15,76.05,75.89,75.91,5,1,0,0,-,-,FIGHT"
2026-06-19T07:05:00.000-04:00,"2026-6-19 7:05,76.22,76.14,75.92,75.92,7,1,0,0,-,-,FIGHT"
2026-06-19T07:10:00.000-04:00,"2026-6-19 7:10,76,76.11,75.92,75.93,0,0,0,0,-,-,neutral"
2026-06-19T07:15:00.000-04:00,"2026-6-19 7:15,75.81,76.02,75.91,75.92,0,0,0,0,-,-,neutral"
2026-06-19T07:20:00.000-04:00,"2026-6-19 7:20,75.91,75.99,75.91,75.92,0,0,0,0,-,-,neutral"
2026-06-19T07:25:00.000-04:00,"2026-6-19 7:25,76.08,76.03,75.93,75.93,7,1,1,0,-,-,wave_only"
2026-06-19T07:30:00.000-04:00,"2026-6-19 7:30,75.9,75.99,75.92,75.93,0,0,1,0,-,-,neutral"
2026-06-19T07:35:00.000-04:00,"2026-6-19 7:35,75.94,75.98,75.93,75.93,0,0,1,0,-,-,neutral"
2026-06-19T07:40:00.000-04:00,"2026-6-19 7:40,75.83,75.93,75.92,75.92,-3,-1,-1,0,S,-,wave_only"
2026-06-19T07:45:00.000-04:00,"2026-6-19 7:45,75.86,75.9,75.91,75.92,-5,-1,-1,0,-,-,wave_only"
2026-06-19T07:50:00.000-04:00,"2026-6-19 7:50,76.22,76.01,75.94,75.93,7,1,-1,0,B,-,FIGHT"
2026-06-19T07:55:00.000-04:00,"2026-6-19 7:55,75.99,76.01,75.94,75.93,0,0,0,0,-,-,neutral"
2026-06-19T08:00:00.000-04:00,"2026-6-19 8:00,76.17,76.07,75.96,75.94,7,1,0,0,-,-,FIGHT"
2026-06-19T08:05:00.000-04:00,"2026-6-19 8:05,76.04,76.07,75.97,75.95,0,0,0,0,-,-,neutral"
2026-06-19T08:10:00.000-04:00,"2026-6-19 8:10,76.11,76.09,75.98,75.95,7,1,1,0,-,-,wave_only"
2026-06-19T08:15:00.000-04:00,"2026-6-19 8:15,76.2,76.14,75.99,75.96,7,1,1,0,-,-,wave_only"
2026-06-19T08:20:00.000-04:00,"2026-6-19 8:20,76.25,76.2,76.01,75.97,7,1,1,0,-,-,wave_only"
2026-06-19T08:25:00.000-04:00,"2026-6-19 8:25,76.28,76.25,76.03,75.99,7,1,1,0,-,-,wave_only"
2026-06-19T08:30:00.000-04:00,"2026-6-19 8:30,76.4,76.32,76.06,76,7,1,1,0,-,-,wave_only"
2026-06-19T08:35:00.000-04:00,"2026-6-19 8:35,76.58,76.44,76.1,76.03,7,1,1,0,-,-,wave_only"
2026-06-19T08:40:00.000-04:00,"2026-6-19 8:40,76.39,76.46,76.12,76.04,0,0,1,0,-,-,neutral"
2026-06-19T08:45:00.000-04:00,"2026-6-19 8:45,76.47,76.49,76.15,76.06,0,0,1,0,-,-,neutral"
2026-06-19T08:50:00.000-04:00,"2026-6-19 8:50,75.49,76.15,76.1,76.03,-3,0,1,0,-,-,neutral"
2026-06-19T08:55:00.000-04:00,"2026-6-19 8:55,75.31,75.83,76.04,76.01,-5,-1,-1,0,S,-,wave_only"
2026-06-19T09:00:00.000-04:00,"2026-6-19 9:00,75.23,75.57,75.98,75.98,-7,-1,-1,0,-,-,wave_only"
2026-06-19T09:05:00.000-04:00,"2026-6-19 9:05,75.2,75.37,75.92,75.95,-5,-1,-1,0,-,-,wave_only"
2026-06-19T09:10:00.000-04:00,"2026-6-19 9:10,75.55,75.37,75.89,75.93,0,0,-1,0,-,-,neutral"
2026-06-19T09:15:00.000-04:00,"2026-6-19 9:15,75.68,75.42,75.87,75.92,0,0,-1,0,-,-,neutral"
2026-06-19T09:20:00.000-04:00,"2026-6-19 9:20,75.7,75.47,75.86,75.91,0,0,-1,0,-,-,neutral"
2026-06-19T09:25:00.000-04:00,"2026-6-19 9:25,75.7,75.51,75.85,75.9,0,0,-1,0,-,-,neutral"
2026-06-19T09:30:00.000-04:00,"2026-6-19 9:30,75.93,75.63,75.85,75.9,0,0,-1,0,-,-,neutral"
2026-06-19T09:35:00.000-04:00,"2026-6-19 9:35,75.87,75.7,75.85,75.9,0,0,-1,0,-,-,neutral"
2026-06-19T09:40:00.000-04:00,"2026-6-19 9:40,75.88,75.76,75.86,75.9,0,0,0,0,-,-,neutral"
2026-06-19T09:45:00.000-04:00,"2026-6-19 9:45,75.92,75.82,75.86,75.9,3,1,0,0,B,-,FIGHT"
2026-06-19T09:50:00.000-04:00,"2026-6-19 9:50,75.84,75.83,75.86,75.9,0,0,0,0,-,-,neutral"
2026-06-19T09:55:00.000-04:00,"2026-6-19 9:55,75.99,75.89,75.87,75.9,5,1,0,1,-,-,tide_only"
2026-06-19T10:00:00.000-04:00,"2026-6-19 10:00,76.05,75.96,75.88,75.91,5,1,0,1,-,-,tide_only"
2026-06-19T10:05:00.000-04:00,"2026-6-19 10:05,76,76,75.89,75.91,3,1,0,1,-,-,tide_only"
2026-06-19T10:10:00.000-04:00,"2026-6-19 10:10,76.06,76.04,75.91,75.92,7,1,1,1,-,-,RIDE_both"
2026-06-19T10:15:00.000-04:00,"2026-6-19 10:15,75.89,76.01,75.9,75.92,0,0,1,1,-,-,neutral"
2026-06-19T10:20:00.000-04:00,"2026-6-19 10:20,76.15,76.08,75.92,75.93,7,1,1,1,-,-,RIDE_both"
2026-06-19T10:25:00.000-04:00,"2026-6-19 10:25,76.08,76.1,75.94,75.93,3,1,1,1,-,-,RIDE_both"
2026-06-19T10:30:00.000-04:00,"2026-6-19 10:30,76.08,76.11,75.95,75.94,0,0,1,1,-,-,neutral"
2026-06-19T10:35:00.000-04:00,"2026-6-19 10:35,76.02,76.1,75.95,75.94,0,0,1,1,-,-,neutral"
2026-06-19T10:40:00.000-04:00,"2026-6-19 10:40,76.04,76.1,75.96,75.95,0,0,1,1,-,-,neutral"
2026-06-19T10:45:00.000-04:00,"2026-6-19 10:45,76.24,76.16,75.98,75.96,7,1,1,1,-,-,RIDE_both"
2026-06-19T10:50:00.000-04:00,"2026-6-19 10:50,76.16,76.18,75.99,75.97,3,1,1,1,-,-,RIDE_both"
2026-06-19T10:55:00.000-04:00,"2026-6-19 10:55,76.2,76.21,76.01,75.97,3,1,1,1,-,-,RIDE_both"
2026-06-19T11:00:00.000-04:00,"2026-6-19 11:00,76.25,76.24,76.03,75.99,7,0,1,1,-,-,neutral"
2026-06-19T11:05:00.000-04:00,"2026-6-19 11:05,76.26,76.27,76.05,76,0,0,1,1,-,-,neutral"
2026-06-19T11:10:00.000-04:00,"2026-6-19 11:10,76.28,76.3,76.06,76.01,0,0,1,1,-,-,neutral"
2026-06-19T11:15:00.000-04:00,"2026-6-19 11:15,76.25,76.3,76.08,76.02,3,1,1,1,-,-,RIDE_both"
2026-06-19T11:20:00.000-04:00,"2026-6-19 11:20,76.29,76.31,76.09,76.03,0,0,1,1,-,-,neutral"
2026-06-19T11:25:00.000-04:00,"2026-6-19 11:25,76.41,76.37,76.12,76.04,5,1,1,1,-,-,RIDE_both"
2026-06-19T11:30:00.000-04:00,"2026-6-19 11:30,76.57,76.46,76.15,76.06,7,1,1,1,-,-,RIDE_both"
2026-06-19T11:35:00.000-04:00,"2026-6-19 11:35,76.53,76.52,76.18,76.08,5,1,1,1,-,-,RIDE_both"
2026-06-19T11:40:00.000-04:00,"2026-6-19 11:40,76.44,76.52,76.2,76.1,0,0,1,1,-,-,neutral"
2026-06-19T11:45:00.000-04:00,"2026-6-19 11:45,76.4,76.5,76.22,76.11,0,0,1,1,-,-,neutral"
2026-06-19T11:50:00.000-04:00,"2026-6-19 11:50,76.6,76.56,76.25,76.13,7,1,1,1,-,-,RIDE_both"
2026-06-19T11:55:00.000-04:00,"2026-6-19 11:55,76.5,76.56,76.27,76.14,0,0,1,1,-,-,neutral"
2026-06-19T12:00:00.000-04:00,"2026-6-19 12:00,76.61,76.6,76.29,76.16,7,1,1,1,-,-,RIDE_both"
2026-06-19T12:05:00.000-04:00,"2026-6-19 12:05,76.65,76.64,76.32,76.18,7,1,1,1,-,-,RIDE_both"
2026-06-19T12:10:00.000-04:00,"2026-6-19 12:10,76.63,76.66,76.34,76.2,0,0,1,1,-,-,neutral"
2026-06-19T12:15:00.000-04:00,"2026-6-19 12:15,76.7,76.7,76.37,76.22,3,1,1,1,-,-,RIDE_both"
2026-06-19T12:20:00.000-04:00,"2026-6-19 12:20,76.54,76.66,76.38,76.23,0,0,1,1,-,-,neutral"
2026-06-19T12:25:00.000-04:00,"2026-6-19 12:25,76.5,76.62,76.39,76.24,0,0,0,1,-,-,neutral"
2026-06-19T12:30:00.000-04:00,"2026-6-19 12:30,76.61,76.62,76.41,76.25,7,0,0,1,-,-,neutral"
2026-06-19T12:35:00.000-04:00,"2026-6-19 12:35,76.6,76.62,76.42,76.27,0,0,0,1,-,-,neutral"
2026-06-19T12:40:00.000-04:00,"2026-6-19 12:40,76.76,76.68,76.45,76.29,7,1,1,1,-,-,RIDE_both"
2026-06-19T12:45:00.000-04:00,"2026-6-19 12:45,76.66,76.68,76.47,76.3,7,0,1,1,-,-,neutral"
2026-06-19T12:50:00.000-04:00,"2026-6-19 12:50,76.62,76.67,76.48,76.31,0,0,1,1,-,-,neutral"
2026-06-19T12:55:00.000-04:00,"2026-6-19 12:55,76.52,76.62,76.48,76.32,0,0,0,1,-,-,neutral"
2026-06-21T18:00:00.000-04:00,"2026-6-21 18:00,77.63,76.99,76.57,76.37,7,1,0,1,-,-,tide_only"
2026-06-21T18:05:00.000-04:00,"2026-6-21 18:05,77.76,77.31,76.66,76.43,7,1,0,1,-,-,tide_only"
2026-06-21T18:10:00.000-04:00,"2026-6-21 18:10,77.71,77.52,76.74,76.48,7,1,1,1,-,-,RIDE_both"
2026-06-21T18:15:00.000-04:00,"2026-6-21 18:15,77.69,77.66,76.82,76.53,7,1,1,1,-,-,RIDE_both"
2026-06-21T18:20:00.000-04:00,"2026-6-21 18:20,77.7,77.76,76.88,76.57,7,1,1,1,-,-,RIDE_both"
2026-06-21T18:25:00.000-04:00,"2026-6-21 18:25,77.62,77.79,76.94,76.61,0,0,1,1,-,-,neutral"
2026-06-21T18:30:00.000-04:00,"2026-6-21 18:30,77.48,77.75,76.98,76.65,0,0,1,1,-,-,neutral"
2026-06-21T18:35:00.000-04:00,"2026-6-21 18:35,77.47,77.71,77.02,76.68,0,0,1,1,-,-,neutral"
2026-06-21T18:40:00.000-04:00,"2026-6-21 18:40,77.35,77.62,77.04,76.71,0,0,0,1,-,-,neutral"
2026-06-21T18:45:00.000-04:00,"2026-6-21 18:45,77.25,77.52,77.06,76.73,0,0,0,1,-,-,neutral"
2026-06-21T18:50:00.000-04:00,"2026-6-21 18:50,77.52,77.54,77.1,76.76,0,0,0,1,-,-,neutral"
2026-06-21T18:55:00.000-04:00,"2026-6-21 18:55,77.46,77.53,77.12,76.79,0,0,1,1,-,-,neutral"
2026-06-21T19:00:00.000-04:00,"2026-6-21 19:00,77.6,77.57,77.16,76.82,7,1,1,1,-,-,RIDE_both"
2026-06-21T19:05:00.000-04:00,"2026-6-21 19:05,77.59,77.59,77.19,76.85,7,0,1,1,-,-,neutral"
2026-06-21T19:10:00.000-04:00,"2026-6-21 19:10,77.61,77.61,77.23,76.88,7,0,0,1,-,-,neutral"
2026-06-21T19:15:00.000-04:00,"2026-6-21 19:15,77.75,77.67,77.27,76.91,7,0,0,1,-,-,neutral"
2026-06-21T19:20:00.000-04:00,"2026-6-21 19:20,77.64,77.68,77.29,76.94,0,0,0,1,-,-,neutral"
2026-06-21T19:25:00.000-04:00,"2026-6-21 19:25,77.74,77.71,77.33,76.97,7,1,1,1,-,-,RIDE_both"
2026-06-21T19:30:00.000-04:00,"2026-6-21 19:30,77.73,77.73,77.36,77,7,1,1,1,-,-,RIDE_both"
2026-06-21T19:35:00.000-04:00,"2026-6-21 19:35,77.82,77.78,77.4,77.03,7,1,1,1,-,-,RIDE_both"
2026-06-21T19:40:00.000-04:00,"2026-6-21 19:40,77.66,77.75,77.42,77.06,0,0,0,1,-,-,neutral"
2026-06-21T19:45:00.000-04:00,"2026-6-21 19:45,77.75,77.76,77.44,77.09,3,1,0,1,-,-,tide_only"
2026-06-21T19:50:00.000-04:00,"2026-6-21 19:50,77.79,77.78,77.47,77.11,7,1,0,1,-,-,tide_only"
2026-06-21T19:55:00.000-04:00,"2026-6-21 19:55,77.68,77.75,77.48,77.14,0,0,0,1,-,-,neutral"
2026-06-21T20:00:00.000-04:00,"2026-6-21 20:00,77.75,77.75,77.5,77.16,7,0,0,1,-,-,neutral"
2026-06-21T20:05:00.000-04:00,"2026-6-21 20:05,77.77,77.76,77.53,77.18,7,0,0,1,-,-,neutral"
2026-06-21T20:10:00.000-04:00,"2026-6-21 20:10,77.58,77.7,77.53,77.2,-3,0,0,1,-,-,neutral"
2026-06-21T20:15:00.000-04:00,"2026-6-21 20:15,77.51,77.62,77.53,77.21,-3,-1,0,1,S,-,FIGHT"
2026-06-21T20:20:00.000-04:00,"2026-6-21 20:20,77.43,77.54,77.52,77.22,-5,-1,0,1,-,-,FIGHT"
2026-06-21T20:25:00.000-04:00,"2026-6-21 20:25,77.25,77.41,77.5,77.22,-5,-1,0,1,-,-,FIGHT"
2026-06-21T20:30:00.000-04:00,"2026-6-21 20:30,77.36,77.36,77.49,77.23,-5,-1,0,1,-,-,FIGHT"
2026-06-21T20:35:00.000-04:00,"2026-6-21 20:35,77.39,77.34,77.48,77.23,-5,-1,0,1,-,-,FIGHT"
2026-06-21T20:40:00.000-04:00,"2026-6-21 20:40,77.35,77.31,77.47,77.24,-5,-1,0,1,-,-,FIGHT"
2026-06-21T20:45:00.000-04:00,"2026-6-21 20:45,77.48,77.34,77.47,77.25,0,0,0,1,-,-,neutral"
2026-06-21T20:50:00.000-04:00,"2026-6-21 20:50,77.66,77.43,77.49,77.26,0,0,0,1,-,-,neutral"
2026-06-21T20:55:00.000-04:00,"2026-6-21 20:55,77,77.25,77.45,77.25,-5,-1,0,0,-,-,FIGHT"
2026-06-21T21:00:00.000-04:00,"2026-6-21 21:00,76.42,76.91,77.37,77.22,-5,-1,0,0,-,-,FIGHT"
2026-06-21T21:05:00.000-04:00,"2026-6-21 21:05,76.28,76.62,77.29,77.18,-5,-1,0,0,-,-,FIGHT"
2026-06-21T21:10:00.000-04:00,"2026-6-21 21:10,76.4,76.45,77.22,77.15,-5,-1,-1,0,-,-,wave_only"
2026-06-21T21:15:00.000-04:00,"2026-6-21 21:15,76.25,76.29,77.14,77.12,-5,-1,-1,0,-,-,wave_only"
2026-06-21T21:20:00.000-04:00,"2026-6-21 21:20,75.91,76.05,77.05,77.07,-5,-1,-1,0,-,-,wave_only"
2026-06-21T21:25:00.000-04:00,"2026-6-21 21:25,75.72,75.82,76.95,77.02,-5,-1,-1,0,-,-,wave_only"
2026-06-21T21:30:00.000-04:00,"2026-6-21 21:30,75.71,75.66,76.85,76.97,0,0,-1,0,-,-,neutral"
2026-06-21T21:35:00.000-04:00,"2026-6-21 21:35,75.67,75.54,76.76,76.91,0,0,-1,0,-,-,neutral"
2026-06-21T21:40:00.000-04:00,"2026-6-21 21:40,75.57,75.43,76.67,76.86,-3,-1,-1,0,-,-,wave_only"
2026-06-21T21:45:00.000-04:00,"2026-6-21 21:45,75.68,75.41,76.59,76.82,0,0,-1,0,-,-,neutral"
2026-06-21T21:50:00.000-04:00,"2026-6-21 21:50,75.69,75.41,76.52,76.77,0,0,-1,0,-,-,neutral"
2026-06-21T21:55:00.000-04:00,"2026-6-21 21:55,75.77,75.45,76.47,76.73,0,0,-1,0,-,-,neutral"
2026-06-21T22:00:00.000-04:00,"2026-6-21 22:00,75.6,75.43,76.4,76.69,0,0,-1,0,-,-,neutral"
2026-06-21T22:05:00.000-04:00,"2026-6-21 22:05,75.54,75.4,76.33,76.64,0,0,-1,0,-,-,neutral"
2026-06-21T22:10:00.000-04:00,"2026-6-21 22:10,75.58,75.41,76.27,76.6,0,0,-1,0,-,-,neutral"
2026-06-21T22:15:00.000-04:00,"2026-6-21 22:15,75.56,75.41,76.22,76.56,0,0,-1,0,-,-,neutral"
2026-06-21T22:20:00.000-04:00,"2026-6-21 22:20,75.44,75.38,76.16,76.52,0,0,-1,0,-,-,neutral"
2026-06-21T22:25:00.000-04:00,"2026-6-21 22:25,75.49,75.38,76.11,76.48,0,0,0,0,-,-,neutral"
2026-06-21T22:30:00.000-04:00,"2026-6-21 22:30,75.37,75.35,76.05,76.43,0,0,0,0,-,-,neutral"
2026-06-21T22:35:00.000-04:00,"2026-6-21 22:35,75.24,75.28,75.99,76.39,-7,0,0,0,-,-,neutral"
2026-06-21T22:40:00.000-04:00,"2026-6-21 22:40,75.13,75.19,75.92,76.34,-7,-1,-1,0,-,-,wave_only"
2026-06-21T22:45:00.000-04:00,"2026-6-21 22:45,75.26,75.18,75.87,76.29,0,0,-1,0,-,-,neutral"
2026-06-21T22:50:00.000-04:00,"2026-6-21 22:50,75.32,75.2,75.83,76.26,0,0,-1,0,-,-,neutral"
2026-06-21T22:55:00.000-04:00,"2026-6-21 22:55,75.35,75.24,75.79,76.22,0,0,0,0,-,-,neutral"
2026-06-21T23:00:00.000-04:00,"2026-6-21 23:00,75.58,75.35,75.78,76.2,0,0,0,0,-,-,neutral"
2026-06-21T23:05:00.000-04:00,"2026-6-21 23:05,75.67,75.47,75.77,76.17,0,0,0,0,-,-,neutral"
2026-06-21T23:10:00.000-04:00,"2026-6-21 23:10,75.71,75.57,75.76,76.16,3,1,0,0,B,-,FIGHT"
2026-06-21T23:15:00.000-04:00,"2026-6-21 23:15,75.65,75.63,75.75,76.14,3,1,0,0,-,-,FIGHT"
2026-06-21T23:20:00.000-04:00,"2026-6-21 23:20,75.7,75.68,75.75,76.12,3,1,0,0,-,-,FIGHT"
2026-06-21T23:25:00.000-04:00,"2026-6-21 23:25,75.77,75.75,75.75,76.11,5,1,0,0,-,-,FIGHT"
2026-06-21T23:30:00.000-04:00,"2026-6-21 23:30,75.82,75.81,75.76,76.09,5,1,0,0,-,-,FIGHT"
2026-06-21T23:35:00.000-04:00,"2026-6-21 23:35,75.79,75.85,75.76,76.08,5,1,0,0,-,-,FIGHT"
2026-06-21T23:40:00.000-04:00,"2026-6-21 23:40,75.74,75.85,75.76,76.07,0,0,0,0,-,-,neutral"
2026-06-21T23:45:00.000-04:00,"2026-6-21 23:45,75.56,75.78,75.74,76.05,0,0,0,0,-,-,neutral"
2026-06-21T23:50:00.000-04:00,"2026-6-21 23:50,75.65,75.76,75.74,76.03,0,0,0,0,-,-,neutral"
2026-06-21T23:55:00.000-04:00,"2026-6-21 23:55,75.64,75.74,75.73,76.02,0,0,0,0,-,-,neutral"
2026-06-22T00:00:00.000-04:00,"2026-6-22 0:00,75.55,75.69,75.71,76,-7,-1,0,0,S,-,FIGHT"
2026-06-22T00:05:00.000-04:00,"2026-6-22 0:05,75.51,75.64,75.7,75.98,-7,-1,0,0,-,-,FIGHT"
2026-06-22T00:10:00.000-04:00,"2026-6-22 0:10,75.58,75.62,75.69,75.97,-7,-1,0,0,-,-,FIGHT"
2026-06-22T00:15:00.000-04:00,"2026-6-22 0:15,75.67,75.65,75.69,75.95,3,1,0,0,B,-,FIGHT"
2026-06-22T00:20:00.000-04:00,"2026-6-22 0:20,75.61,75.64,75.68,75.94,-7,-1,0,0,S,-,FIGHT"
2026-06-22T00:25:00.000-04:00,"2026-6-22 0:25,75.61,75.64,75.68,75.93,-7,-1,0,0,-,-,FIGHT"
2026-06-22T00:30:00.000-04:00,"2026-6-22 0:30,75.52,75.6,75.66,75.91,-7,-1,0,0,-,-,FIGHT"
2026-06-22T00:35:00.000-04:00,"2026-6-22 0:35,75.47,75.55,75.65,75.89,-7,-1,0,0,-,-,FIGHT"
2026-06-22T00:40:00.000-04:00,"2026-6-22 0:40,75.5,75.53,75.64,75.88,-7,-1,0,0,-,-,FIGHT"
2026-06-22T00:45:00.000-04:00,"2026-6-22 0:45,75.55,75.53,75.63,75.87,0,0,0,0,-,-,neutral"
2026-06-22T00:50:00.000-04:00,"2026-6-22 0:50,75.49,75.51,75.62,75.85,-7,-1,0,0,-,-,FIGHT"
2026-06-22T00:55:00.000-04:00,"2026-6-22 0:55,75.41,75.47,75.6,75.83,-7,-1,0,-1,-,-,tide_only"
2026-06-22T01:00:00.000-04:00,"2026-6-22 1:00,75.34,75.41,75.58,75.81,-7,-1,0,-1,-,-,tide_only"
2026-06-22T01:05:00.000-04:00,"2026-6-22 1:05,75.35,75.38,75.57,75.8,-7,-1,0,-1,-,-,tide_only"
2026-06-22T01:10:00.000-04:00,"2026-6-22 1:10,75.33,75.34,75.55,75.78,-7,-1,0,-1,-,-,tide_only"
2026-06-22T01:15:00.000-04:00,"2026-6-22 1:15,75.29,75.31,75.53,75.76,-7,-1,0,-1,-,-,tide_only"
2026-06-22T01:20:00.000-04:00,"2026-6-22 1:20,75.27,75.28,75.51,75.74,-7,-1,0,-1,-,-,tide_only"
2026-06-22T01:25:00.000-04:00,"2026-6-22 1:25,75.08,75.18,75.48,75.71,-7,-1,-1,-1,-,-,RIDE_both"
2026-06-22T01:30:00.000-04:00,"2026-6-22 1:30,75.2,75.16,75.45,75.69,-7,-1,-1,-1,-,-,RIDE_both"
2026-06-22T01:35:00.000-04:00,"2026-6-22 1:35,75.3,75.19,75.44,75.68,0,0,-1,-1,-,-,neutral"
2026-06-22T01:40:00.000-04:00,"2026-6-22 1:40,75.38,75.24,75.44,75.67,0,0,0,-1,-,-,neutral"
2026-06-22T01:45:00.000-04:00,"2026-6-22 1:45,75.27,75.24,75.42,75.65,-7,0,0,-1,-,-,neutral"
2026-06-22T01:50:00.000-04:00,"2026-6-22 1:50,75.27,75.24,75.41,75.64,0,0,0,-1,-,-,neutral"
2026-06-22T01:55:00.000-04:00,"2026-6-22 1:55,75.31,75.26,75.4,75.62,0,0,0,-1,-,-,neutral"
2026-06-22T02:00:00.000-04:00,"2026-6-22 2:00,75.23,75.24,75.39,75.61,-7,-1,0,-1,-,-,tide_only"
2026-06-22T02:05:00.000-04:00,"2026-6-22 2:05,75.22,75.23,75.38,75.59,-7,-1,0,-1,-,-,tide_only"
2026-06-22T02:10:00.000-04:00,"2026-6-22 2:10,75.21,75.22,75.37,75.58,-7,-1,-1,-1,-,-,RIDE_both"
2026-06-22T02:15:00.000-04:00,"2026-6-22 2:15,75.23,75.22,75.35,75.56,-7,0,-1,-1,-,-,neutral"
2026-06-22T02:20:00.000-04:00,"2026-6-22 2:20,75.05,75.15,75.33,75.54,-7,-1,-1,-1,-,-,RIDE_both"
2026-06-22T02:25:00.000-04:00,"2026-6-22 2:25,75.14,75.13,75.32,75.53,-7,-1,-1,-1,-,-,RIDE_both"
2026-06-22T02:30:00.000-04:00,"2026-6-22 2:30,75.1,75.11,75.3,75.51,-7,-1,-1,-1,-,-,RIDE_both"
2026-06-22T02:35:00.000-04:00,"2026-6-22 2:35,75.29,75.17,75.3,75.5,3,1,-1,-1,B,-,FIGHT"
2026-06-22T02:40:00.000-04:00,"2026-6-22 2:40,75.35,75.23,75.3,75.5,3,1,0,-1,-,-,FIGHT"
2026-06-22T02:45:00.000-04:00,"2026-6-22 2:45,75.4,75.3,75.31,75.49,5,1,0,-1,-,-,FIGHT"
2026-06-22T02:50:00.000-04:00,"2026-6-22 2:50,75.4,75.34,75.32,75.49,5,1,0,-1,-,-,FIGHT"
2026-06-22T02:55:00.000-04:00,"2026-6-22 2:55,75.34,75.36,75.32,75.48,5,1,0,-1,-,-,FIGHT"
2026-06-22T03:00:00.000-04:00,"2026-6-22 3:00,75.34,75.36,75.32,75.48,0,0,0,-1,-,-,neutral"
2026-06-22T03:05:00.000-04:00,"2026-6-22 3:05,75.37,75.38,75.32,75.47,5,1,0,-1,-,-,FIGHT"
2026-06-22T03:10:00.000-04:00,"2026-6-22 3:10,75.55,75.46,75.34,75.48,5,1,0,-1,-,-,FIGHT"
2026-06-22T03:15:00.000-04:00,"2026-6-22 3:15,75.42,75.46,75.35,75.47,0,0,0,-1,-,-,neutral"
2026-06-22T03:20:00.000-04:00,"2026-6-22 3:20,75.51,75.5,75.36,75.48,5,1,0,-1,-,-,FIGHT"
2026-06-22T03:25:00.000-04:00,"2026-6-22 3:25,75.45,75.5,75.37,75.47,0,0,0,-1,-,-,neutral"
2026-06-22T03:30:00.000-04:00,"2026-6-22 3:30,75.39,75.48,75.37,75.47,0,0,0,-1,-,-,neutral"
2026-06-22T03:35:00.000-04:00,"2026-6-22 3:35,75.61,75.54,75.39,75.48,5,1,0,-1,-,-,FIGHT"
2026-06-22T03:40:00.000-04:00,"2026-6-22 3:40,75.82,75.66,75.42,75.49,5,1,1,-1,-,-,wave_only"
2026-06-22T03:45:00.000-04:00,"2026-6-22 3:45,75.73,75.72,75.44,75.5,5,1,1,-1,-,-,wave_only"
2026-06-22T03:50:00.000-04:00,"2026-6-22 3:50,75.88,75.81,75.48,75.51,5,1,1,-1,-,-,wave_only"
2026-06-22T03:55:00.000-04:00,"2026-6-22 3:55,75.64,75.78,75.49,75.52,0,0,1,0,-,-,neutral"
2026-06-22T04:00:00.000-04:00,"2026-6-22 4:00,75.78,75.81,75.51,75.53,0,0,1,0,-,-,neutral"
2026-06-22T04:05:00.000-04:00,"2026-6-22 4:05,75.98,75.9,75.55,75.55,5,1,1,0,-,-,wave_only"
2026-06-22T04:10:00.000-04:00,"2026-6-22 4:10,76.05,75.99,75.59,75.57,7,1,1,0,-,-,wave_only"
2026-06-22T04:15:00.000-04:00,"2026-6-22 4:15,76.1,76.07,75.63,75.59,7,1,1,0,-,-,wave_only"
2026-06-22T04:20:00.000-04:00,"2026-6-22 4:20,75.9,76.05,75.65,75.6,0,0,1,0,-,-,neutral"
2026-06-22T04:25:00.000-04:00,"2026-6-22 4:25,75.41,75.85,75.63,75.59,0,0,0,0,-,-,neutral"
2026-06-22T04:30:00.000-04:00,"2026-6-22 4:30,75.46,75.72,75.62,75.59,0,0,0,0,-,-,neutral"
2026-06-22T04:35:00.000-04:00,"2026-6-22 4:35,75.44,75.61,75.6,75.58,-3,-1,0,0,S,-,FIGHT"
2026-06-22T04:40:00.000-04:00,"2026-6-22 4:40,75.29,75.48,75.58,75.57,-7,-1,-1,0,-,-,wave_only"
2026-06-22T04:45:00.000-04:00,"2026-6-22 4:45,75.28,75.38,75.56,75.56,-7,-1,-1,0,-,-,wave_only"
2026-06-22T04:50:00.000-04:00,"2026-6-22 4:50,75.27,75.3,75.53,75.55,-5,-1,-1,0,-,-,wave_only"
2026-06-22T04:55:00.000-04:00,"2026-6-22 4:55,75.23,75.24,75.51,75.54,-5,-1,-1,-1,-,-,RIDE_both"
2026-06-22T05:00:00.000-04:00,"2026-6-22 5:00,75.2,75.18,75.49,75.52,-5,-1,-1,-1,-,-,RIDE_both"
2026-06-22T05:05:00.000-04:00,"2026-6-22 5:05,75.2,75.15,75.46,75.51,-5,-1,-1,-1,-,-,RIDE_both"
2026-06-22T05:10:00.000-04:00,"2026-6-22 5:10,75.36,75.18,75.46,75.5,0,0,-1,-1,-,-,neutral"
2026-06-22T05:15:00.000-04:00,"2026-6-22 5:15,75.33,75.2,75.45,75.5,0,0,-1,-1,-,-,neutral"
2026-06-22T05:20:00.000-04:00,"2026-6-22 5:20,75.24,75.19,75.43,75.49,-3,-1,-1,-1,-,-,RIDE_both"
2026-06-22T05:25:00.000-04:00,"2026-6-22 5:25,75.3,75.2,75.42,75.48,0,0,-1,-1,-,-,neutral"
2026-06-22T05:30:00.000-04:00,"2026-6-22 5:30,75.29,75.21,75.41,75.47,0,0,-1,-1,-,-,neutral"
2026-06-22T05:35:00.000-04:00,"2026-6-22 5:35,75.22,75.2,75.4,75.46,-3,-1,-1,-1,-,-,RIDE_both"
2026-06-22T05:40:00.000-04:00,"2026-6-22 5:40,75.34,75.23,75.39,75.46,0,0,-1,-1,-,-,neutral"
2026-06-22T05:45:00.000-04:00,"2026-6-22 5:45,75.2,75.21,75.38,75.45,-7,-1,-1,-1,-,-,RIDE_both"
2026-06-22T05:50:00.000-04:00,"2026-6-22 5:50,75.25,75.21,75.37,75.44,0,0,-1,-1,-,-,neutral"
2026-06-22T05:55:00.000-04:00,"2026-6-22 5:55,75.35,75.25,75.37,75.44,0,0,-1,-1,-,-,neutral"
2026-06-22T06:00:00.000-04:00,"2026-6-22 6:00,75.35,75.28,75.36,75.43,0,0,-1,-1,-,-,neutral"
2026-06-22T06:05:00.000-04:00,"2026-6-22 6:05,75.33,75.3,75.36,75.43,0,0,-1,-1,-,-,neutral"
2026-06-22T06:10:00.000-04:00,"2026-6-22 6:10,75.27,75.29,75.35,75.42,-3,-1,-1,-1,-,-,RIDE_both"
2026-06-22T06:15:00.000-04:00,"2026-6-22 6:15,75.36,75.32,75.36,75.42,0,0,-1,-1,-,-,neutral"
2026-06-22T06:20:00.000-04:00,"2026-6-22 6:20,75.33,75.32,75.35,75.42,0,0,-1,-1,-,-,neutral"
2026-06-22T06:25:00.000-04:00,"2026-6-22 6:25,75.36,75.34,75.35,75.41,3,1,0,-1,B,-,FIGHT"
2026-06-22T06:30:00.000-04:00,"2026-6-22 6:30,75.39,75.37,75.36,75.41,5,1,0,-1,-,-,FIGHT"
2026-06-22T06:35:00.000-04:00,"2026-6-22 6:35,75.46,75.41,75.36,75.41,5,1,0,-1,-,-,FIGHT"
2026-06-22T06:40:00.000-04:00,"2026-6-22 6:40,75.36,75.4,75.36,75.41,0,0,0,-1,-,-,neutral"
2026-06-22T06:45:00.000-04:00,"2026-6-22 6:45,75.35,75.39,75.36,75.41,0,0,0,-1,-,-,neutral"
2026-06-22T06:50:00.000-04:00,"2026-6-22 6:50,75.3,75.37,75.36,75.41,0,0,0,-1,-,-,neutral"
2026-06-22T06:55:00.000-04:00,"2026-6-22 6:55,75.32,75.35,75.36,75.4,0,0,-1,-1,-,-,neutral"
2026-06-22T07:00:00.000-04:00,"2026-6-22 7:00,75.08,75.26,75.33,75.39,-7,-1,-1,-1,S,SELL,RIDE_both"
2026-06-22T07:05:00.000-04:00,"2026-6-22 7:05,75,75.15,75.31,75.37,-7,-1,-1,-1,-,-,RIDE_both"
2026-06-22T07:10:00.000-04:00,"2026-6-22 7:10,75.3,75.19,75.31,75.37,0,0,-1,-1,-,-,neutral"
2026-06-22T07:15:00.000-04:00,"2026-6-22 7:15,75.43,75.27,75.32,75.37,3,1,-1,-1,B,-,FIGHT"
2026-06-22T07:20:00.000-04:00,"2026-6-22 7:20,75.34,75.29,75.32,75.37,3,1,-1,-1,-,-,FIGHT"
2026-06-22T07:25:00.000-04:00,"2026-6-22 7:25,75.41,75.34,75.33,75.37,5,1,0,-1,-,-,FIGHT"
2026-06-22T07:30:00.000-04:00,"2026-6-22 7:30,75.24,75.31,75.32,75.37,-5,-1,0,-1,S,-,tide_only"
2026-06-22T07:35:00.000-04:00,"2026-6-22 7:35,75.13,75.24,75.3,75.36,-5,-1,0,-1,-,-,tide_only"
2026-06-22T07:40:00.000-04:00,"2026-6-22 7:40,75.12,75.19,75.29,75.35,-7,-1,-1,-1,-,-,RIDE_both"
2026-06-22T07:45:00.000-04:00,"2026-6-22 7:45,75.08,75.14,75.27,75.34,-7,-1,-1,-1,-,-,RIDE_both"
2026-06-22T07:50:00.000-04:00,"2026-6-22 7:50,75.18,75.14,75.27,75.33,0,0,-1,-1,-,-,neutral"
2026-06-22T07:55:00.000-04:00,"2026-6-22 7:55,74.99,75.08,75.25,75.32,-7,-1,-1,-1,-,-,RIDE_both"
2026-06-22T08:00:00.000-04:00,"2026-6-22 8:00,75.06,75.05,75.23,75.31,-7,-1,-1,-1,-,-,RIDE_both"
2026-06-22T08:05:00.000-04:00,"2026-6-22 8:05,75.01,75.02,75.21,75.3,-7,-1,-1,-1,-,-,RIDE_both"
2026-06-22T08:10:00.000-04:00,"2026-6-22 8:10,74.87,74.95,75.19,75.28,-7,-1,-1,-1,-,-,RIDE_both"
2026-06-22T08:15:00.000-04:00,"2026-6-22 8:15,74.76,74.85,75.16,75.26,-7,-1,-1,-1,-,-,RIDE_both"
2026-06-22T08:20:00.000-04:00,"2026-6-22 8:20,74.57,74.72,75.11,75.23,-7,-1,-1,-1,-,-,RIDE_both"
2026-06-22T08:25:00.000-04:00,"2026-6-22 8:25,74.6,74.64,75.07,75.21,-7,-1,-1,-1,-,-,RIDE_both"
2026-06-22T08:30:00.000-04:00,"2026-6-22 8:30,74.6,74.58,75.03,75.18,-7,-1,-1,-1,-,-,RIDE_both"
2026-06-22T08:35:00.000-04:00,"2026-6-22 8:35,74.58,74.54,75,75.16,-3,-1,-1,-1,-,-,RIDE_both"
2026-06-22T08:40:00.000-04:00,"2026-6-22 8:40,74.52,74.49,74.96,75.14,-7,-1,-1,-1,-,-,RIDE_both"
2026-06-22T08:45:00.000-04:00,"2026-6-22 8:45,74.79,74.56,74.95,75.12,0,0,-1,-1,-,-,neutral"
2026-06-22T08:50:00.000-04:00,"2026-6-22 8:50,74.64,74.56,74.93,75.1,0,0,-1,-1,-,-,neutral"
2026-06-22T08:55:00.000-04:00,"2026-6-22 8:55,74.51,74.51,74.89,75.08,-7,-1,-1,-1,-,-,RIDE_both"
2026-06-22T09:00:00.000-04:00,"2026-6-22 9:00,74.75,74.57,74.88,75.07,0,0,-1,-1,-,-,neutral"
2026-06-22T09:05:00.000-04:00,"2026-6-22 9:05,74.83,74.65,74.88,75.06,0,0,-1,-1,-,-,neutral"
2026-06-22T09:10:00.000-04:00,"2026-6-22 9:10,74.41,74.56,74.84,75.03,-7,-1,-1,-1,-,-,RIDE_both"
2026-06-22T09:15:00.000-04:00,"2026-6-22 9:15,74.53,74.53,74.82,75.01,-7,-1,-1,-1,-,-,RIDE_both"
2026-06-22T09:20:00.000-04:00,"2026-6-22 9:20,74.38,74.46,74.78,74.99,-7,-1,-1,-1,-,-,RIDE_both"
2026-06-22T09:25:00.000-04:00,"2026-6-22 9:25,74.24,74.36,74.74,74.96,-7,-1,-1,-1,-,-,RIDE_both"
2026-06-22T09:30:00.000-04:00,"2026-6-22 9:30,74.17,74.26,74.7,74.93,-7,-1,-1,-1,-,-,RIDE_both"
2026-06-22T09:35:00.000-04:00,"2026-6-22 9:35,73.83,74.07,74.63,74.88,-7,-1,-1,-1,-,-,RIDE_both"
2026-06-22T09:40:00.000-04:00,"2026-6-22 9:40,73.85,73.94,74.57,74.84,-7,-1,-1,-1,-,-,RIDE_both"
2026-06-22T09:45:00.000-04:00,"2026-6-22 9:45,73.6,73.76,74.5,74.8,-7,-1,-1,-1,-,-,RIDE_both"
2026-06-22T09:50:00.000-04:00,"2026-6-22 9:50,73.76,73.7,74.44,74.75,-7,0,-1,-1,-,-,neutral"
2026-06-22T09:55:00.000-04:00,"2026-6-22 9:55,73.76,73.66,74.39,74.72,0,0,-1,-1,-,-,neutral"
2026-06-22T10:00:00.000-04:00,"2026-6-22 10:00,73.9,73.69,74.35,74.68,0,0,-1,-1,-,-,neutral"
2026-06-22T10:05:00.000-04:00,"2026-6-22 10:05,73.63,73.62,74.3,74.64,-7,-1,-1,-1,-,-,RIDE_both"
2026-06-22T10:10:00.000-04:00,"2026-6-22 10:10,73.59,73.56,74.24,74.6,-7,-1,-1,-1,-,-,RIDE_both"
2026-06-22T10:15:00.000-04:00,"2026-6-22 10:15,73.81,73.6,74.21,74.57,0,0,-1,-1,-,-,neutral"
2026-06-22T10:20:00.000-04:00,"2026-6-22 10:20,73.78,73.63,74.17,74.54,0,0,-1,-1,-,-,neutral"
2026-06-22T10:25:00.000-04:00,"2026-6-22 10:25,73.88,73.69,74.15,74.51,0,0,0,-1,-,-,neutral"
2026-06-22T10:30:00.000-04:00,"2026-6-22 10:30,74.23,73.87,74.16,74.5,0,0,0,-1,-,-,neutral"
2026-06-22T10:35:00.000-04:00,"2026-6-22 10:35,74.13,73.97,74.16,74.49,3,1,0,-1,B,-,FIGHT"
2026-06-22T10:40:00.000-04:00,"2026-6-22 10:40,74.22,74.08,74.16,74.48,3,1,0,-1,-,-,FIGHT"
2026-06-22T10:45:00.000-04:00,"2026-6-22 10:45,74.13,74.12,74.16,74.46,5,1,0,-1,-,-,FIGHT"
2026-06-22T10:50:00.000-04:00,"2026-6-22 10:50,73.89,74.06,74.14,74.44,-7,-1,0,-1,S,-,tide_only"
2026-06-22T10:55:00.000-04:00,"2026-6-22 10:55,74.03,74.07,74.13,74.42,0,0,0,-1,-,-,neutral"
2026-06-22T11:00:00.000-04:00,"2026-6-22 11:00,73.8,73.99,74.1,74.4,-7,-1,0,-1,-,-,tide_only"
2026-06-22T11:05:00.000-04:00,"2026-6-22 11:05,73.75,73.91,74.08,74.37,-7,-1,0,-1,-,-,tide_only"
2026-06-22T11:10:00.000-04:00,"2026-6-22 11:10,73.39,73.72,74.02,74.34,-7,-1,-1,-1,-,-,RIDE_both"
2026-06-22T11:15:00.000-04:00,"2026-6-22 11:15,73.32,73.56,73.97,74.3,-7,-1,-1,-1,-,-,RIDE_both"
2026-06-22T11:20:00.000-04:00,"2026-6-22 11:20,73.35,73.45,73.92,74.26,-7,-1,-1,-1,-,-,RIDE_both"
2026-06-22T11:25:00.000-04:00,"2026-6-22 11:25,73.64,73.48,73.9,74.24,0,0,-1,-1,-,-,neutral"
2026-06-22T11:30:00.000-04:00,"2026-6-22 11:30,73.57,73.49,73.88,74.21,0,0,-1,-1,-,-,neutral"
2026-06-22T11:35:00.000-04:00,"2026-6-22 11:35,73.45,73.45,73.84,74.18,-7,-1,-1,-1,-,-,RIDE_both"
2026-06-22T11:40:00.000-04:00,"2026-6-22 11:40,73.33,73.38,73.8,74.15,-7,-1,-1,-1,-,-,RIDE_both"
2026-06-22T11:45:00.000-04:00,"2026-6-22 11:45,73.71,73.47,73.8,74.13,0,0,-1,-1,-,-,neutral"
2026-06-22T11:50:00.000-04:00,"2026-6-22 11:50,73.38,73.43,73.76,74.1,-7,-1,-1,-1,-,-,RIDE_both"
2026-06-22T11:55:00.000-04:00,"2026-6-22 11:55,73.41,73.4,73.74,74.07,-7,-1,-1,-1,-,-,RIDE_both"
2026-06-22T12:00:00.000-04:00,"2026-6-22 12:00,73.56,73.44,73.72,74.05,0,0,-1,-1,-,-,neutral"
2026-06-22T12:05:00.000-04:00,"2026-6-22 12:05,73.64,73.51,73.72,74.04,0,0,-1,-1,-,-,neutral"
2026-06-22T12:10:00.000-04:00,"2026-6-22 12:10,73.53,73.51,73.7,74.02,0,0,0,-1,-,-,neutral"
2026-06-22T12:15:00.000-04:00,"2026-6-22 12:15,73.61,73.55,73.7,74,3,1,0,-1,B,-,FIGHT"
2026-06-22T12:20:00.000-04:00,"2026-6-22 12:20,73.63,73.58,73.69,73.99,3,1,0,-1,-,-,FIGHT"
2026-06-22T12:25:00.000-04:00,"2026-6-22 12:25,73.66,73.62,73.69,73.97,3,1,0,-1,-,-,FIGHT"
2026-06-22T12:30:00.000-04:00,"2026-6-22 12:30,73.68,73.65,73.69,73.96,5,1,0,-1,-,-,FIGHT"
2026-06-22T12:35:00.000-04:00,"2026-6-22 12:35,73.75,73.7,73.69,73.95,5,1,0,-1,-,-,FIGHT"
2026-06-22T12:40:00.000-04:00,"2026-6-22 12:40,73.73,73.73,73.7,73.94,5,1,0,-1,-,-,FIGHT"
2026-06-22T12:45:00.000-04:00,"2026-6-22 12:45,73.71,73.74,73.7,73.94,0,0,0,-1,-,-,neutral"
2026-06-22T12:50:00.000-04:00,"2026-6-22 12:50,73.72,73.75,73.7,73.93,0,0,0,-1,-,-,neutral"
2026-06-22T12:55:00.000-04:00,"2026-6-22 12:55,73.56,73.7,73.69,73.91,0,0,0,-1,-,-,neutral"
2026-06-22T13:00:00.000-04:00,"2026-6-22 13:00,73.63,73.69,73.68,73.9,0,0,0,-1,-,-,neutral"
2026-06-22T13:05:00.000-04:00,"2026-6-22 13:05,73.57,73.65,73.67,73.89,-7,-1,0,-1,S,-,tide_only"
2026-06-22T13:10:00.000-04:00,"2026-6-22 13:10,73.55,73.62,73.66,73.88,-7,-1,0,-1,-,-,tide_only"
2026-06-22T13:15:00.000-04:00,"2026-6-22 13:15,73.56,73.6,73.66,73.86,-7,-1,0,-1,-,-,tide_only"
2026-06-22T13:20:00.000-04:00,"2026-6-22 13:20,73.5,73.56,73.64,73.85,-7,-1,0,-1,-,-,tide_only"
2026-06-22T13:25:00.000-04:00,"2026-6-22 13:25,73.53,73.55,73.64,73.84,-7,-1,0,-1,-,-,tide_only"
2026-06-22T13:30:00.000-04:00,"2026-6-22 13:30,73.67,73.59,73.64,73.83,3,1,0,-1,B,-,FIGHT"
2026-06-22T13:35:00.000-04:00,"2026-6-22 13:35,73.62,73.6,73.64,73.82,0,0,0,-1,-,-,neutral"
2026-06-22T13:40:00.000-04:00,"2026-6-22 13:40,73.4,73.53,73.62,73.8,-7,-1,-1,-1,S,SELL,RIDE_both"
2026-06-22T13:45:00.000-04:00,"2026-6-22 13:45,73.39,73.47,73.6,73.79,-7,-1,-1,-1,-,-,RIDE_both"
2026-06-22T13:50:00.000-04:00,"2026-6-22 13:50,73.35,73.41,73.58,73.77,-7,-1,-1,-1,-,-,RIDE_both"
2026-06-22T13:55:00.000-04:00,"2026-6-22 13:55,73.33,73.37,73.56,73.75,-7,-1,-1,-1,-,-,RIDE_both"
2026-06-22T14:00:00.000-04:00,"2026-6-22 14:00,73.46,73.38,73.55,73.74,0,0,-1,-1,-,-,neutral"
2026-06-22T14:05:00.000-04:00,"2026-6-22 14:05,73.59,73.45,73.56,73.74,3,1,-1,-1,B,-,FIGHT"
2026-06-22T14:10:00.000-04:00,"2026-6-22 14:10,73.65,73.52,73.56,73.73,3,1,0,-1,-,-,FIGHT"
2026-06-22T14:15:00.000-04:00,"2026-6-22 14:15,73.73,73.6,73.58,73.73,5,1,0,-1,-,-,FIGHT"
2026-06-22T14:20:00.000-04:00,"2026-6-22 14:20,73.68,73.64,73.59,73.73,5,1,0,-1,-,-,FIGHT"
2026-06-22T14:25:00.000-04:00,"2026-6-22 14:25,73.91,73.75,73.61,73.74,5,1,0,-1,-,-,FIGHT"
2026-06-22T14:30:00.000-04:00,"2026-6-22 14:30,73.78,73.78,73.62,73.74,5,1,0,-1,-,-,FIGHT"
2026-06-22T14:35:00.000-04:00,"2026-6-22 14:35,73.7,73.78,73.63,73.74,0,0,0,-1,-,-,neutral"
2026-06-22T14:40:00.000-04:00,"2026-6-22 14:40,73.76,73.79,73.64,73.74,5,1,1,-1,-,-,wave_only"
2026-06-22T14:45:00.000-04:00,"2026-6-22 14:45,73.81,73.82,73.65,73.74,5,1,1,-1,-,-,wave_only"
2026-06-22T14:50:00.000-04:00,"2026-6-22 14:50,73.9,73.87,73.67,73.75,5,1,1,-1,-,-,wave_only"
2026-06-22T14:55:00.000-04:00,"2026-6-22 14:55,74.01,73.94,73.7,73.76,5,1,1,0,-,-,wave_only"
2026-06-22T15:00:00.000-04:00,"2026-6-22 15:00,74.05,74.01,73.72,73.77,5,1,1,0,-,-,wave_only"
2026-06-22T15:05:00.000-04:00,"2026-6-22 15:05,74.11,74.08,73.75,73.78,5,1,1,0,-,-,wave_only"
2026-06-22T15:10:00.000-04:00,"2026-6-22 15:10,74.09,74.12,73.78,73.8,5,1,1,0,-,-,wave_only"
2026-06-22T15:15:00.000-04:00,"2026-6-22 15:15,74.11,74.15,73.81,73.81,5,0,1,0,-,-,neutral"
2026-06-22T15:20:00.000-04:00,"2026-6-22 15:20,74.2,74.2,73.84,73.82,3,1,1,0,-,-,wave_only"
2026-06-22T15:25:00.000-04:00,"2026-6-22 15:25,74.19,74.23,73.86,73.84,0,0,1,0,-,-,neutral"
2026-06-22T15:30:00.000-04:00,"2026-6-22 15:30,74.21,74.26,73.89,73.85,0,0,1,0,-,-,neutral"
2026-06-22T15:35:00.000-04:00,"2026-6-22 15:35,74.24,74.28,73.92,73.87,0,0,1,0,-,-,neutral"
2026-06-22T15:40:00.000-04:00,"2026-6-22 15:40,74.28,74.31,73.94,73.88,0,0,1,0,-,-,neutral"
2026-06-22T15:45:00.000-04:00,"2026-6-22 15:45,74.28,74.33,73.97,73.9,0,0,1,0,-,-,neutral"
2026-06-22T15:50:00.000-04:00,"2026-6-22 15:50,74.31,74.35,74,73.91,0,0,1,0,-,-,neutral"
2026-06-22T15:55:00.000-04:00,"2026-6-22 15:55,74.28,74.35,74.02,73.93,0,0,1,0,-,-,neutral"
2026-06-22T16:00:00.000-04:00,"2026-6-22 16:00,74.21,74.32,74.03,73.94,0,0,1,0,-,-,neutral"
2026-06-22T16:05:00.000-04:00,"2026-6-22 16:05,74.23,74.3,74.05,73.95,0,0,1,0,-,-,neutral"
2026-06-22T16:10:00.000-04:00,"2026-6-22 16:10,74.21,74.28,74.06,73.96,0,0,0,0,-,-,neutral"
2026-06-22T16:15:00.000-04:00,"2026-6-22 16:15,74.17,74.25,74.07,73.97,0,0,0,0,-,-,neutral"
2026-06-22T16:20:00.000-04:00,"2026-6-22 16:20,74.04,74.17,74.07,73.97,0,0,0,0,-,-,neutral"
2026-06-22T16:25:00.000-04:00,"2026-6-22 16:25,74.01,74.11,74.06,73.97,0,0,0,0,-,-,neutral"
2026-06-22T16:30:00.000-04:00,"2026-6-22 16:30,74,74.05,74.06,73.98,-5,-1,0,0,S,-,FIGHT"
2026-06-22T16:35:00.000-04:00,"2026-6-22 16:35,74.09,74.05,74.06,73.98,-5,-1,0,0,-,-,FIGHT"
2026-06-22T16:40:00.000-04:00,"2026-6-22 16:40,74.01,74.02,74.06,73.98,-5,-1,0,0,-,-,FIGHT"
2026-06-22T16:45:00.000-04:00,"2026-6-22 16:45,74.05,74.01,74.06,73.98,-5,-1,0,0,-,-,FIGHT"
2026-06-22T16:50:00.000-04:00,"2026-6-22 16:50,74.1,74.03,74.06,73.99,0,0,0,0,-,-,neutral"
2026-06-22T16:55:00.000-04:00,"2026-6-22 16:55,74.05,74.02,74.06,73.99,-5,-1,0,0,-,-,FIGHT"
2026-06-22T18:00:00.000-04:00,"2026-6-22 18:00,74.18,74.07,74.07,74,3,1,0,0,B,-,FIGHT"
2026-06-22T18:05:00.000-04:00,"2026-6-22 18:05,74.13,74.08,74.07,74,3,1,0,0,-,-,FIGHT"
2026-06-22T18:10:00.000-04:00,"2026-6-22 18:10,74.19,74.12,74.08,74.01,7,1,1,0,-,-,wave_only"
2026-06-22T18:15:00.000-04:00,"2026-6-22 18:15,74.15,74.13,74.09,74.02,7,1,1,0,-,-,wave_only"
2026-06-22T18:20:00.000-04:00,"2026-6-22 18:20,74.21,74.16,74.1,74.02,7,1,1,0,-,-,wave_only"
2026-06-22T18:25:00.000-04:00,"2026-6-22 18:25,74.26,74.2,74.11,74.03,7,1,1,0,-,-,wave_only"
2026-06-22T18:30:00.000-04:00,"2026-6-22 18:30,74.38,74.27,74.13,74.05,7,1,1,0,-,-,wave_only"
2026-06-22T18:35:00.000-04:00,"2026-6-22 18:35,74.36,74.32,74.15,74.06,7,1,1,0,-,-,wave_only"
2026-06-22T18:40:00.000-04:00,"2026-6-22 18:40,74.32,74.33,74.16,74.07,0,0,1,0,-,-,neutral"
2026-06-22T18:45:00.000-04:00,"2026-6-22 18:45,74.31,74.34,74.17,74.08,0,0,1,0,-,-,neutral"
2026-06-22T18:50:00.000-04:00,"2026-6-22 18:50,74.29,74.33,74.18,74.09,0,0,1,0,-,-,neutral"
2026-06-22T18:55:00.000-04:00,"2026-6-22 18:55,74.3,74.33,74.19,74.1,0,0,0,0,-,-,neutral"
2026-06-22T19:00:00.000-04:00,"2026-6-22 19:00,74.14,74.27,74.19,74.1,0,0,0,0,-,-,neutral"
2026-06-22T19:05:00.000-04:00,"2026-6-22 19:05,74.17,74.24,74.19,74.1,0,0,0,0,-,-,neutral"
2026-06-22T19:10:00.000-04:00,"2026-6-22 19:10,74.15,74.2,74.18,74.1,-3,-1,0,0,S,-,FIGHT"
2026-06-22T19:15:00.000-04:00,"2026-6-22 19:15,74.11,74.16,74.18,74.1,-5,-1,0,0,-,-,FIGHT"
2026-06-22T19:20:00.000-04:00,"2026-6-22 19:20,74.11,74.14,74.17,74.1,-5,-1,0,0,-,-,FIGHT"
2026-06-22T19:25:00.000-04:00,"2026-6-22 19:25,74.16,74.13,74.17,74.1,0,0,0,0,-,-,neutral"
2026-06-22T19:30:00.000-04:00,"2026-6-22 19:30,74.17,74.14,74.17,74.11,0,0,0,0,-,-,neutral"
2026-06-22T19:35:00.000-04:00,"2026-6-22 19:35,74.15,74.13,74.17,74.11,-5,-1,0,0,-,-,FIGHT"
2026-06-22T19:40:00.000-04:00,"2026-6-22 19:40,74.09,74.11,74.16,74.11,-5,-1,0,0,-,-,FIGHT"
2026-06-22T19:45:00.000-04:00,"2026-6-22 19:45,74.1,74.1,74.16,74.11,-5,-1,0,0,-,-,FIGHT"
2026-06-22T19:50:00.000-04:00,"2026-6-22 19:50,74.17,74.11,74.16,74.11,0,0,0,0,-,-,neutral"
2026-06-22T19:55:00.000-04:00,"2026-6-22 19:55,74.18,74.13,74.16,74.11,0,0,0,0,-,-,neutral"
2026-06-22T20:00:00.000-04:00,"2026-6-22 20:00,74.19,74.15,74.16,74.12,0,0,0,0,-,-,neutral"
2026-06-22T20:05:00.000-04:00,"2026-6-22 20:05,74.05,74.11,74.15,74.11,-5,-1,0,0,-,-,FIGHT"
2026-06-22T20:10:00.000-04:00,"2026-6-22 20:10,74.17,74.13,74.16,74.12,0,0,0,0,-,-,neutral"
2026-06-22T20:15:00.000-04:00,"2026-6-22 20:15,74.1,74.11,74.15,74.11,-5,-1,0,0,-,-,FIGHT"
2026-06-22T20:20:00.000-04:00,"2026-6-22 20:20,74.2,74.14,74.16,74.12,0,0,0,0,-,-,neutral"
2026-06-22T20:25:00.000-04:00,"2026-6-22 20:25,74.13,74.13,74.15,74.12,-5,-1,0,0,-,-,FIGHT"
2026-06-22T20:30:00.000-04:00,"2026-6-22 20:30,74.14,74.13,74.15,74.12,0,0,0,0,-,-,neutral"
2026-06-22T20:35:00.000-04:00,"2026-6-22 20:35,74.1,74.12,74.15,74.12,-5,-1,0,0,-,-,FIGHT"
2026-06-22T20:40:00.000-04:00,"2026-6-22 20:40,74.05,74.09,74.14,74.12,-5,-1,0,0,-,-,FIGHT"
2026-06-22T20:45:00.000-04:00,"2026-6-22 20:45,74.08,74.08,74.14,74.11,-5,-1,0,0,-,-,FIGHT"
2026-06-22T20:50:00.000-04:00,"2026-6-22 20:50,74.1,74.08,74.13,74.11,0,0,0,0,-,-,neutral"
2026-06-22T20:55:00.000-04:00,"2026-6-22 20:55,74.21,74.13,74.14,74.12,0,0,1,0,-,-,neutral"
2026-06-22T21:00:00.000-04:00,"2026-6-22 21:00,73.85,74.02,74.12,74.11,-7,-1,1,0,-,-,FIGHT"
2026-06-22T21:05:00.000-04:00,"2026-6-22 21:05,73.87,73.96,74.1,74.1,-7,-1,1,0,-,-,FIGHT"
2026-06-22T21:10:00.000-04:00,"2026-6-22 21:10,74.02,73.96,74.09,74.1,0,0,0,0,-,-,neutral"
2026-06-22T21:15:00.000-04:00,"2026-6-22 21:15,74.08,73.99,74.09,74.09,0,0,0,0,-,-,neutral"
2026-06-22T21:20:00.000-04:00,"2026-6-22 21:20,74.12,74.03,74.09,74.1,0,0,0,0,-,-,neutral"
2026-06-22T21:25:00.000-04:00,"2026-6-22 21:25,74.16,74.08,74.1,74.1,0,0,0,0,-,-,neutral"
2026-06-22T21:30:00.000-04:00,"2026-6-22 21:30,74.21,74.13,74.11,74.1,7,1,0,0,B,-,FIGHT"
2026-06-22T21:35:00.000-04:00,"2026-6-22 21:35,74.21,74.16,74.11,74.11,7,1,0,0,-,-,FIGHT"
2026-06-22T21:40:00.000-04:00,"2026-6-22 21:40,74.11,74.15,74.11,74.11,0,0,0,0,-,-,neutral"
2026-06-22T21:45:00.000-04:00,"2026-6-22 21:45,74.04,74.12,74.11,74.1,-3,-1,0,0,S,-,FIGHT"
2026-06-22T21:50:00.000-04:00,"2026-6-22 21:50,73.96,74.06,74.1,74.1,-7,-1,0,0,-,-,FIGHT"
2026-06-22T21:55:00.000-04:00,"2026-6-22 21:55,73.93,74.01,74.08,74.09,-7,-1,-1,-1,-,-,RIDE_both"
2026-06-22T22:00:00.000-04:00,"2026-6-22 22:00,73.8,73.93,74.06,74.08,-7,-1,-1,-1,-,-,RIDE_both"
2026-06-22T22:05:00.000-04:00,"2026-6-22 22:05,74.03,73.95,74.06,74.08,0,0,-1,-1,-,-,neutral"
2026-06-22T22:10:00.000-04:00,"2026-6-22 22:10,74,73.96,74.06,74.08,0,0,-1,-1,-,-,neutral"
2026-06-22T22:15:00.000-04:00,"2026-6-22 22:15,74.04,73.98,74.05,74.07,0,0,-1,-1,-,-,neutral"
2026-06-22T22:20:00.000-04:00,"2026-6-22 22:20,74.03,73.99,74.05,74.07,0,0,-1,-1,-,-,neutral"
2026-06-22T22:25:00.000-04:00,"2026-6-22 22:25,74.06,74.01,74.05,74.07,0,0,0,-1,-,-,neutral"
2026-06-22T22:30:00.000-04:00,"2026-6-22 22:30,74.29,74.12,74.07,74.08,7,1,0,-1,B,-,FIGHT"
2026-06-22T22:35:00.000-04:00,"2026-6-22 22:35,74.17,74.15,74.08,74.08,7,1,0,-1,-,-,FIGHT"
2026-06-22T22:40:00.000-04:00,"2026-6-22 22:40,74.19,74.17,74.09,74.09,7,1,1,-1,-,-,wave_only"
2026-06-22T22:45:00.000-04:00,"2026-6-22 22:45,74.17,74.19,74.09,74.09,3,1,1,-1,-,-,wave_only"
2026-06-22T22:50:00.000-04:00,"2026-6-22 22:50,74.09,74.16,74.09,74.09,0,0,1,-1,-,-,neutral"
2026-06-22T22:55:00.000-04:00,"2026-6-22 22:55,73.93,74.09,74.08,74.08,0,0,-1,-1,-,-,neutral"
2026-06-22T23:00:00.000-04:00,"2026-6-22 23:00,73.78,73.97,74.06,74.07,-7,-1,-1,-1,S,SELL,RIDE_both"
2026-06-22T23:05:00.000-04:00,"2026-6-22 23:05,73.81,73.9,74.04,74.06,-7,-1,-1,-1,-,-,RIDE_both"
2026-06-22T23:10:00.000-04:00,"2026-6-22 23:10,73.77,73.84,74.02,74.05,-7,-1,-1,-1,-,-,RIDE_both"
2026-06-22T23:15:00.000-04:00,"2026-6-22 23:15,73.73,73.78,74,74.04,-7,-1,-1,-1,-,-,RIDE_both"
2026-06-22T23:20:00.000-04:00,"2026-6-22 23:20,73.76,73.75,73.98,74.03,-7,-1,-1,-1,-,-,RIDE_both"
2026-06-22T23:25:00.000-04:00,"2026-6-22 23:25,73.64,73.68,73.95,74.01,-7,-1,-1,-1,-,-,RIDE_both"
2026-06-22T23:30:00.000-04:00,"2026-6-22 23:30,73.63,73.63,73.93,74,-7,-1,-1,-1,-,-,RIDE_both"
2026-06-22T23:35:00.000-04:00,"2026-6-22 23:35,73.75,73.65,73.91,73.99,0,0,-1,-1,-,-,neutral"
2026-06-22T23:40:00.000-04:00,"2026-6-22 23:40,73.66,73.63,73.89,73.97,0,0,-1,-1,-,-,neutral"
2026-06-22T23:45:00.000-04:00,"2026-6-22 23:45,73.65,73.61,73.88,73.96,-3,-1,-1,-1,-,-,RIDE_both"
2026-06-22T23:50:00.000-04:00,"2026-6-22 23:50,73.64,73.6,73.86,73.95,-3,-1,-1,-1,-,-,RIDE_both"
2026-06-22T23:55:00.000-04:00,"2026-6-22 23:55,73.63,73.59,73.84,73.94,-3,-1,-1,-1,-,-,RIDE_both"
2026-06-23T00:00:00.000-04:00,"2026-6-23 0:00,73.69,73.61,73.83,73.93,0,0,-1,-1,-,-,neutral"
2026-06-23T00:05:00.000-04:00,"2026-6-23 0:05,73.72,73.63,73.82,73.92,0,0,-1,-1,-,-,neutral"
2026-06-23T00:10:00.000-04:00,"2026-6-23 0:10,73.74,73.66,73.81,73.91,0,0,0,-1,-,-,neutral"
2026-06-23T00:15:00.000-04:00,"2026-6-23 0:15,73.64,73.65,73.8,73.9,-7,-1,0,-1,-,-,tide_only"
2026-06-23T00:20:00.000-04:00,"2026-6-23 0:20,73.65,73.64,73.79,73.89,-7,-1,0,-1,-,-,tide_only"
2026-06-23T00:25:00.000-04:00,"2026-6-23 0:25,73.64,73.64,73.78,73.88,-7,-1,-1,-1,-,-,RIDE_both"
2026-06-23T00:30:00.000-04:00,"2026-6-23 0:30,73.72,73.66,73.77,73.88,0,0,-1,-1,-,-,neutral"
2026-06-23T00:35:00.000-04:00,"2026-6-23 0:35,73.73,73.69,73.77,73.87,0,0,-1,-1,-,-,neutral"
2026-06-23T00:40:00.000-04:00,"2026-6-23 0:40,73.76,73.72,73.77,73.87,3,1,0,-1,B,-,FIGHT"
2026-06-23T00:45:00.000-04:00,"2026-6-23 0:45,73.68,73.71,73.76,73.86,-7,-1,0,-1,S,-,tide_only"
2026-06-23T00:50:00.000-04:00,"2026-6-23 0:50,73.75,73.73,73.76,73.85,3,1,0,-1,B,-,FIGHT"
2026-06-23T00:55:00.000-04:00,"2026-6-23 0:55,73.75,73.74,73.76,73.85,3,1,0,-1,-,-,FIGHT"
2026-06-23T01:00:00.000-04:00,"2026-6-23 1:00,73.71,73.74,73.76,73.84,-3,-1,0,-1,S,-,tide_only"
2026-06-23T01:05:00.000-04:00,"2026-6-23 1:05,73.73,73.74,73.75,73.84,0,0,0,-1,-,-,neutral"
2026-06-23T01:10:00.000-04:00,"2026-6-23 1:10,73.68,73.72,73.75,73.83,-7,-1,-1,-1,-,-,RIDE_both"
2026-06-23T01:15:00.000-04:00,"2026-6-23 1:15,73.66,73.7,73.74,73.83,-7,-1,-1,-1,-,-,RIDE_both"
2026-06-23T01:20:00.000-04:00,"2026-6-23 1:20,73.6,73.67,73.73,73.82,-7,-1,-1,-1,-,-,RIDE_both"
2026-06-23T01:25:00.000-04:00,"2026-6-23 1:25,73.59,73.64,73.72,73.81,-7,-1,-1,-1,-,-,RIDE_both"
2026-06-23T01:30:00.000-04:00,"2026-6-23 1:30,73.41,73.55,73.7,73.79,-7,-1,-1,-1,-,-,RIDE_both"
2026-06-23T01:35:00.000-04:00,"2026-6-23 1:35,73.39,73.48,73.67,73.78,-7,-1,-1,-1,-,-,RIDE_both"
2026-06-23T01:40:00.000-04:00,"2026-6-23 1:40,73.29,73.39,73.64,73.76,-7,-1,-1,-1,-,-,RIDE_both"
2026-06-23T01:45:00.000-04:00,"2026-6-23 1:45,73.13,73.27,73.6,73.73,-7,-1,-1,-1,-,-,RIDE_both"
2026-06-23T01:50:00.000-04:00,"2026-6-23 1:50,73.1,73.17,73.56,73.71,-7,-1,-1,-1,-,-,RIDE_both"
2026-06-23T01:55:00.000-04:00,"2026-6-23 1:55,73.1,73.11,73.53,73.68,-7,-1,-1,-1,-,-,RIDE_both"
2026-06-23T02:00:00.000-04:00,"2026-6-23 2:00,73.06,73.05,73.49,73.66,-7,-1,-1,-1,-,-,RIDE_both"
2026-06-23T02:05:00.000-04:00,"2026-6-23 2:05,72.99,72.98,73.45,73.63,-7,-1,-1,-1,-,-,RIDE_both"
2026-06-23T02:10:00.000-04:00,"2026-6-23 2:10,73.15,73,73.43,73.62,0,0,-1,-1,-,-,neutral"
2026-06-23T02:15:00.000-04:00,"2026-6-23 2:15,72.96,72.95,73.39,73.59,-7,-1,-1,-1,-,-,RIDE_both"
2026-06-23T02:20:00.000-04:00,"2026-6-23 2:20,72.88,72.89,73.36,73.56,-7,-1,-1,-1,-,-,RIDE_both"
2026-06-23T02:25:00.000-04:00,"2026-6-23 2:25,72.86,72.84,73.32,73.53,-7,-1,-1,-1,-,-,RIDE_both"
2026-06-23T02:30:00.000-04:00,"2026-6-23 2:30,72.74,72.76,73.27,73.5,-7,-1,-1,-1,-,-,RIDE_both"
2026-06-23T02:35:00.000-04:00,"2026-6-23 2:35,72.65,72.68,73.22,73.47,-7,-1,-1,-1,-,-,RIDE_both"
2026-06-23T02:40:00.000-04:00,"2026-6-23 2:40,72.75,72.66,73.19,73.44,0,0,-1,-1,-,-,neutral"
2026-06-23T02:45:00.000-04:00,"2026-6-23 2:45,73.07,72.77,73.18,73.43,0,0,-1,-1,-,-,neutral"
2026-06-23T02:50:00.000-04:00,"2026-6-23 2:50,72.98,72.83,73.16,73.41,0,0,-1,-1,-,-,neutral"
2026-06-23T02:55:00.000-04:00,"2026-6-23 2:55,72.93,72.85,73.15,73.39,0,0,0,-1,-,-,neutral"
2026-06-23T03:00:00.000-04:00,"2026-6-23 3:00,72.79,72.82,73.12,73.37,-7,-1,0,-1,-,-,tide_only"
2026-06-23T03:05:00.000-04:00,"2026-6-23 3:05,72.83,72.81,73.1,73.35,-7,-1,0,-1,-,-,tide_only"
2026-06-23T03:10:00.000-04:00,"2026-6-23 3:10,72.81,72.8,73.07,73.32,-7,-1,-1,-1,-,-,RIDE_both"
2026-06-23T03:15:00.000-04:00,"2026-6-23 3:15,72.8,72.79,73.05,73.3,-7,-1,-1,-1,-,-,RIDE_both"
2026-06-23T03:20:00.000-04:00,"2026-6-23 3:20,72.67,72.74,73.02,73.28,-7,-1,-1,-1,-,-,RIDE_both"
2026-06-23T03:25:00.000-04:00,"2026-6-23 3:25,72.53,72.65,72.99,73.25,-7,-1,-1,-1,-,-,RIDE_both"
2026-06-23T03:30:00.000-04:00,"2026-6-23 3:30,72.78,72.68,72.97,73.23,0,0,-1,-1,-,-,neutral"
2026-06-23T03:35:00.000-04:00,"2026-6-23 3:35,72.87,72.74,72.96,73.22,0,0,-1,-1,-,-,neutral"
2026-06-23T03:40:00.000-04:00,"2026-6-23 3:40,73.09,72.87,72.97,73.21,3,1,0,-1,B,-,FIGHT"
2026-06-23T03:45:00.000-04:00,"2026-6-23 3:45,73.1,72.96,72.98,73.21,5,1,0,-1,-,-,FIGHT"
2026-06-23T03:50:00.000-04:00,"2026-6-23 3:50,73.06,73.02,72.99,73.2,5,1,0,-1,-,-,FIGHT"
2026-06-23T03:55:00.000-04:00,"2026-6-23 3:55,73.17,73.1,73,73.2,5,1,0,-1,-,-,FIGHT"
2026-06-23T04:00:00.000-04:00,"2026-6-23 4:00,73.54,73.29,73.04,73.21,5,1,0,-1,-,-,FIGHT"
2026-06-23T04:05:00.000-04:00,"2026-6-23 4:05,73.47,73.4,73.08,73.22,5,1,0,-1,-,-,FIGHT"
2026-06-23T04:10:00.000-04:00,"2026-6-23 4:10,73.47,73.48,73.11,73.23,5,1,0,-1,-,-,FIGHT"
2026-06-23T04:15:00.000-04:00,"2026-6-23 4:15,73.56,73.57,73.14,73.25,5,1,0,-1,-,-,FIGHT"
2026-06-23T04:20:00.000-04:00,"2026-6-23 4:20,73.61,73.64,73.18,73.26,5,1,0,-1,-,-,FIGHT"
2026-06-23T04:25:00.000-04:00,"2026-6-23 4:25,73.64,73.7,73.21,73.28,5,1,1,-1,-,-,wave_only"
2026-06-23T04:30:00.000-04:00,"2026-6-23 4:30,73.81,73.8,73.26,73.3,5,1,1,-1,-,-,wave_only"
2026-06-23T04:35:00.000-04:00,"2026-6-23 4:35,73.73,73.84,73.3,73.31,5,0,1,-1,-,-,neutral"
2026-06-23T04:40:00.000-04:00,"2026-6-23 4:40,73.56,73.79,73.32,73.32,0,0,1,-1,-,-,neutral"
2026-06-23T04:45:00.000-04:00,"2026-6-23 4:45,73.5,73.73,73.33,73.33,0,0,1,-1,-,-,neutral"
2026-06-23T04:50:00.000-04:00,"2026-6-23 4:50,73.43,73.66,73.34,73.33,0,0,1,-1,-,-,neutral"
2026-06-23T04:55:00.000-04:00,"2026-6-23 4:55,73.44,73.6,73.35,73.34,0,0,1,0,-,-,neutral"
2026-06-23T05:00:00.000-04:00,"2026-6-23 5:00,73.44,73.55,73.35,73.34,0,0,1,0,-,-,neutral"
2026-06-23T05:05:00.000-04:00,"2026-6-23 5:05,73.52,73.55,73.37,73.35,0,0,1,0,-,-,neutral"
2026-06-23T05:10:00.000-04:00,"2026-6-23 5:10,73.44,73.52,73.37,73.35,0,0,1,0,-,-,neutral"
2026-06-23T05:15:00.000-04:00,"2026-6-23 5:15,73.58,73.54,73.39,73.36,3,1,1,0,-,-,wave_only"
2026-06-23T05:20:00.000-04:00,"2026-6-23 5:20,73.51,73.53,73.4,73.37,0,0,1,0,-,-,neutral"
2026-06-23T05:25:00.000-04:00,"2026-6-23 5:25,73.22,73.42,73.38,73.36,-3,0,0,0,-,-,neutral"
2026-06-23T05:30:00.000-04:00,"2026-6-23 5:30,73.37,73.39,73.38,73.36,-5,0,0,0,-,-,neutral"
2026-06-23T05:35:00.000-04:00,"2026-6-23 5:35,73.39,73.38,73.38,73.36,-5,-1,0,0,S,-,FIGHT"
2026-06-23T05:40:00.000-04:00,"2026-6-23 5:40,73.45,73.39,73.39,73.37,0,0,1,0,-,-,neutral"
2026-06-23T05:45:00.000-04:00,"2026-6-23 5:45,73.53,73.43,73.4,73.37,7,1,1,0,B,-,wave_only"
2026-06-23T05:50:00.000-04:00,"2026-6-23 5:50,73.51,73.45,73.41,73.38,7,1,1,0,-,-,wave_only"
2026-06-23T05:55:00.000-04:00,"2026-6-23 5:55,73.51,73.47,73.42,73.38,7,1,1,0,-,-,wave_only"
2026-06-23T06:00:00.000-04:00,"2026-6-23 6:00,73.41,73.44,73.41,73.38,0,0,1,0,-,-,neutral"
2026-06-23T06:05:00.000-04:00,"2026-6-23 6:05,73.48,73.45,73.42,73.39,7,0,1,0,-,-,neutral"
2026-06-23T06:10:00.000-04:00,"2026-6-23 6:10,73.52,73.47,73.43,73.39,7,1,1,0,-,-,wave_only"
2026-06-23T06:15:00.000-04:00,"2026-6-23 6:15,73.6,73.52,73.44,73.4,7,1,1,0,-,-,wave_only"
2026-06-23T06:20:00.000-04:00,"2026-6-23 6:20,73.71,73.59,73.46,73.41,7,1,1,0,-,-,wave_only"
2026-06-23T06:25:00.000-04:00,"2026-6-23 6:25,73.7,73.64,73.48,73.42,7,1,1,0,-,-,wave_only"
2026-06-23T06:30:00.000-04:00,"2026-6-23 6:30,73.67,73.67,73.49,73.43,0,0,1,0,-,-,neutral"
2026-06-23T06:35:00.000-04:00,"2026-6-23 6:35,73.88,73.76,73.52,73.45,7,1,1,0,-,-,wave_only"
2026-06-23T06:40:00.000-04:00,"2026-6-23 6:40,73.78,73.79,73.54,73.46,3,1,1,0,-,-,wave_only"
2026-06-23T06:45:00.000-04:00,"2026-6-23 6:45,73.68,73.77,73.55,73.47,0,0,1,0,-,-,neutral"
2026-06-23T06:50:00.000-04:00,"2026-6-23 6:50,73.78,73.79,73.57,73.49,3,1,1,0,-,-,wave_only"
2026-06-23T06:55:00.000-04:00,"2026-6-23 6:55,73.89,73.84,73.6,73.5,7,1,1,0,-,-,wave_only"
2026-06-23T07:00:00.000-04:00,"2026-6-23 7:00,73.87,73.87,73.62,73.52,3,1,1,0,-,-,wave_only"
2026-06-23T07:05:00.000-04:00,"2026-6-23 7:05,73.92,73.91,73.64,73.53,7,1,1,0,-,-,wave_only"
2026-06-23T07:10:00.000-04:00,"2026-6-23 7:10,73.8,73.89,73.65,73.54,0,0,0,0,-,-,neutral"
2026-06-23T07:15:00.000-04:00,"2026-6-23 7:15,73.86,73.9,73.67,73.55,0,0,0,0,-,-,neutral"
2026-06-23T07:20:00.000-04:00,"2026-6-23 7:20,73.95,73.93,73.69,73.57,7,1,0,0,-,-,FIGHT"
2026-06-23T07:25:00.000-04:00,"2026-6-23 7:25,73.81,73.9,73.7,73.58,0,0,0,0,-,-,neutral"
2026-06-23T07:30:00.000-04:00,"2026-6-23 7:30,74.01,73.95,73.72,73.6,7,1,0,0,-,-,FIGHT"
2026-06-23T07:35:00.000-04:00,"2026-6-23 7:35,73.92,73.96,73.74,73.61,0,0,0,0,-,-,neutral"
2026-06-23T07:40:00.000-04:00,"2026-6-23 7:40,73.95,73.97,73.75,73.62,0,0,1,0,-,-,neutral"
2026-06-23T07:45:00.000-04:00,"2026-6-23 7:45,73.81,73.92,73.76,73.63,0,0,1,0,-,-,neutral"
2026-06-23T07:50:00.000-04:00,"2026-6-23 7:50,73.67,73.83,73.75,73.63,0,0,1,0,-,-,neutral"
2026-06-23T07:55:00.000-04:00,"2026-6-23 7:55,73.86,73.84,73.76,73.64,7,1,0,0,-,-,FIGHT"
2026-06-23T08:00:00.000-04:00,"2026-6-23 8:00,73.75,73.8,73.76,73.64,-3,-1,0,0,S,-,FIGHT"
2026-06-23T08:05:00.000-04:00,"2026-6-23 8:05,73.59,73.72,73.75,73.64,-5,-1,0,0,-,-,FIGHT"
2026-06-23T08:10:00.000-04:00,"2026-6-23 8:10,73.54,73.63,73.73,73.64,-5,-1,0,0,-,-,FIGHT"
2026-06-23T08:15:00.000-04:00,"2026-6-23 8:15,73.44,73.54,73.71,73.63,-5,-1,0,0,-,-,FIGHT"
2026-06-23T08:20:00.000-04:00,"2026-6-23 8:20,73.33,73.43,73.68,73.62,-5,-1,0,0,-,-,FIGHT"
2026-06-23T08:25:00.000-04:00,"2026-6-23 8:25,73.33,73.36,73.65,73.61,-5,-1,0,0,-,-,FIGHT"
2026-06-23T08:30:00.000-04:00,"2026-6-23 8:30,73.27,73.28,73.62,73.59,-5,-1,0,0,-,-,FIGHT"
2026-06-23T08:35:00.000-04:00,"2026-6-23 8:35,73.29,73.24,73.6,73.58,-3,-1,0,0,-,-,FIGHT"
2026-06-23T08:40:00.000-04:00,"2026-6-23 8:40,73.43,73.27,73.58,73.58,0,0,0,0,-,-,neutral"
2026-06-23T08:45:00.000-04:00,"2026-6-23 8:45,73.59,73.35,73.58,73.58,0,0,0,0,-,-,neutral"
2026-06-23T08:50:00.000-04:00,"2026-6-23 8:50,73.53,73.39,73.58,73.58,0,0,0,0,-,-,neutral"
2026-06-23T08:55:00.000-04:00,"2026-6-23 8:55,73.6,73.45,73.58,73.58,0,0,0,0,-,-,neutral"
2026-06-23T09:00:00.000-04:00,"2026-6-23 9:00,73.57,73.49,73.58,73.58,0,0,0,0,-,-,neutral"
2026-06-23T09:05:00.000-04:00,"2026-6-23 9:05,73.69,73.56,73.59,73.58,0,0,0,0,-,-,neutral"
2026-06-23T09:10:00.000-04:00,"2026-6-23 9:10,73.49,73.54,73.58,73.58,-5,-1,0,0,-,-,FIGHT"
2026-06-23T09:15:00.000-04:00,"2026-6-23 9:15,73.37,73.48,73.57,73.57,-5,-1,0,0,-,-,FIGHT"
2026-06-23T09:20:00.000-04:00,"2026-6-23 9:20,73.31,73.41,73.55,73.56,-7,-1,0,0,-,-,FIGHT"
2026-06-23T09:25:00.000-04:00,"2026-6-23 9:25,73.08,73.28,73.51,73.54,-7,-1,-1,0,-,-,wave_only"
2026-06-23T09:30:00.000-04:00,"2026-6-23 9:30,73.1,73.19,73.48,73.52,-7,-1,-1,0,-,-,wave_only"
2026-06-23T09:35:00.000-04:00,"2026-6-23 9:35,73.05,73.11,73.45,73.5,-7,-1,-1,0,-,-,wave_only"
2026-06-23T09:40:00.000-04:00,"2026-6-23 9:40,73.22,73.12,73.43,73.49,0,0,-1,0,-,-,neutral"
2026-06-23T09:45:00.000-04:00,"2026-6-23 9:45,73.09,73.08,73.4,73.48,-7,-1,-1,0,-,-,wave_only"
2026-06-23T09:50:00.000-04:00,"2026-6-23 9:50,73.15,73.08,73.38,73.46,0,0,-1,0,-,-,neutral"
2026-06-23T09:55:00.000-04:00,"2026-6-23 9:55,72.99,73.02,73.35,73.45,-7,-1,-1,-1,-,-,RIDE_both"
2026-06-23T10:00:00.000-04:00,"2026-6-23 10:00,72.7,72.87,73.3,73.42,-7,-1,-1,-1,-,-,RIDE_both"
2026-06-23T10:05:00.000-04:00,"2026-6-23 10:05,72.66,72.76,73.25,73.39,-7,-1,-1,-1,-,-,RIDE_both"
2026-06-23T10:10:00.000-04:00,"2026-6-23 10:10,72.74,72.71,73.21,73.36,-7,-1,-1,-1,-,-,RIDE_both"
2026-06-23T10:15:00.000-04:00,"2026-6-23 10:15,72.73,72.67,73.18,73.34,-3,-1,-1,-1,-,-,RIDE_both"
2026-06-23T10:20:00.000-04:00,"2026-6-23 10:20,72.63,72.61,73.13,73.31,-7,-1,-1,-1,-,-,RIDE_both"
2026-06-23T10:25:00.000-04:00,"2026-6-23 10:25,72.62,72.57,73.09,73.28,-3,-1,-1,-1,-,-,RIDE_both"
2026-06-23T10:30:00.000-04:00,"2026-6-23 10:30,72.7,72.58,73.06,73.26,0,0,-1,-1,-,-,neutral"
2026-06-23T10:35:00.000-04:00,"2026-6-23 10:35,73.16,72.76,73.07,73.26,0,0,-1,-1,-,-,neutral"
2026-06-23T10:40:00.000-04:00,"2026-6-23 10:40,73.24,72.92,73.08,73.25,0,0,0,-1,-,-,neutral"
2026-06-23T10:45:00.000-04:00,"2026-6-23 10:45,73.22,73.04,73.1,73.25,3,1,0,-1,B,-,FIGHT"
2026-06-23T10:50:00.000-04:00,"2026-6-23 10:50,73.01,73.05,73.09,73.24,0,0,0,-1,-,-,neutral"
2026-06-23T10:55:00.000-04:00,"2026-6-23 10:55,73.17,73.11,73.09,73.24,5,1,0,-1,-,-,FIGHT"
2026-06-23T11:00:00.000-04:00,"2026-6-23 11:00,73.37,73.23,73.12,73.25,5,1,0,-1,-,-,FIGHT"
2026-06-23T11:05:00.000-04:00,"2026-6-23 11:05,73.29,73.29,73.13,73.25,5,1,0,-1,-,-,FIGHT"
2026-06-23T11:10:00.000-04:00,"2026-6-23 11:10,73.21,73.29,73.14,73.25,0,0,0,-1,-,-,neutral"
2026-06-23T11:15:00.000-04:00,"2026-6-23 11:15,73.27,73.32,73.15,73.25,5,1,0,-1,-,-,FIGHT"
2026-06-23T11:20:00.000-04:00,"2026-6-23 11:20,73.08,73.26,73.14,73.24,0,0,0,-1,-,-,neutral"
2026-06-23T11:25:00.000-04:00,"2026-6-23 11:25,73.12,73.23,73.14,73.24,0,0,0,-1,-,-,neutral"
2026-06-23T11:30:00.000-04:00,"2026-6-23 11:30,72.84,73.11,73.12,73.22,-3,-1,0,-1,S,-,tide_only"
2026-06-23T11:35:00.000-04:00,"2026-6-23 11:35,72.85,73.02,73.1,73.21,-7,-1,0,-1,-,-,tide_only"
2026-06-23T11:40:00.000-04:00,"2026-6-23 11:40,73.06,73.03,73.09,73.2,0,0,0,-1,-,-,neutral"
2026-06-23T11:45:00.000-04:00,"2026-6-23 11:45,72.9,72.98,73.08,73.19,-7,-1,0,-1,-,-,tide_only"
2026-06-23T11:50:00.000-04:00,"2026-6-23 11:50,72.96,72.96,73.07,73.18,-3,-1,0,-1,-,-,tide_only"
2026-06-23T11:55:00.000-04:00,"2026-6-23 11:55,72.99,72.96,73.06,73.17,0,0,-1,-1,-,-,neutral"
2026-06-23T12:00:00.000-04:00,"2026-6-23 12:00,73.12,73.02,73.07,73.17,3,0,-1,-1,-,-,neutral"
2026-06-23T12:05:00.000-04:00,"2026-6-23 12:05,73.11,73.05,73.07,73.17,5,1,-1,-1,B,-,FIGHT"
2026-06-23T12:10:00.000-04:00,"2026-6-23 12:10,73.03,73.04,73.07,73.16,0,0,0,-1,-,-,neutral"
2026-06-23T12:15:00.000-04:00,"2026-6-23 12:15,73.2,73.1,73.08,73.16,5,1,0,-1,-,-,FIGHT"
2026-06-23T12:20:00.000-04:00,"2026-6-23 12:20,73.14,73.13,73.08,73.16,5,1,0,-1,-,-,FIGHT"
2026-06-23T12:25:00.000-04:00,"2026-6-23 12:25,73.09,73.12,73.08,73.16,0,0,0,-1,-,-,neutral"
2026-06-23T12:30:00.000-04:00,"2026-6-23 12:30,72.99,73.08,73.08,73.15,0,0,0,-1,-,-,neutral"
2026-06-23T12:35:00.000-04:00,"2026-6-23 12:35,72.91,73.02,73.06,73.14,-7,-1,0,-1,S,-,tide_only"
2026-06-23T12:40:00.000-04:00,"2026-6-23 12:40,72.92,72.98,73.05,73.13,-7,-1,-1,-1,-,-,RIDE_both"
2026-06-23T12:45:00.000-04:00,"2026-6-23 12:45,72.99,72.98,73.05,73.13,0,0,-1,-1,-,-,neutral"
2026-06-23T12:50:00.000-04:00,"2026-6-23 12:50,72.88,72.93,73.03,73.12,-7,-1,-1,-1,-,-,RIDE_both"
2026-06-23T12:55:00.000-04:00,"2026-6-23 12:55,72.98,72.94,73.03,73.11,0,0,0,-1,-,-,neutral"
2026-06-23T13:00:00.000-04:00,"2026-6-23 13:00,73.23,73.04,73.05,73.12,5,1,0,-1,B,-,FIGHT"
2026-06-23T13:05:00.000-04:00,"2026-6-23 13:05,73.17,73.09,73.06,73.12,5,1,0,-1,-,-,FIGHT"
2026-06-23T13:10:00.000-04:00,"2026-6-23 13:10,73.22,73.15,73.07,73.12,5,1,0,-1,-,-,FIGHT"
2026-06-23T13:15:00.000-04:00,"2026-6-23 13:15,73.25,73.2,73.08,73.13,5,1,0,-1,-,-,FIGHT"
2026-06-23T13:20:00.000-04:00,"2026-6-23 13:20,73.2,73.21,73.09,73.13,3,1,0,-1,-,-,FIGHT"
2026-06-23T13:25:00.000-04:00,"2026-6-23 13:25,73.24,73.24,73.1,73.14,5,1,0,-1,-,-,FIGHT"
2026-06-23T13:30:00.000-04:00,"2026-6-23 13:30,73.05,73.19,73.1,73.13,0,0,0,-1,-,-,neutral"
2026-06-23T13:35:00.000-04:00,"2026-6-23 13:35,73.13,73.18,73.1,73.13,0,0,0,-1,-,-,neutral"
2026-06-23T13:40:00.000-04:00,"2026-6-23 13:40,73.04,73.13,73.1,73.13,0,0,-1,-1,-,-,neutral"
2026-06-23T13:45:00.000-04:00,"2026-6-23 13:45,73.12,73.13,73.1,73.13,0,0,-1,-1,-,-,neutral"
2026-06-23T13:50:00.000-04:00,"2026-6-23 13:50,73.13,73.13,73.1,73.13,0,0,-1,-1,-,-,neutral"
2026-06-23T13:55:00.000-04:00,"2026-6-23 13:55,73.03,73.1,73.1,73.13,0,0,-1,-1,-,-,neutral"
2026-06-23T14:00:00.000-04:00,"2026-6-23 14:00,73.27,73.16,73.11,73.13,5,1,-1,-1,-,-,FIGHT"
2026-06-23T14:05:00.000-04:00,"2026-6-23 14:05,73.32,73.22,73.12,73.14,7,1,-1,-1,-,-,FIGHT"
2026-06-23T14:10:00.000-04:00,"2026-6-23 14:10,73.25,73.24,73.13,73.14,3,1,1,-1,-,-,wave_only"
2026-06-23T14:15:00.000-04:00,"2026-6-23 14:15,73.17,73.23,73.14,73.14,0,0,1,-1,-,-,neutral"
2026-06-23T14:20:00.000-04:00,"2026-6-23 14:20,73.08,73.18,73.13,73.14,0,0,1,-1,-,-,neutral"
2026-06-23T14:25:00.000-04:00,"2026-6-23 14:25,73.27,73.22,73.14,73.15,7,1,1,-1,-,-,wave_only"
2026-06-23T14:30:00.000-04:00,"2026-6-23 14:30,73.26,73.24,73.15,73.15,7,1,1,-1,-,-,wave_only"
2026-06-23T14:35:00.000-04:00,"2026-6-23 14:35,73.22,73.24,73.16,73.15,0,0,1,-1,-,-,neutral"
2026-06-23T14:40:00.000-04:00,"2026-6-23 14:40,73.2,73.23,73.16,73.16,0,0,0,-1,-,-,neutral"
2026-06-23T14:45:00.000-04:00,"2026-6-23 14:45,73.32,73.27,73.17,73.16,7,1,0,-1,-,-,FIGHT"
2026-06-23T14:50:00.000-04:00,"2026-6-23 14:50,73.33,73.3,73.19,73.17,7,1,0,-1,-,-,FIGHT"
2026-06-23T14:55:00.000-04:00,"2026-6-23 14:55,73.36,73.33,73.2,73.18,7,1,1,0,-,-,wave_only"
2026-06-23T15:00:00.000-04:00,"2026-6-23 15:00,73.25,73.31,73.2,73.18,0,0,1,0,-,-,neutral"
2026-06-23T15:05:00.000-04:00,"2026-6-23 15:05,73.26,73.3,73.21,73.18,0,0,1,0,-,-,neutral"
2026-06-23T15:10:00.000-04:00,"2026-6-23 15:10,73.23,73.28,73.21,73.18,0,0,0,0,-,-,neutral"
2026-06-23T15:15:00.000-04:00,"2026-6-23 15:15,73.3,73.29,73.22,73.19,7,1,0,0,-,-,FIGHT"
2026-06-23T15:20:00.000-04:00,"2026-6-23 15:20,73.37,73.32,73.23,73.2,7,1,0,0,-,-,FIGHT"
2026-06-23T15:25:00.000-04:00,"2026-6-23 15:25,73.35,73.34,73.24,73.2,3,1,1,0,-,-,wave_only"
2026-06-23T15:30:00.000-04:00,"2026-6-23 15:30,73.34,73.35,73.24,73.21,3,1,1,0,-,-,wave_only"
2026-06-23T15:35:00.000-04:00,"2026-6-23 15:35,73.41,73.38,73.26,73.21,7,1,1,0,-,-,wave_only"
2026-06-23T15:40:00.000-04:00,"2026-6-23 15:40,73.38,73.39,73.27,73.22,0,0,1,0,-,-,neutral"
2026-06-23T15:45:00.000-04:00,"2026-6-23 15:45,73.37,73.39,73.27,73.23,3,1,1,0,-,-,wave_only"
2026-06-23T15:50:00.000-04:00,"2026-6-23 15:50,73.31,73.37,73.28,73.23,0,0,1,0,-,-,neutral"
2026-06-23T15:55:00.000-04:00,"2026-6-23 15:55,73.31,73.35,73.28,73.23,0,0,0,1,-,-,neutral"
2026-06-23T16:00:00.000-04:00,"2026-6-23 16:00,73.34,73.35,73.28,73.24,0,0,0,1,-,-,neutral"
2026-06-23T16:05:00.000-04:00,"2026-6-23 16:05,73.47,73.39,73.3,73.25,7,1,0,1,-,-,tide_only"
2026-06-23T16:10:00.000-04:00,"2026-6-23 16:10,73.35,73.38,73.3,73.25,0,0,0,1,-,-,neutral"
2026-06-23T16:15:00.000-04:00,"2026-6-23 16:15,73.36,73.38,73.31,73.26,0,0,0,1,-,-,neutral"
2026-06-23T16:20:00.000-04:00,"2026-6-23 16:20,73.37,73.38,73.31,73.26,0,0,0,1,-,-,neutral"
2026-06-23T16:25:00.000-04:00,"2026-6-23 16:25,73.31,73.35,73.31,73.26,0,0,0,1,-,-,neutral"
2026-06-23T16:30:00.000-04:00,"2026-6-23 16:30,73.28,73.33,73.31,73.26,-3,-1,0,1,S,-,FIGHT"
2026-06-23T16:35:00.000-04:00,"2026-6-23 16:35,73.24,73.29,73.3,73.26,-5,-1,0,1,-,-,FIGHT"
2026-06-23T16:40:00.000-04:00,"2026-6-23 16:40,73.17,73.24,73.29,73.26,-5,-1,0,1,-,-,FIGHT"
2026-06-23T16:45:00.000-04:00,"2026-6-23 16:45,73.11,73.18,73.28,73.25,-5,-1,0,1,-,-,FIGHT"
2026-06-23T16:50:00.000-04:00,"2026-6-23 16:50,73.09,73.13,73.27,73.25,-5,-1,0,1,-,-,FIGHT"
2026-06-23T16:55:00.000-04:00,"2026-6-23 16:55,73.04,73.08,73.25,73.24,-5,-1,0,-1,-,-,tide_only"
2026-06-23T18:00:00.000-04:00,"2026-6-23 18:00,73.14,73.08,73.24,73.23,0,0,0,-1,-,-,neutral"
2026-06-23T18:05:00.000-04:00,"2026-6-23 18:05,73.06,73.05,73.23,73.23,-3,-1,0,-1,-,-,tide_only"
2026-06-23T18:10:00.000-04:00,"2026-6-23 18:10,73.07,73.04,73.21,73.22,-5,0,-1,-1,-,-,neutral"
2026-06-23T18:15:00.000-04:00,"2026-6-23 18:15,73.14,73.05,73.21,73.22,0,0,-1,-1,-,-,neutral"
2026-06-23T18:20:00.000-04:00,"2026-6-23 18:20,73.11,73.06,73.2,73.21,0,0,-1,-1,-,-,neutral"
2026-06-23T18:25:00.000-04:00,"2026-6-23 18:25,73.14,73.08,73.2,73.21,0,0,-1,-1,-,-,neutral"
2026-06-23T18:30:00.000-04:00,"2026-6-23 18:30,73.13,73.09,73.19,73.21,0,0,-1,-1,-,-,neutral"
2026-06-23T18:35:00.000-04:00,"2026-6-23 18:35,73.04,73.06,73.18,73.2,-5,-1,-1,-1,-,-,RIDE_both"
2026-06-23T18:40:00.000-04:00,"2026-6-23 18:40,73.05,73.05,73.17,73.19,0,0,-1,-1,-,-,neutral"
2026-06-23T18:45:00.000-04:00,"2026-6-23 18:45,72.93,72.99,73.15,73.18,-7,-1,-1,-1,-,-,RIDE_both"
2026-06-23T18:50:00.000-04:00,"2026-6-23 18:50,72.96,72.97,73.14,73.18,-7,-1,-1,-1,-,-,RIDE_both"
2026-06-23T18:55:00.000-04:00,"2026-6-23 18:55,72.95,72.95,73.12,73.17,-7,-1,-1,-1,-,-,RIDE_both"
2026-06-23T19:00:00.000-04:00,"2026-6-23 19:00,72.94,72.93,73.11,73.16,0,0,-1,-1,-,-,neutral"
2026-06-23T19:05:00.000-04:00,"2026-6-23 19:05,72.87,72.89,73.09,73.15,-7,-1,-1,-1,-,-,RIDE_both"
2026-06-23T19:10:00.000-04:00,"2026-6-23 19:10,72.92,72.89,73.08,73.14,-3,-1,-1,-1,-,-,RIDE_both"
2026-06-23T19:15:00.000-04:00,"2026-6-23 19:15,72.89,72.87,73.06,73.13,-3,-1,-1,-1,-,-,RIDE_both"
2026-06-23T19:20:00.000-04:00,"2026-6-23 19:20,72.89,72.87,73.05,73.12,-3,-1,-1,-1,-,-,RIDE_both"
2026-06-23T19:25:00.000-04:00,"2026-6-23 19:25,72.9,72.87,73.04,73.11,0,0,-1,-1,-,-,neutral"
2026-06-23T19:30:00.000-04:00,"2026-6-23 19:30,72.89,72.86,73.03,73.1,-3,-1,-1,-1,-,-,RIDE_both"
2026-06-23T19:35:00.000-04:00,"2026-6-23 19:35,72.78,72.82,73.01,73.09,-7,-1,-1,-1,-,-,RIDE_both"
2026-06-23T19:40:00.000-04:00,"2026-6-23 19:40,72.74,72.78,72.99,73.08,-7,-1,-1,-1,-,-,RIDE_both"
2026-06-23T19:45:00.000-04:00,"2026-6-23 19:45,72.72,72.74,72.97,73.06,-7,-1,-1,-1,-,-,RIDE_both"
2026-06-23T19:50:00.000-04:00,"2026-6-23 19:50,72.67,72.7,72.94,73.05,-7,-1,-1,-1,-,-,RIDE_both"
2026-06-23T19:55:00.000-04:00,"2026-6-23 19:55,72.7,72.68,72.92,73.03,-7,0,-1,-1,-,-,neutral"
2026-06-23T20:00:00.000-04:00,"2026-6-23 20:00,72.82,72.71,72.92,73.02,0,0,-1,-1,-,-,neutral"
2026-06-23T20:05:00.000-04:00,"2026-6-23 20:05,72.82,72.74,72.91,73.02,0,0,-1,-1,-,-,neutral"
2026-06-23T20:10:00.000-04:00,"2026-6-23 20:10,72.83,72.77,72.9,73.01,0,0,-1,-1,-,-,neutral"
2026-06-23T20:15:00.000-04:00,"2026-6-23 20:15,72.89,72.81,72.9,73,0,0,-1,-1,-,-,neutral"
2026-06-23T20:20:00.000-04:00,"2026-6-23 20:20,72.94,72.86,72.9,73,3,1,-1,-1,B,-,FIGHT"
2026-06-23T20:25:00.000-04:00,"2026-6-23 20:25,72.89,72.88,72.9,73,3,1,0,-1,-,-,FIGHT"
2026-06-23T20:30:00.000-04:00,"2026-6-23 20:30,72.83,72.87,72.9,72.99,-7,-1,0,-1,S,-,tide_only"
2026-06-23T20:35:00.000-04:00,"2026-6-23 20:35,72.79,72.85,72.89,72.98,-7,-1,0,-1,-,-,tide_only"
2026-06-23T20:40:00.000-04:00,"2026-6-23 20:40,72.84,72.85,72.89,72.98,0,0,0,-1,-,-,neutral"
2026-06-23T20:45:00.000-04:00,"2026-6-23 20:45,72.79,72.83,72.88,72.97,-7,-1,0,-1,-,-,tide_only"
2026-06-23T20:50:00.000-04:00,"2026-6-23 20:50,72.76,72.81,72.87,72.96,-7,-1,0,-1,-,-,tide_only"
2026-06-23T20:55:00.000-04:00,"2026-6-23 20:55,72.82,72.81,72.87,72.96,0,0,0,-1,-,-,neutral"
2026-06-23T21:00:00.000-04:00,"2026-6-23 21:00,72.56,72.72,72.84,72.94,-7,-1,0,-1,-,-,tide_only"
2026-06-23T21:05:00.000-04:00,"2026-6-23 21:05,72.44,72.61,72.81,72.92,-7,-1,0,-1,-,-,tide_only"
2026-06-23T21:10:00.000-04:00,"2026-6-23 21:10,72.48,72.54,72.79,72.9,-7,-1,-1,-1,-,-,RIDE_both"
2026-06-23T21:15:00.000-04:00,"2026-6-23 21:15,72.72,72.59,72.78,72.9,0,0,-1,-1,-,-,neutral"
2026-06-23T21:20:00.000-04:00,"2026-6-23 21:20,72.91,72.69,72.79,72.9,0,0,-1,-1,-,-,neutral"
2026-06-23T21:25:00.000-04:00,"2026-6-23 21:25,73.02,72.81,72.81,72.9,5,1,0,-1,B,-,FIGHT"
2026-06-23T21:30:00.000-04:00,"2026-6-23 21:30,72.95,72.87,72.82,72.9,5,1,0,-1,-,-,FIGHT"
2026-06-23T21:35:00.000-04:00,"2026-6-23 21:35,72.92,72.9,72.83,72.9,5,1,0,-1,-,-,FIGHT"
2026-06-23T21:40:00.000-04:00,"2026-6-23 21:40,72.89,72.92,72.83,72.9,3,1,0,-1,-,-,FIGHT"
2026-06-23T21:45:00.000-04:00,"2026-6-23 21:45,72.83,72.9,72.83,72.9,0,0,0,-1,-,-,neutral"
2026-06-23T21:50:00.000-04:00,"2026-6-23 21:50,72.69,72.84,72.82,72.89,0,0,0,-1,-,-,neutral"
2026-06-23T21:55:00.000-04:00,"2026-6-23 21:55,72.67,72.78,72.81,72.88,-7,-1,-1,-1,S,SELL,RIDE_both"
2026-06-23T22:00:00.000-04:00,"2026-6-23 22:00,72.72,72.76,72.8,72.88,-7,-1,-1,-1,-,-,RIDE_both"
2026-06-23T22:05:00.000-04:00,"2026-6-23 22:05,72.86,72.79,72.81,72.88,5,1,-1,-1,B,-,FIGHT"
2026-06-23T22:10:00.000-04:00,"2026-6-23 22:10,72.81,72.8,72.81,72.87,0,0,0,-1,-,-,neutral"
2026-06-23T22:15:00.000-04:00,"2026-6-23 22:15,72.82,72.81,72.81,72.87,0,0,0,-1,-,-,neutral"
2026-06-23T22:20:00.000-04:00,"2026-6-23 22:20,72.81,72.81,72.81,72.87,0,0,0,-1,-,-,neutral"
2026-06-23T22:25:00.000-04:00,"2026-6-23 22:25,72.77,72.8,72.81,72.87,-3,-1,0,-1,S,-,tide_only"
2026-06-23T22:30:00.000-04:00,"2026-6-23 22:30,72.57,72.72,72.79,72.85,-7,-1,0,-1,-,-,tide_only"
2026-06-23T22:35:00.000-04:00,"2026-6-23 22:35,72.54,72.64,72.77,72.84,-7,-1,0,-1,-,-,tide_only"
2026-06-23T22:40:00.000-04:00,"2026-6-23 22:40,72.54,72.59,72.75,72.83,-7,-1,-1,-1,-,-,RIDE_both"
2026-06-23T22:45:00.000-04:00,"2026-6-23 22:45,72.37,72.49,72.72,72.81,-7,-1,-1,-1,-,-,RIDE_both"
2026-06-23T22:50:00.000-04:00,"2026-6-23 22:50,72.2,72.36,72.68,72.79,-7,-1,-1,-1,-,-,RIDE_both"
2026-06-23T22:55:00.000-04:00,"2026-6-23 22:55,72.18,72.26,72.64,72.76,-7,-1,-1,-1,-,-,RIDE_both"
2026-06-23T23:00:00.000-04:00,"2026-6-23 23:00,72.22,72.2,72.61,72.74,-7,-1,-1,-1,-,-,RIDE_both"
2026-06-23T23:05:00.000-04:00,"2026-6-23 23:05,72.3,72.2,72.59,72.73,-3,-1,-1,-1,-,-,RIDE_both"
2026-06-23T23:10:00.000-04:00,"2026-6-23 23:10,72.42,72.24,72.57,72.71,0,0,-1,-1,-,-,neutral"
2026-06-23T23:15:00.000-04:00,"2026-6-23 23:15,72.39,72.27,72.56,72.7,0,0,-1,-1,-,-,neutral"
2026-06-23T23:20:00.000-04:00,"2026-6-23 23:20,72.4,72.29,72.55,72.69,0,0,-1,-1,-,-,neutral"
2026-06-23T23:25:00.000-04:00,"2026-6-23 23:25,72.38,72.31,72.53,72.68,0,0,-1,-1,-,-,neutral"
2026-06-23T23:30:00.000-04:00,"2026-6-23 23:30,72.36,72.31,72.52,72.66,0,0,-1,-1,-,-,neutral"
2026-06-23T23:35:00.000-04:00,"2026-6-23 23:35,72.36,72.32,72.51,72.65,0,0,-1,-1,-,-,neutral"
2026-06-23T23:40:00.000-04:00,"2026-6-23 23:40,72.38,72.33,72.5,72.64,0,0,-1,-1,-,-,neutral"
2026-06-23T23:45:00.000-04:00,"2026-6-23 23:45,72.44,72.37,72.49,72.63,0,0,-1,-1,-,-,neutral"
2026-06-23T23:50:00.000-04:00,"2026-6-23 23:50,72.46,72.4,72.49,72.63,3,1,-1,-1,B,-,FIGHT"
2026-06-23T23:55:00.000-04:00,"2026-6-23 23:55,72.43,72.41,72.49,72.62,3,1,0,-1,-,-,FIGHT"
2026-06-24T00:00:00.000-04:00,"2026-6-24 0:00,72.52,72.46,72.49,72.62,3,1,0,-1,-,-,FIGHT"
2026-06-24T00:05:00.000-04:00,"2026-6-24 0:05,72.57,72.51,72.5,72.61,5,1,0,-1,-,-,FIGHT"
2026-06-24T00:10:00.000-04:00,"2026-6-24 0:10,72.59,72.55,72.5,72.61,5,1,0,-1,-,-,FIGHT"
2026-06-24T00:15:00.000-04:00,"2026-6-24 0:15,72.7,72.62,72.52,72.62,5,1,0,-1,-,-,FIGHT"
2026-06-24T00:20:00.000-04:00,"2026-6-24 0:20,72.69,72.67,72.53,72.62,5,1,0,-1,-,-,FIGHT"
2026-06-24T00:25:00.000-04:00,"2026-6-24 0:25,72.67,72.7,72.54,72.62,5,1,0,-1,-,-,FIGHT"
2026-06-24T00:30:00.000-04:00,"2026-6-24 0:30,72.61,72.69,72.55,72.62,0,0,0,-1,-,-,neutral"
2026-06-24T00:35:00.000-04:00,"2026-6-24 0:35,72.68,72.71,72.56,72.62,5,1,0,-1,-,-,FIGHT"
2026-06-24T00:40:00.000-04:00,"2026-6-24 0:40,72.66,72.71,72.57,72.62,0,0,0,-1,-,-,neutral"
2026-06-24T00:45:00.000-04:00,"2026-6-24 0:45,72.63,72.7,72.57,72.62,0,0,0,-1,-,-,neutral"
2026-06-24T00:50:00.000-04:00,"2026-6-24 0:50,72.61,72.68,72.57,72.62,0,0,0,-1,-,-,neutral"
2026-06-24T00:55:00.000-04:00,"2026-6-24 0:55,72.65,72.68,72.58,72.63,0,0,0,0,-,-,neutral"
2026-06-24T01:00:00.000-04:00,"2026-6-24 1:00,72.73,72.71,72.59,72.63,5,1,0,0,-,-,FIGHT"
2026-06-24T01:05:00.000-04:00,"2026-6-24 1:05,72.61,72.69,72.59,72.63,0,0,0,0,-,-,neutral"
2026-06-24T01:10:00.000-04:00,"2026-6-24 1:10,72.63,72.67,72.6,72.63,0,0,1,0,-,-,neutral"
2026-06-24T01:15:00.000-04:00,"2026-6-24 1:15,72.63,72.66,72.6,72.63,0,0,1,0,-,-,neutral"
2026-06-24T01:20:00.000-04:00,"2026-6-24 1:20,72.66,72.67,72.6,72.63,0,0,1,0,-,-,neutral"
2026-06-24T01:25:00.000-04:00,"2026-6-24 1:25,72.66,72.67,72.61,72.63,0,0,1,0,-,-,neutral"
2026-06-24T01:30:00.000-04:00,"2026-6-24 1:30,72.73,72.7,72.62,72.63,5,1,1,0,-,-,wave_only"
2026-06-24T01:35:00.000-04:00,"2026-6-24 1:35,72.67,72.69,72.62,72.64,0,0,1,0,-,-,neutral"
2026-06-24T01:40:00.000-04:00,"2026-6-24 1:40,72.6,72.66,72.62,72.63,0,0,0,0,-,-,neutral"
2026-06-24T01:45:00.000-04:00,"2026-6-24 1:45,72.61,72.64,72.62,72.63,0,0,0,0,-,-,neutral"
2026-06-24T01:50:00.000-04:00,"2026-6-24 1:50,72.46,72.57,72.61,72.63,-7,-1,0,0,S,-,FIGHT"
2026-06-24T01:55:00.000-04:00,"2026-6-24 1:55,72.49,72.54,72.6,72.62,-7,-1,-1,-1,-,-,RIDE_both"
2026-06-24T02:00:00.000-04:00,"2026-6-24 2:00,72.93,72.67,72.62,72.63,5,1,-1,-1,B,-,FIGHT"
2026-06-24T02:05:00.000-04:00,"2026-6-24 2:05,73.01,72.8,72.65,72.65,7,1,-1,-1,-,-,FIGHT"
2026-06-24T02:10:00.000-04:00,"2026-6-24 2:10,72.85,72.83,72.67,72.66,7,1,1,-1,-,-,wave_only"
2026-06-24T02:15:00.000-04:00,"2026-6-24 2:15,72.73,72.81,72.67,72.66,0,0,1,-1,-,-,neutral"
2026-06-24T02:20:00.000-04:00,"2026-6-24 2:20,72.65,72.77,72.67,72.66,0,0,1,-1,-,-,neutral"
2026-06-24T02:25:00.000-04:00,"2026-6-24 2:25,72.67,72.74,72.67,72.66,0,0,0,-1,-,-,neutral"
2026-06-24T02:30:00.000-04:00,"2026-6-24 2:30,72.53,72.66,72.66,72.65,-3,-1,0,-1,S,-,tide_only"
2026-06-24T02:35:00.000-04:00,"2026-6-24 2:35,72.59,72.63,72.65,72.65,-5,-1,0,-1,-,-,tide_only"
2026-06-24T02:40:00.000-04:00,"2026-6-24 2:40,72.6,72.61,72.65,72.65,-5,-1,0,-1,-,-,tide_only"
2026-06-24T02:45:00.000-04:00,"2026-6-24 2:45,72.55,72.58,72.64,72.65,-5,-1,0,-1,-,-,tide_only"
2026-06-24T02:50:00.000-04:00,"2026-6-24 2:50,72.59,72.57,72.64,72.64,-5,-1,0,-1,-,-,tide_only"
2026-06-24T02:55:00.000-04:00,"2026-6-24 2:55,72.62,72.58,72.64,72.64,0,0,0,0,-,-,neutral"
2026-06-24T03:00:00.000-04:00,"2026-6-24 3:00,72.46,72.53,72.62,72.64,-7,-1,0,0,-,-,FIGHT"
2026-06-24T03:05:00.000-04:00,"2026-6-24 3:05,72.21,72.4,72.59,72.62,-7,-1,0,0,-,-,FIGHT"
2026-06-24T03:10:00.000-04:00,"2026-6-24 3:10,72.31,72.34,72.57,72.61,-7,-1,-1,0,-,-,wave_only"
2026-06-24T03:15:00.000-04:00,"2026-6-24 3:15,72.39,72.33,72.56,72.6,0,0,-1,0,-,-,neutral"
2026-06-24T03:20:00.000-04:00,"2026-6-24 3:20,72.12,72.23,72.52,72.58,-7,-1,-1,0,-,-,wave_only"
2026-06-24T03:25:00.000-04:00,"2026-6-24 3:25,72.21,72.19,72.5,72.56,-7,-1,-1,0,-,-,wave_only"
2026-06-24T03:30:00.000-04:00,"2026-6-24 3:30,72.3,72.2,72.48,72.55,0,0,-1,0,-,-,neutral"
2026-06-24T03:35:00.000-04:00,"2026-6-24 3:35,72.31,72.21,72.47,72.55,0,0,-1,0,-,-,neutral"
2026-06-24T03:40:00.000-04:00,"2026-6-24 3:40,72.17,72.17,72.45,72.53,-7,-1,-1,0,-,-,wave_only"
2026-06-24T03:45:00.000-04:00,"2026-6-24 3:45,72.22,72.16,72.43,72.52,0,0,-1,0,-,-,neutral"
2026-06-24T03:50:00.000-04:00,"2026-6-24 3:50,72.01,72.08,72.4,72.5,-7,-1,-1,0,-,-,wave_only"
2026-06-24T03:55:00.000-04:00,"2026-6-24 3:55,71.97,72.02,72.36,72.48,-7,-1,-1,-1,-,-,RIDE_both"
2026-06-24T04:00:00.000-04:00,"2026-6-24 4:00,71.82,71.91,72.32,72.45,-7,-1,-1,-1,-,-,RIDE_both"
2026-06-24T04:05:00.000-04:00,"2026-6-24 4:05,71.86,71.86,72.29,72.43,-7,-1,-1,-1,-,-,RIDE_both"
2026-06-24T04:10:00.000-04:00,"2026-6-24 4:10,71.93,71.84,72.26,72.41,-3,-1,-1,-1,-,-,RIDE_both"
2026-06-24T04:15:00.000-04:00,"2026-6-24 4:15,71.93,71.84,72.23,72.39,0,0,-1,-1,-,-,neutral"
2026-06-24T04:20:00.000-04:00,"2026-6-24 4:20,71.9,71.83,72.21,72.37,-3,-1,-1,-1,-,-,RIDE_both"
2026-06-24T04:25:00.000-04:00,"2026-6-24 4:25,71.76,71.78,72.17,72.35,-7,-1,-1,-1,-,-,RIDE_both"
2026-06-24T04:30:00.000-04:00,"2026-6-24 4:30,71.74,71.74,72.14,72.32,-3,-1,-1,-1,-,-,RIDE_both"
2026-06-24T04:35:00.000-04:00,"2026-6-24 4:35,72.04,71.82,72.13,72.31,0,0,-1,-1,-,-,neutral"
2026-06-24T04:40:00.000-04:00,"2026-6-24 4:40,71.92,71.84,72.12,72.3,0,0,-1,-1,-,-,neutral"
2026-06-24T04:45:00.000-04:00,"2026-6-24 4:45,71.98,71.88,72.11,72.28,0,0,-1,-1,-,-,neutral"
2026-06-24T04:50:00.000-04:00,"2026-6-24 4:50,71.98,71.91,72.1,72.27,0,0,-1,-1,-,-,neutral"
2026-06-24T04:55:00.000-04:00,"2026-6-24 4:55,72.07,71.97,72.09,72.26,0,0,0,-1,-,-,neutral"
2026-06-24T05:00:00.000-04:00,"2026-6-24 5:00,71.93,71.96,72.08,72.25,-7,-1,0,-1,-,-,tide_only"
2026-06-24T05:05:00.000-04:00,"2026-6-24 5:05,71.8,71.91,72.06,72.23,-7,-1,0,-1,-,-,tide_only"
2026-06-24T05:10:00.000-04:00,"2026-6-24 5:10,71.73,71.84,72.03,72.21,-7,-1,-1,-1,-,-,RIDE_both"
2026-06-24T05:15:00.000-04:00,"2026-6-24 5:15,71.65,71.76,72,72.19,-7,-1,-1,-1,-,-,RIDE_both"
2026-06-24T05:20:00.000-04:00,"2026-6-24 5:20,71.68,71.72,71.98,72.17,-7,-1,-1,-1,-,-,RIDE_both"
2026-06-24T05:25:00.000-04:00,"2026-6-24 5:25,71.74,71.71,71.96,72.15,-7,-1,-1,-1,-,-,RIDE_both"
2026-06-24T05:30:00.000-04:00,"2026-6-24 5:30,71.87,71.76,71.95,72.14,0,0,-1,-1,-,-,neutral"
2026-06-24T05:35:00.000-04:00,"2026-6-24 5:35,71.88,71.8,71.95,72.13,0,0,-1,-1,-,-,neutral"
2026-06-24T05:40:00.000-04:00,"2026-6-24 5:40,71.9,71.83,71.94,72.12,0,0,0,-1,-,-,neutral"
2026-06-24T05:45:00.000-04:00,"2026-6-24 5:45,72.04,71.91,71.95,72.12,3,1,0,-1,B,-,FIGHT"
2026-06-24T05:50:00.000-04:00,"2026-6-24 5:50,72.06,71.98,71.96,72.12,5,1,0,-1,-,-,FIGHT"
2026-06-24T05:55:00.000-04:00,"2026-6-24 5:55,71.99,72,71.96,72.11,5,1,0,-1,-,-,FIGHT"
2026-06-24T06:00:00.000-04:00,"2026-6-24 6:00,72.25,72.11,71.98,72.12,5,1,0,-1,-,-,FIGHT"
2026-06-24T06:05:00.000-04:00,"2026-6-24 6:05,72.11,72.14,71.99,72.12,5,1,0,-1,-,-,FIGHT"
2026-06-24T06:10:00.000-04:00,"2026-6-24 6:10,71.93,72.09,71.99,72.11,0,0,0,-1,-,-,neutral"
2026-06-24T06:15:00.000-04:00,"2026-6-24 6:15,71.96,72.06,71.99,72.11,0,0,0,-1,-,-,neutral"
2026-06-24T06:20:00.000-04:00,"2026-6-24 6:20,72.16,72.11,72,72.11,5,1,0,-1,-,-,FIGHT"
2026-06-24T06:25:00.000-04:00,"2026-6-24 6:25,71.99,72.09,72,72.1,0,0,0,-1,-,-,neutral"
2026-06-24T06:30:00.000-04:00,"2026-6-24 6:30,72.08,72.1,72.01,72.1,0,0,0,-1,-,-,neutral"
2026-06-24T06:35:00.000-04:00,"2026-6-24 6:35,71.78,71.99,71.99,72.09,0,0,0,-1,-,-,neutral"
2026-06-24T06:40:00.000-04:00,"2026-6-24 6:40,71.78,71.92,71.97,72.08,-7,-1,-1,-1,S,SELL,RIDE_both"
2026-06-24T06:45:00.000-04:00,"2026-6-24 6:45,71.84,71.88,71.96,72.07,-7,-1,-1,-1,-,-,RIDE_both"
2026-06-24T06:50:00.000-04:00,"2026-6-24 6:50,71.86,71.87,71.95,72.06,-7,-1,-1,-1,-,-,RIDE_both"
2026-06-24T06:55:00.000-04:00,"2026-6-24 6:55,71.84,71.85,71.95,72.05,-7,-1,0,-1,-,-,tide_only"
2026-06-24T07:00:00.000-04:00,"2026-6-24 7:00,71.82,71.83,71.94,72.04,-7,-1,0,-1,-,-,tide_only"
2026-06-24T07:05:00.000-04:00,"2026-6-24 7:05,71.87,71.83,71.93,72.04,0,0,0,-1,-,-,neutral"
2026-06-24T07:10:00.000-04:00,"2026-6-24 7:10,71.82,71.82,71.92,72.03,-7,-1,-1,-1,-,-,RIDE_both"
2026-06-24T07:15:00.000-04:00,"2026-6-24 7:15,71.84,71.82,71.92,72.02,0,0,-1,-1,-,-,neutral"
2026-06-24T07:20:00.000-04:00,"2026-6-24 7:20,71.63,71.74,71.89,72,-7,-1,-1,-1,-,-,RIDE_both"
2026-06-24T07:25:00.000-04:00,"2026-6-24 7:25,71.48,71.63,71.86,71.98,-7,-1,-1,-1,-,-,RIDE_both"
2026-06-24T07:30:00.000-04:00,"2026-6-24 7:30,71.7,71.63,71.85,71.97,0,0,-1,-1,-,-,neutral"
2026-06-24T07:35:00.000-04:00,"2026-6-24 7:35,71.45,71.54,71.82,71.95,-7,-1,-1,-1,-,-,RIDE_both"
2026-06-24T07:40:00.000-04:00,"2026-6-24 7:40,71.45,71.48,71.79,71.93,-7,-1,-1,-1,-,-,RIDE_both"
2026-06-24T07:45:00.000-04:00,"2026-6-24 7:45,71.04,71.29,71.73,71.9,-7,-1,-1,-1,-,-,RIDE_both"
2026-06-24T07:50:00.000-04:00,"2026-6-24 7:50,71.05,71.15,71.68,71.86,-7,-1,-1,-1,-,-,RIDE_both"
2026-06-24T07:55:00.000-04:00,"2026-6-24 7:55,70.94,71.02,71.62,71.83,-7,-1,-1,-1,-,-,RIDE_both"
2026-06-24T08:00:00.000-04:00,"2026-6-24 8:00,71,70.95,71.58,71.8,-7,-1,-1,-1,-,-,RIDE_both"
2026-06-24T08:05:00.000-04:00,"2026-6-24 8:05,71.06,70.93,71.54,71.77,0,0,-1,-1,-,-,neutral"
2026-06-24T08:10:00.000-04:00,"2026-6-24 8:10,71.13,70.95,71.5,71.74,0,0,-1,-1,-,-,neutral"
2026-06-24T08:15:00.000-04:00,"2026-6-24 8:15,70.9,70.88,71.46,71.71,-7,-1,-1,-1,-,-,RIDE_both"
2026-06-24T08:20:00.000-04:00,"2026-6-24 8:20,71.07,70.91,71.43,71.68,0,0,-1,-1,-,-,neutral"
2026-06-24T08:25:00.000-04:00,"2026-6-24 8:25,71.11,70.94,71.4,71.66,0,0,-1,-1,-,-,neutral"
2026-06-24T08:30:00.000-04:00,"2026-6-24 8:30,71.11,70.97,71.38,71.64,0,0,-1,-1,-,-,neutral"
2026-06-24T08:35:00.000-04:00,"2026-6-24 8:35,71.02,70.97,71.35,71.62,-7,-1,-1,-1,-,-,RIDE_both"
2026-06-24T08:40:00.000-04:00,"2026-6-24 8:40,71.03,70.97,71.33,71.59,0,0,-1,-1,-,-,neutral"
2026-06-24T08:45:00.000-04:00,"2026-6-24 8:45,71.1,71,71.31,71.57,0,0,-1,-1,-,-,neutral"
2026-06-24T08:50:00.000-04:00,"2026-6-24 8:50,71.14,71.04,71.3,71.56,0,0,-1,-1,-,-,neutral"
2026-06-24T08:55:00.000-04:00,"2026-6-24 8:55,71.03,71.03,71.28,71.54,-7,-1,-1,-1,-,-,RIDE_both"
2026-06-24T09:00:00.000-04:00,"2026-6-24 9:00,70.61,70.87,71.23,71.5,-7,-1,-1,-1,-,-,RIDE_both"
2026-06-24T09:05:00.000-04:00,"2026-6-24 9:05,70.46,70.7,71.17,71.46,-7,-1,-1,-1,-,-,RIDE_both"
2026-06-24T09:10:00.000-04:00,"2026-6-24 9:10,70.53,70.61,71.12,71.42,-7,-1,-1,-1,-,-,RIDE_both"
2026-06-24T09:15:00.000-04:00,"2026-6-24 9:15,70.16,70.4,71.04,71.37,-7,-1,-1,-1,-,-,RIDE_both"
2026-06-24T09:20:00.000-04:00,"2026-6-24 9:20,70.16,70.26,70.98,71.32,-7,-1,-1,-1,-,-,RIDE_both"
2026-06-24T09:25:00.000-04:00,"2026-6-24 9:25,70.06,70.13,70.91,71.28,-7,-1,-1,-1,-,-,RIDE_both"
2026-06-24T09:30:00.000-04:00,"2026-6-24 9:30,70.03,70.03,70.84,71.23,-7,-1,-1,-1,-,-,RIDE_both"
2026-06-24T09:35:00.000-04:00,"2026-6-24 9:35,70.09,69.98,70.78,71.18,0,0,-1,-1,-,-,neutral"
2026-06-24T09:40:00.000-04:00,"2026-6-24 9:40,70.01,69.93,70.72,71.14,0,0,-1,-1,-,-,neutral"
2026-06-24T09:45:00.000-04:00,"2026-6-24 9:45,70.11,69.94,70.67,71.1,0,0,-1,-1,-,-,neutral"
2026-06-24T09:50:00.000-04:00,"2026-6-24 9:50,69.96,69.89,70.62,71.05,0,0,-1,-1,-,-,neutral"
2026-06-24T09:55:00.000-04:00,"2026-6-24 9:55,69.77,69.8,70.55,71,-7,-1,-1,-1,-,-,RIDE_both"
2026-06-24T10:00:00.000-04:00,"2026-6-24 10:00,69.74,69.73,70.49,70.95,-7,-1,-1,-1,-,-,RIDE_both"
2026-06-24T10:05:00.000-04:00,"2026-6-24 10:05,69.79,69.7,70.44,70.91,0,0,-1,-1,-,-,neutral"
2026-06-24T10:10:00.000-04:00,"2026-6-24 10:10,70.01,69.77,70.4,70.87,0,0,0,-1,-,-,neutral"
2026-06-24T10:15:00.000-04:00,"2026-6-24 10:15,70.05,69.84,70.38,70.84,0,0,0,-1,-,-,neutral"
2026-06-24T10:20:00.000-04:00,"2026-6-24 10:20,70.25,69.97,70.37,70.82,0,0,0,-1,-,-,neutral"
2026-06-24T10:25:00.000-04:00,"2026-6-24 10:25,70.2,70.05,70.35,70.79,3,1,0,-1,B,-,FIGHT"
2026-06-24T10:30:00.000-04:00,"2026-6-24 10:30,70.17,70.1,70.34,70.77,3,1,0,-1,-,-,FIGHT"
2026-06-24T10:35:00.000-04:00,"2026-6-24 10:35,70.15,70.13,70.33,70.74,3,1,0,-1,-,-,FIGHT"
2026-06-24T10:40:00.000-04:00,"2026-6-24 10:40,69.99,70.1,70.3,70.71,-7,-1,0,-1,S,-,tide_only"
2026-06-24T10:45:00.000-04:00,"2026-6-24 10:45,69.84,70.01,70.26,70.68,-7,-1,0,-1,-,-,tide_only"
2026-06-24T10:50:00.000-04:00,"2026-6-24 10:50,69.92,69.98,70.24,70.65,-7,-1,0,-1,-,-,tide_only"
2026-06-24T10:55:00.000-04:00,"2026-6-24 10:55,69.87,69.94,70.21,70.62,-7,-1,0,-1,-,-,tide_only"
2026-06-24T11:00:00.000-04:00,"2026-6-24 11:00,69.8,69.89,70.18,70.59,-7,-1,0,-1,-,-,tide_only"
2026-06-24T11:05:00.000-04:00,"2026-6-24 11:05,69.75,69.83,70.15,70.55,-7,-1,0,-1,-,-,tide_only"
2026-06-24T11:10:00.000-04:00,"2026-6-24 11:10,69.74,69.79,70.11,70.52,-7,-1,0,-1,-,-,tide_only"
2026-06-24T11:15:00.000-04:00,"2026-6-24 11:15,69.82,69.79,70.09,70.49,-7,0,0,-1,-,-,neutral"
2026-06-24T11:20:00.000-04:00,"2026-6-24 11:20,69.94,69.83,70.08,70.47,3,1,0,-1,B,-,FIGHT"
2026-06-24T11:25:00.000-04:00,"2026-6-24 11:25,70.03,69.9,70.08,70.46,3,1,0,-1,-,-,FIGHT"
2026-06-24T11:30:00.000-04:00,"2026-6-24 11:30,70.16,70,70.08,70.44,3,1,0,-1,-,-,FIGHT"
2026-06-24T11:35:00.000-04:00,"2026-6-24 11:35,70.41,70.17,70.11,70.44,5,1,0,-1,-,-,FIGHT"
2026-06-24T11:40:00.000-04:00,"2026-6-24 11:40,70.3,70.25,70.12,70.44,5,1,0,-1,-,-,FIGHT"
2026-06-24T11:45:00.000-04:00,"2026-6-24 11:45,70.41,70.35,70.14,70.44,5,1,0,-1,-,-,FIGHT"
2026-06-24T11:50:00.000-04:00,"2026-6-24 11:50,70.4,70.41,70.16,70.43,5,1,0,-1,-,-,FIGHT"
2026-06-24T11:55:00.000-04:00,"2026-6-24 11:55,70.49,70.48,70.19,70.44,5,1,0,0,-,-,FIGHT"
2026-06-24T12:00:00.000-04:00,"2026-6-24 12:00,70.43,70.51,70.21,70.44,0,0,0,0,-,-,neutral"
2026-06-24T12:05:00.000-04:00,"2026-6-24 12:05,70.41,70.52,70.22,70.44,0,0,0,0,-,-,neutral"
2026-06-24T12:10:00.000-04:00,"2026-6-24 12:10,70.39,70.51,70.24,70.43,0,0,0,0,-,-,neutral"
2026-06-24T12:15:00.000-04:00,"2026-6-24 12:15,70.53,70.56,70.26,70.44,5,1,0,0,-,-,FIGHT"
2026-06-24T12:20:00.000-04:00,"2026-6-24 12:20,70.69,70.64,70.29,70.45,5,1,0,0,-,-,FIGHT"
2026-06-24T12:25:00.000-04:00,"2026-6-24 12:25,70.63,70.68,70.32,70.45,3,1,0,0,-,-,FIGHT"
2026-06-24T12:30:00.000-04:00,"2026-6-24 12:30,70.65,70.71,70.34,70.46,0,0,0,0,-,-,neutral"
2026-06-24T12:35:00.000-04:00,"2026-6-24 12:35,70.74,70.76,70.37,70.47,3,1,0,0,-,-,FIGHT"
2026-06-24T12:40:00.000-04:00,"2026-6-24 12:40,70.68,70.77,70.4,70.48,0,0,1,0,-,-,neutral"
2026-06-24T12:45:00.000-04:00,"2026-6-24 12:45,70.58,70.73,70.41,70.48,0,0,1,0,-,-,neutral"
2026-06-24T12:50:00.000-04:00,"2026-6-24 12:50,70.53,70.69,70.42,70.49,0,0,1,0,-,-,neutral"
2026-06-24T12:55:00.000-04:00,"2026-6-24 12:55,70.53,70.65,70.43,70.49,0,0,1,0,-,-,neutral"
2026-06-24T13:00:00.000-04:00,"2026-6-24 13:00,70.63,70.65,70.44,70.49,0,0,1,0,-,-,neutral"
2026-06-24T13:05:00.000-04:00,"2026-6-24 13:05,70.58,70.64,70.45,70.5,0,0,1,0,-,-,neutral"
2026-06-24T13:10:00.000-04:00,"2026-6-24 13:10,70.42,70.56,70.45,70.49,0,0,0,0,-,-,neutral"
2026-06-24T13:15:00.000-04:00,"2026-6-24 13:15,70.31,70.47,70.44,70.49,0,0,0,0,-,-,neutral"
2026-06-24T13:20:00.000-04:00,"2026-6-24 13:20,70.2,70.36,70.42,70.48,-7,-1,0,0,S,-,FIGHT"
2026-06-24T13:25:00.000-04:00,"2026-6-24 13:25,70.22,70.29,70.41,70.47,-7,-1,-1,0,-,-,wave_only"
2026-06-24T13:30:00.000-04:00,"2026-6-24 13:30,70.05,70.17,70.38,70.45,-7,-1,-1,0,-,-,wave_only"
2026-06-24T13:35:00.000-04:00,"2026-6-24 13:35,70.19,70.14,70.37,70.44,-7,-1,-1,0,-,-,wave_only"
2026-06-24T13:40:00.000-04:00,"2026-6-24 13:40,70.44,70.22,70.37,70.44,0,0,0,0,-,-,neutral"
2026-06-24T13:45:00.000-04:00,"2026-6-24 13:45,70.44,70.28,70.38,70.44,0,0,0,0,-,-,neutral"
2026-06-24T13:50:00.000-04:00,"2026-6-24 13:50,70.43,70.32,70.38,70.44,0,0,0,0,-,-,neutral"
2026-06-24T13:55:00.000-04:00,"2026-6-24 13:55,70.49,70.37,70.39,70.44,3,1,1,0,B,-,wave_only"
2026-06-24T14:00:00.000-04:00,"2026-6-24 14:00,70.39,70.37,70.39,70.44,0,0,1,0,-,-,neutral"
2026-06-24T14:05:00.000-04:00,"2026-6-24 14:05,70.3,70.34,70.38,70.43,-7,-1,1,0,S,-,FIGHT"
2026-06-24T14:10:00.000-04:00,"2026-6-24 14:10,70.34,70.34,70.38,70.43,-3,-1,-1,0,-,-,wave_only"
2026-06-24T14:15:00.000-04:00,"2026-6-24 14:15,70.24,70.29,70.37,70.42,-7,-1,-1,0,-,-,wave_only"
2026-06-24T14:20:00.000-04:00,"2026-6-24 14:20,70.29,70.28,70.36,70.42,-3,-1,-1,0,-,-,wave_only"
2026-06-24T14:25:00.000-04:00,"2026-6-24 14:25,70.41,70.32,70.37,70.42,0,0,0,0,-,-,neutral"
2026-06-24T14:30:00.000-04:00,"2026-6-24 14:30,70.23,70.28,70.36,70.41,-7,-1,0,0,-,-,FIGHT"
2026-06-24T14:35:00.000-04:00,"2026-6-24 14:35,70.13,70.22,70.34,70.4,-7,-1,0,0,-,-,FIGHT"
2026-06-24T14:40:00.000-04:00,"2026-6-24 14:40,70.18,70.19,70.33,70.39,-7,-1,-1,0,-,-,wave_only"
2026-06-24T14:45:00.000-04:00,"2026-6-24 14:45,70.06,70.13,70.31,70.38,-7,-1,-1,0,-,-,wave_only"
2026-06-24T14:50:00.000-04:00,"2026-6-24 14:50,69.99,70.06,70.28,70.36,-7,-1,-1,0,-,-,wave_only"
2026-06-24T14:55:00.000-04:00,"2026-6-24 14:55,69.94,69.99,70.25,70.35,-7,-1,-1,-1,-,-,RIDE_both"
2026-06-24T15:00:00.000-04:00,"2026-6-24 15:00,69.93,69.94,70.23,70.33,-7,-1,-1,-1,-,-,RIDE_both"
2026-06-24T15:05:00.000-04:00,"2026-6-24 15:05,69.94,69.91,70.21,70.31,-3,-1,-1,-1,-,-,RIDE_both"
2026-06-24T15:10:00.000-04:00,"2026-6-24 15:10,69.99,69.91,70.19,70.3,0,0,-1,-1,-,-,neutral"
2026-06-24T15:15:00.000-04:00,"2026-6-24 15:15,69.95,69.9,70.17,70.29,-3,-1,-1,-1,-,-,RIDE_both"
2026-06-24T15:20:00.000-04:00,"2026-6-24 15:20,70.05,69.93,70.16,70.28,0,0,-1,-1,-,-,neutral"
2026-06-24T15:25:00.000-04:00,"2026-6-24 15:25,70.08,69.97,70.16,70.27,0,0,-1,-1,-,-,neutral"
2026-06-24T15:30:00.000-04:00,"2026-6-24 15:30,69.98,69.96,70.14,70.26,-7,-1,-1,-1,-,-,RIDE_both"
2026-06-24T15:35:00.000-04:00,"2026-6-24 15:35,70.03,69.98,70.13,70.25,0,0,-1,-1,-,-,neutral"
2026-06-24T15:40:00.000-04:00,"2026-6-24 15:40,70.12,70.02,70.13,70.24,0,0,-1,-1,-,-,neutral"
2026-06-24T15:45:00.000-04:00,"2026-6-24 15:45,70.05,70.03,70.13,70.24,0,0,-1,-1,-,-,neutral"
2026-06-24T15:50:00.000-04:00,"2026-6-24 15:50,70.07,70.05,70.12,70.23,0,0,-1,-1,-,-,neutral"
2026-06-24T15:55:00.000-04:00,"2026-6-24 15:55,70.03,70.04,70.12,70.22,-7,-1,-1,0,-,-,wave_only"
2026-06-24T16:00:00.000-04:00,"2026-6-24 16:00,69.96,70.01,70.1,70.21,-7,-1,-1,0,-,-,wave_only"
2026-06-24T16:05:00.000-04:00,"2026-6-24 16:05,69.87,69.96,70.09,70.2,-7,-1,-1,0,-,-,wave_only"
2026-06-24T16:10:00.000-04:00,"2026-6-24 16:10,69.79,69.89,70.06,70.18,-7,-1,-1,0,-,-,wave_only"
2026-06-24T16:15:00.000-04:00,"2026-6-24 16:15,69.8,69.85,70.04,70.17,-7,-1,-1,0,-,-,wave_only"
2026-06-24T16:20:00.000-04:00,"2026-6-24 16:20,69.85,69.83,70.03,70.16,-7,-1,-1,0,-,-,wave_only"
2026-06-24T16:25:00.000-04:00,"2026-6-24 16:25,69.86,69.83,70.01,70.14,-7,-1,-1,0,-,-,wave_only"
2026-06-24T16:30:00.000-04:00,"2026-6-24 16:30,69.81,69.81,70,70.13,-7,-1,-1,0,-,-,wave_only"
2026-06-24T16:35:00.000-04:00,"2026-6-24 16:35,69.85,69.81,69.99,70.12,0,0,-1,0,-,-,neutral"
2026-06-24T16:40:00.000-04:00,"2026-6-24 16:40,69.87,69.82,69.98,70.11,0,0,-1,0,-,-,neutral"
2026-06-24T16:45:00.000-04:00,"2026-6-24 16:45,69.89,69.84,69.97,70.1,0,0,-1,0,-,-,neutral"
2026-06-24T16:50:00.000-04:00,"2026-6-24 16:50,69.83,69.83,69.96,70.09,-7,-1,-1,0,-,-,wave_only"
2026-06-24T16:55:00.000-04:00,"2026-6-24 16:55,69.9,69.85,69.96,70.08,0,0,-1,0,-,-,neutral"
2026-06-24T18:00:00.000-04:00,"2026-6-24 18:00,69.82,69.84,69.95,70.07,-7,-1,-1,0,-,-,wave_only"
2026-06-24T18:05:00.000-04:00,"2026-6-24 18:05,69.85,69.84,69.94,70.06,0,0,-1,0,-,-,neutral"
2026-06-24T18:10:00.000-04:00,"2026-6-24 18:10,69.89,69.86,69.93,70.06,0,0,-1,0,-,-,neutral"
2026-06-24T18:15:00.000-04:00,"2026-6-24 18:15,69.87,69.86,69.93,70.05,0,0,-1,0,-,-,neutral"
2026-06-24T18:20:00.000-04:00,"2026-6-24 18:20,69.88,69.87,69.93,70.04,0,0,-1,0,-,-,neutral"
2026-06-24T18:25:00.000-04:00,"2026-6-24 18:25,69.84,69.86,69.92,70.04,-7,-1,-1,0,-,-,wave_only"
2026-06-24T18:30:00.000-04:00,"2026-6-24 18:30,69.84,69.86,69.91,70.03,-7,-1,-1,0,-,-,wave_only"
2026-06-24T18:35:00.000-04:00,"2026-6-24 18:35,69.81,69.84,69.91,70.02,-7,-1,-1,0,-,-,wave_only"
2026-06-24T18:40:00.000-04:00,"2026-6-24 18:40,69.91,69.87,69.91,70.01,3,1,0,0,B,-,FIGHT"
2026-06-24T18:45:00.000-04:00,"2026-6-24 18:45,69.87,69.87,69.9,70.01,0,0,0,0,-,-,neutral"
2026-06-24T18:50:00.000-04:00,"2026-6-24 18:50,69.89,69.88,69.9,70,3,1,0,0,-,-,FIGHT"
2026-06-24T18:55:00.000-04:00,"2026-6-24 18:55,69.9,69.89,69.9,70,5,1,1,0,-,-,wave_only"
2026-06-24T19:00:00.000-04:00,"2026-6-24 19:00,69.92,69.91,69.9,70,5,1,1,0,-,-,wave_only"
2026-06-24T19:05:00.000-04:00,"2026-6-24 19:05,69.93,69.92,69.91,69.99,5,1,1,0,-,-,wave_only"
2026-06-24T19:10:00.000-04:00,"2026-6-24 19:10,69.87,69.91,69.9,69.99,0,0,0,0,-,-,neutral"
2026-06-24T19:15:00.000-04:00,"2026-6-24 19:15,69.86,69.9,69.9,69.98,-3,-1,0,0,S,-,FIGHT"
2026-06-24T19:20:00.000-04:00,"2026-6-24 19:20,69.89,69.9,69.9,69.98,0,0,0,0,-,-,neutral"
2026-06-24T19:25:00.000-04:00,"2026-6-24 19:25,69.97,69.93,69.9,69.98,5,1,1,0,B,-,wave_only"
2026-06-24T19:30:00.000-04:00,"2026-6-24 19:30,70,69.96,69.91,69.98,5,1,1,0,-,-,wave_only"
2026-06-24T19:35:00.000-04:00,"2026-6-24 19:35,69.92,69.95,69.91,69.98,0,0,1,0,-,-,neutral"
2026-06-24T19:40:00.000-04:00,"2026-6-24 19:40,69.9,69.94,69.91,69.98,0,0,1,0,-,-,neutral"
2026-06-24T19:45:00.000-04:00,"2026-6-24 19:45,69.98,69.96,69.92,69.98,5,1,1,0,-,-,wave_only"
2026-06-24T19:50:00.000-04:00,"2026-6-24 19:50,69.97,69.97,69.92,69.98,5,1,1,0,-,-,wave_only"
2026-06-24T19:55:00.000-04:00,"2026-6-24 19:55,70.01,69.99,69.93,69.98,5,1,1,0,-,-,wave_only"
2026-06-24T20:00:00.000-04:00,"2026-6-24 20:00,70.07,70.03,69.94,69.98,5,1,1,0,-,-,wave_only"
2026-06-24T20:05:00.000-04:00,"2026-6-24 20:05,70.08,70.06,69.95,69.98,5,1,1,0,-,-,wave_only"
2026-06-24T20:10:00.000-04:00,"2026-6-24 20:10,70.13,70.1,69.96,69.99,5,1,1,0,-,-,wave_only"
2026-06-24T20:15:00.000-04:00,"2026-6-24 20:15,70.09,70.11,69.97,69.99,0,0,1,0,-,-,neutral"
2026-06-24T20:20:00.000-04:00,"2026-6-24 20:20,70.06,70.11,69.98,70,0,0,1,0,-,-,neutral"
2026-06-24T20:25:00.000-04:00,"2026-6-24 20:25,70.11,70.12,69.99,70,5,1,1,0,-,-,wave_only"
2026-06-24T20:30:00.000-04:00,"2026-6-24 20:30,70.2,70.16,70.01,70.01,5,1,1,0,-,-,wave_only"
2026-06-24T20:35:00.000-04:00,"2026-6-24 20:35,70.15,70.17,70.02,70.01,0,0,1,0,-,-,neutral"
2026-06-24T20:40:00.000-04:00,"2026-6-24 20:40,70.12,70.17,70.02,70.02,0,0,1,0,-,-,neutral"
2026-06-24T20:45:00.000-04:00,"2026-6-24 20:45,70.02,70.12,70.02,70.02,0,0,1,0,-,-,neutral"
2026-06-24T20:50:00.000-04:00,"2026-6-24 20:50,69.99,70.08,70.02,70.02,0,0,1,0,-,-,neutral"
2026-06-24T20:55:00.000-04:00,"2026-6-24 20:55,70.01,70.06,70.02,70.02,0,0,0,0,-,-,neutral"
2026-06-24T21:00:00.000-04:00,"2026-6-24 21:00,69.68,69.91,69.99,70,-7,-1,0,0,S,-,FIGHT"
2026-06-24T21:05:00.000-04:00,"2026-6-24 21:05,69.55,69.76,69.96,69.99,-7,-1,0,0,-,-,FIGHT"
2026-06-24T21:10:00.000-04:00,"2026-6-24 21:10,69.46,69.62,69.92,69.97,-7,-1,-1,0,-,-,wave_only"
2026-06-24T21:15:00.000-04:00,"2026-6-24 21:15,69.8,69.65,69.91,69.96,0,0,-1,0,-,-,neutral"
2026-06-24T21:20:00.000-04:00,"2026-6-24 21:20,69.54,69.57,69.88,69.94,-7,-1,-1,0,-,-,wave_only"
2026-06-24T21:25:00.000-04:00,"2026-6-24 21:25,69.42,69.48,69.85,69.92,-7,-1,-1,0,-,-,wave_only"
2026-06-24T21:30:00.000-04:00,"2026-6-24 21:30,69.33,69.38,69.81,69.9,-7,-1,-1,0,-,-,wave_only"
2026-06-24T21:35:00.000-04:00,"2026-6-24 21:35,69.25,69.28,69.77,69.87,-5,-1,-1,0,-,-,wave_only"
2026-06-24T21:40:00.000-04:00,"2026-6-24 21:40,69.24,69.22,69.73,69.85,-3,-1,-1,0,-,-,wave_only"
2026-06-24T21:45:00.000-04:00,"2026-6-24 21:45,69.29,69.19,69.69,69.83,0,0,-1,0,-,-,neutral"
2026-06-24T21:50:00.000-04:00,"2026-6-24 21:50,69.22,69.15,69.66,69.8,0,0,-1,0,-,-,neutral"
2026-06-24T21:55:00.000-04:00,"2026-6-24 21:55,69.34,69.17,69.63,69.78,0,0,-1,-1,-,-,neutral"
2026-06-24T22:00:00.000-04:00,"2026-6-24 22:00,69.2,69.15,69.6,69.76,-3,-1,-1,-1,-,-,RIDE_both"
2026-06-24T22:05:00.000-04:00,"2026-6-24 22:05,69.18,69.12,69.57,69.74,-3,-1,-1,-1,-,-,RIDE_both"
2026-06-24T22:10:00.000-04:00,"2026-6-24 22:10,69.21,69.12,69.54,69.72,0,0,-1,-1,-,-,neutral"
2026-06-24T22:15:00.000-04:00,"2026-6-24 22:15,69.23,69.13,69.51,69.7,0,0,-1,-1,-,-,neutral"
2026-06-24T22:20:00.000-04:00,"2026-6-24 22:20,69.17,69.12,69.49,69.68,-3,-1,-1,-1,-,-,RIDE_both"
2026-06-24T22:25:00.000-04:00,"2026-6-24 22:25,69.16,69.11,69.46,69.66,-3,-1,-1,-1,-,-,RIDE_both"
2026-06-24T22:30:00.000-04:00,"2026-6-24 22:30,69.18,69.12,69.44,69.64,0,0,-1,-1,-,-,neutral"
2026-06-24T22:35:00.000-04:00,"2026-6-24 22:35,69.32,69.18,69.43,69.63,0,0,-1,-1,-,-,neutral"
2026-06-24T22:40:00.000-04:00,"2026-6-24 22:40,69.39,69.25,69.43,69.62,0,0,0,-1,-,-,neutral"
2026-06-24T22:45:00.000-04:00,"2026-6-24 22:45,69.41,69.31,69.43,69.61,3,1,0,-1,B,-,FIGHT"
2026-06-24T22:50:00.000-04:00,"2026-6-24 22:50,69.41,69.35,69.43,69.6,3,1,0,-1,-,-,FIGHT"
2026-06-24T22:55:00.000-04:00,"2026-6-24 22:55,69.36,69.37,69.42,69.59,3,1,0,-1,-,-,FIGHT"
2026-06-24T23:00:00.000-04:00,"2026-6-24 23:00,69.19,69.32,69.4,69.58,-7,-1,0,-1,S,-,tide_only"
2026-06-24T23:05:00.000-04:00,"2026-6-24 23:05,69.15,69.26,69.38,69.56,-7,-1,0,-1,-,-,tide_only"
2026-06-24T23:10:00.000-04:00,"2026-6-24 23:10,69.16,69.23,69.37,69.54,-7,-1,-1,-1,-,-,RIDE_both"
2026-06-24T23:15:00.000-04:00,"2026-6-24 23:15,69.12,69.19,69.35,69.53,-7,-1,-1,-1,-,-,RIDE_both"
2026-06-24T23:20:00.000-04:00,"2026-6-24 23:20,69.16,69.17,69.33,69.51,-7,-1,-1,-1,-,-,RIDE_both"
2026-06-24T23:25:00.000-04:00,"2026-6-24 23:25,69.16,69.16,69.32,69.5,-7,-1,-1,-1,-,-,RIDE_both"
2026-06-24T23:30:00.000-04:00,"2026-6-24 23:30,69.28,69.2,69.32,69.49,3,1,-1,-1,B,-,FIGHT"
2026-06-24T23:35:00.000-04:00,"2026-6-24 23:35,69.25,69.22,69.31,69.48,3,1,-1,-1,-,-,FIGHT"
2026-06-24T23:40:00.000-04:00,"2026-6-24 23:40,69.21,69.22,69.3,69.47,-7,0,0,-1,-,-,neutral"
2026-06-24T23:45:00.000-04:00,"2026-6-24 23:45,69.24,69.23,69.3,69.46,3,0,0,-1,-,-,neutral"
2026-06-24T23:50:00.000-04:00,"2026-6-24 23:50,69.28,69.25,69.3,69.45,3,1,0,-1,-,-,FIGHT"
2026-06-24T23:55:00.000-04:00,"2026-6-24 23:55,69.32,69.28,69.3,69.45,5,1,0,-1,-,-,FIGHT"
2026-06-25T00:00:00.000-04:00,"2026-6-25 0:00,69.42,69.34,69.31,69.45,5,1,0,-1,-,-,FIGHT"
2026-06-25T00:05:00.000-04:00,"2026-6-25 0:05,69.34,69.36,69.31,69.44,5,1,0,-1,-,-,FIGHT"
2026-06-25T00:10:00.000-04:00,"2026-6-25 0:10,69.33,69.36,69.31,69.44,0,0,0,-1,-,-,neutral"
2026-06-25T00:15:00.000-04:00,"2026-6-25 0:15,69.33,69.36,69.31,69.43,0,0,0,-1,-,-,neutral"
2026-06-25T00:20:00.000-04:00,"2026-6-25 0:20,69.37,69.38,69.32,69.43,5,1,0,-1,-,-,FIGHT"
2026-06-25T00:25:00.000-04:00,"2026-6-25 0:25,69.36,69.38,69.32,69.43,0,0,0,-1,-,-,neutral"
2026-06-25T00:30:00.000-04:00,"2026-6-25 0:30,69.45,69.42,69.33,69.43,5,1,0,-1,-,-,FIGHT"
2026-06-25T00:35:00.000-04:00,"2026-6-25 0:35,69.49,69.46,69.34,69.43,5,1,0,-1,-,-,FIGHT"
2026-06-25T00:40:00.000-04:00,"2026-6-25 0:40,69.42,69.46,69.35,69.43,0,0,1,-1,-,-,neutral"
2026-06-25T00:45:00.000-04:00,"2026-6-25 0:45,69.46,69.48,69.36,69.43,0,0,1,-1,-,-,neutral"
2026-06-25T00:50:00.000-04:00,"2026-6-25 0:50,69.47,69.49,69.37,69.43,0,0,1,-1,-,-,neutral"
2026-06-25T00:55:00.000-04:00,"2026-6-25 0:55,69.48,69.5,69.38,69.44,0,0,1,0,-,-,neutral"
2026-06-25T01:00:00.000-04:00,"2026-6-25 1:00,69.49,69.51,69.38,69.44,0,0,1,0,-,-,neutral"
2026-06-25T01:05:00.000-04:00,"2026-6-25 1:05,69.4,69.48,69.39,69.44,0,0,1,0,-,-,neutral"
2026-06-25T01:10:00.000-04:00,"2026-6-25 1:10,69.48,69.49,69.39,69.44,5,0,1,0,-,-,neutral"
2026-06-25T01:15:00.000-04:00,"2026-6-25 1:15,69.45,69.48,69.4,69.44,0,0,1,0,-,-,neutral"
2026-06-25T01:20:00.000-04:00,"2026-6-25 1:20,69.48,69.49,69.4,69.44,0,0,1,0,-,-,neutral"
2026-06-25T01:25:00.000-04:00,"2026-6-25 1:25,69.5,69.5,69.41,69.44,5,0,1,0,-,-,neutral"
2026-06-25T01:30:00.000-04:00,"2026-6-25 1:30,69.41,69.47,69.41,69.44,0,0,1,0,-,-,neutral"
2026-06-25T01:35:00.000-04:00,"2026-6-25 1:35,69.51,69.49,69.42,69.44,5,1,1,0,-,-,wave_only"
2026-06-25T01:40:00.000-04:00,"2026-6-25 1:40,69.37,69.45,69.41,69.44,0,0,-1,0,-,-,neutral"
2026-06-25T01:45:00.000-04:00,"2026-6-25 1:45,69.34,69.41,69.41,69.44,0,0,-1,0,-,-,neutral"
2026-06-25T01:50:00.000-04:00,"2026-6-25 1:50,69.39,69.4,69.41,69.44,-5,-1,-1,0,S,-,wave_only"
2026-06-25T01:55:00.000-04:00,"2026-6-25 1:55,69.38,69.39,69.41,69.43,-5,-1,-1,-1,-,-,RIDE_both"
2026-06-25T02:00:00.000-04:00,"2026-6-25 2:00,69.29,69.34,69.4,69.43,-7,-1,-1,-1,-,-,RIDE_both"
2026-06-25T02:05:00.000-04:00,"2026-6-25 2:05,69.43,69.37,69.4,69.43,0,0,-1,-1,-,-,neutral"
2026-06-25T02:10:00.000-04:00,"2026-6-25 2:10,69.62,69.45,69.42,69.44,5,1,1,-1,B,-,wave_only"
2026-06-25T02:15:00.000-04:00,"2026-6-25 2:15,69.46,69.46,69.42,69.44,0,0,1,-1,-,-,neutral"
2026-06-25T02:20:00.000-04:00,"2026-6-25 2:20,69.71,69.55,69.44,69.45,7,1,1,-1,-,-,wave_only"
2026-06-25T02:25:00.000-04:00,"2026-6-25 2:25,69.75,69.64,69.47,69.46,7,1,1,-1,-,-,wave_only"
2026-06-25T02:30:00.000-04:00,"2026-6-25 2:30,69.67,69.67,69.48,69.47,3,1,1,-1,-,-,wave_only"
2026-06-25T02:35:00.000-04:00,"2026-6-25 2:35,69.59,69.66,69.49,69.47,0,0,1,-1,-,-,neutral"
2026-06-25T02:40:00.000-04:00,"2026-6-25 2:40,69.5,69.62,69.49,69.47,0,0,0,-1,-,-,neutral"
2026-06-25T02:45:00.000-04:00,"2026-6-25 2:45,69.51,69.59,69.49,69.47,0,0,0,-1,-,-,neutral"
2026-06-25T02:50:00.000-04:00,"2026-6-25 2:50,69.52,69.57,69.49,69.48,0,0,0,-1,-,-,neutral"
2026-06-25T02:55:00.000-04:00,"2026-6-25 2:55,69.58,69.58,69.5,69.48,7,0,0,0,-,-,neutral"
2026-06-25T03:00:00.000-04:00,"2026-6-25 3:00,69.58,69.58,69.51,69.48,7,0,0,0,-,-,neutral"
2026-06-25T03:05:00.000-04:00,"2026-6-25 3:05,69.71,69.63,69.52,69.49,7,1,0,0,-,-,FIGHT"
2026-06-25T03:10:00.000-04:00,"2026-6-25 3:10,69.87,69.73,69.55,69.51,7,1,1,0,-,-,wave_only"
2026-06-25T03:15:00.000-04:00,"2026-6-25 3:15,69.96,69.83,69.58,69.53,7,1,1,0,-,-,wave_only"
2026-06-25T03:20:00.000-04:00,"2026-6-25 3:20,69.82,69.85,69.6,69.54,0,0,1,0,-,-,neutral"
2026-06-25T03:25:00.000-04:00,"2026-6-25 3:25,69.7,69.82,69.61,69.54,0,0,1,0,-,-,neutral"
2026-06-25T03:30:00.000-04:00,"2026-6-25 3:30,69.65,69.77,69.61,69.55,0,0,1,0,-,-,neutral"
2026-06-25T03:35:00.000-04:00,"2026-6-25 3:35,69.65,69.74,69.61,69.55,0,0,1,0,-,-,neutral"
2026-06-25T03:40:00.000-04:00,"2026-6-25 3:40,69.72,69.74,69.62,69.56,0,0,1,0,-,-,neutral"
2026-06-25T03:45:00.000-04:00,"2026-6-25 3:45,69.88,69.79,69.64,69.57,7,1,1,0,-,-,wave_only"
2026-06-25T03:50:00.000-04:00,"2026-6-25 3:50,70.02,69.89,69.67,69.59,7,1,1,0,-,-,wave_only"
2026-06-25T03:55:00.000-04:00,"2026-6-25 3:55,69.96,69.93,69.69,69.6,7,1,1,0,-,-,wave_only"
2026-06-25T04:00:00.000-04:00,"2026-6-25 4:00,69.85,69.92,69.7,69.61,0,0,1,0,-,-,neutral"
2026-06-25T04:05:00.000-04:00,"2026-6-25 4:05,69.86,69.91,69.72,69.62,0,0,1,0,-,-,neutral"
2026-06-25T04:10:00.000-04:00,"2026-6-25 4:10,69.93,69.93,69.73,69.63,3,1,1,0,-,-,wave_only"
2026-06-25T04:15:00.000-04:00,"2026-6-25 4:15,69.65,69.84,69.73,69.64,0,0,1,0,-,-,neutral"
2026-06-25T04:20:00.000-04:00,"2026-6-25 4:20,69.7,69.79,69.72,69.64,-3,0,1,0,-,-,neutral"
2026-06-25T04:25:00.000-04:00,"2026-6-25 4:25,69.5,69.68,69.71,69.63,-5,-1,0,0,S,-,FIGHT"
2026-06-25T04:30:00.000-04:00,"2026-6-25 4:30,69.39,69.56,69.68,69.62,-5,-1,0,0,-,-,FIGHT"
2026-06-25T04:35:00.000-04:00,"2026-6-25 4:35,69.1,69.36,69.64,69.6,-5,-1,0,0,-,-,FIGHT"
2026-06-25T04:40:00.000-04:00,"2026-6-25 4:40,69.24,69.27,69.61,69.59,-7,-1,0,0,-,-,FIGHT"
2026-06-25T04:45:00.000-04:00,"2026-6-25 4:45,69.32,69.24,69.59,69.58,-5,0,0,0,-,-,neutral"
2026-06-25T04:50:00.000-04:00,"2026-6-25 4:50,69.2,69.18,69.56,69.56,-3,-1,0,0,-,-,FIGHT"
2026-06-25T04:55:00.000-04:00,"2026-6-25 4:55,69.21,69.15,69.53,69.55,-3,-1,-1,-1,-,-,RIDE_both"
2026-06-25T05:00:00.000-04:00,"2026-6-25 5:00,69.36,69.18,69.52,69.54,0,0,-1,-1,-,-,neutral"
2026-06-25T05:05:00.000-04:00,"2026-6-25 5:05,69.28,69.18,69.5,69.53,0,0,-1,-1,-,-,neutral"
2026-06-25T05:10:00.000-04:00,"2026-6-25 5:10,69.05,69.1,69.46,69.51,-7,-1,-1,-1,-,-,RIDE_both"
2026-06-25T05:15:00.000-04:00,"2026-6-25 5:15,69.57,69.24,69.47,69.51,0,0,-1,-1,-,-,neutral"
2026-06-25T05:20:00.000-04:00,"2026-6-25 5:20,69.36,69.26,69.46,69.51,0,0,-1,-1,-,-,neutral"
2026-06-25T05:25:00.000-04:00,"2026-6-25 5:25,69.4,69.3,69.46,69.5,0,0,0,-1,-,-,neutral"
2026-06-25T05:30:00.000-04:00,"2026-6-25 5:30,69.55,69.39,69.47,69.51,3,1,0,-1,B,-,FIGHT"
2026-06-25T05:35:00.000-04:00,"2026-6-25 5:35,69.52,69.44,69.47,69.51,3,0,0,-1,-,-,neutral"
2026-06-25T05:40:00.000-04:00,"2026-6-25 5:40,69.47,69.46,69.47,69.51,0,0,0,-1,-,-,neutral"
2026-06-25T05:45:00.000-04:00,"2026-6-25 5:45,69.45,69.46,69.47,69.5,7,0,0,-1,-,-,neutral"
2026-06-25T05:50:00.000-04:00,"2026-6-25 5:50,69.47,69.48,69.47,69.5,7,0,0,-1,-,-,neutral"
2026-06-25T05:55:00.000-04:00,"2026-6-25 5:55,69.58,69.52,69.48,69.5,5,1,0,0,-,-,FIGHT"
2026-06-25T06:00:00.000-04:00,"2026-6-25 6:00,69.57,69.55,69.48,69.51,5,1,0,0,-,-,FIGHT"
2026-06-25T06:05:00.000-04:00,"2026-6-25 6:05,69.5,69.55,69.49,69.51,0,0,0,0,-,-,neutral"
2026-06-25T06:10:00.000-04:00,"2026-6-25 6:10,69.59,69.58,69.49,69.51,5,1,1,0,-,-,wave_only"
2026-06-25T06:15:00.000-04:00,"2026-6-25 6:15,69.59,69.6,69.5,69.51,3,1,1,0,-,-,wave_only"
2026-06-25T06:20:00.000-04:00,"2026-6-25 6:20,69.52,69.59,69.5,69.51,0,0,1,0,-,-,neutral"
2026-06-25T06:25:00.000-04:00,"2026-6-25 6:25,69.5,69.57,69.5,69.51,0,0,0,0,-,-,neutral"
2026-06-25T06:30:00.000-04:00,"2026-6-25 6:30,69.54,69.57,69.5,69.51,0,0,0,0,-,-,neutral"
2026-06-25T06:35:00.000-04:00,"2026-6-25 6:35,69.53,69.56,69.51,69.51,0,0,0,0,-,-,neutral"
2026-06-25T06:40:00.000-04:00,"2026-6-25 6:40,69.6,69.58,69.51,69.52,7,1,1,0,-,-,wave_only"
2026-06-25T06:45:00.000-04:00,"2026-6-25 6:45,69.62,69.61,69.52,69.52,7,1,1,0,-,-,wave_only"
2026-06-25T06:50:00.000-04:00,"2026-6-25 6:50,69.61,69.62,69.53,69.53,5,1,1,0,-,-,wave_only"
2026-06-25T06:55:00.000-04:00,"2026-6-25 6:55,69.42,69.55,69.52,69.52,0,0,-1,-1,-,-,neutral"
2026-06-25T07:00:00.000-04:00,"2026-6-25 7:00,69.32,69.47,69.51,69.51,-7,-1,-1,-1,S,SELL,RIDE_both"
2026-06-25T07:05:00.000-04:00,"2026-6-25 7:05,69.37,69.43,69.49,69.51,-5,-1,-1,-1,-,-,RIDE_both"
2026-06-25T07:10:00.000-04:00,"2026-6-25 7:10,69.44,69.42,69.49,69.51,-5,-1,-1,-1,-,-,RIDE_both"
2026-06-25T07:15:00.000-04:00,"2026-6-25 7:15,69.51,69.45,69.49,69.51,0,0,-1,-1,-,-,neutral"
2026-06-25T07:20:00.000-04:00,"2026-6-25 7:20,69.54,69.47,69.5,69.51,0,0,-1,-1,-,-,neutral"
2026-06-25T07:25:00.000-04:00,"2026-6-25 7:25,69.73,69.57,69.51,69.52,7,1,1,-1,B,-,wave_only"
2026-06-25T07:30:00.000-04:00,"2026-6-25 7:30,69.86,69.68,69.54,69.53,7,1,1,-1,-,-,wave_only"
2026-06-25T07:35:00.000-04:00,"2026-6-25 7:35,69.68,69.7,69.55,69.54,3,1,1,-1,-,-,wave_only"
2026-06-25T07:40:00.000-04:00,"2026-6-25 7:40,69.77,69.74,69.57,69.54,7,1,1,-1,-,-,wave_only"
2026-06-25T07:45:00.000-04:00,"2026-6-25 7:45,69.91,69.82,69.59,69.56,7,1,1,-1,-,-,wave_only"
2026-06-25T07:50:00.000-04:00,"2026-6-25 7:50,69.76,69.83,69.61,69.57,0,0,1,-1,-,-,neutral"
2026-06-25T07:55:00.000-04:00,"2026-6-25 7:55,69.81,69.84,69.62,69.58,0,0,1,1,-,-,neutral"
2026-06-25T08:00:00.000-04:00,"2026-6-25 8:00,69.73,69.82,69.63,69.58,0,0,1,1,-,-,neutral"
2026-06-25T08:05:00.000-04:00,"2026-6-25 8:05,69.75,69.81,69.64,69.59,0,0,1,1,-,-,neutral"
2026-06-25T08:10:00.000-04:00,"2026-6-25 8:10,69.66,69.77,69.64,69.59,0,0,0,1,-,-,neutral"
2026-06-25T08:15:00.000-04:00,"2026-6-25 8:15,69.81,69.79,69.65,69.6,7,1,0,1,-,-,tide_only"
2026-06-25T08:20:00.000-04:00,"2026-6-25 8:20,69.82,69.81,69.67,69.61,3,1,0,1,-,-,tide_only"
2026-06-25T08:25:00.000-04:00,"2026-6-25 8:25,69.92,69.86,69.69,69.62,7,1,1,1,-,-,RIDE_both"
2026-06-25T08:30:00.000-04:00,"2026-6-25 8:30,69.78,69.84,69.69,69.63,0,0,1,1,-,-,neutral"
2026-06-25T08:35:00.000-04:00,"2026-6-25 8:35,69.56,69.75,69.68,69.62,0,0,1,1,-,-,neutral"
2026-06-25T08:40:00.000-04:00,"2026-6-25 8:40,69.48,69.65,69.67,69.62,-5,-1,0,1,S,-,FIGHT"
2026-06-25T08:45:00.000-04:00,"2026-6-25 8:45,69.56,69.6,69.66,69.62,-5,-1,0,1,-,-,FIGHT"
2026-06-25T08:50:00.000-04:00,"2026-6-25 8:50,69.61,69.59,69.66,69.62,-5,-1,0,1,-,-,FIGHT"
2026-06-25T08:55:00.000-04:00,"2026-6-25 8:55,69.54,69.56,69.65,69.61,-5,-1,0,1,-,-,FIGHT"
2026-06-25T09:00:00.000-04:00,"2026-6-25 9:00,69.67,69.58,69.65,69.62,0,0,0,1,-,-,neutral"
2026-06-25T09:05:00.000-04:00,"2026-6-25 9:05,69.79,69.65,69.66,69.62,0,0,0,1,-,-,neutral"
2026-06-25T09:10:00.000-04:00,"2026-6-25 9:10,70.06,69.79,69.69,69.64,7,1,1,1,B,BUY,RIDE_both"
2026-06-25T09:15:00.000-04:00,"2026-6-25 9:15,70.18,69.95,69.73,69.66,7,1,1,1,-,-,RIDE_both"
2026-06-25T09:20:00.000-04:00,"2026-6-25 9:20,70,69.99,69.75,69.67,5,1,1,1,-,-,RIDE_both"
2026-06-25T09:25:00.000-04:00,"2026-6-25 9:25,69.87,69.97,69.76,69.68,0,0,1,1,-,-,neutral"
2026-06-25T09:30:00.000-04:00,"2026-6-25 9:30,69.78,69.92,69.76,69.69,0,0,1,1,-,-,neutral"
2026-06-25T09:35:00.000-04:00,"2026-6-25 9:35,69.91,69.93,69.77,69.69,3,1,1,1,-,-,RIDE_both"
2026-06-25T09:40:00.000-04:00,"2026-6-25 9:40,70.02,69.98,69.79,69.71,7,1,1,1,-,-,RIDE_both"
2026-06-25T09:45:00.000-04:00,"2026-6-25 9:45,70.1,70.04,69.81,69.72,7,1,1,1,-,-,RIDE_both"
2026-06-25T09:50:00.000-04:00,"2026-6-25 9:50,70.22,70.12,69.85,69.74,7,1,1,1,-,-,RIDE_both"
2026-06-25T09:55:00.000-04:00,"2026-6-25 9:55,70.46,70.27,69.89,69.77,7,1,1,1,-,-,RIDE_both"
2026-06-25T10:00:00.000-04:00,"2026-6-25 10:00,70.45,70.38,69.94,69.8,7,1,1,1,-,-,RIDE_both"
2026-06-25T10:05:00.000-04:00,"2026-6-25 10:05,70.43,70.44,69.97,69.82,7,0,1,1,-,-,neutral"
2026-06-25T10:10:00.000-04:00,"2026-6-25 10:10,70.59,70.54,70.02,69.85,7,1,1,1,-,-,RIDE_both"
2026-06-25T10:15:00.000-04:00,"2026-6-25 10:15,70.7,70.65,70.07,69.89,7,1,1,1,-,-,RIDE_both"
2026-06-25T10:20:00.000-04:00,"2026-6-25 10:20,70.86,70.78,70.13,69.92,7,1,1,1,-,-,RIDE_both"
2026-06-25T10:25:00.000-04:00,"2026-6-25 10:25,70.95,70.9,70.2,69.96,7,1,1,1,-,-,RIDE_both"
2026-06-25T10:30:00.000-04:00,"2026-6-25 10:30,70.83,70.94,70.25,70,0,0,1,1,-,-,neutral"
2026-06-25T10:35:00.000-04:00,"2026-6-25 10:35,70.7,70.91,70.28,70.03,0,0,1,1,-,-,neutral"
2026-06-25T10:40:00.000-04:00,"2026-6-25 10:40,70.86,70.94,70.32,70.06,0,0,1,1,-,-,neutral"
2026-06-25T10:45:00.000-04:00,"2026-6-25 10:45,70.71,70.9,70.35,70.08,0,0,1,1,-,-,neutral"
2026-06-25T10:50:00.000-04:00,"2026-6-25 10:50,70.64,70.84,70.38,70.11,0,0,1,1,-,-,neutral"
2026-06-25T10:55:00.000-04:00,"2026-6-25 10:55,70.83,70.86,70.41,70.13,0,0,0,1,-,-,neutral"
2026-06-25T11:00:00.000-04:00,"2026-6-25 11:00,71.06,70.96,70.46,70.17,7,1,0,1,-,-,tide_only"
2026-06-25T11:05:00.000-04:00,"2026-6-25 11:05,71.36,71.14,70.53,70.22,7,1,0,1,-,-,tide_only"
2026-06-25T11:10:00.000-04:00,"2026-6-25 11:10,71.58,71.34,70.61,70.27,7,1,1,1,-,-,RIDE_both"
2026-06-25T11:15:00.000-04:00,"2026-6-25 11:15,71.61,71.5,70.69,70.32,7,1,1,1,-,-,RIDE_both"
2026-06-25T11:20:00.000-04:00,"2026-6-25 11:20,71.61,71.61,70.76,70.37,7,1,1,1,-,-,RIDE_both"
2026-06-25T11:25:00.000-04:00,"2026-6-25 11:25,71.38,71.59,70.81,70.41,0,0,1,1,-,-,neutral"
2026-06-25T11:30:00.000-04:00,"2026-6-25 11:30,71.29,71.53,70.84,70.45,0,0,1,1,-,-,neutral"
2026-06-25T11:35:00.000-04:00,"2026-6-25 11:35,71.31,71.5,70.88,70.48,0,0,1,1,-,-,neutral"
2026-06-25T11:40:00.000-04:00,"2026-6-25 11:40,71.37,71.48,70.92,70.52,0,0,0,1,-,-,neutral"
2026-06-25T11:45:00.000-04:00,"2026-6-25 11:45,71.36,71.46,70.95,70.55,0,0,0,1,-,-,neutral"
2026-06-25T11:50:00.000-04:00,"2026-6-25 11:50,71.42,71.47,70.99,70.58,3,1,0,1,-,-,tide_only"
2026-06-25T11:55:00.000-04:00,"2026-6-25 11:55,71.44,71.47,71.02,70.62,3,1,0,1,-,-,tide_only"
2026-06-25T12:00:00.000-04:00,"2026-6-25 12:00,71.52,71.51,71.06,70.65,7,1,0,1,-,-,tide_only"
2026-06-25T12:05:00.000-04:00,"2026-6-25 12:05,71.59,71.55,71.1,70.69,7,1,0,1,-,-,tide_only"
2026-06-25T12:10:00.000-04:00,"2026-6-25 12:10,71.63,71.6,71.14,70.73,7,1,1,1,-,-,RIDE_both"
2026-06-25T12:15:00.000-04:00,"2026-6-25 12:15,71.61,71.62,71.18,70.76,7,1,1,1,-,-,RIDE_both"
2026-06-25T12:20:00.000-04:00,"2026-6-25 12:20,71.65,71.65,71.21,70.8,7,1,1,1,-,-,RIDE_both"
2026-06-25T12:25:00.000-04:00,"2026-6-25 12:25,71.61,71.65,71.24,70.83,7,1,0,1,-,-,tide_only"
2026-06-25T12:30:00.000-04:00,"2026-6-25 12:30,71.59,71.64,71.27,70.86,0,0,0,1,-,-,neutral"
2026-06-25T12:35:00.000-04:00,"2026-6-25 12:35,71.47,71.59,71.29,70.88,0,0,0,1,-,-,neutral"
2026-06-25T12:40:00.000-04:00,"2026-6-25 12:40,71.47,71.54,71.3,70.9,0,0,0,1,-,-,neutral"
2026-06-25T12:45:00.000-04:00,"2026-6-25 12:45,71.45,71.5,71.31,70.93,0,0,0,1,-,-,neutral"
2026-06-25T12:50:00.000-04:00,"2026-6-25 12:50,71.43,71.47,71.32,70.95,-3,-1,0,1,S,-,FIGHT"
2026-06-25T12:55:00.000-04:00,"2026-6-25 12:55,71.54,71.48,71.34,70.97,7,1,0,1,B,-,tide_only"
2026-06-25T13:00:00.000-04:00,"2026-6-25 13:00,71.58,71.51,71.36,70.99,7,1,0,1,-,-,tide_only"
2026-06-25T13:05:00.000-04:00,"2026-6-25 13:05,71.45,71.48,71.36,71.01,-3,-1,0,1,S,-,FIGHT"
2026-06-25T13:10:00.000-04:00,"2026-6-25 13:10,71.55,71.49,71.38,71.03,7,1,0,1,B,-,tide_only"
2026-06-25T13:15:00.000-04:00,"2026-6-25 13:15,71.71,71.56,71.4,71.06,7,1,0,1,-,-,tide_only"
2026-06-25T13:20:00.000-04:00,"2026-6-25 13:20,71.68,71.6,71.42,71.08,7,1,0,1,-,-,tide_only"
2026-06-25T13:25:00.000-04:00,"2026-6-25 13:25,71.52,71.57,71.43,71.1,-3,-1,0,1,S,-,FIGHT"
2026-06-25T13:30:00.000-04:00,"2026-6-25 13:30,71.52,71.55,71.44,71.12,-3,-1,0,1,-,-,FIGHT"
2026-06-25T13:35:00.000-04:00,"2026-6-25 13:35,71.57,71.55,71.45,71.13,7,0,0,1,-,-,neutral"
2026-06-25T13:40:00.000-04:00,"2026-6-25 13:40,71.58,71.56,71.46,71.15,7,0,0,1,-,-,neutral"
2026-06-25T13:45:00.000-04:00,"2026-6-25 13:45,71.53,71.54,71.46,71.17,-3,-1,0,1,-,-,FIGHT"
2026-06-25T13:50:00.000-04:00,"2026-6-25 13:50,71.6,71.56,71.48,71.18,7,1,0,1,B,-,tide_only"
2026-06-25T13:55:00.000-04:00,"2026-6-25 13:55,71.79,71.64,71.5,71.21,7,1,0,1,-,-,tide_only"
2026-06-25T14:00:00.000-04:00,"2026-6-25 14:00,71.95,71.76,71.53,71.24,7,1,0,1,-,-,tide_only"
2026-06-25T14:05:00.000-04:00,"2026-6-25 14:05,71.87,71.81,71.56,71.26,7,1,0,1,-,-,tide_only"
2026-06-25T14:10:00.000-04:00,"2026-6-25 14:10,71.91,71.87,71.59,71.29,7,1,1,1,-,-,RIDE_both"
2026-06-25T14:15:00.000-04:00,"2026-6-25 14:15,71.78,71.86,71.6,71.31,0,0,1,1,-,-,neutral"
2026-06-25T14:20:00.000-04:00,"2026-6-25 14:20,71.85,71.87,71.62,71.33,7,1,1,1,-,-,RIDE_both"
2026-06-25T14:25:00.000-04:00,"2026-6-25 14:25,71.96,71.92,71.65,71.35,7,1,0,1,-,-,tide_only"
2026-06-25T14:30:00.000-04:00,"2026-6-25 14:30,72.15,72.02,71.69,71.38,7,1,0,1,-,-,tide_only"
2026-06-25T14:35:00.000-04:00,"2026-6-25 14:35,72.09,72.08,71.72,71.41,7,1,0,1,-,-,tide_only"
2026-06-25T14:40:00.000-04:00,"2026-6-25 14:40,72.05,72.09,71.74,71.44,7,1,1,1,-,-,RIDE_both"
2026-06-25T14:45:00.000-04:00,"2026-6-25 14:45,72.14,72.14,71.77,71.46,7,1,1,1,-,-,RIDE_both"
2026-06-25T14:50:00.000-04:00,"2026-6-25 14:50,72.14,72.17,71.8,71.49,7,1,1,1,-,-,RIDE_both"
2026-06-25T14:55:00.000-04:00,"2026-6-25 14:55,72.14,72.18,71.83,71.52,7,1,1,1,-,-,RIDE_both"
2026-06-25T15:00:00.000-04:00,"2026-6-25 15:00,72.25,72.23,71.86,71.54,7,1,1,1,-,-,RIDE_both"
2026-06-25T15:05:00.000-04:00,"2026-6-25 15:05,72.23,72.26,71.89,71.57,7,1,1,1,-,-,RIDE_both"
2026-06-25T15:10:00.000-04:00,"2026-6-25 15:10,72.33,72.31,71.92,71.6,7,1,1,1,-,-,RIDE_both"
2026-06-25T15:15:00.000-04:00,"2026-6-25 15:15,72.48,72.4,71.97,71.64,7,1,1,1,-,-,RIDE_both"
2026-06-25T15:20:00.000-04:00,"2026-6-25 15:20,72.28,72.39,71.99,71.66,0,0,1,1,-,-,neutral"
2026-06-25T15:25:00.000-04:00,"2026-6-25 15:25,72.31,72.39,72.01,71.69,0,0,1,1,-,-,neutral"
2026-06-25T15:30:00.000-04:00,"2026-6-25 15:30,72.12,72.31,72.02,71.7,0,0,1,1,-,-,neutral"
2026-06-25T15:35:00.000-04:00,"2026-6-25 15:35,72.08,72.24,72.03,71.72,0,0,1,1,-,-,neutral"
2026-06-25T15:40:00.000-04:00,"2026-6-25 15:40,72.11,72.19,72.03,71.73,0,0,0,1,-,-,neutral"
2026-06-25T15:45:00.000-04:00,"2026-6-25 15:45,71.96,72.1,72.03,71.74,-3,-1,0,1,S,-,FIGHT"
2026-06-25T15:50:00.000-04:00,"2026-6-25 15:50,71.94,72.03,72.02,71.75,-5,-1,0,1,-,-,FIGHT"
2026-06-25T15:55:00.000-04:00,"2026-6-25 15:55,72.05,72.02,72.02,71.76,-5,-1,0,1,-,-,FIGHT"
2026-06-25T16:00:00.000-04:00,"2026-6-25 16:00,72,71.99,72.02,71.77,-5,-1,0,1,-,-,FIGHT"
2026-06-25T16:05:00.000-04:00,"2026-6-25 16:05,72.1,72.01,72.03,71.78,0,0,0,1,-,-,neutral"
2026-06-25T16:10:00.000-04:00,"2026-6-25 16:10,72.05,72.01,72.03,71.79,0,0,0,1,-,-,neutral"
2026-06-25T16:15:00.000-04:00,"2026-6-25 16:15,71.95,71.97,72.02,71.8,-5,-1,0,1,-,-,FIGHT"
2026-06-25T16:20:00.000-04:00,"2026-6-25 16:20,71.91,71.93,72.01,71.8,-5,-1,0,1,-,-,FIGHT"
2026-06-25T16:25:00.000-04:00,"2026-6-25 16:25,71.77,71.85,72,71.8,-5,-1,0,1,-,-,FIGHT"
2026-06-25T16:30:00.000-04:00,"2026-6-25 16:30,71.74,71.78,71.98,71.8,-5,-1,0,1,-,-,FIGHT"
2026-06-25T16:35:00.000-04:00,"2026-6-25 16:35,71.71,71.73,71.96,71.8,-5,-1,0,1,-,-,FIGHT"
2026-06-25T16:40:00.000-04:00,"2026-6-25 16:40,71.62,71.65,71.93,71.79,-5,-1,0,1,-,-,FIGHT"
2026-06-25T16:45:00.000-04:00,"2026-6-25 16:45,71.46,71.54,71.89,71.78,-5,-1,0,1,-,-,FIGHT"
2026-06-25T16:50:00.000-04:00,"2026-6-25 16:50,71.41,71.45,71.86,71.76,-5,0,0,1,-,-,neutral"
2026-06-25T16:55:00.000-04:00,"2026-6-25 16:55,71.48,71.41,71.83,71.75,-5,0,-1,0,-,-,neutral"
2026-06-25T18:00:00.000-04:00,"2026-6-25 18:00,71.46,71.38,71.8,71.74,0,0,-1,0,-,-,neutral"
2026-06-25T18:05:00.000-04:00,"2026-6-25 18:05,71.45,71.36,71.77,71.73,0,0,-1,0,-,-,neutral"
2026-06-25T18:10:00.000-04:00,"2026-6-25 18:10,71.47,71.36,71.75,71.72,0,0,-1,0,-,-,neutral"
2026-06-25T18:15:00.000-04:00,"2026-6-25 18:15,71.45,71.36,71.73,71.71,0,0,-1,0,-,-,neutral"
2026-06-25T18:20:00.000-04:00,"2026-6-25 18:20,71.46,71.36,71.71,71.7,0,0,-1,0,-,-,neutral"
2026-06-25T18:25:00.000-04:00,"2026-6-25 18:25,71.35,71.33,71.68,71.69,0,0,-1,0,-,-,neutral"
2026-06-25T18:30:00.000-04:00,"2026-6-25 18:30,71.47,71.36,71.66,71.68,0,0,-1,0,-,-,neutral"
2026-06-25T18:35:00.000-04:00,"2026-6-25 18:35,71.43,71.36,71.64,71.67,0,0,-1,0,-,-,neutral"
2026-06-25T18:40:00.000-04:00,"2026-6-25 18:40,71.48,71.39,71.63,71.66,0,0,-1,0,-,-,neutral"
2026-06-25T18:45:00.000-04:00,"2026-6-25 18:45,71.46,71.4,71.62,71.65,0,0,-1,0,-,-,neutral"
2026-06-25T18:50:00.000-04:00,"2026-6-25 18:50,71.48,71.42,71.61,71.65,0,0,-1,0,-,-,neutral"
2026-06-25T18:55:00.000-04:00,"2026-6-25 18:55,71.5,71.45,71.6,71.64,0,0,-1,0,-,-,neutral"
2026-06-25T19:00:00.000-04:00,"2026-6-25 19:00,71.47,71.45,71.59,71.63,0,0,-1,0,-,-,neutral"
2026-06-25T19:05:00.000-04:00,"2026-6-25 19:05,71.44,71.45,71.58,71.63,-3,-1,-1,0,-,-,wave_only"
2026-06-25T19:10:00.000-04:00,"2026-6-25 19:10,71.46,71.45,71.57,71.62,0,0,-1,0,-,-,neutral"
2026-06-25T19:15:00.000-04:00,"2026-6-25 19:15,71.5,71.47,71.56,71.61,0,0,-1,0,-,-,neutral"
2026-06-25T19:20:00.000-04:00,"2026-6-25 19:20,71.49,71.48,71.56,71.61,0,0,-1,0,-,-,neutral"
2026-06-25T19:25:00.000-04:00,"2026-6-25 19:25,71.51,71.5,71.55,71.61,0,0,0,0,-,-,neutral"
2026-06-25T19:30:00.000-04:00,"2026-6-25 19:30,71.51,71.51,71.55,71.6,3,0,0,0,-,-,neutral"
2026-06-25T19:35:00.000-04:00,"2026-6-25 19:35,71.47,71.5,71.54,71.6,-7,-1,0,0,-,-,FIGHT"
2026-06-25T19:40:00.000-04:00,"2026-6-25 19:40,71.5,71.51,71.54,71.59,0,0,0,0,-,-,neutral"
2026-06-25T19:45:00.000-04:00,"2026-6-25 19:45,71.52,71.52,71.54,71.59,3,0,0,0,-,-,neutral"
2026-06-25T19:50:00.000-04:00,"2026-6-25 19:50,71.53,71.53,71.54,71.59,5,1,0,0,B,-,FIGHT"
2026-06-25T19:55:00.000-04:00,"2026-6-25 19:55,71.55,71.55,71.54,71.59,5,1,0,0,-,-,FIGHT"
2026-06-25T20:00:00.000-04:00,"2026-6-25 20:00,71.46,71.52,71.53,71.58,-7,-1,0,0,S,-,FIGHT"
2026-06-25T20:05:00.000-04:00,"2026-6-25 20:05,71.59,71.55,71.54,71.58,5,1,0,0,B,-,FIGHT"
2026-06-25T20:10:00.000-04:00,"2026-6-25 20:10,71.61,71.58,71.54,71.58,5,1,0,0,-,-,FIGHT"
2026-06-25T20:15:00.000-04:00,"2026-6-25 20:15,71.62,71.61,71.55,71.58,5,1,0,0,-,-,FIGHT"
2026-06-25T20:20:00.000-04:00,"2026-6-25 20:20,71.69,71.65,71.56,71.59,5,1,0,0,-,-,FIGHT"
2026-06-25T20:25:00.000-04:00,"2026-6-25 20:25,71.73,71.7,71.57,71.59,5,1,0,0,-,-,FIGHT"
2026-06-25T20:30:00.000-04:00,"2026-6-25 20:30,71.7,71.72,71.58,71.6,5,1,0,0,-,-,FIGHT"
2026-06-25T20:35:00.000-04:00,"2026-6-25 20:35,71.63,71.7,71.59,71.6,0,0,0,0,-,-,neutral"
2026-06-25T20:40:00.000-04:00,"2026-6-25 20:40,71.6,71.68,71.59,71.6,0,0,0,0,-,-,neutral"
2026-06-25T20:45:00.000-04:00,"2026-6-25 20:45,71.62,71.67,71.59,71.6,0,0,0,0,-,-,neutral"
2026-06-25T20:50:00.000-04:00,"2026-6-25 20:50,71.78,71.72,71.6,71.61,7,1,0,0,-,-,FIGHT"
2026-06-25T20:55:00.000-04:00,"2026-6-25 20:55,71.8,71.76,71.62,71.61,7,1,1,0,-,-,wave_only"
2026-06-25T21:00:00.000-04:00,"2026-6-25 21:00,71.64,71.73,71.62,71.62,0,0,1,0,-,-,neutral"
2026-06-25T21:05:00.000-04:00,"2026-6-25 21:05,71.65,71.71,71.62,71.62,0,0,1,0,-,-,neutral"
2026-06-25T21:10:00.000-04:00,"2026-6-25 21:10,71.5,71.64,71.61,71.61,0,0,-1,0,-,-,neutral"
2026-06-25T21:15:00.000-04:00,"2026-6-25 21:15,71.53,71.6,71.61,71.61,-7,-1,-1,0,S,-,wave_only"
2026-06-25T21:20:00.000-04:00,"2026-6-25 21:20,71.63,71.61,71.61,71.61,7,0,-1,0,-,-,neutral"
2026-06-25T21:25:00.000-04:00,"2026-6-25 21:25,71.56,71.59,71.61,71.61,-5,-1,-1,0,-,-,wave_only"
2026-06-25T21:30:00.000-04:00,"2026-6-25 21:30,71.44,71.53,71.59,71.6,-7,-1,-1,0,-,-,wave_only"
2026-06-25T21:35:00.000-04:00,"2026-6-25 21:35,71.45,71.49,71.58,71.6,-5,-1,-1,0,-,-,wave_only"
2026-06-25T21:40:00.000-04:00,"2026-6-25 21:40,71.44,71.46,71.57,71.59,-5,-1,-1,0,-,-,wave_only"
2026-06-25T21:45:00.000-04:00,"2026-6-25 21:45,71.33,71.39,71.55,71.58,-7,-1,-1,0,-,-,wave_only"
2026-06-25T21:50:00.000-04:00,"2026-6-25 21:50,71.28,71.33,71.53,71.57,-7,-1,-1,0,-,-,wave_only"
2026-06-25T21:55:00.000-04:00,"2026-6-25 21:55,71.24,71.27,71.51,71.55,-7,-1,-1,0,-,-,wave_only"
2026-06-25T22:00:00.000-04:00,"2026-6-25 22:00,71.21,71.22,71.49,71.54,-7,-1,-1,0,-,-,wave_only"
2026-06-25T22:05:00.000-04:00,"2026-6-25 22:05,71.19,71.18,71.46,71.53,-7,-1,-1,0,-,-,wave_only"
2026-06-25T22:10:00.000-04:00,"2026-6-25 22:10,71.24,71.17,71.45,71.52,0,0,-1,0,-,-,neutral"
2026-06-25T22:15:00.000-04:00,"2026-6-25 22:15,71.22,71.16,71.43,71.5,-3,-1,-1,0,-,-,wave_only"
2026-06-25T22:20:00.000-04:00,"2026-6-25 22:20,71.21,71.16,71.41,71.49,-3,-1,-1,0,-,-,wave_only"
2026-06-25T22:25:00.000-04:00,"2026-6-25 22:25,71.17,71.14,71.39,71.48,-3,-1,-1,0,-,-,wave_only"
2026-06-25T22:30:00.000-04:00,"2026-6-25 22:30,71.06,71.09,71.37,71.46,-7,-1,-1,0,-,-,wave_only"
2026-06-25T22:35:00.000-04:00,"2026-6-25 22:35,71.04,71.05,71.34,71.45,-7,-1,-1,0,-,-,wave_only"
2026-06-25T22:40:00.000-04:00,"2026-6-25 22:40,71.14,71.06,71.33,71.44,0,0,-1,0,-,-,neutral"
2026-06-25T22:45:00.000-04:00,"2026-6-25 22:45,71.01,71.02,71.3,71.42,-7,-1,-1,0,-,-,wave_only"
2026-06-25T22:50:00.000-04:00,"2026-6-25 22:50,70.94,70.97,71.27,71.4,-7,-1,-1,0,-,-,wave_only"
2026-06-25T22:55:00.000-04:00,"2026-6-25 22:55,70.83,70.89,71.24,71.38,-7,-1,-1,0,-,-,wave_only"
2026-06-25T23:00:00.000-04:00,"2026-6-25 23:00,70.76,70.82,71.2,71.35,-7,-1,-1,0,-,-,wave_only"
2026-06-25T23:05:00.000-04:00,"2026-6-25 23:05,70.68,70.73,71.16,71.33,-7,-1,-1,0,-,-,wave_only"
2026-06-25T23:10:00.000-04:00,"2026-6-25 23:10,70.69,70.68,71.13,71.3,-7,-1,-1,0,-,-,wave_only"
2026-06-25T23:15:00.000-04:00,"2026-6-25 23:15,70.62,70.62,71.09,71.28,-7,-1,-1,0,-,-,wave_only"
2026-06-25T23:20:00.000-04:00,"2026-6-25 23:20,70.54,70.55,71.05,71.25,-7,-1,-1,0,-,-,wave_only"
2026-06-25T23:25:00.000-04:00,"2026-6-25 23:25,70.68,70.56,71.02,71.22,0,0,0,0,-,-,neutral"
2026-06-25T23:30:00.000-04:00,"2026-6-25 23:30,70.71,70.58,70.99,71.2,0,0,0,0,-,-,neutral"
2026-06-25T23:35:00.000-04:00,"2026-6-25 23:35,70.6,70.56,70.96,71.18,0,0,0,0,-,-,neutral"
2026-06-25T23:40:00.000-04:00,"2026-6-25 23:40,70.56,70.54,70.93,71.16,0,0,0,0,-,-,neutral"
2026-06-25T23:45:00.000-04:00,"2026-6-25 23:45,70.54,70.51,70.9,71.13,0,0,0,0,-,-,neutral"
2026-06-25T23:50:00.000-04:00,"2026-6-25 23:50,70.5,70.49,70.87,71.11,0,0,0,0,-,-,neutral"
2026-06-25T23:55:00.000-04:00,"2026-6-25 23:55,70.57,70.49,70.85,71.09,0,0,0,0,-,-,neutral"
2026-06-26T00:00:00.000-04:00,"2026-6-26 0:00,70.6,70.52,70.83,71.07,0,0,0,0,-,-,neutral"
2026-06-26T00:05:00.000-04:00,"2026-6-26 0:05,70.53,70.51,70.81,71.05,0,0,0,0,-,-,neutral"
2026-06-26T00:10:00.000-04:00,"2026-6-26 0:10,70.52,70.5,70.78,71.03,0,0,0,0,-,-,neutral"
2026-06-26T00:15:00.000-04:00,"2026-6-26 0:15,70.49,70.49,70.76,71,-3,-1,0,0,-,-,FIGHT"
2026-06-26T00:20:00.000-04:00,"2026-6-26 0:20,70.53,70.49,70.74,70.99,0,0,0,0,-,-,neutral"
2026-06-26T00:25:00.000-04:00,"2026-6-26 0:25,70.47,70.48,70.72,70.97,-3,-1,0,0,-,-,FIGHT"
2026-06-26T00:30:00.000-04:00,"2026-6-26 0:30,70.5,70.48,70.71,70.95,0,0,0,0,-,-,neutral"
2026-06-26T00:35:00.000-04:00,"2026-6-26 0:35,70.43,70.46,70.68,70.93,-7,-1,0,0,-,-,FIGHT"
2026-06-26T00:40:00.000-04:00,"2026-6-26 0:40,70.44,70.45,70.67,70.91,-7,-1,0,0,-,-,FIGHT"
2026-06-26T00:45:00.000-04:00,"2026-6-26 0:45,70.44,70.44,70.65,70.89,-7,-1,0,0,-,-,FIGHT"
2026-06-26T00:50:00.000-04:00,"2026-6-26 0:50,70.47,70.45,70.63,70.87,0,0,0,0,-,-,neutral"
2026-06-26T00:55:00.000-04:00,"2026-6-26 0:55,70.41,70.43,70.62,70.85,-7,-1,0,0,-,-,FIGHT"
2026-06-26T01:00:00.000-04:00,"2026-6-26 1:00,70.43,70.43,70.6,70.84,-7,-1,0,0,-,-,FIGHT"
2026-06-26T01:05:00.000-04:00,"2026-6-26 1:05,70.35,70.4,70.58,70.82,-7,-1,0,0,-,-,FIGHT"
2026-06-26T01:10:00.000-04:00,"2026-6-26 1:10,70.4,70.39,70.57,70.8,-7,-1,0,0,-,-,FIGHT"
2026-06-26T01:15:00.000-04:00,"2026-6-26 1:15,70.43,70.4,70.56,70.79,0,0,0,0,-,-,neutral"
2026-06-26T01:20:00.000-04:00,"2026-6-26 1:20,70.43,70.41,70.55,70.77,0,0,0,0,-,-,neutral"
2026-06-26T01:25:00.000-04:00,"2026-6-26 1:25,70.5,70.44,70.54,70.76,3,1,0,0,B,-,FIGHT"
2026-06-26T01:30:00.000-04:00,"2026-6-26 1:30,70.7,70.54,70.56,70.76,5,1,0,0,-,-,FIGHT"
2026-06-26T01:35:00.000-04:00,"2026-6-26 1:35,70.76,70.64,70.57,70.76,5,1,0,0,-,-,FIGHT"
2026-06-26T01:40:00.000-04:00,"2026-6-26 1:40,70.7,70.68,70.58,70.76,5,1,0,0,-,-,FIGHT"
2026-06-26T01:45:00.000-04:00,"2026-6-26 1:45,70.82,70.76,70.6,70.76,5,1,0,0,-,-,FIGHT"
2026-06-26T01:50:00.000-04:00,"2026-6-26 1:50,70.81,70.81,70.62,70.76,5,1,0,0,-,-,FIGHT"
2026-06-26T01:55:00.000-04:00,"2026-6-26 1:55,70.89,70.87,70.64,70.77,5,1,0,0,-,-,FIGHT"
2026-06-26T02:00:00.000-04:00,"2026-6-26 2:00,70.74,70.86,70.65,70.77,0,0,0,0,-,-,neutral"
2026-06-26T02:05:00.000-04:00,"2026-6-26 2:05,70.69,70.83,70.65,70.76,0,0,0,0,-,-,neutral"
2026-06-26T02:10:00.000-04:00,"2026-6-26 2:10,70.64,70.78,70.65,70.76,0,0,0,0,-,-,neutral"
2026-06-26T02:15:00.000-04:00,"2026-6-26 2:15,70.69,70.76,70.65,70.76,0,0,0,0,-,-,neutral"
2026-06-26T02:20:00.000-04:00,"2026-6-26 2:20,70.7,70.75,70.66,70.75,0,0,0,0,-,-,neutral"
2026-06-26T02:25:00.000-04:00,"2026-6-26 2:25,70.68,70.74,70.66,70.75,0,0,0,0,-,-,neutral"
2026-06-26T02:30:00.000-04:00,"2026-6-26 2:30,70.59,70.69,70.65,70.74,0,0,0,0,-,-,neutral"
2026-06-26T02:35:00.000-04:00,"2026-6-26 2:35,70.54,70.64,70.64,70.74,-3,-1,0,0,S,-,FIGHT"
2026-06-26T02:40:00.000-04:00,"2026-6-26 2:40,70.57,70.61,70.64,70.73,-7,-1,-1,0,-,-,wave_only"
2026-06-26T02:45:00.000-04:00,"2026-6-26 2:45,70.43,70.54,70.62,70.72,-7,-1,-1,0,-,-,wave_only"
2026-06-26T02:50:00.000-04:00,"2026-6-26 2:50,70.48,70.5,70.61,70.71,-7,-1,-1,0,-,-,wave_only"
2026-06-26T02:55:00.000-04:00,"2026-6-26 2:55,70.48,70.48,70.6,70.7,-7,-1,-1,-1,-,-,RIDE_both"
2026-06-26T03:00:00.000-04:00,"2026-6-26 3:00,70.44,70.45,70.59,70.69,-7,-1,-1,-1,-,-,RIDE_both"
2026-06-26T03:05:00.000-04:00,"2026-6-26 3:05,70.46,70.44,70.58,70.68,-7,-1,-1,-1,-,-,RIDE_both"
2026-06-26T03:10:00.000-04:00,"2026-6-26 3:10,70.31,70.37,70.56,70.67,-7,-1,-1,-1,-,-,RIDE_both"
2026-06-26T03:15:00.000-04:00,"2026-6-26 3:15,70.25,70.31,70.53,70.65,-7,-1,-1,-1,-,-,RIDE_both"
2026-06-26T03:20:00.000-04:00,"2026-6-26 3:20,70.27,70.27,70.51,70.63,-7,-1,-1,-1,-,-,RIDE_both"
2026-06-26T03:25:00.000-04:00,"2026-6-26 3:25,70.22,70.22,70.49,70.62,-7,-1,-1,-1,-,-,RIDE_both"
2026-06-26T03:30:00.000-04:00,"2026-6-26 3:30,70.31,70.23,70.48,70.61,0,0,-1,-1,-,-,neutral"
2026-06-26T03:35:00.000-04:00,"2026-6-26 3:35,70.19,70.19,70.46,70.59,-7,-1,-1,-1,-,-,RIDE_both"
2026-06-26T03:40:00.000-04:00,"2026-6-26 3:40,70.15,70.15,70.43,70.57,-7,-1,-1,-1,-,-,RIDE_both"
2026-06-26T03:45:00.000-04:00,"2026-6-26 3:45,70.06,70.09,70.4,70.55,-7,-1,-1,-1,-,-,RIDE_both"
2026-06-26T03:50:00.000-04:00,"2026-6-26 3:50,69.99,70.02,70.37,70.53,-7,-1,-1,-1,-,-,RIDE_both"
2026-06-26T03:55:00.000-04:00,"2026-6-26 3:55,69.88,69.94,70.33,70.51,-7,-1,-1,-1,-,-,RIDE_both"
2026-06-26T04:00:00.000-04:00,"2026-6-26 4:00,69.83,69.86,70.29,70.48,-7,-1,-1,-1,-,-,RIDE_both"
2026-06-26T04:05:00.000-04:00,"2026-6-26 4:05,69.83,69.81,70.26,70.45,-7,-1,-1,-1,-,-,RIDE_both"
2026-06-26T04:10:00.000-04:00,"2026-6-26 4:10,70.13,69.89,70.25,70.44,0,0,-1,-1,-,-,neutral"
2026-06-26T04:15:00.000-04:00,"2026-6-26 4:15,69.97,69.89,70.23,70.42,0,0,-1,-1,-,-,neutral"
2026-06-26T04:20:00.000-04:00,"2026-6-26 4:20,69.65,69.78,70.18,70.39,-7,-1,-1,-1,-,-,RIDE_both"
2026-06-26T04:25:00.000-04:00,"2026-6-26 4:25,69.12,69.5,70.1,70.34,-7,-1,-1,-1,-,-,RIDE_both"
2026-06-26T04:30:00.000-04:00,"2026-6-26 4:30,69.38,69.4,70.05,70.3,-7,-1,-1,-1,-,-,RIDE_both"
2026-06-26T04:35:00.000-04:00,"2026-6-26 4:35,69.36,69.33,69.99,70.27,-7,-1,-1,-1,-,-,RIDE_both"
2026-06-26T04:40:00.000-04:00,"2026-6-26 4:40,69.43,69.31,69.95,70.23,0,0,-1,-1,-,-,neutral"
2026-06-26T04:45:00.000-04:00,"2026-6-26 4:45,69.47,69.32,69.91,70.2,0,0,-1,-1,-,-,neutral"
2026-06-26T04:50:00.000-04:00,"2026-6-26 4:50,69.42,69.31,69.88,70.17,0,0,-1,-1,-,-,neutral"
2026-06-26T04:55:00.000-04:00,"2026-6-26 4:55,69.29,69.26,69.83,70.14,-7,0,-1,-1,-,-,neutral"
2026-06-26T05:00:00.000-04:00,"2026-6-26 5:00,69.46,69.3,69.8,70.11,0,0,-1,-1,-,-,neutral"
2026-06-26T05:05:00.000-04:00,"2026-6-26 5:05,69.48,69.33,69.78,70.09,0,0,-1,-1,-,-,neutral"
2026-06-26T05:10:00.000-04:00,"2026-6-26 5:10,69.46,69.36,69.75,70.06,0,0,0,-1,-,-,neutral"
2026-06-26T05:15:00.000-04:00,"2026-6-26 5:15,69.38,69.35,69.72,70.04,-7,-1,0,-1,-,-,tide_only"
2026-06-26T05:20:00.000-04:00,"2026-6-26 5:20,69.29,69.32,69.69,70.01,-7,-1,0,-1,-,-,tide_only"
2026-06-26T05:25:00.000-04:00,"2026-6-26 5:25,69.33,69.31,69.66,69.98,-7,-1,0,-1,-,-,tide_only"
2026-06-26T05:30:00.000-04:00,"2026-6-26 5:30,69.44,69.34,69.65,69.96,0,0,0,-1,-,-,neutral"
2026-06-26T05:35:00.000-04:00,"2026-6-26 5:35,69.34,69.34,69.62,69.93,-7,-1,0,-1,-,-,tide_only"
2026-06-26T05:40:00.000-04:00,"2026-6-26 5:40,69.32,69.32,69.6,69.91,-7,-1,0,-1,-,-,tide_only"
2026-06-26T05:45:00.000-04:00,"2026-6-26 5:45,69.23,69.29,69.57,69.88,-7,-1,0,-1,-,-,tide_only"
2026-06-26T05:50:00.000-04:00,"2026-6-26 5:50,69.2,69.25,69.54,69.86,-7,-1,0,-1,-,-,tide_only"
2026-06-26T05:55:00.000-04:00,"2026-6-26 5:55,69.05,69.17,69.5,69.83,-7,-1,-1,-1,-,-,RIDE_both"
2026-06-26T06:00:00.000-04:00,"2026-6-26 6:00,69.15,69.14,69.48,69.8,-7,-1,-1,-1,-,-,RIDE_both"
2026-06-26T06:05:00.000-04:00,"2026-6-26 6:05,69.16,69.14,69.45,69.77,-7,-1,-1,-1,-,-,RIDE_both"
2026-06-26T06:10:00.000-04:00,"2026-6-26 6:10,69.25,69.17,69.44,69.75,0,0,0,-1,-,-,neutral"
2026-06-26T06:15:00.000-04:00,"2026-6-26 6:15,69.34,69.22,69.43,69.74,3,1,0,-1,B,-,FIGHT"
2026-06-26T06:20:00.000-04:00,"2026-6-26 6:20,69.4,69.29,69.43,69.72,3,1,0,-1,-,-,FIGHT"
2026-06-26T06:25:00.000-04:00,"2026-6-26 6:25,69.3,69.3,69.42,69.71,0,0,0,-1,-,-,neutral"
2026-06-26T06:30:00.000-04:00,"2026-6-26 6:30,69.29,69.3,69.41,69.69,0,0,0,-1,-,-,neutral"
2026-06-26T06:35:00.000-04:00,"2026-6-26 6:35,69.48,69.38,69.41,69.68,5,1,0,-1,-,-,FIGHT"
2026-06-26T06:40:00.000-04:00,"2026-6-26 6:40,69.42,69.41,69.41,69.67,5,1,0,-1,-,-,FIGHT"
2026-06-26T06:45:00.000-04:00,"2026-6-26 6:45,69.53,69.47,69.42,69.67,5,1,0,-1,-,-,FIGHT"
2026-06-26T06:50:00.000-04:00,"2026-6-26 6:50,69.43,69.48,69.42,69.66,0,0,0,-1,-,-,neutral"
2026-06-26T06:55:00.000-04:00,"2026-6-26 6:55,69.52,69.52,69.43,69.65,5,1,0,-1,-,-,FIGHT"
2026-06-26T07:00:00.000-04:00,"2026-6-26 7:00,69.63,69.58,69.45,69.65,5,1,0,-1,-,-,FIGHT"
2026-06-26T07:05:00.000-04:00,"2026-6-26 7:05,69.71,69.66,69.47,69.65,5,1,0,-1,-,-,FIGHT"
2026-06-26T07:10:00.000-04:00,"2026-6-26 7:10,69.72,69.71,69.49,69.66,5,1,0,-1,-,-,FIGHT"
2026-06-26T07:15:00.000-04:00,"2026-6-26 7:15,69.71,69.75,69.5,69.66,5,1,0,-1,-,-,FIGHT"
2026-06-26T07:20:00.000-04:00,"2026-6-26 7:20,69.74,69.78,69.52,69.66,5,1,0,-1,-,-,FIGHT"
2026-06-26T07:25:00.000-04:00,"2026-6-26 7:25,69.72,69.79,69.54,69.66,0,0,0,-1,-,-,neutral"
2026-06-26T07:30:00.000-04:00,"2026-6-26 7:30,69.81,69.83,69.56,69.67,3,1,0,-1,-,-,FIGHT"
2026-06-26T07:35:00.000-04:00,"2026-6-26 7:35,69.97,69.91,69.59,69.68,5,1,0,-1,-,-,FIGHT"
2026-06-26T07:40:00.000-04:00,"2026-6-26 7:40,70.09,70.02,69.63,69.7,5,1,1,-1,-,-,wave_only"
2026-06-26T07:45:00.000-04:00,"2026-6-26 7:45,70.19,70.12,69.67,69.72,5,1,1,-1,-,-,wave_only"
2026-06-26T07:50:00.000-04:00,"2026-6-26 7:50,70.29,70.23,69.72,69.74,5,1,1,-1,-,-,wave_only"
2026-06-26T07:55:00.000-04:00,"2026-6-26 7:55,70.07,70.23,69.75,69.75,0,0,1,0,-,-,neutral"
2026-06-26T08:00:00.000-04:00,"2026-6-26 8:00,69.99,70.19,69.76,69.76,0,0,1,0,-,-,neutral"
2026-06-26T08:05:00.000-04:00,"2026-6-26 8:05,69.77,70.07,69.76,69.76,0,0,1,0,-,-,neutral"
2026-06-26T08:10:00.000-04:00,"2026-6-26 8:10,69.8,69.99,69.77,69.76,0,0,0,0,-,-,neutral"
2026-06-26T08:15:00.000-04:00,"2026-6-26 8:15,69.83,69.94,69.77,69.77,0,0,0,0,-,-,neutral"
2026-06-26T08:20:00.000-04:00,"2026-6-26 8:20,69.78,69.88,69.77,69.77,0,0,0,0,-,-,neutral"
2026-06-26T08:25:00.000-04:00,"2026-6-26 8:25,69.71,69.82,69.77,69.76,0,0,0,0,-,-,neutral"
2026-06-26T08:30:00.000-04:00,"2026-6-26 8:30,69.6,69.73,69.76,69.76,-7,-1,0,0,S,-,FIGHT"
2026-06-26T08:35:00.000-04:00,"2026-6-26 8:35,69.55,69.64,69.74,69.75,-7,-1,0,0,-,-,FIGHT"
2026-06-26T08:40:00.000-04:00,"2026-6-26 8:40,69.52,69.57,69.72,69.74,-7,-1,-1,0,-,-,wave_only"
2026-06-26T08:45:00.000-04:00,"2026-6-26 8:45,69.47,69.5,69.7,69.73,-7,-1,-1,0,-,-,wave_only"
2026-06-26T08:50:00.000-04:00,"2026-6-26 8:50,69.5,69.47,69.69,69.72,-5,-1,-1,0,-,-,wave_only"
2026-06-26T08:55:00.000-04:00,"2026-6-26 8:55,69.35,69.39,69.66,69.71,-7,-1,-1,-1,-,-,RIDE_both"
2026-06-26T09:00:00.000-04:00,"2026-6-26 9:00,69.73,69.48,69.67,69.71,0,0,-1,-1,-,-,neutral"
2026-06-26T09:05:00.000-04:00,"2026-6-26 9:05,69.64,69.51,69.66,69.7,0,0,-1,-1,-,-,neutral"
2026-06-26T09:10:00.000-04:00,"2026-6-26 9:10,69.56,69.51,69.66,69.7,0,0,-1,-1,-,-,neutral"
2026-06-26T09:15:00.000-04:00,"2026-6-26 9:15,70.1,69.71,69.69,69.71,5,1,-1,-1,B,-,FIGHT"
2026-06-26T09:20:00.000-04:00,"2026-6-26 9:20,69.93,69.79,69.71,69.72,7,1,-1,-1,-,-,FIGHT"
2026-06-26T09:25:00.000-04:00,"2026-6-26 9:25,69.76,69.79,69.71,69.72,0,0,1,-1,-,-,neutral"
2026-06-26T09:30:00.000-04:00,"2026-6-26 9:30,69.6,69.73,69.7,69.72,0,0,1,-1,-,-,neutral"
2026-06-26T09:35:00.000-04:00,"2026-6-26 9:35,69.69,69.72,69.7,69.72,0,0,1,-1,-,-,neutral"
2026-06-26T09:40:00.000-04:00,"2026-6-26 9:40,69.74,69.73,69.71,69.72,7,0,1,-1,-,-,neutral"
2026-06-26T09:45:00.000-04:00,"2026-6-26 9:45,69.69,69.72,69.7,69.72,0,0,1,-1,-,-,neutral"
2026-06-26T09:50:00.000-04:00,"2026-6-26 9:50,69.36,69.59,69.68,69.7,-7,-1,1,-1,S,-,tide_only"
2026-06-26T09:55:00.000-04:00,"2026-6-26 9:55,69.39,69.5,69.66,69.69,-5,-1,-1,-1,-,-,RIDE_both"
2026-06-26T10:00:00.000-04:00,"2026-6-26 10:00,69.22,69.38,69.62,69.67,-7,-1,-1,-1,-,-,RIDE_both"
2026-06-26T10:05:00.000-04:00,"2026-6-26 10:05,69.18,69.28,69.59,69.65,-7,-1,-1,-1,-,-,RIDE_both"
2026-06-26T10:10:00.000-04:00,"2026-6-26 10:10,69.31,69.25,69.57,69.64,-7,-1,-1,-1,-,-,RIDE_both"
2026-06-26T10:15:00.000-04:00,"2026-6-26 10:15,69.21,69.2,69.54,69.62,-7,-1,-1,-1,-,-,RIDE_both"
2026-06-26T10:20:00.000-04:00,"2026-6-26 10:20,69.2,69.17,69.51,69.61,0,0,-1,-1,-,-,neutral"
2026-06-26T10:25:00.000-04:00,"2026-6-26 10:25,69.18,69.14,69.49,69.59,0,0,-1,-1,-,-,neutral"
2026-06-26T10:30:00.000-04:00,"2026-6-26 10:30,69.19,69.12,69.46,69.57,0,0,-1,-1,-,-,neutral"
2026-06-26T10:35:00.000-04:00,"2026-6-26 10:35,69.12,69.09,69.44,69.56,0,0,-1,-1,-,-,neutral"
2026-06-26T10:40:00.000-04:00,"2026-6-26 10:40,68.94,69,69.4,69.53,-7,-1,-1,-1,-,-,RIDE_both"
2026-06-26T10:45:00.000-04:00,"2026-6-26 10:45,69.05,68.99,69.37,69.51,0,0,-1,-1,-,-,neutral"
2026-06-26T10:50:00.000-04:00,"2026-6-26 10:50,69.15,69.01,69.36,69.5,0,0,-1,-1,-,-,neutral"
2026-06-26T10:55:00.000-04:00,"2026-6-26 10:55,69.23,69.07,69.35,69.49,0,0,-1,-1,-,-,neutral"
2026-06-26T11:00:00.000-04:00,"2026-6-26 11:00,69.02,69.03,69.32,69.47,-3,-1,-1,-1,-,-,RIDE_both"
2026-06-26T11:05:00.000-04:00,"2026-6-26 11:05,68.66,68.88,69.27,69.44,-7,-1,-1,-1,-,-,RIDE_both"
2026-06-26T11:10:00.000-04:00,"2026-6-26 11:10,68.81,68.82,69.23,69.41,-7,-1,-1,-1,-,-,RIDE_both"
2026-06-26T11:15:00.000-04:00,"2026-6-26 11:15,68.74,68.76,69.2,69.39,-7,-1,-1,-1,-,-,RIDE_both"
2026-06-26T11:20:00.000-04:00,"2026-6-26 11:20,68.6,68.67,69.15,69.36,-7,-1,-1,-1,-,-,RIDE_both"
2026-06-26T11:25:00.000-04:00,"2026-6-26 11:25,68.76,68.66,69.12,69.33,-7,0,-1,-1,-,-,neutral"
2026-06-26T11:30:00.000-04:00,"2026-6-26 11:30,68.79,68.68,69.1,69.31,0,0,-1,-1,-,-,neutral"
2026-06-26T11:35:00.000-04:00,"2026-6-26 11:35,68.86,68.72,69.08,69.29,0,0,-1,-1,-,-,neutral"
2026-06-26T11:40:00.000-04:00,"2026-6-26 11:40,69.06,68.82,69.08,69.29,0,0,0,-1,-,-,neutral"
2026-06-26T11:45:00.000-04:00,"2026-6-26 11:45,68.91,68.85,69.06,69.27,0,0,0,-1,-,-,neutral"
2026-06-26T11:50:00.000-04:00,"2026-6-26 11:50,69.38,69.04,69.09,69.27,3,1,0,-1,B,-,FIGHT"
2026-06-26T11:55:00.000-04:00,"2026-6-26 11:55,69.1,69.08,69.09,69.27,5,1,0,-1,-,-,FIGHT"
2026-06-26T12:00:00.000-04:00,"2026-6-26 12:00,69.01,69.08,69.08,69.26,0,0,0,-1,-,-,neutral"
2026-06-26T12:05:00.000-04:00,"2026-6-26 12:05,69.16,69.13,69.09,69.25,5,1,0,-1,-,-,FIGHT"
2026-06-26T12:10:00.000-04:00,"2026-6-26 12:10,69,69.1,69.08,69.24,0,0,0,-1,-,-,neutral"
2026-06-26T12:15:00.000-04:00,"2026-6-26 12:15,69.11,69.12,69.08,69.24,5,1,0,-1,-,-,FIGHT"
2026-06-26T12:20:00.000-04:00,"2026-6-26 12:20,69.17,69.16,69.09,69.24,5,1,0,-1,-,-,FIGHT"
2026-06-26T12:25:00.000-04:00,"2026-6-26 12:25,69.02,69.13,69.09,69.23,0,0,0,-1,-,-,neutral"
2026-06-26T12:30:00.000-04:00,"2026-6-26 12:30,68.94,69.08,69.07,69.22,0,0,0,-1,-,-,neutral"
2026-06-26T12:35:00.000-04:00,"2026-6-26 12:35,69,69.06,69.07,69.21,-3,-1,0,-1,S,-,tide_only"
2026-06-26T12:40:00.000-04:00,"2026-6-26 12:40,69.29,69.15,69.09,69.21,5,1,0,-1,B,-,FIGHT"
2026-06-26T12:45:00.000-04:00,"2026-6-26 12:45,69.16,69.17,69.09,69.21,5,1,0,-1,-,-,FIGHT"
2026-06-26T12:50:00.000-04:00,"2026-6-26 12:50,69.28,69.23,69.11,69.21,5,1,0,-1,-,-,FIGHT"
2026-06-26T12:55:00.000-04:00,"2026-6-26 12:55,69.3,69.27,69.12,69.22,5,1,0,0,-,-,FIGHT"
2026-06-26T13:00:00.000-04:00,"2026-6-26 13:00,69.15,69.25,69.12,69.21,0,0,0,0,-,-,neutral"
2026-06-26T13:05:00.000-04:00,"2026-6-26 13:05,69.09,69.21,69.12,69.21,0,0,0,0,-,-,neutral"
2026-06-26T13:10:00.000-04:00,"2026-6-26 13:10,69.1,69.18,69.12,69.2,0,0,0,0,-,-,neutral"
2026-06-26T13:15:00.000-04:00,"2026-6-26 13:15,69.07,69.15,69.11,69.2,0,0,0,0,-,-,neutral"
2026-06-26T13:20:00.000-04:00,"2026-6-26 13:20,69.14,69.15,69.12,69.2,0,0,0,0,-,-,neutral"
2026-06-26T13:25:00.000-04:00,"2026-6-26 13:25,69.33,69.22,69.13,69.2,5,1,1,0,-,-,wave_only"
2026-06-26T13:30:00.000-04:00,"2026-6-26 13:30,69.39,69.29,69.15,69.21,5,1,1,0,-,-,wave_only"
2026-06-26T13:35:00.000-04:00,"2026-6-26 13:35,69.41,69.35,69.17,69.22,5,1,1,0,-,-,wave_only"
2026-06-26T13:40:00.000-04:00,"2026-6-26 13:40,69.35,69.37,69.19,69.22,5,0,1,0,-,-,neutral"
2026-06-26T13:45:00.000-04:00,"2026-6-26 13:45,69.32,69.37,69.2,69.23,0,0,1,0,-,-,neutral"
2026-06-26T13:50:00.000-04:00,"2026-6-26 13:50,69.39,69.4,69.21,69.23,0,0,1,0,-,-,neutral"
2026-06-26T13:55:00.000-04:00,"2026-6-26 13:55,69.28,69.37,69.22,69.23,0,0,0,0,-,-,neutral"
2026-06-26T14:00:00.000-04:00,"2026-6-26 14:00,69.28,69.35,69.22,69.24,0,0,0,0,-,-,neutral"
2026-06-26T14:05:00.000-04:00,"2026-6-26 14:05,69.33,69.35,69.23,69.24,0,0,0,0,-,-,neutral"
2026-06-26T14:10:00.000-04:00,"2026-6-26 14:10,69.36,69.36,69.24,69.24,0,0,1,0,-,-,neutral"
2026-06-26T14:15:00.000-04:00,"2026-6-26 14:15,69.33,69.36,69.25,69.25,0,0,1,0,-,-,neutral"
2026-06-26T14:20:00.000-04:00,"2026-6-26 14:20,69.21,69.31,69.24,69.25,0,0,1,0,-,-,neutral"
2026-06-26T14:25:00.000-04:00,"2026-6-26 14:25,69.25,69.29,69.24,69.25,0,0,0,0,-,-,neutral"
2026-06-26T14:30:00.000-04:00,"2026-6-26 14:30,69.16,69.24,69.24,69.24,0,0,0,0,-,-,neutral"
2026-06-26T14:35:00.000-04:00,"2026-6-26 14:35,69.2,69.22,69.24,69.24,-5,-1,0,0,S,-,FIGHT"
2026-06-26T14:40:00.000-04:00,"2026-6-26 14:40,69.12,69.17,69.23,69.24,-5,-1,-1,0,-,-,wave_only"
2026-06-26T14:45:00.000-04:00,"2026-6-26 14:45,69.17,69.16,69.22,69.23,-5,-1,-1,0,-,-,wave_only"
2026-06-26T14:50:00.000-04:00,"2026-6-26 14:50,69.14,69.14,69.22,69.23,-5,-1,-1,0,-,-,wave_only"
2026-06-26T14:55:00.000-04:00,"2026-6-26 14:55,69.12,69.12,69.21,69.23,-5,-1,-1,-1,-,-,RIDE_both"
2026-06-26T15:00:00.000-04:00,"2026-6-26 15:00,69.1,69.1,69.2,69.22,-5,-1,-1,-1,-,-,RIDE_both"
2026-06-26T15:05:00.000-04:00,"2026-6-26 15:05,69.07,69.07,69.19,69.22,-5,-1,-1,-1,-,-,RIDE_both"
2026-06-26T15:10:00.000-04:00,"2026-6-26 15:10,69.1,69.07,69.18,69.21,-3,-1,-1,-1,-,-,RIDE_both"
2026-06-26T15:15:00.000-04:00,"2026-6-26 15:15,69.17,69.09,69.18,69.21,0,0,-1,-1,-,-,neutral"
2026-06-26T15:20:00.000-04:00,"2026-6-26 15:20,69.16,69.11,69.18,69.21,0,0,-1,-1,-,-,neutral"
2026-06-26T15:25:00.000-04:00,"2026-6-26 15:25,69.2,69.13,69.18,69.21,0,0,0,-1,-,-,neutral"
2026-06-26T15:30:00.000-04:00,"2026-6-26 15:30,69.22,69.16,69.18,69.21,0,0,0,-1,-,-,neutral"
2026-06-26T15:35:00.000-04:00,"2026-6-26 15:35,69.32,69.22,69.2,69.21,5,1,0,-1,B,-,FIGHT"
2026-06-26T15:40:00.000-04:00,"2026-6-26 15:40,69.42,69.3,69.21,69.22,7,1,1,-1,-,-,wave_only"
2026-06-26T15:45:00.000-04:00,"2026-6-26 15:45,69.45,69.37,69.23,69.23,7,1,1,-1,-,-,wave_only"
2026-06-26T15:50:00.000-04:00,"2026-6-26 15:50,69.47,69.42,69.25,69.24,7,1,1,-1,-,-,wave_only"
2026-06-26T15:55:00.000-04:00,"2026-6-26 15:55,69.51,69.48,69.27,69.25,7,1,1,0,-,-,wave_only"
2026-06-26T16:00:00.000-04:00,"2026-6-26 16:00,69.38,69.47,69.28,69.25,0,0,1,0,-,-,neutral"
2026-06-26T16:05:00.000-04:00,"2026-6-26 16:05,69.42,69.47,69.29,69.26,0,0,1,0,-,-,neutral"
2026-06-26T16:10:00.000-04:00,"2026-6-26 16:10,69.41,69.47,69.3,69.27,0,0,1,0,-,-,neutral"
2026-06-26T16:15:00.000-04:00,"2026-6-26 16:15,69.44,69.47,69.31,69.27,0,0,1,0,-,-,neutral"
2026-06-26T16:20:00.000-04:00,"2026-6-26 16:20,69.51,69.5,69.32,69.28,5,1,1,0,-,-,wave_only"
2026-06-26T16:25:00.000-04:00,"2026-6-26 16:25,69.54,69.53,69.34,69.29,5,1,1,0,-,-,wave_only"
2026-06-26T16:30:00.000-04:00,"2026-6-26 16:30,70.05,69.74,69.4,69.32,7,1,1,0,-,-,wave_only"
2026-06-26T16:35:00.000-04:00,"2026-6-26 16:35,69.82,69.81,69.43,69.34,7,1,1,0,-,-,wave_only"
2026-06-26T16:40:00.000-04:00,"2026-6-26 16:40,69.85,69.86,69.46,69.36,7,1,1,0,-,-,wave_only"
2026-06-26T16:45:00.000-04:00,"2026-6-26 16:45,70.02,69.96,69.5,69.39,7,1,1,0,-,-,wave_only"
2026-06-26T16:50:00.000-04:00,"2026-6-26 16:50,70.29,70.13,69.56,69.42,7,1,1,0,-,-,wave_only"
2026-06-26T16:55:00.000-04:00,"2026-6-26 16:55,70.26,70.23,69.62,69.46,7,1,1,0,-,-,wave_only"
2026-06-28T18:00:00.000-04:00,"2026-6-28 18:00,69.96,70.19,69.64,69.48,0,0,1,0,-,-,neutral"
2026-06-28T18:05:00.000-04:00,"2026-6-28 18:05,70.01,70.17,69.67,69.5,0,0,1,0,-,-,neutral"
2026-06-28T18:10:00.000-04:00,"2026-6-28 18:10,70.12,70.19,69.71,69.52,0,0,1,0,-,-,neutral"
2026-06-28T18:15:00.000-04:00,"2026-6-28 18:15,70.37,70.3,69.76,69.55,7,1,1,0,-,-,wave_only"
2026-06-28T18:20:00.000-04:00,"2026-6-28 18:20,70.25,70.32,69.8,69.58,0,0,1,0,-,-,neutral"
2026-06-28T18:25:00.000-04:00,"2026-6-28 18:25,70.38,70.38,69.84,69.61,7,1,1,0,-,-,wave_only"
2026-06-28T18:30:00.000-04:00,"2026-6-28 18:30,70.17,70.34,69.87,69.63,0,0,1,0,-,-,neutral"
2026-06-28T18:35:00.000-04:00,"2026-6-28 18:35,70.17,70.31,69.89,69.66,0,0,1,0,-,-,neutral"
2026-06-28T18:40:00.000-04:00,"2026-6-28 18:40,70.15,70.27,69.91,69.68,0,0,0,0,-,-,neutral"
2026-06-28T18:45:00.000-04:00,"2026-6-28 18:45,70.04,70.2,69.92,69.69,0,0,0,0,-,-,neutral"
2026-06-28T18:50:00.000-04:00,"2026-6-28 18:50,70.08,70.16,69.93,69.7,0,0,0,0,-,-,neutral"
2026-06-28T18:55:00.000-04:00,"2026-6-28 18:55,70.04,70.12,69.94,69.72,0,0,0,1,-,-,neutral"
2026-06-28T19:00:00.000-04:00,"2026-6-28 19:00,70.02,70.08,69.95,69.73,-3,-1,0,1,S,-,FIGHT"
2026-06-28T19:05:00.000-04:00,"2026-6-28 19:05,70.04,70.05,69.95,69.74,-3,-1,0,1,-,-,FIGHT"
2026-06-28T19:10:00.000-04:00,"2026-6-28 19:10,69.99,70.02,69.96,69.75,-3,-1,0,1,-,-,FIGHT"
2026-06-28T19:15:00.000-04:00,"2026-6-28 19:15,69.9,69.96,69.95,69.76,-5,-1,0,1,-,-,FIGHT"
2026-06-28T19:20:00.000-04:00,"2026-6-28 19:20,69.9,69.92,69.95,69.76,-5,-1,0,1,-,-,FIGHT"
2026-06-28T19:25:00.000-04:00,"2026-6-28 19:25,69.87,69.88,69.94,69.77,-5,-1,0,1,-,-,FIGHT"
2026-06-28T19:30:00.000-04:00,"2026-6-28 19:30,69.89,69.86,69.94,69.77,-5,-1,0,1,-,-,FIGHT"
2026-06-28T19:35:00.000-04:00,"2026-6-28 19:35,69.83,69.82,69.93,69.77,-5,-1,0,1,-,-,FIGHT"
2026-06-28T19:40:00.000-04:00,"2026-6-28 19:40,69.8,69.79,69.92,69.78,-5,-1,0,1,-,-,FIGHT"
2026-06-28T19:45:00.000-04:00,"2026-6-28 19:45,69.69,69.72,69.9,69.77,-5,-1,0,1,-,-,FIGHT"
2026-06-28T19:50:00.000-04:00,"2026-6-28 19:50,69.74,69.7,69.89,69.77,-5,-1,0,1,-,-,FIGHT"
2026-06-28T19:55:00.000-04:00,"2026-6-28 19:55,69.75,69.69,69.88,69.77,-3,-1,0,0,-,-,FIGHT"
2026-06-28T20:00:00.000-04:00,"2026-6-28 20:00,69.68,69.66,69.86,69.77,-5,-1,0,0,-,-,FIGHT"
2026-06-28T20:05:00.000-04:00,"2026-6-28 20:05,69.52,69.58,69.84,69.76,-5,-1,0,0,-,-,FIGHT"
2026-06-28T20:10:00.000-04:00,"2026-6-28 20:10,69.44,69.49,69.81,69.74,-5,-1,0,0,-,-,FIGHT"
2026-06-28T20:15:00.000-04:00,"2026-6-28 20:15,69.56,69.48,69.79,69.74,-5,0,0,0,-,-,neutral"
2026-06-28T20:20:00.000-04:00,"2026-6-28 20:20,69.64,69.5,69.78,69.73,0,0,0,0,-,-,neutral"
2026-06-28T20:25:00.000-04:00,"2026-6-28 20:25,69.79,69.58,69.78,69.74,0,0,0,0,-,-,neutral"
2026-06-28T20:30:00.000-04:00,"2026-6-28 20:30,69.79,69.64,69.78,69.74,0,0,0,0,-,-,neutral"
2026-06-28T20:35:00.000-04:00,"2026-6-28 20:35,69.88,69.72,69.79,69.74,0,0,0,0,-,-,neutral"
2026-06-28T20:40:00.000-04:00,"2026-6-28 20:40,69.93,69.8,69.8,69.75,7,1,1,0,B,-,wave_only"
2026-06-28T20:45:00.000-04:00,"2026-6-28 20:45,70.03,69.89,69.82,69.76,7,1,1,0,-,-,wave_only"
2026-06-28T20:50:00.000-04:00,"2026-6-28 20:50,69.97,69.94,69.83,69.77,7,1,1,0,-,-,wave_only"
2026-06-28T20:55:00.000-04:00,"2026-6-28 20:55,69.84,69.92,69.83,69.77,0,0,0,1,-,-,neutral"
2026-06-28T21:00:00.000-04:00,"2026-6-28 21:00,70.12,70.01,69.85,69.79,7,1,0,1,-,-,tide_only"
2026-06-28T21:05:00.000-04:00,"2026-6-28 21:05,70.15,70.09,69.87,69.8,7,1,0,1,-,-,tide_only"
2026-06-28T21:10:00.000-04:00,"2026-6-28 21:10,70.19,70.15,69.9,69.82,7,1,1,1,-,-,RIDE_both"
2026-06-28T21:15:00.000-04:00,"2026-6-28 21:15,70.11,70.17,69.91,69.83,0,0,1,1,-,-,neutral"
2026-06-28T21:20:00.000-04:00,"2026-6-28 21:20,70.17,70.2,69.93,69.84,7,1,1,1,-,-,RIDE_both"
2026-06-28T21:25:00.000-04:00,"2026-6-28 21:25,70.12,70.2,69.95,69.85,0,0,1,1,-,-,neutral"
2026-06-28T21:30:00.000-04:00,"2026-6-28 21:30,70.09,70.19,69.96,69.86,0,0,1,1,-,-,neutral"
2026-06-28T21:35:00.000-04:00,"2026-6-28 21:35,70.08,70.17,69.97,69.87,0,0,1,1,-,-,neutral"
2026-06-28T21:40:00.000-04:00,"2026-6-28 21:40,70.03,70.14,69.97,69.88,0,0,0,1,-,-,neutral"
2026-06-28T21:45:00.000-04:00,"2026-6-28 21:45,70.07,70.12,69.98,69.88,0,0,0,1,-,-,neutral"
2026-06-28T21:50:00.000-04:00,"2026-6-28 21:50,70.05,70.11,69.99,69.89,0,0,0,1,-,-,neutral"
2026-06-28T21:55:00.000-04:00,"2026-6-28 21:55,70,70.07,69.99,69.89,0,0,0,1,-,-,neutral"
2026-06-28T22:00:00.000-04:00,"2026-6-28 22:00,70.04,70.06,69.99,69.9,0,0,0,1,-,-,neutral"
2026-06-28T22:05:00.000-04:00,"2026-6-28 22:05,69.99,70.04,69.99,69.9,-3,-1,0,1,S,-,FIGHT"
2026-06-28T22:10:00.000-04:00,"2026-6-28 22:10,69.98,70.01,69.99,69.91,-3,-1,0,1,-,-,FIGHT"
2026-06-28T22:15:00.000-04:00,"2026-6-28 22:15,70.08,70.03,70,69.91,7,1,0,1,B,-,tide_only"
2026-06-28T22:20:00.000-04:00,"2026-6-28 22:20,70.03,70.03,70,69.92,0,0,0,1,-,-,neutral"
2026-06-28T22:25:00.000-04:00,"2026-6-28 22:25,70.04,70.03,70,69.92,7,1,0,1,-,-,tide_only"
2026-06-28T22:30:00.000-04:00,"2026-6-28 22:30,69.92,69.99,70,69.92,-5,-1,0,1,S,-,FIGHT"
2026-06-28T22:35:00.000-04:00,"2026-6-28 22:35,69.88,69.94,69.99,69.92,-5,-1,0,1,-,-,FIGHT"
2026-06-28T22:40:00.000-04:00,"2026-6-28 22:40,69.88,69.91,69.98,69.92,-5,-1,0,1,-,-,FIGHT"
2026-06-28T22:45:00.000-04:00,"2026-6-28 22:45,69.84,69.87,69.97,69.92,-5,-1,0,1,-,-,FIGHT"
2026-06-28T22:50:00.000-04:00,"2026-6-28 22:50,69.91,69.87,69.96,69.92,0,0,0,1,-,-,neutral"
2026-06-28T22:55:00.000-04:00,"2026-6-28 22:55,69.96,69.89,69.96,69.92,0,0,0,1,-,-,neutral"
2026-06-28T23:00:00.000-04:00,"2026-6-28 23:00,70.02,69.93,69.97,69.92,0,0,0,1,-,-,neutral"
2026-06-28T23:05:00.000-04:00,"2026-6-28 23:05,69.94,69.92,69.97,69.92,0,0,0,1,-,-,neutral"
2026-06-28T23:10:00.000-04:00,"2026-6-28 23:10,70.08,69.98,69.97,69.93,7,1,1,1,B,BUY,RIDE_both"
2026-06-28T23:15:00.000-04:00,"2026-6-28 23:15,70.01,69.99,69.98,69.93,7,0,1,1,-,-,neutral"
2026-06-28T23:20:00.000-04:00,"2026-6-28 23:20,69.93,69.97,69.97,69.93,-5,-1,1,1,S,-,FIGHT"
2026-06-28T23:25:00.000-04:00,"2026-6-28 23:25,70,69.98,69.98,69.93,7,0,0,1,-,-,neutral"
2026-06-28T23:30:00.000-04:00,"2026-6-28 23:30,70.05,70.01,69.98,69.94,7,1,0,1,B,-,tide_only"
2026-06-28T23:35:00.000-04:00,"2026-6-28 23:35,69.97,70,69.98,69.94,0,0,0,1,-,-,neutral"
2026-06-28T23:40:00.000-04:00,"2026-6-28 23:40,69.94,69.98,69.98,69.94,-5,0,0,1,-,-,neutral"
2026-06-28T23:45:00.000-04:00,"2026-6-28 23:45,69.98,69.98,69.98,69.94,0,0,0,1,-,-,neutral"
2026-06-28T23:50:00.000-04:00,"2026-6-28 23:50,70.09,70.02,69.99,69.95,7,1,0,1,-,-,tide_only"
2026-06-28T23:55:00.000-04:00,"2026-6-28 23:55,70.05,70.03,69.99,69.95,7,1,1,1,-,-,RIDE_both"
2026-06-29T00:00:00.000-04:00,"2026-6-29 0:00,70.11,70.07,70,69.96,7,1,1,1,-,-,RIDE_both"
2026-06-29T00:05:00.000-04:00,"2026-6-29 0:05,70.05,70.07,70,69.96,7,1,1,1,-,-,RIDE_both"
2026-06-29T00:10:00.000-04:00,"2026-6-29 0:10,70.07,70.08,70.01,69.97,7,1,1,1,-,-,RIDE_both"
2026-06-29T00:15:00.000-04:00,"2026-6-29 0:15,70.07,70.08,70.01,69.97,7,1,1,1,-,-,RIDE_both"
2026-06-29T00:20:00.000-04:00,"2026-6-29 0:20,70.06,70.08,70.02,69.97,0,0,1,1,-,-,neutral"
2026-06-29T00:25:00.000-04:00,"2026-6-29 0:25,70.04,70.07,70.02,69.98,0,0,1,1,-,-,neutral"
2026-06-29T00:30:00.000-04:00,"2026-6-29 0:30,69.98,70.04,70.02,69.98,-3,0,1,1,-,-,neutral"
2026-06-29T00:35:00.000-04:00,"2026-6-29 0:35,70.03,70.04,70.02,69.98,0,0,1,1,-,-,neutral"
2026-06-29T00:40:00.000-04:00,"2026-6-29 0:40,70,70.02,70.02,69.98,-5,0,0,1,-,-,neutral"
2026-06-29T00:45:00.000-04:00,"2026-6-29 0:45,70.02,70.02,70.02,69.98,-5,0,0,1,-,-,neutral"
2026-06-29T00:50:00.000-04:00,"2026-6-29 0:50,70.02,70.02,70.02,69.98,0,0,0,1,-,-,neutral"
2026-06-29T00:55:00.000-04:00,"2026-6-29 0:55,69.95,69.99,70.01,69.98,-5,-1,0,0,S,-,FIGHT"
2026-06-29T01:00:00.000-04:00,"2026-6-29 1:00,69.95,69.97,70.01,69.98,-5,-1,0,0,-,-,FIGHT"
2026-06-29T01:05:00.000-04:00,"2026-6-29 1:05,69.82,69.91,69.99,69.97,-5,-1,0,0,-,-,FIGHT"
2026-06-29T01:10:00.000-04:00,"2026-6-29 1:10,69.7,69.82,69.97,69.96,-7,-1,-1,0,-,-,wave_only"
2026-06-29T01:15:00.000-04:00,"2026-6-29 1:15,69.86,69.82,69.96,69.96,0,0,-1,0,-,-,neutral"
2026-06-29T01:20:00.000-04:00,"2026-6-29 1:20,69.83,69.8,69.95,69.95,-5,0,-1,0,-,-,neutral"
2026-06-29T01:25:00.000-04:00,"2026-6-29 1:25,69.75,69.77,69.94,69.95,-3,-1,-1,0,-,-,wave_only"
2026-06-29T01:30:00.000-04:00,"2026-6-29 1:30,69.49,69.65,69.9,69.93,-5,-1,-1,0,-,-,wave_only"
2026-06-29T01:35:00.000-04:00,"2026-6-29 1:35,69.52,69.57,69.87,69.91,-7,-1,-1,0,-,-,wave_only"
2026-06-29T01:40:00.000-04:00,"2026-6-29 1:40,69.51,69.52,69.84,69.9,0,0,-1,0,-,-,neutral"
2026-06-29T01:45:00.000-04:00,"2026-6-29 1:45,69.62,69.52,69.83,69.89,0,0,-1,0,-,-,neutral"
2026-06-29T01:50:00.000-04:00,"2026-6-29 1:50,69.58,69.51,69.81,69.87,0,0,-1,0,-,-,neutral"
2026-06-29T01:55:00.000-04:00,"2026-6-29 1:55,69.51,69.48,69.79,69.86,0,0,-1,-1,-,-,neutral"
2026-06-29T02:00:00.000-04:00,"2026-6-29 2:00,69.66,69.52,69.78,69.85,0,0,-1,-1,-,-,neutral"
2026-06-29T02:05:00.000-04:00,"2026-6-29 2:05,69.7,69.57,69.77,69.85,0,0,-1,-1,-,-,neutral"
2026-06-29T02:10:00.000-04:00,"2026-6-29 2:10,69.72,69.61,69.77,69.84,0,0,0,-1,-,-,neutral"
2026-06-29T02:15:00.000-04:00,"2026-6-29 2:15,69.76,69.66,69.77,69.84,0,0,0,-1,-,-,neutral"
2026-06-29T02:20:00.000-04:00,"2026-6-29 2:20,70.01,69.79,69.78,69.84,5,1,0,-1,B,-,FIGHT"
2026-06-29T02:25:00.000-04:00,"2026-6-29 2:25,70.07,69.91,69.81,69.85,5,1,0,-1,-,-,FIGHT"
2026-06-29T02:30:00.000-04:00,"2026-6-29 2:30,70.18,70.03,69.83,69.87,5,1,0,-1,-,-,FIGHT"
2026-06-29T02:35:00.000-04:00,"2026-6-29 2:35,70.19,70.12,69.86,69.88,5,1,0,-1,-,-,FIGHT"
2026-06-29T02:40:00.000-04:00,"2026-6-29 2:40,70.2,70.19,69.89,69.89,5,1,1,-1,-,-,wave_only"
2026-06-29T02:45:00.000-04:00,"2026-6-29 2:45,70.16,70.22,69.91,69.9,5,1,1,-1,-,-,wave_only"
2026-06-29T02:50:00.000-04:00,"2026-6-29 2:50,69.96,70.17,69.91,69.9,0,0,1,-1,-,-,neutral"
2026-06-29T02:55:00.000-04:00,"2026-6-29 2:55,69.96,70.12,69.92,69.91,0,0,1,0,-,-,neutral"
2026-06-29T03:00:00.000-04:00,"2026-6-29 3:00,69.96,70.09,69.92,69.91,0,0,1,0,-,-,neutral"
2026-06-29T03:05:00.000-04:00,"2026-6-29 3:05,69.95,70.05,69.92,69.91,0,0,1,0,-,-,neutral"
2026-06-29T03:10:00.000-04:00,"2026-6-29 3:10,69.87,70,69.92,69.91,0,0,0,0,-,-,neutral"
2026-06-29T03:15:00.000-04:00,"2026-6-29 3:15,69.87,69.95,69.91,69.91,0,0,0,0,-,-,neutral"
2026-06-29T03:20:00.000-04:00,"2026-6-29 3:20,69.89,69.93,69.91,69.91,0,0,0,0,-,-,neutral"
2026-06-29T03:25:00.000-04:00,"2026-6-29 3:25,69.96,69.94,69.92,69.91,7,0,1,0,-,-,neutral"
2026-06-29T03:30:00.000-04:00,"2026-6-29 3:30,69.81,69.89,69.91,69.9,-7,-1,1,0,S,-,FIGHT"
2026-06-29T03:35:00.000-04:00,"2026-6-29 3:35,69.65,69.79,69.89,69.89,-7,-1,1,0,-,-,FIGHT"
2026-06-29T03:40:00.000-04:00,"2026-6-29 3:40,69.68,69.74,69.87,69.89,-7,-1,-1,0,-,-,wave_only"
2026-06-29T03:45:00.000-04:00,"2026-6-29 3:45,69.73,69.71,69.86,69.88,-5,-1,-1,0,-,-,wave_only"
2026-06-29T03:50:00.000-04:00,"2026-6-29 3:50,69.62,69.66,69.84,69.87,-7,-1,-1,0,-,-,wave_only"
2026-06-29T03:55:00.000-04:00,"2026-6-29 3:55,69.55,69.6,69.82,69.86,-7,-1,-1,-1,-,-,RIDE_both"
2026-06-29T04:00:00.000-04:00,"2026-6-29 4:00,69.76,69.63,69.82,69.85,0,0,-1,-1,-,-,neutral"
2026-06-29T04:05:00.000-04:00,"2026-6-29 4:05,69.79,69.67,69.81,69.85,0,0,-1,-1,-,-,neutral"
2026-06-29T04:10:00.000-04:00,"2026-6-29 4:10,69.84,69.72,69.82,69.85,0,0,0,-1,-,-,neutral"
2026-06-29T04:15:00.000-04:00,"2026-6-29 4:15,70.02,69.82,69.83,69.86,3,0,0,-1,-,-,neutral"
2026-06-29T04:20:00.000-04:00,"2026-6-29 4:20,70.08,69.92,69.85,69.87,5,1,0,-1,B,-,FIGHT"
2026-06-29T04:25:00.000-04:00,"2026-6-29 4:25,70.16,70.02,69.87,69.88,7,1,1,-1,-,-,wave_only"
2026-06-29T04:30:00.000-04:00,"2026-6-29 4:30,70.15,70.09,69.9,69.89,7,1,1,-1,-,-,wave_only"
2026-06-29T04:35:00.000-04:00,"2026-6-29 4:35,70.07,70.11,69.91,69.9,0,0,1,-1,-,-,neutral"
2026-06-29T04:40:00.000-04:00,"2026-6-29 4:40,70.07,70.12,69.92,69.9,0,0,1,-1,-,-,neutral"
2026-06-29T04:45:00.000-04:00,"2026-6-29 4:45,70,70.1,69.93,69.91,0,0,1,-1,-,-,neutral"
2026-06-29T04:50:00.000-04:00,"2026-6-29 4:50,70.16,70.14,69.95,69.92,7,1,1,-1,-,-,wave_only"
2026-06-29T04:55:00.000-04:00,"2026-6-29 4:55,70.16,70.17,69.96,69.93,7,0,1,1,-,-,neutral"
2026-06-29T05:00:00.000-04:00,"2026-6-29 5:00,70.12,70.17,69.97,69.93,0,0,1,1,-,-,neutral"
2026-06-29T05:05:00.000-04:00,"2026-6-29 5:05,70.01,70.13,69.98,69.94,0,0,1,1,-,-,neutral"
2026-06-29T05:10:00.000-04:00,"2026-6-29 5:10,70.02,70.1,69.98,69.94,0,0,0,1,-,-,neutral"
2026-06-29T05:15:00.000-04:00,"2026-6-29 5:15,70.06,70.1,69.99,69.94,0,0,0,1,-,-,neutral"
2026-06-29T05:20:00.000-04:00,"2026-6-29 5:20,70.21,70.14,70,69.95,7,1,0,1,-,-,tide_only"
2026-06-29T05:25:00.000-04:00,"2026-6-29 5:25,70.33,70.22,70.03,69.97,7,1,1,1,-,-,RIDE_both"
2026-06-29T05:30:00.000-04:00,"2026-6-29 5:30,70.44,70.32,70.06,69.99,7,1,1,1,-,-,RIDE_both"
2026-06-29T05:35:00.000-04:00,"2026-6-29 5:35,70.4,70.37,70.09,70,7,1,1,1,-,-,RIDE_both"
2026-06-29T05:40:00.000-04:00,"2026-6-29 5:40,70.37,70.4,70.11,70.02,0,0,1,1,-,-,neutral"
2026-06-29T05:45:00.000-04:00,"2026-6-29 5:45,70.49,70.46,70.14,70.04,7,1,1,1,-,-,RIDE_both"
2026-06-29T05:50:00.000-04:00,"2026-6-29 5:50,70.66,70.56,70.18,70.06,7,1,1,1,-,-,RIDE_both"
2026-06-29T05:55:00.000-04:00,"2026-6-29 5:55,70.61,70.61,70.21,70.08,7,1,1,1,-,-,RIDE_both"
2026-06-29T06:00:00.000-04:00,"2026-6-29 6:00,70.42,70.58,70.23,70.1,0,0,1,1,-,-,neutral"
2026-06-29T06:05:00.000-04:00,"2026-6-29 6:05,70.15,70.45,70.22,70.1,0,0,1,1,-,-,neutral"
2026-06-29T06:10:00.000-04:00,"2026-6-29 6:10,70.06,70.32,70.21,70.1,0,0,0,1,-,-,neutral"
2026-06-29T06:15:00.000-04:00,"2026-6-29 6:15,69.92,70.17,70.19,70.09,-5,-1,0,1,S,-,FIGHT"
2026-06-29T06:20:00.000-04:00,"2026-6-29 6:20,69.92,70.06,70.17,70.08,-5,-1,0,1,-,-,FIGHT"
2026-06-29T06:25:00.000-04:00,"2026-6-29 6:25,69.99,70,70.15,70.08,-5,-1,0,1,-,-,FIGHT"
2026-06-29T06:30:00.000-04:00,"2026-6-29 6:30,69.98,69.96,70.14,70.08,-5,-1,0,1,-,-,FIGHT"
2026-06-29T06:35:00.000-04:00,"2026-6-29 6:35,69.98,69.94,70.13,70.07,-5,-1,0,1,-,-,FIGHT"
2026-06-29T06:40:00.000-04:00,"2026-6-29 6:40,69.9,69.89,70.11,70.06,-5,-1,0,1,-,-,FIGHT"
2026-06-29T06:45:00.000-04:00,"2026-6-29 6:45,69.97,69.89,70.1,70.06,0,0,0,1,-,-,neutral"
2026-06-29T06:50:00.000-04:00,"2026-6-29 6:50,69.86,69.85,70.08,70.05,-5,-1,0,1,-,-,FIGHT"
2026-06-29T06:55:00.000-04:00,"2026-6-29 6:55,69.83,69.81,70.06,70.04,-5,-1,-1,0,-,-,wave_only"
2026-06-29T07:00:00.000-04:00,"2026-6-29 7:00,69.84,69.79,70.04,70.04,-5,0,-1,0,-,-,neutral"
2026-06-29T07:05:00.000-04:00,"2026-6-29 7:05,69.76,69.75,70.02,70.03,-3,-1,-1,0,-,-,wave_only"
2026-06-29T07:10:00.000-04:00,"2026-6-29 7:10,69.79,69.73,70,70.02,-5,0,-1,0,-,-,neutral"
2026-06-29T07:15:00.000-04:00,"2026-6-29 7:15,70,69.8,70,70.02,0,0,-1,0,-,-,neutral"
2026-06-29T07:20:00.000-04:00,"2026-6-29 7:20,69.99,69.85,70,70.01,0,0,-1,0,-,-,neutral"
2026-06-29T07:25:00.000-04:00,"2026-6-29 7:25,70.01,69.9,70,70.01,0,0,0,0,-,-,neutral"
2026-06-29T07:30:00.000-04:00,"2026-6-29 7:30,70,69.93,70,70.01,0,0,0,0,-,-,neutral"
2026-06-29T07:35:00.000-04:00,"2026-6-29 7:35,69.96,69.94,70,70.01,0,0,0,0,-,-,neutral"
2026-06-29T07:40:00.000-04:00,"2026-6-29 7:40,69.85,69.91,69.99,70.01,-5,-1,-1,0,-,-,wave_only"
2026-06-29T07:45:00.000-04:00,"2026-6-29 7:45,69.84,69.88,69.98,70,-5,-1,-1,0,-,-,wave_only"
2026-06-29T07:50:00.000-04:00,"2026-6-29 7:50,69.75,69.83,69.96,69.99,-5,-1,-1,0,-,-,wave_only"
2026-06-29T07:55:00.000-04:00,"2026-6-29 7:55,69.97,69.87,69.96,69.99,0,0,0,0,-,-,neutral"
2026-06-29T08:00:00.000-04:00,"2026-6-29 8:00,70,69.92,69.96,69.99,3,1,0,0,B,-,FIGHT"
2026-06-29T08:05:00.000-04:00,"2026-6-29 8:05,69.83,69.89,69.95,69.98,-5,-1,0,0,S,-,FIGHT"
2026-06-29T08:10:00.000-04:00,"2026-6-29 8:10,69.86,69.88,69.95,69.98,-5,-1,-1,0,-,-,wave_only"
2026-06-29T08:15:00.000-04:00,"2026-6-29 8:15,70.01,69.92,69.95,69.98,3,1,-1,0,B,-,FIGHT"
2026-06-29T08:20:00.000-04:00,"2026-6-29 8:20,69.99,69.95,69.95,69.98,5,1,-1,0,-,-,FIGHT"
2026-06-29T08:25:00.000-04:00,"2026-6-29 8:25,70.14,70.03,69.97,69.99,5,1,0,0,-,-,FIGHT"
2026-06-29T08:30:00.000-04:00,"2026-6-29 8:30,70.07,70.06,69.98,69.99,5,1,0,0,-,-,FIGHT"
2026-06-29T08:35:00.000-04:00,"2026-6-29 8:35,70.05,70.07,69.98,69.99,5,1,0,0,-,-,FIGHT"
2026-06-29T08:40:00.000-04:00,"2026-6-29 8:40,69.98,70.05,69.98,69.99,0,0,0,0,-,-,neutral"
2026-06-29T08:45:00.000-04:00,"2026-6-29 8:45,69.99,70.04,69.98,69.99,0,0,0,0,-,-,neutral"
2026-06-29T08:50:00.000-04:00,"2026-6-29 8:50,70.02,70.04,69.99,69.99,0,0,0,0,-,-,neutral"
2026-06-29T08:55:00.000-04:00,"2026-6-29 8:55,70.03,70.05,69.99,69.99,0,0,0,0,-,-,neutral"
2026-06-29T09:00:00.000-04:00,"2026-6-29 9:00,70.02,70.04,69.99,69.99,0,0,0,0,-,-,neutral"
2026-06-29T09:05:00.000-04:00,"2026-6-29 9:05,70.1,70.07,70,70,7,1,0,0,-,-,FIGHT"
2026-06-29T09:10:00.000-04:00,"2026-6-29 9:10,70.07,70.08,70,70,0,0,1,0,-,-,neutral"
2026-06-29T09:15:00.000-04:00,"2026-6-29 9:15,69.99,70.06,70,70,0,0,1,0,-,-,neutral"
2026-06-29T09:20:00.000-04:00,"2026-6-29 9:20,70.25,70.13,70.02,70.01,7,1,1,0,-,-,wave_only"
2026-06-29T09:25:00.000-04:00,"2026-6-29 9:25,70.27,70.2,70.04,70.02,7,1,1,0,-,-,wave_only"
2026-06-29T09:30:00.000-04:00,"2026-6-29 9:30,70.21,70.22,70.05,70.03,3,1,1,0,-,-,wave_only"
2026-06-29T09:35:00.000-04:00,"2026-6-29 9:35,70.09,70.19,70.06,70.03,0,0,1,0,-,-,neutral"
2026-06-29T09:40:00.000-04:00,"2026-6-29 9:40,70.06,70.15,70.06,70.03,0,0,0,0,-,-,neutral"
2026-06-29T09:45:00.000-04:00,"2026-6-29 9:45,70.12,70.15,70.06,70.04,0,0,0,0,-,-,neutral"
2026-06-29T09:50:00.000-04:00,"2026-6-29 9:50,70.25,70.19,70.08,70.04,7,1,0,0,-,-,FIGHT"
2026-06-29T09:55:00.000-04:00,"2026-6-29 9:55,70.08,70.16,70.08,70.05,0,0,0,0,-,-,neutral"
2026-06-29T10:00:00.000-04:00,"2026-6-29 10:00,70.15,70.16,70.08,70.05,7,0,0,0,-,-,neutral"
2026-06-29T10:05:00.000-04:00,"2026-6-29 10:05,70.08,70.14,70.08,70.05,0,0,0,0,-,-,neutral"
2026-06-29T10:10:00.000-04:00,"2026-6-29 10:10,70.22,70.17,70.09,70.06,7,1,1,0,-,-,wave_only"
2026-06-29T10:15:00.000-04:00,"2026-6-29 10:15,70.36,70.24,70.11,70.07,7,1,1,0,-,-,wave_only"
2026-06-29T10:20:00.000-04:00,"2026-6-29 10:20,70.28,70.27,70.13,70.08,3,1,1,0,-,-,wave_only"
2026-06-29T10:25:00.000-04:00,"2026-6-29 10:25,70.43,70.34,70.15,70.09,7,1,1,0,-,-,wave_only"
2026-06-29T10:30:00.000-04:00,"2026-6-29 10:30,70.4,70.38,70.17,70.1,7,1,1,0,-,-,wave_only"
2026-06-29T10:35:00.000-04:00,"2026-6-29 10:35,70.33,70.38,70.18,70.11,3,1,1,0,-,-,wave_only"
2026-06-29T10:40:00.000-04:00,"2026-6-29 10:40,70.36,70.39,70.2,70.12,3,1,1,0,-,-,wave_only"
2026-06-29T10:45:00.000-04:00,"2026-6-29 10:45,70.42,70.42,70.21,70.13,0,0,1,0,-,-,neutral"
2026-06-29T10:50:00.000-04:00,"2026-6-29 10:50,70.5,70.46,70.23,70.15,5,1,1,0,-,-,wave_only"
2026-06-29T10:55:00.000-04:00,"2026-6-29 10:55,70.47,70.49,70.25,70.16,0,0,1,1,-,-,neutral"
2026-06-29T11:00:00.000-04:00,"2026-6-29 11:00,70.34,70.45,70.26,70.17,0,0,1,1,-,-,neutral"
2026-06-29T11:05:00.000-04:00,"2026-6-29 11:05,70.42,70.45,70.27,70.18,3,1,1,1,-,-,RIDE_both"
2026-06-29T11:10:00.000-04:00,"2026-6-29 11:10,70.5,70.48,70.29,70.19,7,1,1,1,-,-,RIDE_both"
2026-06-29T11:15:00.000-04:00,"2026-6-29 11:15,70.5,70.5,70.31,70.2,3,1,1,1,-,-,RIDE_both"
2026-06-29T11:20:00.000-04:00,"2026-6-29 11:20,70.46,70.5,70.32,70.21,0,0,1,1,-,-,neutral"
2026-06-29T11:25:00.000-04:00,"2026-6-29 11:25,70.48,70.5,70.33,70.22,0,0,1,1,-,-,neutral"
2026-06-29T11:30:00.000-04:00,"2026-6-29 11:30,70.47,70.5,70.34,70.23,0,0,1,1,-,-,neutral"
2026-06-29T11:35:00.000-04:00,"2026-6-29 11:35,70.55,70.53,70.36,70.25,7,1,1,1,-,-,RIDE_both"
2026-06-29T11:40:00.000-04:00,"2026-6-29 11:40,70.58,70.55,70.37,70.26,7,1,1,1,-,-,RIDE_both"
2026-06-29T11:45:00.000-04:00,"2026-6-29 11:45,70.61,70.59,70.39,70.27,7,1,1,1,-,-,RIDE_both"
2026-06-29T11:50:00.000-04:00,"2026-6-29 11:50,70.64,70.62,70.41,70.29,7,1,1,1,-,-,RIDE_both"
2026-06-29T11:55:00.000-04:00,"2026-6-29 11:55,70.6,70.62,70.43,70.3,0,0,1,1,-,-,neutral"
2026-06-29T12:00:00.000-04:00,"2026-6-29 12:00,70.77,70.69,70.45,70.32,7,1,1,1,-,-,RIDE_both"
2026-06-29T12:05:00.000-04:00,"2026-6-29 12:05,70.79,70.74,70.48,70.34,7,1,1,1,-,-,RIDE_both"
2026-06-29T12:10:00.000-04:00,"2026-6-29 12:10,70.68,70.74,70.49,70.35,0,0,1,1,-,-,neutral"
2026-06-29T12:15:00.000-04:00,"2026-6-29 12:15,70.69,70.74,70.51,70.36,0,0,1,1,-,-,neutral"
2026-06-29T12:20:00.000-04:00,"2026-6-29 12:20,70.77,70.76,70.53,70.38,0,0,1,1,-,-,neutral"
2026-06-29T12:25:00.000-04:00,"2026-6-29 12:25,70.82,70.8,70.55,70.4,7,0,1,1,-,-,neutral"
2026-06-29T12:30:00.000-04:00,"2026-6-29 12:30,70.87,70.84,70.58,70.41,7,1,1,1,-,-,RIDE_both"
2026-06-29T12:35:00.000-04:00,"2026-6-29 12:35,70.87,70.87,70.6,70.43,3,1,1,1,-,-,RIDE_both"
2026-06-29T12:40:00.000-04:00,"2026-6-29 12:40,70.97,70.93,70.63,70.45,7,1,1,1,-,-,RIDE_both"
2026-06-29T12:45:00.000-04:00,"2026-6-29 12:45,70.94,70.95,70.65,70.47,7,1,1,1,-,-,RIDE_both"
2026-06-29T12:50:00.000-04:00,"2026-6-29 12:50,70.92,70.96,70.67,70.49,0,0,1,1,-,-,neutral"
2026-06-29T12:55:00.000-04:00,"2026-6-29 12:55,70.79,70.92,70.68,70.5,0,0,0,1,-,-,neutral"
2026-06-29T13:00:00.000-04:00,"2026-6-29 13:00,70.7,70.85,70.68,70.51,0,0,0,1,-,-,neutral"
2026-06-29T13:05:00.000-04:00,"2026-6-29 13:05,70.83,70.84,70.69,70.52,0,0,0,1,-,-,neutral"
2026-06-29T13:10:00.000-04:00,"2026-6-29 13:10,70.92,70.87,70.71,70.54,7,1,1,1,-,-,RIDE_both"
2026-06-29T13:15:00.000-04:00,"2026-6-29 13:15,70.96,70.91,70.73,70.55,7,1,1,1,-,-,RIDE_both"
2026-06-29T13:20:00.000-04:00,"2026-6-29 13:20,71,70.95,70.75,70.57,7,1,1,1,-,-,RIDE_both"
2026-06-29T13:25:00.000-04:00,"2026-6-29 13:25,70.89,70.94,70.76,70.58,0,0,0,1,-,-,neutral"
2026-06-29T13:30:00.000-04:00,"2026-6-29 13:30,70.93,70.94,70.77,70.6,7,0,0,1,-,-,neutral"
2026-06-29T13:35:00.000-04:00,"2026-6-29 13:35,70.94,70.95,70.79,70.61,7,0,0,1,-,-,neutral"
2026-06-29T13:40:00.000-04:00,"2026-6-29 13:40,70.91,70.94,70.8,70.62,0,0,0,1,-,-,neutral"
2026-06-29T13:45:00.000-04:00,"2026-6-29 13:45,70.86,70.91,70.8,70.63,0,0,0,1,-,-,neutral"
2026-06-29T13:50:00.000-04:00,"2026-6-29 13:50,70.86,70.89,70.81,70.64,-3,-1,0,1,S,-,FIGHT"
2026-06-29T13:55:00.000-04:00,"2026-6-29 13:55,70.9,70.89,70.81,70.65,0,0,0,1,-,-,neutral"
2026-06-29T14:00:00.000-04:00,"2026-6-29 14:00,70.83,70.87,70.81,70.66,-3,-1,0,1,-,-,FIGHT"
2026-06-29T14:05:00.000-04:00,"2026-6-29 14:05,70.91,70.88,70.82,70.67,7,1,0,1,B,-,tide_only"
2026-06-29T14:10:00.000-04:00,"2026-6-29 14:10,70.82,70.85,70.82,70.67,-3,-1,0,1,S,-,FIGHT"
2026-06-29T14:15:00.000-04:00,"2026-6-29 14:15,70.6,70.75,70.8,70.67,-5,-1,0,1,-,-,FIGHT"
2026-06-29T14:20:00.000-04:00,"2026-6-29 14:20,70.56,70.66,70.79,70.67,-5,-1,0,1,-,-,FIGHT"
2026-06-29T14:25:00.000-04:00,"2026-6-29 14:25,70.82,70.7,70.79,70.67,0,0,0,1,-,-,neutral"
2026-06-29T14:30:00.000-04:00,"2026-6-29 14:30,70.7,70.68,70.78,70.67,-5,-1,0,1,-,-,FIGHT"
2026-06-29T14:35:00.000-04:00,"2026-6-29 14:35,70.63,70.64,70.77,70.67,-5,-1,0,1,-,-,FIGHT"
2026-06-29T14:40:00.000-04:00,"2026-6-29 14:40,70.61,70.61,70.76,70.67,-5,-1,0,1,-,-,FIGHT"
2026-06-29T14:45:00.000-04:00,"2026-6-29 14:45,70.61,70.59,70.75,70.67,-5,-1,0,1,-,-,FIGHT"
2026-06-29T14:50:00.000-04:00,"2026-6-29 14:50,70.51,70.54,70.73,70.66,-5,-1,0,1,-,-,FIGHT"
2026-06-29T14:55:00.000-04:00,"2026-6-29 14:55,70.46,70.49,70.71,70.65,-5,-1,0,0,-,-,FIGHT"
2026-06-29T15:00:00.000-04:00,"2026-6-29 15:00,70.52,70.47,70.69,70.65,0,0,0,0,-,-,neutral"
2026-06-29T15:05:00.000-04:00,"2026-6-29 15:05,70.52,70.47,70.68,70.64,0,0,0,0,-,-,neutral"
2026-06-29T15:10:00.000-04:00,"2026-6-29 15:10,70.51,70.46,70.67,70.64,0,0,-1,0,-,-,neutral"
2026-06-29T15:15:00.000-04:00,"2026-6-29 15:15,70.48,70.45,70.65,70.63,-5,0,-1,0,-,-,neutral"
2026-06-29T15:20:00.000-04:00,"2026-6-29 15:20,70.47,70.44,70.64,70.63,-5,0,-1,0,-,-,neutral"
2026-06-29T15:25:00.000-04:00,"2026-6-29 15:25,70.41,70.41,70.62,70.62,-3,-1,-1,0,-,-,wave_only"
2026-06-29T15:30:00.000-04:00,"2026-6-29 15:30,70.5,70.42,70.61,70.61,0,0,-1,0,-,-,neutral"
2026-06-29T15:35:00.000-04:00,"2026-6-29 15:35,70.45,70.42,70.6,70.61,0,0,-1,0,-,-,neutral"
2026-06-29T15:40:00.000-04:00,"2026-6-29 15:40,70.44,70.41,70.59,70.6,0,0,-1,0,-,-,neutral"
2026-06-29T15:45:00.000-04:00,"2026-6-29 15:45,70.4,70.4,70.57,70.59,-5,0,-1,0,-,-,neutral"
2026-06-29T15:50:00.000-04:00,"2026-6-29 15:50,70.49,70.42,70.57,70.59,0,0,-1,0,-,-,neutral"
2026-06-29T15:55:00.000-04:00,"2026-6-29 15:55,70.54,70.46,70.56,70.59,0,0,0,0,-,-,neutral"
2026-06-29T16:00:00.000-04:00,"2026-6-29 16:00,70.56,70.49,70.56,70.58,0,0,0,0,-,-,neutral"
2026-06-29T16:05:00.000-04:00,"2026-6-29 16:05,70.56,70.52,70.56,70.58,0,0,0,0,-,-,neutral"
2026-06-29T16:10:00.000-04:00,"2026-6-29 16:10,70.5,70.52,70.56,70.58,-5,-1,-1,0,-,-,wave_only"
2026-06-29T16:15:00.000-04:00,"2026-6-29 16:15,70.5,70.51,70.55,70.58,0,0,-1,0,-,-,neutral"
2026-06-29T16:20:00.000-04:00,"2026-6-29 16:20,70.5,70.51,70.55,70.57,0,0,-1,0,-,-,neutral"
2026-06-29T16:25:00.000-04:00,"2026-6-29 16:25,70.48,70.5,70.54,70.57,-7,-1,-1,0,-,-,wave_only"
2026-06-29T16:30:00.000-04:00,"2026-6-29 16:30,70.5,70.51,70.54,70.57,0,0,-1,0,-,-,neutral"
2026-06-29T16:35:00.000-04:00,"2026-6-29 16:35,70.6,70.54,70.55,70.57,5,1,-1,0,B,-,FIGHT"
2026-06-29T16:40:00.000-04:00,"2026-6-29 16:40,70.49,70.53,70.54,70.57,-7,-1,-1,0,S,-,wave_only"
2026-06-29T16:45:00.000-04:00,"2026-6-29 16:45,70.5,70.52,70.54,70.56,-7,-1,-1,0,-,-,wave_only"
2026-06-29T16:50:00.000-04:00,"2026-6-29 16:50,70.46,70.5,70.53,70.56,-7,-1,-1,0,-,-,wave_only"
2026-06-29T16:55:00.000-04:00,"2026-6-29 16:55,70.45,70.49,70.53,70.56,-7,-1,-1,0,-,-,wave_only"
2026-06-29T18:00:00.000-04:00,"2026-6-29 18:00,70.44,70.47,70.52,70.55,-7,-1,-1,0,-,-,wave_only"
2026-06-29T18:05:00.000-04:00,"2026-6-29 18:05,70.33,70.42,70.5,70.54,-7,-1,-1,0,-,-,wave_only"
2026-06-29T18:10:00.000-04:00,"2026-6-29 18:10,70.32,70.37,70.49,70.53,-7,-1,-1,0,-,-,wave_only"
2026-06-29T18:15:00.000-04:00,"2026-6-29 18:15,70.4,70.37,70.48,70.53,0,0,-1,0,-,-,neutral"
2026-06-29T18:20:00.000-04:00,"2026-6-29 18:20,70.37,70.36,70.47,70.52,-3,-1,-1,0,-,-,wave_only"
2026-06-29T18:25:00.000-04:00,"2026-6-29 18:25,70.37,70.36,70.47,70.52,0,0,-1,0,-,-,neutral"
2026-06-29T18:30:00.000-04:00,"2026-6-29 18:30,70.35,70.35,70.46,70.51,0,0,-1,0,-,-,neutral"
2026-06-29T18:35:00.000-04:00,"2026-6-29 18:35,70.34,70.34,70.45,70.5,-3,-1,-1,0,-,-,wave_only"
2026-06-29T18:40:00.000-04:00,"2026-6-29 18:40,70.31,70.32,70.44,70.5,-7,-1,-1,0,-,-,wave_only"
2026-06-29T18:45:00.000-04:00,"2026-6-29 18:45,70.28,70.3,70.43,70.49,-7,-1,-1,0,-,-,wave_only"
2026-06-29T18:50:00.000-04:00,"2026-6-29 18:50,70.28,70.28,70.41,70.48,-7,-1,-1,0,-,-,wave_only"
2026-06-29T18:55:00.000-04:00,"2026-6-29 18:55,70.28,70.27,70.4,70.47,-7,-1,-1,0,-,-,wave_only"
2026-06-29T19:00:00.000-04:00,"2026-6-29 19:00,70.24,70.25,70.39,70.46,-7,-1,-1,0,-,-,wave_only"
2026-06-29T19:05:00.000-04:00,"2026-6-29 19:05,70.23,70.23,70.38,70.45,-7,-1,-1,0,-,-,wave_only"
2026-06-29T19:10:00.000-04:00,"2026-6-29 19:10,70.21,70.21,70.37,70.44,-7,-1,-1,0,-,-,wave_only"
2026-06-29T19:15:00.000-04:00,"2026-6-29 19:15,70.24,70.21,70.36,70.44,0,0,-1,0,-,-,neutral"
2026-06-29T19:20:00.000-04:00,"2026-6-29 19:20,70.27,70.22,70.35,70.43,0,0,-1,0,-,-,neutral"
2026-06-29T19:25:00.000-04:00,"2026-6-29 19:25,70.3,70.24,70.35,70.42,0,0,0,0,-,-,neutral"
2026-06-29T19:30:00.000-04:00,"2026-6-29 19:30,70.22,70.23,70.34,70.42,-7,-1,0,0,-,-,FIGHT"
2026-06-29T19:35:00.000-04:00,"2026-6-29 19:35,70.23,70.23,70.33,70.41,-7,-1,0,0,-,-,FIGHT"
2026-06-29T19:40:00.000-04:00,"2026-6-29 19:40,70.17,70.2,70.32,70.4,-7,-1,-1,0,-,-,wave_only"
2026-06-29T19:45:00.000-04:00,"2026-6-29 19:45,70.19,70.19,70.31,70.39,-7,-1,-1,0,-,-,wave_only"
2026-06-29T19:50:00.000-04:00,"2026-6-29 19:50,70.22,70.2,70.3,70.38,0,0,-1,0,-,-,neutral"
2026-06-29T19:55:00.000-04:00,"2026-6-29 19:55,70.15,70.17,70.29,70.37,-7,-1,-1,0,-,-,wave_only"
2026-06-29T20:00:00.000-04:00,"2026-6-29 20:00,70.23,70.19,70.28,70.37,0,0,-1,0,-,-,neutral"
2026-06-29T20:05:00.000-04:00,"2026-6-29 20:05,70.31,70.23,70.29,70.37,3,1,-1,0,B,-,FIGHT"
2026-06-29T20:10:00.000-04:00,"2026-6-29 20:10,70.32,70.26,70.29,70.37,3,1,0,0,-,-,FIGHT"
2026-06-29T20:15:00.000-04:00,"2026-6-29 20:15,70.29,70.28,70.29,70.36,5,1,0,0,-,-,FIGHT"
2026-06-29T20:20:00.000-04:00,"2026-6-29 20:20,70.38,70.32,70.3,70.36,5,1,0,0,-,-,FIGHT"
2026-06-29T20:25:00.000-04:00,"2026-6-29 20:25,70.35,70.34,70.3,70.36,5,1,0,0,-,-,FIGHT"
2026-06-29T20:30:00.000-04:00,"2026-6-29 20:30,70.23,70.31,70.29,70.36,0,0,0,0,-,-,neutral"
2026-06-29T20:35:00.000-04:00,"2026-6-29 20:35,70.23,70.29,70.29,70.35,0,0,0,0,-,-,neutral"
2026-06-29T20:40:00.000-04:00,"2026-6-29 20:40,70.21,70.26,70.28,70.35,-7,-1,-1,0,S,-,wave_only"
2026-06-29T20:45:00.000-04:00,"2026-6-29 20:45,70.28,70.27,70.28,70.34,3,1,-1,0,B,-,FIGHT"
2026-06-29T20:50:00.000-04:00,"2026-6-29 20:50,70.31,70.29,70.29,70.34,5,1,-1,0,-,-,FIGHT"
2026-06-29T20:55:00.000-04:00,"2026-6-29 20:55,70.28,70.29,70.28,70.34,0,0,0,0,-,-,neutral"
2026-06-29T21:00:00.000-04:00,"2026-6-29 21:00,70.16,70.24,70.28,70.33,-7,-1,0,0,S,-,FIGHT"
2026-06-29T21:05:00.000-04:00,"2026-6-29 21:05,70.29,70.26,70.28,70.33,3,1,0,0,B,-,FIGHT"
2026-06-29T21:10:00.000-04:00,"2026-6-29 21:10,70.22,70.25,70.27,70.33,-7,-1,-1,0,S,-,wave_only"
2026-06-29T21:15:00.000-04:00,"2026-6-29 21:15,70.27,70.25,70.27,70.32,3,1,-1,0,B,-,FIGHT"
2026-06-29T21:20:00.000-04:00,"2026-6-29 21:20,70.24,70.25,70.27,70.32,-3,-1,-1,0,S,-,wave_only"
2026-06-29T21:25:00.000-04:00,"2026-6-29 21:25,70.21,70.23,70.26,70.32,-7,-1,-1,0,-,-,wave_only"
2026-06-29T21:30:00.000-04:00,"2026-6-29 21:30,70.28,70.25,70.27,70.32,3,1,-1,0,B,-,FIGHT"
2026-06-29T21:35:00.000-04:00,"2026-6-29 21:35,70.29,70.26,70.27,70.31,5,1,-1,0,-,-,FIGHT"
2026-06-29T21:40:00.000-04:00,"2026-6-29 21:40,70.33,70.29,70.27,70.32,5,1,0,0,-,-,FIGHT"
2026-06-29T21:45:00.000-04:00,"2026-6-29 21:45,70.34,70.31,70.28,70.32,5,1,0,0,-,-,FIGHT"
2026-06-29T21:50:00.000-04:00,"2026-6-29 21:50,70.33,70.32,70.28,70.32,5,1,0,0,-,-,FIGHT"
2026-06-29T21:55:00.000-04:00,"2026-6-29 21:55,70.33,70.33,70.29,70.32,5,1,0,0,-,-,FIGHT"
2026-06-29T22:00:00.000-04:00,"2026-6-29 22:00,70.41,70.37,70.3,70.32,5,1,0,0,-,-,FIGHT"
2026-06-29T22:05:00.000-04:00,"2026-6-29 22:05,70.43,70.4,70.31,70.33,5,1,0,0,-,-,FIGHT"
2026-06-29T22:10:00.000-04:00,"2026-6-29 22:10,70.43,70.42,70.32,70.33,5,1,0,0,-,-,FIGHT"
2026-06-29T22:15:00.000-04:00,"2026-6-29 22:15,70.42,70.43,70.32,70.33,0,0,0,0,-,-,neutral"
2026-06-29T22:20:00.000-04:00,"2026-6-29 22:20,70.4,70.43,70.33,70.34,0,0,0,0,-,-,neutral"
2026-06-29T22:25:00.000-04:00,"2026-6-29 22:25,70.44,70.45,70.34,70.34,0,0,1,0,-,-,neutral"
2026-06-29T22:30:00.000-04:00,"2026-6-29 22:30,70.4,70.44,70.34,70.34,0,0,1,0,-,-,neutral"
2026-06-29T22:35:00.000-04:00,"2026-6-29 22:35,70.41,70.44,70.35,70.34,0,0,1,0,-,-,neutral"
2026-06-29T22:40:00.000-04:00,"2026-6-29 22:40,70.39,70.43,70.35,70.35,0,0,1,0,-,-,neutral"
2026-06-29T22:45:00.000-04:00,"2026-6-29 22:45,70.49,70.46,70.36,70.35,7,1,1,0,-,-,wave_only"
2026-06-29T22:50:00.000-04:00,"2026-6-29 22:50,70.75,70.57,70.39,70.37,7,1,1,0,-,-,wave_only"
2026-06-29T22:55:00.000-04:00,"2026-6-29 22:55,70.69,70.63,70.41,70.38,7,1,1,1,-,-,RIDE_both"
2026-06-29T23:00:00.000-04:00,"2026-6-29 23:00,70.67,70.67,70.43,70.39,5,1,1,1,-,-,RIDE_both"
2026-06-29T23:05:00.000-04:00,"2026-6-29 23:05,70.57,70.66,70.44,70.4,0,0,1,1,-,-,neutral"
2026-06-29T23:10:00.000-04:00,"2026-6-29 23:10,70.68,70.68,70.46,70.41,5,1,1,1,-,-,RIDE_both"
2026-06-29T23:15:00.000-04:00,"2026-6-29 23:15,70.65,70.69,70.48,70.42,0,0,1,1,-,-,neutral"
2026-06-29T23:20:00.000-04:00,"2026-6-29 23:20,70.6,70.67,70.49,70.43,0,0,1,1,-,-,neutral"
2026-06-29T23:25:00.000-04:00,"2026-6-29 23:25,70.48,70.62,70.49,70.43,0,0,0,1,-,-,neutral"
2026-06-29T23:30:00.000-04:00,"2026-6-29 23:30,70.5,70.58,70.49,70.43,0,0,0,1,-,-,neutral"
2026-06-29T23:35:00.000-04:00,"2026-6-29 23:35,70.47,70.54,70.49,70.43,0,0,0,1,-,-,neutral"
2026-06-29T23:40:00.000-04:00,"2026-6-29 23:40,70.36,70.47,70.48,70.43,-5,-1,0,1,S,-,FIGHT"
2026-06-29T23:45:00.000-04:00,"2026-6-29 23:45,70.41,70.44,70.47,70.43,-5,-1,0,1,-,-,FIGHT"
2026-06-29T23:50:00.000-04:00,"2026-6-29 23:50,70.34,70.39,70.46,70.43,-5,-1,0,1,-,-,FIGHT"
2026-06-29T23:55:00.000-04:00,"2026-6-29 23:55,70.38,70.37,70.45,70.42,-5,-1,0,0,-,-,FIGHT"
2026-06-30T00:00:00.000-04:00,"2026-6-30 0:00,70.42,70.37,70.45,70.42,0,0,0,0,-,-,neutral"
2026-06-30T00:05:00.000-04:00,"2026-6-30 0:05,70.45,70.39,70.45,70.42,0,0,0,0,-,-,neutral"
2026-06-30T00:10:00.000-04:00,"2026-6-30 0:10,70.43,70.39,70.45,70.42,0,0,0,0,-,-,neutral"
2026-06-30T00:15:00.000-04:00,"2026-6-30 0:15,70.46,70.4,70.45,70.43,0,0,0,0,-,-,neutral"
2026-06-30T00:20:00.000-04:00,"2026-6-30 0:20,70.39,70.39,70.45,70.42,-5,-1,0,0,-,-,FIGHT"
2026-06-30T00:25:00.000-04:00,"2026-6-30 0:25,70.28,70.34,70.43,70.42,-5,-1,-1,0,-,-,wave_only"
2026-06-30T00:30:00.000-04:00,"2026-6-30 0:30,70.28,70.31,70.42,70.41,-7,-1,-1,0,-,-,wave_only"
2026-06-30T00:35:00.000-04:00,"2026-6-30 0:35,70.26,70.27,70.41,70.41,-7,-1,-1,0,-,-,wave_only"
2026-06-30T00:40:00.000-04:00,"2026-6-30 0:40,70.24,70.25,70.4,70.4,-3,-1,-1,0,-,-,wave_only"
2026-06-30T00:45:00.000-04:00,"2026-6-30 0:45,70.25,70.23,70.38,70.4,-3,-1,-1,0,-,-,wave_only"
2026-06-30T00:50:00.000-04:00,"2026-6-30 0:50,70.25,70.22,70.37,70.39,0,0,-1,0,-,-,neutral"
2026-06-30T00:55:00.000-04:00,"2026-6-30 0:55,70.24,70.21,70.36,70.38,0,0,-1,0,-,-,neutral"
2026-06-30T01:00:00.000-04:00,"2026-6-30 1:00,70.11,70.16,70.34,70.37,-7,-1,-1,0,-,-,wave_only"
2026-06-30T01:05:00.000-04:00,"2026-6-30 1:05,70.02,70.09,70.32,70.36,-7,-1,-1,0,-,-,wave_only"
2026-06-30T01:10:00.000-04:00,"2026-6-30 1:10,70.22,70.11,70.31,70.35,0,0,-1,0,-,-,neutral"
2026-06-30T01:15:00.000-04:00,"2026-6-30 1:15,70.21,70.13,70.3,70.35,0,0,-1,0,-,-,neutral"
2026-06-30T01:20:00.000-04:00,"2026-6-30 1:20,70.2,70.14,70.3,70.34,0,0,-1,0,-,-,neutral"
2026-06-30T01:25:00.000-04:00,"2026-6-30 1:25,70.22,70.16,70.29,70.34,0,0,-1,0,-,-,neutral"
2026-06-30T01:30:00.000-04:00,"2026-6-30 1:30,70.18,70.16,70.28,70.33,0,0,-1,0,-,-,neutral"
2026-06-30T01:35:00.000-04:00,"2026-6-30 1:35,70.26,70.19,70.28,70.33,0,0,-1,0,-,-,neutral"
2026-06-30T01:40:00.000-04:00,"2026-6-30 1:40,70.33,70.24,70.28,70.33,3,0,0,0,-,-,neutral"
2026-06-30T01:45:00.000-04:00,"2026-6-30 1:45,70.25,70.25,70.28,70.33,0,0,0,0,-,-,neutral"
2026-06-30T01:50:00.000-04:00,"2026-6-30 1:50,70.2,70.23,70.28,70.32,-7,-1,0,0,-,-,FIGHT"
2026-06-30T01:55:00.000-04:00,"2026-6-30 1:55,70.12,70.19,70.26,70.31,-7,-1,-1,0,-,-,wave_only"
2026-06-30T02:00:00.000-04:00,"2026-6-30 2:00,69.99,70.12,70.24,70.3,-7,-1,-1,0,-,-,wave_only"
2026-06-30T02:05:00.000-04:00,"2026-6-30 2:05,70.11,70.11,70.23,70.29,-3,-1,-1,0,-,-,wave_only"
2026-06-30T02:10:00.000-04:00,"2026-6-30 2:10,70.03,70.07,70.22,70.28,-7,-1,-1,0,-,-,wave_only"
2026-06-30T02:15:00.000-04:00,"2026-6-30 2:15,69.94,70.01,70.2,70.27,-7,-1,-1,0,-,-,wave_only"
2026-06-30T02:20:00.000-04:00,"2026-6-30 2:20,69.86,69.94,70.17,70.25,-7,-1,-1,0,-,-,wave_only"
2026-06-30T02:25:00.000-04:00,"2026-6-30 2:25,69.83,69.88,70.14,70.24,-7,-1,-1,0,-,-,wave_only"
2026-06-30T02:30:00.000-04:00,"2026-6-30 2:30,69.93,69.87,70.13,70.22,-7,-1,-1,0,-,-,wave_only"
2026-06-30T02:35:00.000-04:00,"2026-6-30 2:35,69.88,69.85,70.11,70.21,-7,-1,-1,0,-,-,wave_only"
2026-06-30T02:40:00.000-04:00,"2026-6-30 2:40,69.98,69.88,70.1,70.2,0,0,-1,0,-,-,neutral"
2026-06-30T02:45:00.000-04:00,"2026-6-30 2:45,70.04,69.92,70.09,70.2,0,0,-1,0,-,-,neutral"
2026-06-30T02:50:00.000-04:00,"2026-6-30 2:50,70.13,69.99,70.1,70.19,0,0,-1,0,-,-,neutral"
2026-06-30T02:55:00.000-04:00,"2026-6-30 2:55,70.13,70.04,70.1,70.19,3,1,0,-1,B,-,FIGHT"
2026-06-30T03:00:00.000-04:00,"2026-6-30 3:00,70.24,70.12,70.11,70.19,5,1,0,-1,-,-,FIGHT"
2026-06-30T03:05:00.000-04:00,"2026-6-30 3:05,70.17,70.15,70.11,70.19,5,1,0,-1,-,-,FIGHT"
2026-06-30T03:10:00.000-04:00,"2026-6-30 3:10,70.36,70.24,70.13,70.2,5,1,0,-1,-,-,FIGHT"
2026-06-30T03:15:00.000-04:00,"2026-6-30 3:15,70.29,70.28,70.15,70.2,5,1,0,-1,-,-,FIGHT"
2026-06-30T03:20:00.000-04:00,"2026-6-30 3:20,70.31,70.32,70.16,70.21,5,1,0,-1,-,-,FIGHT"
2026-06-30T03:25:00.000-04:00,"2026-6-30 3:25,70.34,70.35,70.17,70.21,5,1,0,-1,-,-,FIGHT"
2026-06-30T03:30:00.000-04:00,"2026-6-30 3:30,70.28,70.35,70.18,70.21,0,0,0,-1,-,-,neutral"
2026-06-30T03:35:00.000-04:00,"2026-6-30 3:35,70.23,70.33,70.18,70.21,0,0,0,-1,-,-,neutral"
2026-06-30T03:40:00.000-04:00,"2026-6-30 3:40,70.22,70.31,70.19,70.21,0,0,0,-1,-,-,neutral"
2026-06-30T03:45:00.000-04:00,"2026-6-30 3:45,70.35,70.34,70.2,70.22,5,1,0,-1,-,-,FIGHT"
2026-06-30T03:50:00.000-04:00,"2026-6-30 3:50,70.35,70.36,70.21,70.23,5,0,0,-1,-,-,neutral"
2026-06-30T03:55:00.000-04:00,"2026-6-30 3:55,70.26,70.34,70.21,70.23,0,0,1,0,-,-,neutral"
2026-06-30T04:00:00.000-04:00,"2026-6-30 4:00,70.31,70.34,70.22,70.23,0,0,1,0,-,-,neutral"
2026-06-30T04:05:00.000-04:00,"2026-6-30 4:05,70.26,70.32,70.23,70.23,0,0,1,0,-,-,neutral"
2026-06-30T04:10:00.000-04:00,"2026-6-30 4:10,70.57,70.42,70.25,70.24,7,1,1,0,-,-,wave_only"
2026-06-30T04:15:00.000-04:00,"2026-6-30 4:15,70.52,70.47,70.27,70.26,7,1,1,0,-,-,wave_only"
2026-06-30T04:20:00.000-04:00,"2026-6-30 4:20,70.61,70.54,70.3,70.27,7,1,1,0,-,-,wave_only"
2026-06-30T04:25:00.000-04:00,"2026-6-30 4:25,70.5,70.55,70.31,70.28,0,0,1,0,-,-,neutral"
2026-06-30T04:30:00.000-04:00,"2026-6-30 4:30,70.82,70.67,70.35,70.3,7,1,1,0,-,-,wave_only"
2026-06-30T04:35:00.000-04:00,"2026-6-30 4:35,70.67,70.7,70.38,70.31,0,0,1,0,-,-,neutral"
2026-06-30T04:40:00.000-04:00,"2026-6-30 4:40,70.77,70.76,70.41,70.33,5,1,1,0,-,-,wave_only"
2026-06-30T04:45:00.000-04:00,"2026-6-30 4:45,70.8,70.81,70.44,70.35,5,1,1,0,-,-,wave_only"
2026-06-30T04:50:00.000-04:00,"2026-6-30 4:50,70.6,70.76,70.45,70.36,0,0,1,0,-,-,neutral"
2026-06-30T04:55:00.000-04:00,"2026-6-30 4:55,70.54,70.71,70.46,70.37,0,0,0,1,-,-,neutral"
2026-06-30T05:00:00.000-04:00,"2026-6-30 5:00,70.57,70.67,70.47,70.37,0,0,0,1,-,-,neutral"
2026-06-30T05:05:00.000-04:00,"2026-6-30 5:05,70.61,70.66,70.48,70.38,0,0,0,1,-,-,neutral"
2026-06-30T05:10:00.000-04:00,"2026-6-30 5:10,70.6,70.64,70.49,70.39,0,0,0,1,-,-,neutral"
2026-06-30T05:15:00.000-04:00,"2026-6-30 5:15,70.69,70.67,70.5,70.4,0,0,0,1,-,-,neutral"
2026-06-30T05:20:00.000-04:00,"2026-6-30 5:20,70.74,70.7,70.52,70.42,7,1,0,1,-,-,tide_only"
2026-06-30T05:25:00.000-04:00,"2026-6-30 5:25,70.7,70.71,70.53,70.43,3,1,1,1,-,-,RIDE_both"
2026-06-30T05:30:00.000-04:00,"2026-6-30 5:30,70.84,70.76,70.56,70.44,7,1,1,1,-,-,RIDE_both"
2026-06-30T05:35:00.000-04:00,"2026-6-30 5:35,70.76,70.77,70.57,70.46,0,0,1,1,-,-,neutral"
2026-06-30T05:40:00.000-04:00,"2026-6-30 5:40,70.81,70.8,70.59,70.47,3,1,1,1,-,-,RIDE_both"
2026-06-30T05:45:00.000-04:00,"2026-6-30 5:45,70.85,70.83,70.61,70.49,7,1,1,1,-,-,RIDE_both"
2026-06-30T05:50:00.000-04:00,"2026-6-30 5:50,70.92,70.87,70.64,70.5,7,1,1,1,-,-,RIDE_both"
2026-06-30T05:55:00.000-04:00,"2026-6-30 5:55,71.02,70.94,70.66,70.52,7,1,1,1,-,-,RIDE_both"
2026-06-30T06:00:00.000-04:00,"2026-6-30 6:00,71.02,70.99,70.69,70.54,7,0,1,1,-,-,neutral"
2026-06-30T06:05:00.000-04:00,"2026-6-30 6:05,71.04,71.03,70.72,70.56,7,1,1,1,-,-,RIDE_both"
2026-06-30T06:10:00.000-04:00,"2026-6-30 6:10,71.02,71.05,70.74,70.58,0,0,1,1,-,-,neutral"
2026-06-30T06:15:00.000-04:00,"2026-6-30 6:15,70.96,71.04,70.76,70.59,0,0,1,1,-,-,neutral"
2026-06-30T06:20:00.000-04:00,"2026-6-30 6:20,70.92,71.01,70.77,70.61,0,0,1,1,-,-,neutral"
2026-06-30T06:25:00.000-04:00,"2026-6-30 6:25,70.69,70.91,70.76,70.61,0,0,0,1,-,-,neutral"
2026-06-30T06:30:00.000-04:00,"2026-6-30 6:30,70.81,70.87,70.77,70.62,0,0,0,1,-,-,neutral"
2026-06-30T06:35:00.000-04:00,"2026-6-30 6:35,70.76,70.82,70.77,70.62,-3,-1,0,1,S,-,FIGHT"
2026-06-30T06:40:00.000-04:00,"2026-6-30 6:40,70.63,70.74,70.76,70.62,-5,-1,0,1,-,-,FIGHT"
2026-06-30T06:45:00.000-04:00,"2026-6-30 6:45,70.69,70.71,70.75,70.63,-5,-1,0,1,-,-,FIGHT"
2026-06-30T06:50:00.000-04:00,"2026-6-30 6:50,70.75,70.7,70.75,70.63,0,0,0,1,-,-,neutral"
2026-06-30T06:55:00.000-04:00,"2026-6-30 6:55,70.71,70.69,70.75,70.63,-5,-1,0,1,-,-,FIGHT"
2026-06-30T07:00:00.000-04:00,"2026-6-30 7:00,70.72,70.68,70.75,70.64,-5,-1,0,1,-,-,FIGHT"
2026-06-30T07:05:00.000-04:00,"2026-6-30 7:05,70.72,70.68,70.74,70.64,0,0,0,1,-,-,neutral"
2026-06-30T07:10:00.000-04:00,"2026-6-30 7:10,70.68,70.66,70.74,70.64,-5,-1,0,1,-,-,FIGHT"
2026-06-30T07:15:00.000-04:00,"2026-6-30 7:15,70.6,70.62,70.73,70.64,-5,-1,0,1,-,-,FIGHT"
2026-06-30T07:20:00.000-04:00,"2026-6-30 7:20,70.64,70.61,70.72,70.64,-3,-1,0,1,-,-,FIGHT"
2026-06-30T07:25:00.000-04:00,"2026-6-30 7:25,70.75,70.65,70.72,70.65,0,0,0,1,-,-,neutral"
2026-06-30T07:30:00.000-04:00,"2026-6-30 7:30,70.8,70.69,70.73,70.65,0,0,0,1,-,-,neutral"
2026-06-30T07:35:00.000-04:00,"2026-6-30 7:35,70.82,70.73,70.74,70.66,3,1,0,1,B,-,tide_only"
2026-06-30T07:40:00.000-04:00,"2026-6-30 7:40,70.9,70.79,70.75,70.67,7,1,1,1,-,-,RIDE_both"
2026-06-30T07:45:00.000-04:00,"2026-6-30 7:45,70.97,70.86,70.77,70.68,7,1,1,1,-,-,RIDE_both"
2026-06-30T07:50:00.000-04:00,"2026-6-30 7:50,71.06,70.95,70.79,70.69,7,1,1,1,-,-,RIDE_both"
2026-06-30T07:55:00.000-04:00,"2026-6-30 7:55,71.15,71.04,70.82,70.71,7,1,1,1,-,-,RIDE_both"
2026-06-30T08:00:00.000-04:00,"2026-6-30 8:00,71.16,71.11,70.84,70.73,7,1,1,1,-,-,RIDE_both"
2026-06-30T08:05:00.000-04:00,"2026-6-30 8:05,71.14,71.15,70.87,70.75,7,0,1,1,-,-,neutral"
2026-06-30T08:10:00.000-04:00,"2026-6-30 8:10,71.18,71.19,70.89,70.76,7,0,1,1,-,-,neutral"
2026-06-30T08:15:00.000-04:00,"2026-6-30 8:15,71.34,71.28,70.92,70.79,7,1,1,1,-,-,RIDE_both"
2026-06-30T08:20:00.000-04:00,"2026-6-30 8:20,71.29,71.32,70.95,70.81,7,1,1,1,-,-,RIDE_both"
2026-06-30T08:25:00.000-04:00,"2026-6-30 8:25,71.22,71.32,70.97,70.82,0,0,1,1,-,-,neutral"
2026-06-30T08:30:00.000-04:00,"2026-6-30 8:30,71.12,71.28,70.98,70.83,0,0,1,1,-,-,neutral"
2026-06-30T08:35:00.000-04:00,"2026-6-30 8:35,70.89,71.16,70.98,70.84,0,0,1,1,-,-,neutral"
2026-06-30T08:40:00.000-04:00,"2026-6-30 8:40,70.97,71.1,70.98,70.84,0,0,0,1,-,-,neutral"
2026-06-30T08:45:00.000-04:00,"2026-6-30 8:45,71.01,71.07,70.98,70.85,0,0,0,1,-,-,neutral"
2026-06-30T08:50:00.000-04:00,"2026-6-30 8:50,70.95,71.02,70.98,70.85,-3,-1,0,1,S,-,FIGHT"
2026-06-30T08:55:00.000-04:00,"2026-6-30 8:55,70.98,71,70.98,70.86,-3,-1,0,1,-,-,FIGHT"
2026-06-30T09:00:00.000-04:00,"2026-6-30 9:00,71.29,71.1,71,70.87,7,1,0,1,B,-,tide_only"
2026-06-30T09:05:00.000-04:00,"2026-6-30 9:05,71.23,71.15,71.02,70.89,7,1,0,1,-,-,tide_only"
2026-06-30T09:10:00.000-04:00,"2026-6-30 9:10,71.49,71.28,71.06,70.91,7,1,1,1,-,-,RIDE_both"
2026-06-30T09:15:00.000-04:00,"2026-6-30 9:15,71.12,71.24,71.06,70.92,0,0,1,1,-,-,neutral"
2026-06-30T09:20:00.000-04:00,"2026-6-30 9:20,70.99,71.16,71.05,70.92,0,0,1,1,-,-,neutral"
2026-06-30T09:25:00.000-04:00,"2026-6-30 9:25,71.23,71.19,71.07,70.93,7,1,0,1,-,-,tide_only"
2026-06-30T09:30:00.000-04:00,"2026-6-30 9:30,70.98,71.11,71.06,70.94,-3,-1,0,1,S,-,FIGHT"
2026-06-30T09:35:00.000-04:00,"2026-6-30 9:35,70.92,71.04,71.05,70.94,-5,-1,0,1,-,-,FIGHT"
2026-06-30T09:40:00.000-04:00,"2026-6-30 9:40,70.76,70.92,71.03,70.93,-5,-1,0,1,-,-,FIGHT"
2026-06-30T09:45:00.000-04:00,"2026-6-30 9:45,70.72,70.83,71,70.92,-5,-1,0,1,-,-,FIGHT"
2026-06-30T09:50:00.000-04:00,"2026-6-30 9:50,70.83,70.8,70.99,70.92,-5,-1,0,1,-,-,FIGHT"
2026-06-30T09:55:00.000-04:00,"2026-6-30 9:55,70.89,70.8,70.98,70.92,0,0,0,0,-,-,neutral"
2026-06-30T10:00:00.000-04:00,"2026-6-30 10:00,70.98,70.84,70.98,70.92,0,0,0,0,-,-,neutral"
2026-06-30T10:05:00.000-04:00,"2026-6-30 10:05,70.92,70.85,70.98,70.92,0,0,0,0,-,-,neutral"
2026-06-30T10:10:00.000-04:00,"2026-6-30 10:10,70.84,70.83,70.97,70.92,-5,-1,0,0,-,-,FIGHT"
2026-06-30T10:15:00.000-04:00,"2026-6-30 10:15,70.64,70.74,70.94,70.9,-5,-1,0,0,-,-,FIGHT"
2026-06-30T10:20:00.000-04:00,"2026-6-30 10:20,70.63,70.68,70.92,70.89,-5,-1,0,0,-,-,FIGHT"
2026-06-30T10:25:00.000-04:00,"2026-6-30 10:25,70.81,70.7,70.91,70.89,0,0,-1,0,-,-,neutral"
2026-06-30T10:30:00.000-04:00,"2026-6-30 10:30,70.68,70.67,70.89,70.88,-5,-1,-1,0,-,-,wave_only"
2026-06-30T10:35:00.000-04:00,"2026-6-30 10:35,70.6,70.62,70.87,70.87,-5,-1,-1,0,-,-,wave_only"
2026-06-30T10:40:00.000-04:00,"2026-6-30 10:40,70.56,70.57,70.85,70.86,-5,-1,-1,0,-,-,wave_only"
2026-06-30T10:45:00.000-04:00,"2026-6-30 10:45,70.53,70.53,70.82,70.85,-5,-1,-1,0,-,-,wave_only"
2026-06-30T10:50:00.000-04:00,"2026-6-30 10:50,70.42,70.46,70.79,70.83,-3,-1,-1,0,-,-,wave_only"
2026-06-30T10:55:00.000-04:00,"2026-6-30 10:55,70.44,70.42,70.76,70.81,-7,-1,-1,0,-,-,wave_only"
2026-06-30T11:00:00.000-04:00,"2026-6-30 11:00,70.28,70.34,70.73,70.79,-7,-1,-1,0,-,-,wave_only"
2026-06-30T11:05:00.000-04:00,"2026-6-30 11:05,70.25,70.27,70.69,70.77,-7,-1,-1,0,-,-,wave_only"
2026-06-30T11:10:00.000-04:00,"2026-6-30 11:10,70.24,70.22,70.66,70.75,-7,-1,-1,0,-,-,wave_only"
2026-06-30T11:15:00.000-04:00,"2026-6-30 11:15,70.26,70.2,70.62,70.73,0,0,-1,0,-,-,neutral"
2026-06-30T11:20:00.000-04:00,"2026-6-30 11:20,70.09,70.12,70.58,70.71,-7,-1,-1,0,-,-,wave_only"
2026-06-30T11:25:00.000-04:00,"2026-6-30 11:25,70.07,70.06,70.54,70.68,-3,-1,-1,0,-,-,wave_only"
2026-06-30T11:30:00.000-04:00,"2026-6-30 11:30,70.1,70.04,70.51,70.66,-3,-1,-1,0,-,-,wave_only"
2026-06-30T11:35:00.000-04:00,"2026-6-30 11:35,70.03,70,70.47,70.63,-3,-1,-1,0,-,-,wave_only"
2026-06-30T11:40:00.000-04:00,"2026-6-30 11:40,70.09,70,70.44,70.61,0,0,-1,0,-,-,neutral"
2026-06-30T11:45:00.000-04:00,"2026-6-30 11:45,69.95,69.95,70.41,70.59,-7,-1,-1,0,-,-,wave_only"
2026-06-30T11:50:00.000-04:00,"2026-6-30 11:50,69.87,69.89,70.36,70.56,-7,-1,-1,0,-,-,wave_only"
2026-06-30T11:55:00.000-04:00,"2026-6-30 11:55,69.78,69.81,70.32,70.53,-7,-1,-1,-1,-,-,RIDE_both"
2026-06-30T12:00:00.000-04:00,"2026-6-30 12:00,69.89,69.81,70.29,70.5,0,0,-1,-1,-,-,neutral"
2026-06-30T12:05:00.000-04:00,"2026-6-30 12:05,69.95,69.83,70.26,70.48,0,0,-1,-1,-,-,neutral"
2026-06-30T12:10:00.000-04:00,"2026-6-30 12:10,70.11,69.91,70.25,70.47,0,0,0,-1,-,-,neutral"
2026-06-30T12:15:00.000-04:00,"2026-6-30 12:15,70.05,69.95,70.23,70.45,0,0,0,-1,-,-,neutral"
2026-06-30T12:20:00.000-04:00,"2026-6-30 12:20,70.04,69.97,70.22,70.43,0,0,0,-1,-,-,neutral"
2026-06-30T12:25:00.000-04:00,"2026-6-30 12:25,69.99,69.98,70.2,70.42,0,0,0,-1,-,-,neutral"
2026-06-30T12:30:00.000-04:00,"2026-6-30 12:30,69.84,69.93,70.17,70.39,-7,-1,0,-1,-,-,tide_only"
2026-06-30T12:35:00.000-04:00,"2026-6-30 12:35,69.88,69.9,70.15,70.37,-7,-1,0,-1,-,-,tide_only"
2026-06-30T12:40:00.000-04:00,"2026-6-30 12:40,69.96,69.92,70.14,70.36,0,0,0,-1,-,-,neutral"
2026-06-30T12:45:00.000-04:00,"2026-6-30 12:45,69.89,69.91,70.12,70.34,-7,-1,0,-1,-,-,tide_only"
2026-06-30T12:50:00.000-04:00,"2026-6-30 12:50,69.87,69.89,70.1,70.32,-7,-1,0,-1,-,-,tide_only"
2026-06-30T12:55:00.000-04:00,"2026-6-30 12:55,69.8,69.85,70.08,70.3,-7,-1,-1,-1,-,-,RIDE_both"
2026-06-30T13:00:00.000-04:00,"2026-6-30 13:00,69.81,69.83,70.05,70.28,-7,-1,-1,-1,-,-,RIDE_both"
2026-06-30T13:05:00.000-04:00,"2026-6-30 13:05,69.83,69.83,70.04,70.26,-7,-1,-1,-1,-,-,RIDE_both"
2026-06-30T13:10:00.000-04:00,"2026-6-30 13:10,69.86,69.83,70.02,70.25,0,0,0,-1,-,-,neutral"
2026-06-30T13:15:00.000-04:00,"2026-6-30 13:15,69.77,69.81,70,70.23,-7,-1,0,-1,-,-,tide_only"
2026-06-30T13:20:00.000-04:00,"2026-6-30 13:20,69.72,69.77,69.98,70.21,-7,-1,0,-1,-,-,tide_only"
2026-06-30T13:25:00.000-04:00,"2026-6-30 13:25,69.66,69.72,69.96,70.19,-7,-1,-1,-1,-,-,RIDE_both"
2026-06-30T13:30:00.000-04:00,"2026-6-30 13:30,69.65,69.68,69.93,70.17,-7,-1,-1,-1,-,-,RIDE_both"
2026-06-30T13:35:00.000-04:00,"2026-6-30 13:35,69.64,69.66,69.91,70.15,-7,-1,-1,-1,-,-,RIDE_both"
2026-06-30T13:40:00.000-04:00,"2026-6-30 13:40,69.68,69.65,69.89,70.13,-7,-1,0,-1,-,-,tide_only"
2026-06-30T13:45:00.000-04:00,"2026-6-30 13:45,69.77,69.68,69.88,70.11,0,0,0,-1,-,-,neutral"
2026-06-30T13:50:00.000-04:00,"2026-6-30 13:50,69.71,69.69,69.87,70.1,0,0,0,-1,-,-,neutral"
2026-06-30T13:55:00.000-04:00,"2026-6-30 13:55,69.68,69.68,69.86,70.08,-7,-1,0,-1,-,-,tide_only"
2026-06-30T14:00:00.000-04:00,"2026-6-30 14:00,69.67,69.67,69.84,70.07,-7,-1,0,-1,-,-,tide_only"
2026-06-30T14:05:00.000-04:00,"2026-6-30 14:05,69.61,69.64,69.82,70.05,-7,-1,0,-1,-,-,tide_only"
2026-06-30T14:10:00.000-04:00,"2026-6-30 14:10,69.49,69.58,69.8,70.03,-7,-1,-1,-1,-,-,RIDE_both"
2026-06-30T14:15:00.000-04:00,"2026-6-30 14:15,69.46,69.53,69.77,70,-7,-1,-1,-1,-,-,RIDE_both"
2026-06-30T14:20:00.000-04:00,"2026-6-30 14:20,69.28,69.42,69.73,69.98,-7,-1,-1,-1,-,-,RIDE_both"
2026-06-30T14:25:00.000-04:00,"2026-6-30 14:25,69.52,69.43,69.72,69.96,0,0,-1,-1,-,-,neutral"
2026-06-30T14:30:00.000-04:00,"2026-6-30 14:30,69.67,69.5,69.71,69.95,0,0,-1,-1,-,-,neutral"
2026-06-30T14:35:00.000-04:00,"2026-6-30 14:35,69.75,69.59,69.72,69.94,0,0,-1,-1,-,-,neutral"
2026-06-30T14:40:00.000-04:00,"2026-6-30 14:40,69.8,69.67,69.72,69.93,3,1,0,-1,B,-,FIGHT"
2026-06-30T14:45:00.000-04:00,"2026-6-30 14:45,69.91,69.77,69.74,69.93,5,1,0,-1,-,-,FIGHT"
2026-06-30T14:50:00.000-04:00,"2026-6-30 14:50,69.93,69.84,69.75,69.93,5,1,0,-1,-,-,FIGHT"
2026-06-30T14:55:00.000-04:00,"2026-6-30 14:55,69.98,69.92,69.77,69.93,5,1,0,-1,-,-,FIGHT"
2026-06-30T15:00:00.000-04:00,"2026-6-30 15:00,69.95,69.96,69.78,69.93,5,1,0,-1,-,-,FIGHT"
2026-06-30T15:05:00.000-04:00,"2026-6-30 15:05,69.99,70,69.8,69.94,5,1,0,-1,-,-,FIGHT"
2026-06-30T15:10:00.000-04:00,"2026-6-30 15:10,69.95,70.02,69.81,69.94,0,0,0,-1,-,-,neutral"
2026-06-30T15:15:00.000-04:00,"2026-6-30 15:15,69.97,70.03,69.82,69.94,0,0,0,-1,-,-,neutral"
2026-06-30T15:20:00.000-04:00,"2026-6-30 15:20,70.02,70.05,69.84,69.94,5,1,0,-1,-,-,FIGHT"
2026-06-30T15:25:00.000-04:00,"2026-6-30 15:25,70.02,70.07,69.85,69.94,0,0,0,-1,-,-,neutral"
2026-06-30T15:30:00.000-04:00,"2026-6-30 15:30,70.09,70.1,69.87,69.95,3,1,0,-1,-,-,FIGHT"
2026-06-30T15:35:00.000-04:00,"2026-6-30 15:35,70.12,70.14,69.89,69.96,3,1,0,-1,-,-,FIGHT"
2026-06-30T15:40:00.000-04:00,"2026-6-30 15:40,70.07,70.14,69.9,69.96,0,0,0,-1,-,-,neutral"
2026-06-30T15:45:00.000-04:00,"2026-6-30 15:45,70.08,70.14,69.92,69.97,0,0,0,-1,-,-,neutral"
2026-06-30T15:50:00.000-04:00,"2026-6-30 15:50,70.1,70.15,69.93,69.97,0,0,0,-1,-,-,neutral"
2026-06-30T15:55:00.000-04:00,"2026-6-30 15:55,70.09,70.15,69.94,69.98,0,0,1,0,-,-,neutral"
2026-06-30T16:00:00.000-04:00,"2026-6-30 16:00,70.08,70.14,69.95,69.98,0,0,1,0,-,-,neutral"
2026-06-30T16:05:00.000-04:00,"2026-6-30 16:05,70.11,70.14,69.97,69.99,0,0,1,0,-,-,neutral"
2026-06-30T16:10:00.000-04:00,"2026-6-30 16:10,70.08,70.13,69.97,69.99,0,0,1,0,-,-,neutral"
2026-06-30T16:15:00.000-04:00,"2026-6-30 16:15,70.04,70.11,69.98,69.99,0,0,1,0,-,-,neutral"
2026-06-30T16:20:00.000-04:00,"2026-6-30 16:20,70.07,70.1,69.99,69.99,0,0,1,0,-,-,neutral"
2026-06-30T16:25:00.000-04:00,"2026-6-30 16:25,70.08,70.1,69.99,70,0,0,1,0,-,-,neutral"
2026-06-30T16:30:00.000-04:00,"2026-6-30 16:30,70.03,70.07,70,70,0,0,1,0,-,-,neutral"
2026-06-30T16:35:00.000-04:00,"2026-6-30 16:35,70.05,70.06,70,70,0,0,1,0,-,-,neutral"
2026-06-30T16:40:00.000-04:00,"2026-6-30 16:40,70.06,70.06,70.01,70,0,0,1,0,-,-,neutral"
2026-06-30T16:45:00.000-04:00,"2026-6-30 16:45,70.04,70.05,70.01,70,0,0,1,0,-,-,neutral"
2026-06-30T16:50:00.000-04:00,"2026-6-30 16:50,70.03,70.04,70.01,70.01,0,0,1,0,-,-,neutral"
2026-06-30T16:55:00.000-04:00,"2026-6-30 16:55,70.04,70.04,70.01,70.01,0,0,0,0,-,-,neutral"
2026-06-30T18:00:00.000-04:00,"2026-6-30 18:00,70,70.02,70.01,70.01,-3,-1,0,0,S,-,FIGHT"
2026-06-30T18:05:00.000-04:00,"2026-6-30 18:05,69.94,69.98,70.01,70,-7,-1,0,0,-,-,FIGHT"
2026-06-30T18:10:00.000-04:00,"2026-6-30 18:10,69.96,69.96,70,70,-5,-1,0,0,-,-,FIGHT"
2026-06-30T18:15:00.000-04:00,"2026-6-30 18:15,69.94,69.95,70,70,-5,-1,0,0,-,-,FIGHT"
2026-06-30T18:20:00.000-04:00,"2026-6-30 18:20,69.96,69.94,69.99,70,-3,-1,0,0,-,-,FIGHT"
2026-06-30T18:25:00.000-04:00,"2026-6-30 18:25,69.95,69.93,69.99,70,-5,-1,0,0,-,-,FIGHT"
2026-06-30T18:30:00.000-04:00,"2026-6-30 18:30,69.98,69.94,69.99,70,0,0,0,0,-,-,neutral"
2026-06-30T18:35:00.000-04:00,"2026-6-30 18:35,69.96,69.94,69.99,69.99,0,0,0,0,-,-,neutral"
2026-06-30T18:40:00.000-04:00,"2026-6-30 18:40,69.93,69.93,69.98,69.99,-5,-1,-1,0,-,-,wave_only"
2026-06-30T18:45:00.000-04:00,"2026-6-30 18:45,69.93,69.92,69.98,69.99,-5,-1,-1,0,-,-,wave_only"
2026-06-30T18:50:00.000-04:00,"2026-6-30 18:50,69.94,69.92,69.98,69.99,0,0,-1,0,-,-,neutral"
2026-06-30T18:55:00.000-04:00,"2026-6-30 18:55,69.98,69.93,69.98,69.99,0,0,0,-1,-,-,neutral"
2026-06-30T19:00:00.000-04:00,"2026-6-30 19:00,70.03,69.96,69.98,69.99,3,1,0,-1,B,-,FIGHT"
2026-06-30T19:05:00.000-04:00,"2026-6-30 19:05,70,69.98,69.98,69.99,3,0,0,-1,-,-,neutral"
2026-06-30T19:10:00.000-04:00,"2026-6-30 19:10,70,69.98,69.98,69.99,5,1,0,-1,-,-,FIGHT"
2026-06-30T19:15:00.000-04:00,"2026-6-30 19:15,70.05,70.01,69.99,69.99,7,1,0,-1,-,-,FIGHT"
2026-06-30T19:20:00.000-04:00,"2026-6-30 19:20,70.05,70.03,69.99,69.99,7,1,0,-1,-,-,FIGHT"
2026-06-30T19:25:00.000-04:00,"2026-6-30 19:25,70.03,70.03,70,70,3,1,1,-1,-,-,wave_only"
2026-06-30T19:30:00.000-04:00,"2026-6-30 19:30,70.03,70.04,70,70,0,0,1,-1,-,-,neutral"
2026-06-30T19:35:00.000-04:00,"2026-6-30 19:35,70.04,70.04,70,70,3,1,1,-1,-,-,wave_only"
2026-06-30T19:40:00.000-04:00,"2026-6-30 19:40,69.98,70.02,70,70,0,0,0,-1,-,-,neutral"
2026-06-30T19:45:00.000-04:00,"2026-6-30 19:45,70.08,70.05,70.01,70,7,1,0,-1,-,-,FIGHT"
2026-06-30T19:50:00.000-04:00,"2026-6-30 19:50,70.1,70.07,70.01,70.01,7,1,0,-1,-,-,FIGHT"
2026-06-30T19:55:00.000-04:00,"2026-6-30 19:55,70.12,70.1,70.02,70.01,7,1,1,0,-,-,wave_only"
2026-06-30T20:00:00.000-04:00,"2026-6-30 20:00,70.14,70.12,70.03,70.01,7,1,1,0,-,-,wave_only"
2026-06-30T20:05:00.000-04:00,"2026-6-30 20:05,70.16,70.14,70.04,70.02,7,1,1,0,-,-,wave_only"
2026-06-30T20:10:00.000-04:00,"2026-6-30 20:10,70.12,70.15,70.05,70.02,0,0,1,0,-,-,neutral"
2026-06-30T20:15:00.000-04:00,"2026-6-30 20:15,70.12,70.15,70.05,70.03,0,0,1,0,-,-,neutral"
2026-06-30T20:20:00.000-04:00,"2026-6-30 20:20,70.05,70.12,70.05,70.03,0,0,1,0,-,-,neutral"
2026-06-30T20:25:00.000-04:00,"2026-6-30 20:25,70,70.08,70.05,70.03,0,0,0,0,-,-,neutral"
2026-06-30T20:30:00.000-04:00,"2026-6-30 20:30,70.11,70.09,70.05,70.03,7,1,0,0,-,-,FIGHT"
2026-06-30T20:35:00.000-04:00,"2026-6-30 20:35,70.11,70.1,70.06,70.03,7,1,0,0,-,-,FIGHT"
2026-06-30T20:40:00.000-04:00,"2026-6-30 20:40,70.04,70.08,70.06,70.03,0,0,0,0,-,-,neutral"
2026-06-30T20:45:00.000-04:00,"2026-6-30 20:45,70.03,70.06,70.05,70.03,-5,-1,0,0,S,-,FIGHT"
2026-06-30T20:50:00.000-04:00,"2026-6-30 20:50,70.05,70.05,70.05,70.03,-5,0,0,0,-,-,neutral"
2026-06-30T20:55:00.000-04:00,"2026-6-30 20:55,70.11,70.07,70.06,70.04,7,1,1,0,B,-,wave_only"
2026-06-30T21:00:00.000-04:00,"2026-6-30 21:00,69.96,70.03,70.05,70.03,-5,-1,1,0,S,-,FIGHT"
2026-06-30T21:05:00.000-04:00,"2026-6-30 21:05,69.97,70,70.04,70.03,-5,-1,1,0,-,-,FIGHT"
2026-06-30T21:10:00.000-04:00,"2026-6-30 21:10,69.92,69.96,70.03,70.03,-7,-1,0,0,-,-,FIGHT"
2026-06-30T21:15:00.000-04:00,"2026-6-30 21:15,69.88,69.92,70.02,70.02,-7,-1,0,0,-,-,FIGHT"
2026-06-30T21:20:00.000-04:00,"2026-6-30 21:20,69.85,69.88,70.01,70.02,-7,-1,0,0,-,-,FIGHT"
2026-06-30T21:25:00.000-04:00,"2026-6-30 21:25,69.92,69.88,70,70.01,0,0,-1,0,-,-,neutral"
2026-06-30T21:30:00.000-04:00,"2026-6-30 21:30,69.93,69.88,70,70.01,0,0,-1,0,-,-,neutral"
2026-06-30T21:35:00.000-04:00,"2026-6-30 21:35,69.81,69.84,69.98,70,-7,-1,-1,0,-,-,wave_only"
2026-06-30T21:40:00.000-04:00,"2026-6-30 21:40,69.86,69.83,69.97,69.99,-5,0,-1,0,-,-,neutral"
2026-06-30T21:45:00.000-04:00,"2026-6-30 21:45,69.84,69.82,69.96,69.99,0,0,-1,0,-,-,neutral"
2026-06-30T21:50:00.000-04:00,"2026-6-30 21:50,69.71,69.77,69.94,69.98,-7,-1,-1,0,-,-,wave_only"
2026-06-30T21:55:00.000-04:00,"2026-6-30 21:55,69.79,69.76,69.93,69.97,0,0,-1,-1,-,-,neutral"
2026-06-30T22:00:00.000-04:00,"2026-6-30 22:00,69.76,69.74,69.92,69.96,0,0,-1,-1,-,-,neutral"
2026-06-30T22:05:00.000-04:00,"2026-6-30 22:05,69.71,69.71,69.9,69.95,-7,-1,-1,-1,-,-,RIDE_both"
2026-06-30T22:10:00.000-04:00,"2026-6-30 22:10,69.75,69.71,69.89,69.94,0,0,-1,-1,-,-,neutral"
2026-06-30T22:15:00.000-04:00,"2026-6-30 22:15,69.79,69.72,69.88,69.94,0,0,-1,-1,-,-,neutral"
2026-06-30T22:20:00.000-04:00,"2026-6-30 22:20,69.86,69.76,69.88,69.94,0,0,-1,-1,-,-,neutral"
2026-06-30T22:25:00.000-04:00,"2026-6-30 22:25,69.77,69.76,69.87,69.93,-3,-1,-1,-1,-,-,RIDE_both"
2026-06-30T22:30:00.000-04:00,"2026-6-30 22:30,69.81,69.77,69.87,69.92,0,0,-1,-1,-,-,neutral"
2026-06-30T22:35:00.000-04:00,"2026-6-30 22:35,69.79,69.78,69.86,69.92,0,0,-1,-1,-,-,neutral"
2026-06-30T22:40:00.000-04:00,"2026-6-30 22:40,69.8,69.78,69.86,69.91,0,0,-1,-1,-,-,neutral"
2026-06-30T22:45:00.000-04:00,"2026-6-30 22:45,69.78,69.78,69.85,69.91,0,0,-1,-1,-,-,neutral"
2026-06-30T22:50:00.000-04:00,"2026-6-30 22:50,69.78,69.78,69.85,69.9,0,0,-1,-1,-,-,neutral"
2026-06-30T22:55:00.000-04:00,"2026-6-30 22:55,69.8,69.79,69.84,69.9,0,0,-1,-1,-,-,neutral"
2026-06-30T23:00:00.000-04:00,"2026-6-30 23:00,69.79,69.79,69.84,69.9,0,0,-1,-1,-,-,neutral"
2026-06-30T23:05:00.000-04:00,"2026-6-30 23:05,69.84,69.81,69.84,69.89,3,1,-1,-1,B,-,FIGHT"
2026-06-30T23:10:00.000-04:00,"2026-6-30 23:10,69.8,69.81,69.84,69.89,0,0,0,-1,-,-,neutral"
2026-06-30T23:15:00.000-04:00,"2026-6-30 23:15,69.87,69.83,69.84,69.89,5,1,0,-1,-,-,FIGHT"
2026-06-30T23:20:00.000-04:00,"2026-6-30 23:20,69.81,69.83,69.84,69.89,-3,-1,0,-1,S,-,tide_only"
2026-06-30T23:25:00.000-04:00,"2026-6-30 23:25,69.77,69.81,69.83,69.88,-7,-1,-1,-1,-,-,RIDE_both"
2026-06-30T23:30:00.000-04:00,"2026-6-30 23:30,69.83,69.82,69.83,69.88,5,1,-1,-1,B,-,FIGHT"
2026-06-30T23:35:00.000-04:00,"2026-6-30 23:35,69.83,69.83,69.83,69.88,5,1,-1,-1,-,-,FIGHT"
2026-06-30T23:40:00.000-04:00,"2026-6-30 23:40,69.83,69.83,69.83,69.88,0,0,0,-1,-,-,neutral"
2026-06-30T23:45:00.000-04:00,"2026-6-30 23:45,69.8,69.82,69.83,69.87,-3,-1,0,-1,S,-,tide_only"
2026-06-30T23:50:00.000-04:00,"2026-6-30 23:50,69.8,69.82,69.83,69.87,-7,-1,0,-1,-,-,tide_only"
2026-06-30T23:55:00.000-04:00,"2026-6-30 23:55,69.82,69.82,69.83,69.87,0,0,0,-1,-,-,neutral"
2026-07-01T00:00:00.000-04:00,"2026-7-1 0:00,69.84,69.83,69.83,69.87,5,1,0,-1,B,-,FIGHT"
2026-07-01T00:05:00.000-04:00,"2026-7-1 0:05,69.83,69.83,69.83,69.87,0,0,0,-1,-,-,neutral"
2026-07-01T00:10:00.000-04:00,"2026-7-1 0:10,69.8,69.82,69.82,69.86,0,0,0,-1,-,-,neutral"
2026-07-01T00:15:00.000-04:00,"2026-7-1 0:15,69.76,69.8,69.82,69.86,-7,-1,0,-1,S,-,tide_only"
2026-07-01T00:20:00.000-04:00,"2026-7-1 0:20,69.76,69.79,69.82,69.85,-7,-1,0,-1,-,-,tide_only"
2026-07-01T00:25:00.000-04:00,"2026-7-1 0:25,69.77,69.78,69.81,69.85,-7,-1,-1,-1,-,-,RIDE_both"
2026-07-01T00:30:00.000-04:00,"2026-7-1 0:30,69.73,69.76,69.81,69.85,-7,-1,-1,-1,-,-,RIDE_both"
2026-07-01T00:35:00.000-04:00,"2026-7-1 0:35,69.76,69.75,69.8,69.84,-3,-1,-1,-1,-,-,RIDE_both"
2026-07-01T00:40:00.000-04:00,"2026-7-1 0:40,69.77,69.76,69.8,69.84,0,0,-1,-1,-,-,neutral"
2026-07-01T00:45:00.000-04:00,"2026-7-1 0:45,69.7,69.73,69.79,69.83,-7,-1,-1,-1,-,-,RIDE_both"
2026-07-01T00:50:00.000-04:00,"2026-7-1 0:50,69.75,69.73,69.79,69.83,0,0,-1,-1,-,-,neutral"
2026-07-01T00:55:00.000-04:00,"2026-7-1 0:55,69.73,69.73,69.78,69.83,-3,-1,-1,-1,-,-,RIDE_both"
2026-07-01T01:00:00.000-04:00,"2026-7-1 1:00,69.73,69.72,69.78,69.82,-3,-1,-1,-1,-,-,RIDE_both"
2026-07-01T01:05:00.000-04:00,"2026-7-1 1:05,69.73,69.72,69.78,69.82,-7,-1,-1,-1,-,-,RIDE_both"
2026-07-01T01:10:00.000-04:00,"2026-7-1 1:10,69.76,69.73,69.77,69.82,0,0,0,-1,-,-,neutral"
2026-07-01T01:15:00.000-04:00,"2026-7-1 1:15,69.76,69.74,69.77,69.82,0,0,0,-1,-,-,neutral"
2026-07-01T01:20:00.000-04:00,"2026-7-1 1:20,69.81,69.76,69.78,69.82,3,1,0,-1,B,-,FIGHT"
2026-07-01T01:25:00.000-04:00,"2026-7-1 1:25,69.78,69.77,69.78,69.81,5,1,0,-1,-,-,FIGHT"
2026-07-01T01:30:00.000-04:00,"2026-7-1 1:30,69.75,69.77,69.77,69.81,-7,-1,0,-1,S,-,tide_only"
2026-07-01T01:35:00.000-04:00,"2026-7-1 1:35,69.73,69.75,69.77,69.81,-7,-1,0,-1,-,-,tide_only"
2026-07-01T01:40:00.000-04:00,"2026-7-1 1:40,69.72,69.74,69.77,69.8,-7,-1,-1,-1,-,-,RIDE_both"
2026-07-01T01:45:00.000-04:00,"2026-7-1 1:45,69.75,69.74,69.77,69.8,0,0,-1,-1,-,-,neutral"
2026-07-01T01:50:00.000-04:00,"2026-7-1 1:50,69.63,69.7,69.76,69.8,-7,-1,-1,-1,-,-,RIDE_both"
2026-07-01T01:55:00.000-04:00,"2026-7-1 1:55,69.6,69.66,69.74,69.79,-7,-1,-1,-1,-,-,RIDE_both"
2026-07-01T02:00:00.000-04:00,"2026-7-1 2:00,69.61,69.63,69.73,69.78,-7,-1,-1,-1,-,-,RIDE_both"
2026-07-01T02:05:00.000-04:00,"2026-7-1 2:05,69.67,69.64,69.73,69.78,0,0,-1,-1,-,-,neutral"
2026-07-01T02:10:00.000-04:00,"2026-7-1 2:10,69.6,69.61,69.72,69.77,-7,-1,-1,-1,-,-,RIDE_both"
2026-07-01T02:15:00.000-04:00,"2026-7-1 2:15,69.6,69.6,69.71,69.76,-7,-1,-1,-1,-,-,RIDE_both"
2026-07-01T02:20:00.000-04:00,"2026-7-1 2:20,69.54,69.57,69.7,69.75,-7,-1,-1,-1,-,-,RIDE_both"
2026-07-01T02:25:00.000-04:00,"2026-7-1 2:25,69.52,69.54,69.68,69.75,-7,-1,-1,-1,-,-,RIDE_both"
2026-07-01T02:30:00.000-04:00,"2026-7-1 2:30,69.49,69.51,69.67,69.74,-7,-1,-1,-1,-,-,RIDE_both"
2026-07-01T02:35:00.000-04:00,"2026-7-1 2:35,69.47,69.48,69.65,69.72,-7,-1,-1,-1,-,-,RIDE_both"
2026-07-01T02:40:00.000-04:00,"2026-7-1 2:40,69.58,69.5,69.65,69.72,0,0,-1,-1,-,-,neutral"
2026-07-01T02:45:00.000-04:00,"2026-7-1 2:45,69.48,69.48,69.63,69.71,-7,-1,-1,-1,-,-,RIDE_both"
2026-07-01T02:50:00.000-04:00,"2026-7-1 2:50,69.51,69.48,69.62,69.7,-7,0,-1,-1,-,-,neutral"
2026-07-01T02:55:00.000-04:00,"2026-7-1 2:55,69.59,69.51,69.62,69.7,0,0,-1,-1,-,-,neutral"
2026-07-01T03:00:00.000-04:00,"2026-7-1 3:00,69.54,69.51,69.62,69.69,0,0,-1,-1,-,-,neutral"
2026-07-01T03:05:00.000-04:00,"2026-7-1 3:05,69.45,69.49,69.6,69.68,-7,-1,-1,-1,-,-,RIDE_both"
2026-07-01T03:10:00.000-04:00,"2026-7-1 3:10,69.68,69.55,69.61,69.68,3,1,0,-1,B,-,FIGHT"
2026-07-01T03:15:00.000-04:00,"2026-7-1 3:15,69.53,69.54,69.6,69.68,-3,-1,0,-1,S,-,tide_only"
2026-07-01T03:20:00.000-04:00,"2026-7-1 3:20,69.42,69.5,69.59,69.67,-7,-1,0,-1,-,-,tide_only"
2026-07-01T03:25:00.000-04:00,"2026-7-1 3:25,69.39,69.45,69.57,69.66,-7,-1,-1,-1,-,-,RIDE_both"
2026-07-01T03:30:00.000-04:00,"2026-7-1 3:30,69.48,69.46,69.57,69.65,0,0,-1,-1,-,-,neutral"
2026-07-01T03:35:00.000-04:00,"2026-7-1 3:35,69.35,69.41,69.55,69.64,-7,-1,-1,-1,-,-,RIDE_both"
2026-07-01T03:40:00.000-04:00,"2026-7-1 3:40,69.41,69.4,69.54,69.63,-3,-1,-1,-1,-,-,RIDE_both"
2026-07-01T03:45:00.000-04:00,"2026-7-1 3:45,69.45,69.41,69.53,69.62,0,0,-1,-1,-,-,neutral"
2026-07-01T03:50:00.000-04:00,"2026-7-1 3:50,69.38,69.39,69.52,69.61,-3,-1,-1,-1,-,-,RIDE_both"
2026-07-01T03:55:00.000-04:00,"2026-7-1 3:55,69.35,69.37,69.51,69.6,-7,-1,-1,-1,-,-,RIDE_both"
2026-07-01T04:00:00.000-04:00,"2026-7-1 4:00,69.43,69.38,69.5,69.59,0,0,-1,-1,-,-,neutral"
2026-07-01T04:05:00.000-04:00,"2026-7-1 4:05,69.27,69.33,69.48,69.58,-7,-1,-1,-1,-,-,RIDE_both"
2026-07-01T04:10:00.000-04:00,"2026-7-1 4:10,69.31,69.31,69.47,69.57,-3,-1,-1,-1,-,-,RIDE_both"
2026-07-01T04:15:00.000-04:00,"2026-7-1 4:15,69.11,69.23,69.44,69.55,-7,-1,-1,-1,-,-,RIDE_both"
2026-07-01T04:20:00.000-04:00,"2026-7-1 4:20,69.02,69.13,69.41,69.53,-7,-1,-1,-1,-,-,RIDE_both"
2026-07-01T04:25:00.000-04:00,"2026-7-1 4:25,68.95,69.04,69.37,69.51,-7,-1,-1,-1,-,-,RIDE_both"
2026-07-01T04:30:00.000-04:00,"2026-7-1 4:30,68.77,68.91,69.33,69.48,-7,-1,-1,-1,-,-,RIDE_both"
2026-07-01T04:35:00.000-04:00,"2026-7-1 4:35,68.85,68.85,69.29,69.46,-7,-1,-1,-1,-,-,RIDE_both"
2026-07-01T04:40:00.000-04:00,"2026-7-1 4:40,68.82,68.8,69.26,69.43,-7,-1,-1,-1,-,-,RIDE_both"
2026-07-01T04:45:00.000-04:00,"2026-7-1 4:45,68.72,68.73,69.21,69.4,-7,-1,-1,-1,-,-,RIDE_both"
2026-07-01T04:50:00.000-04:00,"2026-7-1 4:50,68.67,68.66,69.17,69.37,-7,-1,-1,-1,-,-,RIDE_both"
2026-07-01T04:55:00.000-04:00,"2026-7-1 4:55,68.34,68.5,69.11,69.33,-7,-1,-1,-1,-,-,RIDE_both"
2026-07-01T05:00:00.000-04:00,"2026-7-1 5:00,68.42,68.41,69.06,69.3,-7,-1,-1,-1,-,-,RIDE_both"
2026-07-01T05:05:00.000-04:00,"2026-7-1 5:05,68.39,68.35,69,69.26,-7,-1,-1,-1,-,-,RIDE_both"
2026-07-01T05:10:00.000-04:00,"2026-7-1 5:10,68.31,68.28,68.95,69.22,-7,-1,-1,-1,-,-,RIDE_both"
2026-07-01T05:15:00.000-04:00,"2026-7-1 5:15,68.38,68.26,68.91,69.19,0,0,-1,-1,-,-,neutral"
2026-07-01T05:20:00.000-04:00,"2026-7-1 5:20,68.45,68.28,68.87,69.16,0,0,-1,-1,-,-,neutral"
2026-07-01T05:25:00.000-04:00,"2026-7-1 5:25,68.46,68.3,68.84,69.13,0,0,-1,-1,-,-,neutral"
2026-07-01T05:30:00.000-04:00,"2026-7-1 5:30,68.54,68.36,68.82,69.11,0,0,-1,-1,-,-,neutral"
2026-07-01T05:35:00.000-04:00,"2026-7-1 5:35,68.5,68.39,68.79,69.09,0,0,-1,-1,-,-,neutral"
2026-07-01T05:40:00.000-04:00,"2026-7-1 5:40,68.64,68.46,68.78,69.07,0,0,0,-1,-,-,neutral"
2026-07-01T05:45:00.000-04:00,"2026-7-1 5:45,68.79,68.58,68.78,69.06,3,1,0,-1,B,-,FIGHT"
2026-07-01T05:50:00.000-04:00,"2026-7-1 5:50,68.72,68.64,68.78,69.05,3,1,0,-1,-,-,FIGHT"
2026-07-01T05:55:00.000-04:00,"2026-7-1 5:55,68.79,68.71,68.78,69.04,3,1,0,-1,-,-,FIGHT"
2026-07-01T06:00:00.000-04:00,"2026-7-1 6:00,68.97,68.83,68.79,69.03,5,1,0,-1,-,-,FIGHT"
2026-07-01T06:05:00.000-04:00,"2026-7-1 6:05,68.91,68.89,68.8,69.03,5,1,0,-1,-,-,FIGHT"
2026-07-01T06:10:00.000-04:00,"2026-7-1 6:10,68.97,68.95,68.81,69.03,5,1,0,-1,-,-,FIGHT"
2026-07-01T06:15:00.000-04:00,"2026-7-1 6:15,68.78,68.93,68.81,69.02,0,0,0,-1,-,-,neutral"
2026-07-01T06:20:00.000-04:00,"2026-7-1 6:20,68.74,68.89,68.81,69.01,0,0,0,-1,-,-,neutral"
2026-07-01T06:25:00.000-04:00,"2026-7-1 6:25,68.75,68.86,68.8,69,0,0,0,-1,-,-,neutral"
2026-07-01T06:30:00.000-04:00,"2026-7-1 6:30,68.75,68.84,68.8,68.99,0,0,0,-1,-,-,neutral"
2026-07-01T06:35:00.000-04:00,"2026-7-1 6:35,68.63,68.78,68.79,68.97,0,0,0,-1,-,-,neutral"
2026-07-01T06:40:00.000-04:00,"2026-7-1 6:40,68.86,68.82,68.79,68.97,5,1,0,-1,-,-,FIGHT"
2026-07-01T06:45:00.000-04:00,"2026-7-1 6:45,68.86,68.85,68.8,68.96,5,1,0,-1,-,-,FIGHT"
2026-07-01T06:50:00.000-04:00,"2026-7-1 6:50,68.9,68.88,68.8,68.96,5,1,0,-1,-,-,FIGHT"
2026-07-01T06:55:00.000-04:00,"2026-7-1 6:55,68.87,68.89,68.81,68.96,5,1,0,0,-,-,FIGHT"
2026-07-01T07:00:00.000-04:00,"2026-7-1 7:00,68.81,68.88,68.81,68.95,0,0,0,0,-,-,neutral"
2026-07-01T07:05:00.000-04:00,"2026-7-1 7:05,68.95,68.92,68.82,68.95,5,1,0,0,-,-,FIGHT"
2026-07-01T07:10:00.000-04:00,"2026-7-1 7:10,68.95,68.94,68.83,68.95,5,1,0,0,-,-,FIGHT"
2026-07-01T07:15:00.000-04:00,"2026-7-1 7:15,69.05,69,68.85,68.96,5,1,0,0,-,-,FIGHT"
2026-07-01T07:20:00.000-04:00,"2026-7-1 7:20,68.99,69.02,68.86,68.96,0,0,0,0,-,-,neutral"
2026-07-01T07:25:00.000-04:00,"2026-7-1 7:25,68.98,69.02,68.87,68.96,0,0,0,0,-,-,neutral"
2026-07-01T07:30:00.000-04:00,"2026-7-1 7:30,69.06,69.05,68.88,68.96,5,1,0,0,-,-,FIGHT"
2026-07-01T07:35:00.000-04:00,"2026-7-1 7:35,69.06,69.08,68.9,68.97,0,0,0,0,-,-,neutral"
2026-07-01T07:40:00.000-04:00,"2026-7-1 7:40,68.95,69.05,68.9,68.96,0,0,1,0,-,-,neutral"
2026-07-01T07:45:00.000-04:00,"2026-7-1 7:45,69.07,69.07,68.91,68.97,0,0,1,0,-,-,neutral"
2026-07-01T07:50:00.000-04:00,"2026-7-1 7:50,69.17,69.12,68.93,68.98,5,1,1,0,-,-,wave_only"
2026-07-01T07:55:00.000-04:00,"2026-7-1 7:55,69.14,69.15,68.95,68.98,3,1,1,0,-,-,wave_only"
2026-07-01T08:00:00.000-04:00,"2026-7-1 8:00,69.09,69.14,68.96,68.99,0,0,1,0,-,-,neutral"
2026-07-01T08:05:00.000-04:00,"2026-7-1 8:05,68.94,69.08,68.96,68.99,0,0,1,0,-,-,neutral"
2026-07-01T08:10:00.000-04:00,"2026-7-1 8:10,68.83,69,68.95,68.98,0,0,-1,0,-,-,neutral"
2026-07-01T08:15:00.000-04:00,"2026-7-1 8:15,69.12,69.04,68.96,68.98,5,1,-1,0,-,-,FIGHT"
2026-07-01T08:20:00.000-04:00,"2026-7-1 8:20,68.93,69,68.96,68.98,0,0,-1,0,-,-,neutral"
2026-07-01T08:25:00.000-04:00,"2026-7-1 8:25,68.9,68.96,68.95,68.98,0,0,0,0,-,-,neutral"
2026-07-01T08:30:00.000-04:00,"2026-7-1 8:30,68.78,68.89,68.94,68.97,-7,-1,0,0,S,-,FIGHT"
2026-07-01T08:35:00.000-04:00,"2026-7-1 8:35,68.85,68.86,68.93,68.97,-5,-1,0,0,-,-,FIGHT"
2026-07-01T08:40:00.000-04:00,"2026-7-1 8:40,68.89,68.86,68.93,68.96,0,0,-1,0,-,-,neutral"
2026-07-01T08:45:00.000-04:00,"2026-7-1 8:45,68.66,68.77,68.91,68.95,-7,-1,-1,0,-,-,wave_only"
2026-07-01T08:50:00.000-04:00,"2026-7-1 8:50,68.73,68.73,68.9,68.94,-7,-1,-1,0,-,-,wave_only"
2026-07-01T08:55:00.000-04:00,"2026-7-1 8:55,68.77,68.72,68.89,68.94,-3,-1,-1,-1,-,-,RIDE_both"
2026-07-01T09:00:00.000-04:00,"2026-7-1 9:00,69.07,68.83,68.9,68.94,0,0,-1,-1,-,-,neutral"
2026-07-01T09:05:00.000-04:00,"2026-7-1 9:05,69.11,68.93,68.92,68.95,5,1,-1,-1,B,-,FIGHT"
2026-07-01T09:10:00.000-04:00,"2026-7-1 9:10,69.14,69.01,68.93,68.96,5,1,1,-1,-,-,wave_only"
2026-07-01T09:15:00.000-04:00,"2026-7-1 9:15,68.96,69,68.94,68.96,0,0,1,-1,-,-,neutral"
2026-07-01T09:20:00.000-04:00,"2026-7-1 9:20,68.98,69,68.94,68.96,0,0,1,-1,-,-,neutral"
2026-07-01T09:25:00.000-04:00,"2026-7-1 9:25,68.88,68.96,68.93,68.95,0,0,-1,-1,-,-,neutral"
2026-07-01T09:30:00.000-04:00,"2026-7-1 9:30,68.77,68.89,68.92,68.95,-7,-1,-1,-1,S,SELL,RIDE_both"
2026-07-01T09:35:00.000-04:00,"2026-7-1 9:35,68.9,68.89,68.92,68.94,0,0,-1,-1,-,-,neutral"
2026-07-01T09:40:00.000-04:00,"2026-7-1 9:40,68.88,68.88,68.92,68.94,-5,-1,-1,-1,-,-,RIDE_both"
2026-07-01T09:45:00.000-04:00,"2026-7-1 9:45,69,68.92,68.92,68.94,5,1,-1,-1,B,-,FIGHT"
2026-07-01T09:50:00.000-04:00,"2026-7-1 9:50,69.07,68.98,68.93,68.95,5,1,-1,-1,-,-,FIGHT"
2026-07-01T09:55:00.000-04:00,"2026-7-1 9:55,69.09,69.02,68.95,68.96,7,1,1,0,-,-,wave_only"
2026-07-01T10:00:00.000-04:00,"2026-7-1 10:00,69,69.02,68.95,68.96,0,0,1,0,-,-,neutral"
2026-07-01T10:05:00.000-04:00,"2026-7-1 10:05,68.92,68.99,68.95,68.96,0,0,1,0,-,-,neutral"
2026-07-01T10:10:00.000-04:00,"2026-7-1 10:10,68.89,68.96,68.94,68.95,0,0,-1,0,-,-,neutral"
2026-07-01T10:15:00.000-04:00,"2026-7-1 10:15,68.86,68.92,68.94,68.95,-5,-1,-1,0,S,-,wave_only"
2026-07-01T10:20:00.000-04:00,"2026-7-1 10:20,68.82,68.88,68.93,68.94,-5,-1,-1,0,-,-,wave_only"
2026-07-01T10:25:00.000-04:00,"2026-7-1 10:25,68.78,68.84,68.92,68.94,-5,-1,-1,0,-,-,wave_only"
2026-07-01T10:30:00.000-04:00,"2026-7-1 10:30,68.77,68.8,68.91,68.93,-5,-1,-1,0,-,-,wave_only"
2026-07-01T10:35:00.000-04:00,"2026-7-1 10:35,68.86,68.81,68.9,68.93,0,0,-1,0,-,-,neutral"
2026-07-01T10:40:00.000-04:00,"2026-7-1 10:40,68.66,68.74,68.88,68.92,-7,-1,-1,0,-,-,wave_only"
2026-07-01T10:45:00.000-04:00,"2026-7-1 10:45,68.45,68.62,68.85,68.9,-7,-1,-1,0,-,-,wave_only"
2026-07-01T10:50:00.000-04:00,"2026-7-1 10:50,68.3,68.47,68.81,68.88,-7,-1,-1,0,-,-,wave_only"
2026-07-01T10:55:00.000-04:00,"2026-7-1 10:55,68.19,68.33,68.76,68.85,-7,-1,-1,-1,-,-,RIDE_both"
2026-07-01T11:00:00.000-04:00,"2026-7-1 11:00,68.33,68.28,68.73,68.83,-7,-1,-1,-1,-,-,RIDE_both"
2026-07-01T11:05:00.000-04:00,"2026-7-1 11:05,68.37,68.27,68.7,68.81,0,0,-1,-1,-,-,neutral"
2026-07-01T11:10:00.000-04:00,"2026-7-1 11:10,68.43,68.28,68.68,68.8,0,0,-1,-1,-,-,neutral"
2026-07-01T11:15:00.000-04:00,"2026-7-1 11:15,68.42,68.3,68.66,68.78,0,0,-1,-1,-,-,neutral"
2026-07-01T11:20:00.000-04:00,"2026-7-1 11:20,68.26,68.25,68.63,68.76,-7,-1,-1,-1,-,-,RIDE_both"
2026-07-01T11:25:00.000-04:00,"2026-7-1 11:25,68.12,68.17,68.59,68.74,-7,-1,-1,-1,-,-,RIDE_both"
2026-07-01T11:30:00.000-04:00,"2026-7-1 11:30,68.24,68.16,68.56,68.72,-3,-1,-1,-1,-,-,RIDE_both"
2026-07-01T11:35:00.000-04:00,"2026-7-1 11:35,68.23,68.16,68.54,68.7,-3,-1,-1,-1,-,-,RIDE_both"
2026-07-01T11:40:00.000-04:00,"2026-7-1 11:40,68.31,68.18,68.52,68.68,0,0,-1,-1,-,-,neutral"
2026-07-01T11:45:00.000-04:00,"2026-7-1 11:45,68.21,68.17,68.5,68.66,-7,-1,-1,-1,-,-,RIDE_both"
2026-07-01T11:50:00.000-04:00,"2026-7-1 11:50,68.13,68.14,68.47,68.64,-7,-1,-1,-1,-,-,RIDE_both"
2026-07-01T11:55:00.000-04:00,"2026-7-1 11:55,68.17,68.13,68.44,68.62,-7,-1,-1,-1,-,-,RIDE_both"
2026-07-01T12:00:00.000-04:00,"2026-7-1 12:00,68.05,68.08,68.41,68.6,-7,-1,-1,-1,-,-,RIDE_both"
2026-07-01T12:05:00.000-04:00,"2026-7-1 12:05,68.08,68.06,68.39,68.58,-7,-1,-1,-1,-,-,RIDE_both"
2026-07-01T12:10:00.000-04:00,"2026-7-1 12:10,68.14,68.07,68.37,68.56,0,0,-1,-1,-,-,neutral"
2026-07-01T12:15:00.000-04:00,"2026-7-1 12:15,68.25,68.12,68.36,68.55,0,0,-1,-1,-,-,neutral"
2026-07-01T12:20:00.000-04:00,"2026-7-1 12:20,68.29,68.18,68.35,68.54,0,0,-1,-1,-,-,neutral"
2026-07-01T12:25:00.000-04:00,"2026-7-1 12:25,68.21,68.19,68.34,68.53,0,0,-1,-1,-,-,neutral"
2026-07-01T12:30:00.000-04:00,"2026-7-1 12:30,68.27,68.22,68.34,68.52,3,1,-1,-1,B,-,FIGHT"
2026-07-01T12:35:00.000-04:00,"2026-7-1 12:35,68.28,68.25,68.33,68.51,3,1,-1,-1,-,-,FIGHT"
2026-07-01T12:40:00.000-04:00,"2026-7-1 12:40,68.33,68.29,68.33,68.5,3,1,0,-1,-,-,FIGHT"
2026-07-01T12:45:00.000-04:00,"2026-7-1 12:45,68.37,68.33,68.34,68.5,5,1,0,-1,-,-,FIGHT"
2026-07-01T12:50:00.000-04:00,"2026-7-1 12:50,68.38,68.36,68.34,68.49,5,1,0,-1,-,-,FIGHT"
2026-07-01T12:55:00.000-04:00,"2026-7-1 12:55,68.29,68.35,68.34,68.48,0,0,0,-1,-,-,neutral"
2026-07-01T13:00:00.000-04:00,"2026-7-1 13:00,68.22,68.32,68.33,68.47,-3,-1,0,-1,S,-,tide_only"
2026-07-01T13:05:00.000-04:00,"2026-7-1 13:05,68.28,68.32,68.32,68.47,-3,-1,0,-1,-,-,tide_only"
2026-07-01T13:10:00.000-04:00,"2026-7-1 13:10,68.31,68.32,68.32,68.46,0,0,0,-1,-,-,neutral"
2026-07-01T13:15:00.000-04:00,"2026-7-1 13:15,68.32,68.33,68.32,68.45,0,0,0,-1,-,-,neutral"
2026-07-01T13:20:00.000-04:00,"2026-7-1 13:20,68.31,68.33,68.32,68.45,0,0,0,-1,-,-,neutral"
2026-07-01T13:25:00.000-04:00,"2026-7-1 13:25,68.4,68.37,68.33,68.45,5,1,0,-1,B,-,FIGHT"
2026-07-01T13:30:00.000-04:00,"2026-7-1 13:30,68.37,68.38,68.33,68.44,5,1,0,-1,-,-,FIGHT"
2026-07-01T13:35:00.000-04:00,"2026-7-1 13:35,68.36,68.38,68.33,68.44,0,0,0,-1,-,-,neutral"
2026-07-01T13:40:00.000-04:00,"2026-7-1 13:40,68.26,68.35,68.33,68.43,0,0,-1,-1,-,-,neutral"
2026-07-01T13:45:00.000-04:00,"2026-7-1 13:45,68.25,68.32,68.32,68.43,0,0,-1,-1,-,-,neutral"
2026-07-01T13:50:00.000-04:00,"2026-7-1 13:50,68.18,68.27,68.31,68.42,-7,-1,-1,-1,S,SELL,RIDE_both"
2026-07-01T13:55:00.000-04:00,"2026-7-1 13:55,68.3,68.28,68.31,68.41,0,0,0,-1,-,-,neutral"
2026-07-01T14:00:00.000-04:00,"2026-7-1 14:00,68.33,68.3,68.31,68.41,5,1,0,-1,B,-,FIGHT"
2026-07-01T14:05:00.000-04:00,"2026-7-1 14:05,68.31,68.3,68.31,68.4,0,0,0,-1,-,-,neutral"
2026-07-01T14:10:00.000-04:00,"2026-7-1 14:10,68.31,68.31,68.31,68.4,0,0,0,-1,-,-,neutral"
2026-07-01T14:15:00.000-04:00,"2026-7-1 14:15,68.33,68.32,68.31,68.4,5,1,0,-1,-,-,FIGHT"
2026-07-01T14:20:00.000-04:00,"2026-7-1 14:20,68.39,68.35,68.32,68.4,5,1,0,-1,-,-,FIGHT"
2026-07-01T14:25:00.000-04:00,"2026-7-1 14:25,68.69,68.48,68.35,68.41,5,1,1,-1,-,-,wave_only"
2026-07-01T14:30:00.000-04:00,"2026-7-1 14:30,68.55,68.52,68.36,68.42,5,1,1,-1,-,-,wave_only"
2026-07-01T14:35:00.000-04:00,"2026-7-1 14:35,68.46,68.52,68.37,68.42,0,0,1,-1,-,-,neutral"
2026-07-01T14:40:00.000-04:00,"2026-7-1 14:40,68.43,68.5,68.37,68.42,0,0,0,-1,-,-,neutral"
2026-07-01T14:45:00.000-04:00,"2026-7-1 14:45,68.41,68.48,68.38,68.42,0,0,0,-1,-,-,neutral"
2026-07-01T14:50:00.000-04:00,"2026-7-1 14:50,68.38,68.46,68.38,68.42,0,0,0,-1,-,-,neutral"
2026-07-01T14:55:00.000-04:00,"2026-7-1 14:55,68.29,68.4,68.37,68.41,0,0,-1,-1,-,-,neutral"
2026-07-01T15:00:00.000-04:00,"2026-7-1 15:00,68.27,68.35,68.36,68.41,-3,-1,-1,-1,S,SELL,RIDE_both"
2026-07-01T15:05:00.000-04:00,"2026-7-1 15:05,68.21,68.3,68.35,68.4,-7,-1,-1,-1,-,-,RIDE_both"
2026-07-01T15:10:00.000-04:00,"2026-7-1 15:10,68.29,68.28,68.35,68.39,-7,-1,-1,-1,-,-,RIDE_both"
2026-07-01T15:15:00.000-04:00,"2026-7-1 15:15,68.31,68.28,68.34,68.39,0,0,-1,-1,-,-,neutral"
2026-07-01T15:20:00.000-04:00,"2026-7-1 15:20,68.33,68.29,68.34,68.39,0,0,-1,-1,-,-,neutral"
2026-07-01T15:25:00.000-04:00,"2026-7-1 15:25,68.27,68.28,68.34,68.38,-7,-1,-1,-1,-,-,RIDE_both"
2026-07-01T15:30:00.000-04:00,"2026-7-1 15:30,68.23,68.25,68.33,68.38,-7,-1,-1,-1,-,-,RIDE_both"
2026-07-01T15:35:00.000-04:00,"2026-7-1 15:35,68.07,68.17,68.31,68.37,-7,-1,-1,-1,-,-,RIDE_both"
2026-07-01T15:40:00.000-04:00,"2026-7-1 15:40,68.17,68.16,68.3,68.36,-7,-1,-1,-1,-,-,RIDE_both"
2026-07-01T15:45:00.000-04:00,"2026-7-1 15:45,68.1,68.12,68.28,68.35,-7,-1,-1,-1,-,-,RIDE_both"
2026-07-01T15:50:00.000-04:00,"2026-7-1 15:50,68.08,68.09,68.27,68.34,-7,-1,-1,-1,-,-,RIDE_both"
2026-07-01T15:55:00.000-04:00,"2026-7-1 15:55,68.02,68.04,68.25,68.32,-7,-1,-1,-1,-,-,RIDE_both"
2026-07-01T16:00:00.000-04:00,"2026-7-1 16:00,68.02,68.01,68.23,68.31,-7,-1,-1,-1,-,-,RIDE_both"
2026-07-01T16:05:00.000-04:00,"2026-7-1 16:05,67.99,67.98,68.21,68.3,-7,-1,-1,-1,-,-,RIDE_both"
2026-07-01T16:10:00.000-04:00,"2026-7-1 16:10,68,67.97,68.2,68.29,-3,-1,-1,-1,-,-,RIDE_both"
2026-07-01T16:15:00.000-04:00,"2026-7-1 16:15,68.05,67.98,68.18,68.28,0,0,-1,-1,-,-,neutral"
2026-07-01T16:20:00.000-04:00,"2026-7-1 16:20,68.13,68.01,68.18,68.27,0,0,-1,-1,-,-,neutral"
2026-07-01T16:25:00.000-04:00,"2026-7-1 16:25,68.13,68.05,68.18,68.27,0,0,-1,-1,-,-,neutral"
2026-07-01T16:30:00.000-04:00,"2026-7-1 16:30,68.07,68.05,68.17,68.26,0,0,-1,-1,-,-,neutral"
2026-07-01T16:35:00.000-04:00,"2026-7-1 16:35,68.12,68.07,68.16,68.25,0,0,-1,-1,-,-,neutral"
2026-07-01T16:40:00.000-04:00,"2026-7-1 16:40,68.11,68.08,68.16,68.25,0,0,-1,-1,-,-,neutral"
2026-07-01T16:45:00.000-04:00,"2026-7-1 16:45,68.11,68.09,68.16,68.24,0,0,-1,-1,-,-,neutral"
2026-07-01T16:50:00.000-04:00,"2026-7-1 16:50,68.08,68.09,68.15,68.24,-7,-1,-1,-1,-,-,RIDE_both"
2026-07-01T16:55:00.000-04:00,"2026-7-1 16:55,68.08,68.09,68.15,68.23,-7,0,-1,-1,-,-,neutral"
2026-07-01T18:00:00.000-04:00,"2026-7-1 18:00,68.11,68.1,68.14,68.23,3,0,-1,-1,-,-,neutral"
2026-07-01T18:05:00.000-04:00,"2026-7-1 18:05,68.04,68.08,68.13,68.22,-7,-1,-1,-1,-,-,RIDE_both"
2026-07-01T18:10:00.000-04:00,"2026-7-1 18:10,68.07,68.07,68.13,68.21,-7,-1,-1,-1,-,-,RIDE_both"
2026-07-01T18:15:00.000-04:00,"2026-7-1 18:15,68.04,68.06,68.12,68.21,-7,-1,-1,-1,-,-,RIDE_both"
2026-07-01T18:20:00.000-04:00,"2026-7-1 18:20,68.02,68.05,68.11,68.2,-7,-1,-1,-1,-,-,RIDE_both"
2026-07-01T18:25:00.000-04:00,"2026-7-1 18:25,67.98,68.02,68.1,68.19,-7,-1,-1,-1,-,-,RIDE_both"
2026-07-01T18:30:00.000-04:00,"2026-7-1 18:30,68.03,68.02,68.1,68.18,-7,0,-1,-1,-,-,neutral"
2026-07-01T18:35:00.000-04:00,"2026-7-1 18:35,68.03,68.02,68.09,68.18,0,0,-1,-1,-,-,neutral"
2026-07-01T18:40:00.000-04:00,"2026-7-1 18:40,68.03,68.02,68.09,68.17,0,0,-1,-1,-,-,neutral"
2026-07-01T18:45:00.000-04:00,"2026-7-1 18:45,68.07,68.04,68.09,68.17,3,1,-1,-1,B,-,FIGHT"
2026-07-01T18:50:00.000-04:00,"2026-7-1 18:50,68.05,68.04,68.08,68.16,0,0,-1,-1,-,-,neutral"
2026-07-01T18:55:00.000-04:00,"2026-7-1 18:55,68.01,68.03,68.08,68.16,-7,-1,-1,-1,S,SELL,RIDE_both"
2026-07-01T19:00:00.000-04:00,"2026-7-1 19:00,68.01,68.02,68.07,68.15,-7,-1,-1,-1,-,-,RIDE_both"
2026-07-01T19:05:00.000-04:00,"2026-7-1 19:05,68.01,68.02,68.07,68.15,-7,-1,-1,-1,-,-,RIDE_both"
2026-07-01T19:10:00.000-04:00,"2026-7-1 19:10,68,68.01,68.06,68.14,-7,-1,-1,-1,-,-,RIDE_both"
2026-07-01T19:15:00.000-04:00,"2026-7-1 19:15,68,68,68.06,68.13,-7,-1,-1,-1,-,-,RIDE_both"
2026-07-01T19:20:00.000-04:00,"2026-7-1 19:20,68.02,68.01,68.06,68.13,0,0,-1,-1,-,-,neutral"
2026-07-01T19:25:00.000-04:00,"2026-7-1 19:25,68.05,68.02,68.05,68.13,3,1,0,-1,B,-,FIGHT"
2026-07-01T19:30:00.000-04:00,"2026-7-1 19:30,68.03,68.03,68.05,68.12,0,0,0,-1,-,-,neutral"
2026-07-01T19:35:00.000-04:00,"2026-7-1 19:35,67.98,68.01,68.05,68.12,-7,-1,0,-1,S,-,tide_only"
2026-07-01T19:40:00.000-04:00,"2026-7-1 19:40,68.03,68.02,68.05,68.11,3,1,0,-1,B,-,FIGHT"
2026-07-01T19:45:00.000-04:00,"2026-7-1 19:45,68.04,68.03,68.05,68.11,3,1,0,-1,-,-,FIGHT"
2026-07-01T19:50:00.000-04:00,"2026-7-1 19:50,68.01,68.02,68.04,68.11,-7,-1,0,-1,S,-,tide_only"
2026-07-01T19:55:00.000-04:00,"2026-7-1 19:55,68,68.01,68.04,68.1,-7,-1,-1,-1,-,-,RIDE_both"
2026-07-01T20:00:00.000-04:00,"2026-7-1 20:00,67.9,67.97,68.03,68.1,-7,-1,-1,-1,-,-,RIDE_both"
2026-07-01T20:05:00.000-04:00,"2026-7-1 20:05,67.89,67.94,68.02,68.09,-7,-1,-1,-1,-,-,RIDE_both"
2026-07-01T20:10:00.000-04:00,"2026-7-1 20:10,67.97,67.94,68.01,68.08,0,0,-1,-1,-,-,neutral"
2026-07-01T20:15:00.000-04:00,"2026-7-1 20:15,67.89,67.92,68,68.07,-7,-1,-1,-1,-,-,RIDE_both"
2026-07-01T20:20:00.000-04:00,"2026-7-1 20:20,67.87,67.89,67.99,68.07,-7,-1,-1,-1,-,-,RIDE_both"
2026-07-01T20:25:00.000-04:00,"2026-7-1 20:25,67.87,67.88,67.98,68.06,-7,-1,-1,-1,-,-,RIDE_both"
2026-07-01T20:30:00.000-04:00,"2026-7-1 20:30,67.89,67.87,67.98,68.05,-7,-1,-1,-1,-,-,RIDE_both"
2026-07-01T20:35:00.000-04:00,"2026-7-1 20:35,67.86,67.86,67.97,68.05,-7,-1,-1,-1,-,-,RIDE_both"
2026-07-01T20:40:00.000-04:00,"2026-7-1 20:40,67.83,67.84,67.96,68.04,-7,-1,-1,-1,-,-,RIDE_both"
2026-07-01T20:45:00.000-04:00,"2026-7-1 20:45,67.8,67.82,67.95,68.03,-7,-1,-1,-1,-,-,RIDE_both"
2026-07-01T20:50:00.000-04:00,"2026-7-1 20:50,67.85,67.82,67.94,68.02,0,0,-1,-1,-,-,neutral"
2026-07-01T20:55:00.000-04:00,"2026-7-1 20:55,67.9,67.84,67.94,68.02,0,0,-1,-1,-,-,neutral"
2026-07-01T21:00:00.000-04:00,"2026-7-1 21:00,67.8,67.82,67.93,68.01,-7,-1,-1,-1,-,-,RIDE_both"
2026-07-01T21:05:00.000-04:00,"2026-7-1 21:05,67.7,67.77,67.91,68,-7,-1,-1,-1,-,-,RIDE_both"
2026-07-01T21:10:00.000-04:00,"2026-7-1 21:10,67.79,67.76,67.9,67.99,-7,-1,-1,-1,-,-,RIDE_both"
2026-07-01T21:15:00.000-04:00,"2026-7-1 21:15,67.84,67.78,67.89,67.98,0,0,-1,-1,-,-,neutral"
2026-07-01T21:20:00.000-04:00,"2026-7-1 21:20,67.66,67.73,67.88,67.97,-7,-1,-1,-1,-,-,RIDE_both"
2026-07-01T21:25:00.000-04:00,"2026-7-1 21:25,67.62,67.68,67.86,67.96,-7,-1,-1,-1,-,-,RIDE_both"
2026-07-01T21:30:00.000-04:00,"2026-7-1 21:30,67.66,67.66,67.84,67.94,-7,-1,-1,-1,-,-,RIDE_both"
2026-07-01T21:35:00.000-04:00,"2026-7-1 21:35,67.68,67.65,67.83,67.93,-7,-1,-1,-1,-,-,RIDE_both"
2026-07-01T21:40:00.000-04:00,"2026-7-1 21:40,67.72,67.66,67.82,67.92,0,0,-1,-1,-,-,neutral"
2026-07-01T21:45:00.000-04:00,"2026-7-1 21:45,67.68,67.66,67.81,67.92,-7,-1,-1,-1,-,-,RIDE_both"
2026-07-01T21:50:00.000-04:00,"2026-7-1 21:50,67.68,67.66,67.8,67.91,-7,0,-1,-1,-,-,neutral"
2026-07-01T21:55:00.000-04:00,"2026-7-1 21:55,67.8,67.7,67.8,67.9,0,0,0,-1,-,-,neutral"
2026-07-01T22:00:00.000-04:00,"2026-7-1 22:00,67.81,67.74,67.8,67.9,3,0,0,-1,-,-,neutral"
2026-07-01T22:05:00.000-04:00,"2026-7-1 22:05,67.91,67.8,67.81,67.9,5,1,0,-1,B,-,FIGHT"
2026-07-01T22:10:00.000-04:00,"2026-7-1 22:10,67.82,67.82,67.81,67.9,5,1,0,-1,-,-,FIGHT"
2026-07-01T22:15:00.000-04:00,"2026-7-1 22:15,67.82,67.83,67.81,67.89,5,1,0,-1,-,-,FIGHT"
2026-07-01T22:20:00.000-04:00,"2026-7-1 22:20,67.8,67.83,67.81,67.89,0,0,0,-1,-,-,neutral"
2026-07-01T22:25:00.000-04:00,"2026-7-1 22:25,67.82,67.83,67.81,67.89,0,0,0,-1,-,-,neutral"
2026-07-01T22:30:00.000-04:00,"2026-7-1 22:30,67.88,67.86,67.82,67.89,5,1,0,-1,-,-,FIGHT"
2026-07-01T22:35:00.000-04:00,"2026-7-1 22:35,67.79,67.84,67.81,67.88,0,0,0,-1,-,-,neutral"
2026-07-01T22:40:00.000-04:00,"2026-7-1 22:40,67.77,67.82,67.81,67.88,0,0,0,-1,-,-,neutral"
2026-07-01T22:45:00.000-04:00,"2026-7-1 22:45,67.77,67.81,67.81,67.87,0,0,0,-1,-,-,neutral"
2026-07-01T22:50:00.000-04:00,"2026-7-1 22:50,67.71,67.78,67.8,67.87,-7,-1,0,-1,S,-,tide_only"
2026-07-01T22:55:00.000-04:00,"2026-7-1 22:55,67.71,67.75,67.79,67.86,-7,-1,-1,-1,-,-,RIDE_both"
2026-07-01T23:00:00.000-04:00,"2026-7-1 23:00,67.73,67.74,67.79,67.86,-7,-1,-1,-1,-,-,RIDE_both"
2026-07-01T23:05:00.000-04:00,"2026-7-1 23:05,67.71,67.73,67.78,67.85,-7,-1,-1,-1,-,-,RIDE_both"
2026-07-01T23:10:00.000-04:00,"2026-7-1 23:10,67.63,67.69,67.77,67.84,-7,-1,-1,-1,-,-,RIDE_both"
2026-07-01T23:15:00.000-04:00,"2026-7-1 23:15,67.61,67.65,67.76,67.83,-7,-1,-1,-1,-,-,RIDE_both"
2026-07-01T23:20:00.000-04:00,"2026-7-1 23:20,67.62,67.63,67.75,67.82,-7,-1,-1,-1,-,-,RIDE_both"
2026-07-01T23:25:00.000-04:00,"2026-7-1 23:25,67.64,67.62,67.74,67.82,-7,-1,-1,-1,-,-,RIDE_both"
2026-07-01T23:30:00.000-04:00,"2026-7-1 23:30,67.71,67.64,67.74,67.81,0,0,-1,-1,-,-,neutral"
2026-07-01T23:35:00.000-04:00,"2026-7-1 23:35,67.72,67.66,67.74,67.81,0,0,-1,-1,-,-,neutral"
2026-07-01T23:40:00.000-04:00,"2026-7-1 23:40,67.74,67.69,67.74,67.81,3,0,0,-1,-,-,neutral"
2026-07-01T23:45:00.000-04:00,"2026-7-1 23:45,67.75,67.71,67.74,67.8,3,1,0,-1,B,-,FIGHT"
2026-07-01T23:50:00.000-04:00,"2026-7-1 23:50,67.78,67.74,67.74,67.8,5,1,0,-1,-,-,FIGHT"
2026-07-01T23:55:00.000-04:00,"2026-7-1 23:55,67.72,67.73,67.74,67.8,0,0,0,-1,-,-,neutral"
2026-07-02T00:00:00.000-04:00,"2026-7-2 0:00,67.76,67.75,67.74,67.8,5,1,0,-1,-,-,FIGHT"
2026-07-02T00:05:00.000-04:00,"2026-7-2 0:05,67.77,67.76,67.74,67.8,5,1,0,-1,-,-,FIGHT"
2026-07-02T00:10:00.000-04:00,"2026-7-2 0:10,67.79,67.78,67.75,67.8,5,1,0,-1,-,-,FIGHT"
2026-07-02T00:15:00.000-04:00,"2026-7-2 0:15,67.79,67.79,67.75,67.8,5,1,0,-1,-,-,FIGHT"
2026-07-02T00:20:00.000-04:00,"2026-7-2 0:20,67.83,67.81,67.76,67.8,5,1,0,-1,-,-,FIGHT"
2026-07-02T00:25:00.000-04:00,"2026-7-2 0:25,67.81,67.82,67.76,67.8,3,1,1,-1,-,-,wave_only"
2026-07-02T00:30:00.000-04:00,"2026-7-2 0:30,67.82,67.83,67.76,67.8,3,1,1,-1,-,-,wave_only"
2026-07-02T00:35:00.000-04:00,"2026-7-2 0:35,67.88,67.86,67.77,67.8,5,1,1,-1,-,-,wave_only"
2026-07-02T00:40:00.000-04:00,"2026-7-2 0:40,67.9,67.88,67.78,67.81,5,1,1,-1,-,-,wave_only"
2026-07-02T00:45:00.000-04:00,"2026-7-2 0:45,67.88,67.89,67.79,67.81,3,1,1,-1,-,-,wave_only"
2026-07-02T00:50:00.000-04:00,"2026-7-2 0:50,67.88,67.9,67.8,67.81,0,0,1,-1,-,-,neutral"
2026-07-02T00:55:00.000-04:00,"2026-7-2 0:55,67.89,67.91,67.8,67.82,0,0,1,0,-,-,neutral"
2026-07-02T01:00:00.000-04:00,"2026-7-2 1:00,67.88,67.91,67.81,67.82,0,0,1,0,-,-,neutral"
2026-07-02T01:05:00.000-04:00,"2026-7-2 1:05,67.86,67.9,67.81,67.82,0,0,1,0,-,-,neutral"
2026-07-02T01:10:00.000-04:00,"2026-7-2 1:10,67.85,67.89,67.82,67.82,0,0,1,0,-,-,neutral"
2026-07-02T01:15:00.000-04:00,"2026-7-2 1:15,67.85,67.88,67.82,67.82,0,0,1,0,-,-,neutral"
2026-07-02T01:20:00.000-04:00,"2026-7-2 1:20,67.88,67.88,67.82,67.82,0,0,1,0,-,-,neutral"
2026-07-02T01:25:00.000-04:00,"2026-7-2 1:25,67.86,67.88,67.83,67.83,0,0,1,0,-,-,neutral"
2026-07-02T01:30:00.000-04:00,"2026-7-2 1:30,67.85,67.87,67.83,67.83,0,0,1,0,-,-,neutral"
2026-07-02T01:35:00.000-04:00,"2026-7-2 1:35,67.78,67.84,67.82,67.82,0,0,1,0,-,-,neutral"
2026-07-02T01:40:00.000-04:00,"2026-7-2 1:40,67.81,67.83,67.82,67.82,-3,-1,0,0,S,-,FIGHT"
2026-07-02T01:45:00.000-04:00,"2026-7-2 1:45,67.85,67.83,67.83,67.82,5,0,0,0,-,-,neutral"
2026-07-02T01:50:00.000-04:00,"2026-7-2 1:50,67.85,67.84,67.83,67.83,7,0,0,0,-,-,neutral"
2026-07-02T01:55:00.000-04:00,"2026-7-2 1:55,67.88,67.85,67.83,67.83,7,1,1,0,B,-,wave_only"
2026-07-02T02:00:00.000-04:00,"2026-7-2 2:00,67.79,67.83,67.83,67.83,-3,-1,1,0,S,-,FIGHT"
2026-07-02T02:05:00.000-04:00,"2026-7-2 2:05,67.75,67.8,67.82,67.82,-7,-1,1,0,-,-,FIGHT"
2026-07-02T02:10:00.000-04:00,"2026-7-2 2:10,67.71,67.76,67.81,67.82,-7,-1,-1,0,-,-,wave_only"
2026-07-02T02:15:00.000-04:00,"2026-7-2 2:15,67.8,67.76,67.81,67.82,0,0,-1,0,-,-,neutral"
2026-07-02T02:20:00.000-04:00,"2026-7-2 2:20,67.92,67.81,67.82,67.82,0,0,-1,0,-,-,neutral"
2026-07-02T02:25:00.000-04:00,"2026-7-2 2:25,67.99,67.88,67.83,67.83,7,1,1,0,B,-,wave_only"
2026-07-02T02:30:00.000-04:00,"2026-7-2 2:30,67.76,67.84,67.83,67.83,-3,-1,1,0,S,-,FIGHT"
2026-07-02T02:35:00.000-04:00,"2026-7-2 2:35,67.73,67.8,67.82,67.82,-7,-1,1,0,-,-,FIGHT"
2026-07-02T02:40:00.000-04:00,"2026-7-2 2:40,67.78,67.79,67.82,67.82,-5,-1,0,0,-,-,FIGHT"
2026-07-02T02:45:00.000-04:00,"2026-7-2 2:45,67.68,67.74,67.81,67.82,-7,-1,0,0,-,-,FIGHT"
2026-07-02T02:50:00.000-04:00,"2026-7-2 2:50,67.61,67.69,67.79,67.81,-7,-1,0,0,-,-,FIGHT"
2026-07-02T02:55:00.000-04:00,"2026-7-2 2:55,67.55,67.62,67.77,67.8,-7,-1,-1,-1,-,-,RIDE_both"
2026-07-02T03:00:00.000-04:00,"2026-7-2 3:00,67.57,67.58,67.76,67.79,-7,-1,-1,-1,-,-,RIDE_both"
2026-07-02T03:05:00.000-04:00,"2026-7-2 3:05,67.52,67.54,67.74,67.78,-7,-1,-1,-1,-,-,RIDE_both"
2026-07-02T03:10:00.000-04:00,"2026-7-2 3:10,67.53,67.52,67.72,67.77,-7,-1,-1,-1,-,-,RIDE_both"
2026-07-02T03:15:00.000-04:00,"2026-7-2 3:15,67.59,67.52,67.71,67.76,0,0,-1,-1,-,-,neutral"
2026-07-02T03:20:00.000-04:00,"2026-7-2 3:20,67.71,67.57,67.71,67.76,0,0,-1,-1,-,-,neutral"
2026-07-02T03:25:00.000-04:00,"2026-7-2 3:25,67.95,67.7,67.73,67.77,3,1,1,-1,B,-,wave_only"
2026-07-02T03:30:00.000-04:00,"2026-7-2 3:30,68.02,67.82,67.75,67.78,5,1,1,-1,-,-,wave_only"
2026-07-02T03:35:00.000-04:00,"2026-7-2 3:35,68.09,67.94,67.78,67.79,7,1,1,-1,-,-,wave_only"
2026-07-02T03:40:00.000-04:00,"2026-7-2 3:40,68.15,68.04,67.81,67.8,5,1,1,-1,-,-,wave_only"
2026-07-02T03:45:00.000-04:00,"2026-7-2 3:45,68.17,68.12,67.84,67.82,7,1,1,-1,-,-,wave_only"
2026-07-02T03:50:00.000-04:00,"2026-7-2 3:50,68.06,68.14,67.85,67.83,0,0,1,-1,-,-,neutral"
2026-07-02T03:55:00.000-04:00,"2026-7-2 3:55,67.95,68.1,67.86,67.83,0,0,1,0,-,-,neutral"
2026-07-02T04:00:00.000-04:00,"2026-7-2 4:00,68.01,68.1,67.87,67.84,0,0,1,0,-,-,neutral"
2026-07-02T04:05:00.000-04:00,"2026-7-2 4:05,67.94,68.06,67.88,67.84,0,0,1,0,-,-,neutral"
2026-07-02T04:10:00.000-04:00,"2026-7-2 4:10,68.12,68.1,67.9,67.85,5,1,1,0,-,-,wave_only"
2026-07-02T04:15:00.000-04:00,"2026-7-2 4:15,68.13,68.13,67.91,67.86,5,1,1,0,-,-,wave_only"
2026-07-02T04:20:00.000-04:00,"2026-7-2 4:20,68.12,68.15,67.93,67.87,0,0,1,0,-,-,neutral"
2026-07-02T04:25:00.000-04:00,"2026-7-2 4:25,68.14,68.16,67.95,67.88,0,0,1,0,-,-,neutral"
2026-07-02T04:30:00.000-04:00,"2026-7-2 4:30,67.93,68.1,67.94,67.89,0,0,1,0,-,-,neutral"
2026-07-02T04:35:00.000-04:00,"2026-7-2 4:35,67.99,68.07,67.95,67.89,0,0,1,0,-,-,neutral"
2026-07-02T04:40:00.000-04:00,"2026-7-2 4:40,67.97,68.04,67.95,67.89,0,0,0,0,-,-,neutral"
2026-07-02T04:45:00.000-04:00,"2026-7-2 4:45,67.91,67.99,67.95,67.89,0,0,0,0,-,-,neutral"
2026-07-02T04:50:00.000-04:00,"2026-7-2 4:50,67.85,67.93,67.94,67.89,-5,-1,0,0,S,-,FIGHT"
2026-07-02T04:55:00.000-04:00,"2026-7-2 4:55,67.87,67.9,67.93,67.89,-5,-1,0,0,-,-,FIGHT"
2026-07-02T05:00:00.000-04:00,"2026-7-2 5:00,67.84,67.87,67.93,67.89,-5,-1,0,0,-,-,FIGHT"
2026-07-02T05:05:00.000-04:00,"2026-7-2 5:05,67.76,67.81,67.91,67.88,-5,-1,0,0,-,-,FIGHT"
2026-07-02T05:10:00.000-04:00,"2026-7-2 5:10,67.66,67.74,67.89,67.88,-5,-1,0,0,-,-,FIGHT"
2026-07-02T05:15:00.000-04:00,"2026-7-2 5:15,67.6,67.66,67.87,67.86,-7,-1,0,0,-,-,FIGHT"
2026-07-02T05:20:00.000-04:00,"2026-7-2 5:20,67.52,67.58,67.84,67.85,-5,-1,0,0,-,-,FIGHT"
2026-07-02T05:25:00.000-04:00,"2026-7-2 5:25,67.5,67.52,67.82,67.84,-5,-1,-1,0,-,-,wave_only"
2026-07-02T05:30:00.000-04:00,"2026-7-2 5:30,67.58,67.5,67.8,67.83,0,0,-1,0,-,-,neutral"
2026-07-02T05:35:00.000-04:00,"2026-7-2 5:35,67.43,67.44,67.77,67.81,-3,-1,-1,0,-,-,wave_only"
2026-07-02T05:40:00.000-04:00,"2026-7-2 5:40,67.58,67.46,67.76,67.8,0,0,-1,0,-,-,neutral"
2026-07-02T05:45:00.000-04:00,"2026-7-2 5:45,67.65,67.5,67.75,67.8,0,0,-1,0,-,-,neutral"
2026-07-02T05:50:00.000-04:00,"2026-7-2 5:50,67.54,67.49,67.73,67.79,0,0,-1,0,-,-,neutral"
2026-07-02T05:55:00.000-04:00,"2026-7-2 5:55,67.51,67.48,67.72,67.78,0,0,-1,-1,-,-,neutral"
2026-07-02T06:00:00.000-04:00,"2026-7-2 6:00,67.5,67.47,67.7,67.77,0,0,-1,-1,-,-,neutral"
2026-07-02T06:05:00.000-04:00,"2026-7-2 6:05,67.6,67.5,67.69,67.76,0,0,-1,-1,-,-,neutral"
2026-07-02T06:10:00.000-04:00,"2026-7-2 6:10,67.59,67.52,67.68,67.75,0,0,-1,-1,-,-,neutral"
2026-07-02T06:15:00.000-04:00,"2026-7-2 6:15,67.64,67.56,67.68,67.75,0,0,-1,-1,-,-,neutral"
2026-07-02T06:20:00.000-04:00,"2026-7-2 6:20,67.67,67.59,67.68,67.74,0,0,-1,-1,-,-,neutral"
2026-07-02T06:25:00.000-04:00,"2026-7-2 6:25,67.66,67.62,67.68,67.74,3,0,0,-1,-,-,neutral"
2026-07-02T06:30:00.000-04:00,"2026-7-2 6:30,67.66,67.64,67.68,67.74,3,0,0,-1,-,-,neutral"
2026-07-02T06:35:00.000-04:00,"2026-7-2 6:35,67.57,67.62,67.67,67.73,-7,-1,0,-1,-,-,tide_only"
2026-07-02T06:40:00.000-04:00,"2026-7-2 6:40,67.64,67.63,67.67,67.73,3,0,0,-1,-,-,neutral"
2026-07-02T06:45:00.000-04:00,"2026-7-2 6:45,67.68,67.65,67.67,67.73,5,1,0,-1,B,-,FIGHT"
2026-07-02T06:50:00.000-04:00,"2026-7-2 6:50,67.58,67.63,67.66,67.72,-7,-1,0,-1,S,-,tide_only"
2026-07-02T06:55:00.000-04:00,"2026-7-2 6:55,67.46,67.57,67.65,67.71,-7,-1,-1,-1,-,-,RIDE_both"
2026-07-02T07:00:00.000-04:00,"2026-7-2 7:00,67.58,67.57,67.64,67.71,0,0,-1,-1,-,-,neutral"
2026-07-02T07:05:00.000-04:00,"2026-7-2 7:05,67.46,67.53,67.63,67.7,-7,-1,-1,-1,-,-,RIDE_both"
2026-07-02T07:10:00.000-04:00,"2026-7-2 7:10,67.5,67.51,67.62,67.69,-7,-1,-1,-1,-,-,RIDE_both"
2026-07-02T07:15:00.000-04:00,"2026-7-2 7:15,67.44,67.48,67.6,67.68,-7,-1,-1,-1,-,-,RIDE_both"
2026-07-02T07:20:00.000-04:00,"2026-7-2 7:20,67.33,67.42,67.58,67.66,-7,-1,-1,-1,-,-,RIDE_both"
2026-07-02T07:25:00.000-04:00,"2026-7-2 7:25,67.31,67.36,67.56,67.65,-7,-1,-1,-1,-,-,RIDE_both"
2026-07-02T07:30:00.000-04:00,"2026-7-2 7:30,67.11,67.25,67.53,67.63,-7,-1,-1,-1,-,-,RIDE_both"
2026-07-02T07:35:00.000-04:00,"2026-7-2 7:35,67.14,67.19,67.5,67.61,-7,-1,-1,-1,-,-,RIDE_both"
2026-07-02T07:40:00.000-04:00,"2026-7-2 7:40,67.28,67.19,67.48,67.6,0,0,-1,-1,-,-,neutral"
2026-07-02T07:45:00.000-04:00,"2026-7-2 7:45,67.28,67.2,67.46,67.58,0,0,-1,-1,-,-,neutral"
2026-07-02T07:50:00.000-04:00,"2026-7-2 7:50,67.32,67.22,67.45,67.57,0,0,-1,-1,-,-,neutral"
2026-07-02T07:55:00.000-04:00,"2026-7-2 7:55,67.17,67.19,67.43,67.56,-7,-1,-1,-1,-,-,RIDE_both"
2026-07-02T08:00:00.000-04:00,"2026-7-2 8:00,67.25,67.19,67.42,67.55,0,0,-1,-1,-,-,neutral"
2026-07-02T08:05:00.000-04:00,"2026-7-2 8:05,67.25,67.2,67.4,67.53,0,0,-1,-1,-,-,neutral"
2026-07-02T08:10:00.000-04:00,"2026-7-2 8:10,67.21,67.19,67.39,67.52,-7,-1,-1,-1,-,-,RIDE_both"
2026-07-02T08:15:00.000-04:00,"2026-7-2 8:15,67.15,67.16,67.37,67.51,-7,-1,-1,-1,-,-,RIDE_both"
2026-07-02T08:20:00.000-04:00,"2026-7-2 8:20,67.2,67.17,67.36,67.5,0,0,-1,-1,-,-,neutral"
2026-07-02T08:25:00.000-04:00,"2026-7-2 8:25,67.35,67.22,67.36,67.49,0,0,0,-1,-,-,neutral"
2026-07-02T08:30:00.000-04:00,"2026-7-2 8:30,67.35,67.27,67.36,67.48,0,0,0,-1,-,-,neutral"
2026-07-02T08:35:00.000-04:00,"2026-7-2 8:35,67.34,67.3,67.36,67.48,3,1,0,-1,B,-,FIGHT"
2026-07-02T08:40:00.000-04:00,"2026-7-2 8:40,67.24,67.28,67.35,67.47,-7,-1,-1,-1,S,SELL,RIDE_both"
2026-07-02T08:45:00.000-04:00,"2026-7-2 8:45,67.47,67.36,67.36,67.47,5,1,-1,-1,B,-,FIGHT"
2026-07-02T08:50:00.000-04:00,"2026-7-2 8:50,67.56,67.44,67.37,67.47,5,1,-1,-1,-,-,FIGHT"
2026-07-02T08:55:00.000-04:00,"2026-7-2 8:55,67.57,67.51,67.39,67.48,5,1,0,0,-,-,FIGHT"
2026-07-02T09:00:00.000-04:00,"2026-7-2 9:00,67.69,67.6,67.41,67.48,5,1,0,0,-,-,FIGHT"
2026-07-02T09:05:00.000-04:00,"2026-7-2 9:05,67.54,67.61,67.42,67.49,0,0,0,0,-,-,neutral"
2026-07-02T09:10:00.000-04:00,"2026-7-2 9:10,67.5,67.6,67.43,67.49,0,0,0,0,-,-,neutral"
2026-07-02T09:15:00.000-04:00,"2026-7-2 9:15,67.56,67.61,67.44,67.49,0,0,0,0,-,-,neutral"
2026-07-02T09:20:00.000-04:00,"2026-7-2 9:20,67.69,67.66,67.46,67.5,5,1,0,0,-,-,FIGHT"
2026-07-02T09:25:00.000-04:00,"2026-7-2 9:25,67.71,67.71,67.48,67.51,5,1,1,0,-,-,wave_only"
2026-07-02T09:30:00.000-04:00,"2026-7-2 9:30,67.64,67.71,67.49,67.51,0,0,1,0,-,-,neutral"
2026-07-02T09:35:00.000-04:00,"2026-7-2 9:35,67.83,67.78,67.51,67.52,5,1,1,0,-,-,wave_only"
2026-07-02T09:40:00.000-04:00,"2026-7-2 9:40,67.84,67.83,67.54,67.54,5,1,1,0,-,-,wave_only"
2026-07-02T09:45:00.000-04:00,"2026-7-2 9:45,68.03,67.93,67.58,67.56,7,1,1,0,-,-,wave_only"
2026-07-02T09:50:00.000-04:00,"2026-7-2 9:50,67.8,67.92,67.59,67.57,0,0,1,0,-,-,neutral"
2026-07-02T09:55:00.000-04:00,"2026-7-2 9:55,67.76,67.89,67.61,67.57,0,0,1,0,-,-,neutral"
2026-07-02T10:00:00.000-04:00,"2026-7-2 10:00,67.72,67.85,67.62,67.58,0,0,1,0,-,-,neutral"
2026-07-02T10:05:00.000-04:00,"2026-7-2 10:05,67.66,67.8,67.62,67.58,0,0,1,0,-,-,neutral"
2026-07-02T10:10:00.000-04:00,"2026-7-2 10:10,67.64,67.75,67.62,67.58,0,0,0,0,-,-,neutral"
2026-07-02T10:15:00.000-04:00,"2026-7-2 10:15,67.7,67.74,67.63,67.59,0,0,0,0,-,-,neutral"
2026-07-02T10:20:00.000-04:00,"2026-7-2 10:20,67.57,67.68,67.62,67.59,0,0,0,0,-,-,neutral"
2026-07-02T10:25:00.000-04:00,"2026-7-2 10:25,67.61,67.65,67.62,67.59,-3,0,0,0,-,-,neutral"
2026-07-02T10:30:00.000-04:00,"2026-7-2 10:30,67.7,67.66,67.63,67.59,7,1,0,0,-,-,FIGHT"
2026-07-02T10:35:00.000-04:00,"2026-7-2 10:35,67.72,67.67,67.63,67.6,7,1,0,0,-,-,FIGHT"
2026-07-02T10:40:00.000-04:00,"2026-7-2 10:40,67.75,67.7,67.64,67.6,7,1,1,0,-,-,wave_only"
2026-07-02T10:45:00.000-04:00,"2026-7-2 10:45,67.76,67.72,67.65,67.61,7,1,1,0,-,-,wave_only"
2026-07-02T10:50:00.000-04:00,"2026-7-2 10:50,67.78,67.74,67.66,67.62,7,1,1,0,-,-,wave_only"
2026-07-02T10:55:00.000-04:00,"2026-7-2 10:55,67.73,67.74,67.67,67.62,0,0,1,0,-,-,neutral"
2026-07-02T11:00:00.000-04:00,"2026-7-2 11:00,67.73,67.74,67.67,67.63,0,0,1,0,-,-,neutral"
2026-07-02T11:05:00.000-04:00,"2026-7-2 11:05,67.49,67.65,67.66,67.62,-5,-1,1,0,S,-,FIGHT"
2026-07-02T11:10:00.000-04:00,"2026-7-2 11:10,67.59,67.62,67.65,67.62,-5,-1,0,0,-,-,FIGHT"
2026-07-02T11:15:00.000-04:00,"2026-7-2 11:15,67.77,67.66,67.66,67.63,7,1,0,0,B,-,FIGHT"
2026-07-02T11:20:00.000-04:00,"2026-7-2 11:20,67.72,67.68,67.67,67.63,7,0,0,0,-,-,neutral"
2026-07-02T11:25:00.000-04:00,"2026-7-2 11:25,67.71,67.69,67.67,67.63,0,0,0,0,-,-,neutral"
2026-07-02T11:30:00.000-04:00,"2026-7-2 11:30,67.68,67.68,67.67,67.63,-5,0,0,0,-,-,neutral"
2026-07-02T11:35:00.000-04:00,"2026-7-2 11:35,67.6,67.65,67.67,67.63,-5,-1,0,0,S,-,FIGHT"
2026-07-02T11:40:00.000-04:00,"2026-7-2 11:40,67.56,67.61,67.66,67.63,-5,-1,0,0,-,-,FIGHT"
2026-07-02T11:45:00.000-04:00,"2026-7-2 11:45,67.49,67.56,67.64,67.62,-5,-1,0,0,-,-,FIGHT"
2026-07-02T11:50:00.000-04:00,"2026-7-2 11:50,67.69,67.59,67.65,67.63,0,0,0,0,-,-,neutral"
2026-07-02T11:55:00.000-04:00,"2026-7-2 11:55,67.73,67.63,67.65,67.63,0,0,1,1,-,-,neutral"
2026-07-02T12:00:00.000-04:00,"2026-7-2 12:00,67.76,67.68,67.66,67.64,7,1,1,1,B,BUY,RIDE_both"
2026-07-02T12:05:00.000-04:00,"2026-7-2 12:05,68,67.8,67.69,67.65,7,1,1,1,-,-,RIDE_both"
2026-07-02T12:10:00.000-04:00,"2026-7-2 12:10,68.09,67.92,67.72,67.67,7,1,1,1,-,-,RIDE_both"
2026-07-02T12:15:00.000-04:00,"2026-7-2 12:15,68.14,68.02,67.75,67.69,7,1,1,1,-,-,RIDE_both"
2026-07-02T12:20:00.000-04:00,"2026-7-2 12:20,68.11,68.09,67.78,67.7,7,1,1,1,-,-,RIDE_both"
2026-07-02T12:25:00.000-04:00,"2026-7-2 12:25,68.12,68.13,67.81,67.72,7,1,1,1,-,-,RIDE_both"
2026-07-02T12:30:00.000-04:00,"2026-7-2 12:30,68.05,68.14,67.82,67.73,0,0,1,1,-,-,neutral"
2026-07-02T12:35:00.000-04:00,"2026-7-2 12:35,68.02,68.13,67.84,67.74,0,0,1,1,-,-,neutral"
2026-07-02T12:40:00.000-04:00,"2026-7-2 12:40,68.07,68.13,67.86,67.76,0,0,1,1,-,-,neutral"
2026-07-02T12:45:00.000-04:00,"2026-7-2 12:45,68.12,68.15,67.88,67.77,0,0,1,1,-,-,neutral"
2026-07-02T12:50:00.000-04:00,"2026-7-2 12:50,68.2,68.19,67.9,67.79,7,0,1,1,-,-,neutral"
2026-07-02T12:55:00.000-04:00,"2026-7-2 12:55,68.14,68.2,67.92,67.8,0,0,1,1,-,-,neutral"
2026-07-02T13:00:00.000-04:00,"2026-7-2 13:00,68.21,68.22,67.94,67.82,0,0,1,1,-,-,neutral"
2026-07-02T13:05:00.000-04:00,"2026-7-2 13:05,68.29,68.27,67.97,67.84,7,1,1,1,-,-,RIDE_both"
2026-07-02T13:10:00.000-04:00,"2026-7-2 13:10,68.31,68.31,68,67.85,7,0,1,1,-,-,neutral"
2026-07-02T13:15:00.000-04:00,"2026-7-2 13:15,68.24,68.31,68.01,67.87,0,0,1,1,-,-,neutral"
2026-07-02T13:20:00.000-04:00,"2026-7-2 13:20,68.29,68.32,68.04,67.89,0,0,1,1,-,-,neutral"
2026-07-02T13:25:00.000-04:00,"2026-7-2 13:25,68.32,68.34,68.06,67.9,0,0,1,1,-,-,neutral"
2026-07-02T13:30:00.000-04:00,"2026-7-2 13:30,68.33,68.35,68.08,67.92,7,1,1,1,-,-,RIDE_both"
2026-07-02T13:35:00.000-04:00,"2026-7-2 13:35,68.36,68.37,68.1,67.94,7,1,1,1,-,-,RIDE_both"
2026-07-02T13:40:00.000-04:00,"2026-7-2 13:40,68.49,68.43,68.13,67.96,7,1,1,1,-,-,RIDE_both"
2026-07-02T13:45:00.000-04:00,"2026-7-2 13:45,68.45,68.46,68.15,67.98,7,0,1,1,-,-,neutral"
2026-07-02T13:50:00.000-04:00,"2026-7-2 13:50,68.47,68.48,68.18,68,7,0,1,1,-,-,neutral"
2026-07-02T13:55:00.000-04:00,"2026-7-2 13:55,68.47,68.5,68.2,68.02,0,0,0,1,-,-,neutral"
2026-07-02T14:00:00.000-04:00,"2026-7-2 14:00,68.34,68.46,68.21,68.03,0,0,0,1,-,-,neutral"
2026-07-02T14:05:00.000-04:00,"2026-7-2 14:05,68.42,68.45,68.23,68.04,0,0,0,1,-,-,neutral"
2026-07-02T14:10:00.000-04:00,"2026-7-2 14:10,68.51,68.48,68.25,68.06,7,1,1,1,-,-,RIDE_both"
2026-07-02T14:15:00.000-04:00,"2026-7-2 14:15,68.61,68.54,68.28,68.08,7,1,1,1,-,-,RIDE_both"
2026-07-02T14:20:00.000-04:00,"2026-7-2 14:20,68.71,68.62,68.31,68.11,7,1,1,1,-,-,RIDE_both"
2026-07-02T14:25:00.000-04:00,"2026-7-2 14:25,68.68,68.66,68.34,68.13,7,1,1,1,-,-,RIDE_both"
2026-07-02T14:30:00.000-04:00,"2026-7-2 14:30,68.59,68.65,68.36,68.15,0,0,1,1,-,-,neutral"
2026-07-02T14:35:00.000-04:00,"2026-7-2 14:35,68.61,68.66,68.38,68.17,0,0,1,1,-,-,neutral"
2026-07-02T14:40:00.000-04:00,"2026-7-2 14:40,68.63,68.66,68.4,68.18,3,1,0,1,-,-,tide_only"
2026-07-02T14:45:00.000-04:00,"2026-7-2 14:45,68.56,68.64,68.41,68.2,0,0,0,1,-,-,neutral"
2026-07-02T14:50:00.000-04:00,"2026-7-2 14:50,68.5,68.59,68.42,68.21,0,0,0,1,-,-,neutral"
2026-07-02T14:55:00.000-04:00,"2026-7-2 14:55,68.44,68.54,68.42,68.22,0,0,0,1,-,-,neutral"
2026-07-02T15:00:00.000-04:00,"2026-7-2 15:00,68.49,68.52,68.42,68.23,-3,0,0,1,-,-,neutral"
2026-07-02T15:05:00.000-04:00,"2026-7-2 15:05,68.49,68.5,68.43,68.24,-3,-1,0,1,S,-,FIGHT"
2026-07-02T15:10:00.000-04:00,"2026-7-2 15:10,68.48,68.49,68.43,68.25,-3,-1,0,1,-,-,FIGHT"
2026-07-02T15:15:00.000-04:00,"2026-7-2 15:15,68.48,68.47,68.44,68.26,-3,-1,0,1,-,-,FIGHT"
2026-07-02T15:20:00.000-04:00,"2026-7-2 15:20,68.44,68.45,68.44,68.27,-3,-1,0,1,-,-,FIGHT"
2026-07-02T15:25:00.000-04:00,"2026-7-2 15:25,68.46,68.44,68.44,68.27,-5,-1,0,1,-,-,FIGHT"
2026-07-02T15:30:00.000-04:00,"2026-7-2 15:30,68.51,68.46,68.44,68.28,7,0,0,1,-,-,neutral"
2026-07-02T15:35:00.000-04:00,"2026-7-2 15:35,68.43,68.44,68.44,68.29,-5,-1,0,1,-,-,FIGHT"
2026-07-02T15:40:00.000-04:00,"2026-7-2 15:40,68.46,68.43,68.44,68.3,0,0,0,1,-,-,neutral"
2026-07-02T15:45:00.000-04:00,"2026-7-2 15:45,68.45,68.43,68.44,68.3,-5,-1,0,1,-,-,FIGHT"
2026-07-02T15:50:00.000-04:00,"2026-7-2 15:50,68.43,68.42,68.44,68.31,-5,-1,0,1,-,-,FIGHT"
2026-07-02T15:55:00.000-04:00,"2026-7-2 15:55,68.47,68.43,68.45,68.31,0,0,0,1,-,-,neutral"
2026-07-02T16:00:00.000-04:00,"2026-7-2 16:00,68.42,68.42,68.44,68.32,-5,-1,0,1,-,-,FIGHT"
2026-07-02T16:05:00.000-04:00,"2026-7-2 16:05,68.48,68.43,68.45,68.32,0,0,0,1,-,-,neutral"
2026-07-02T16:10:00.000-04:00,"2026-7-2 16:10,68.48,68.44,68.45,68.33,0,0,0,1,-,-,neutral"
2026-07-02T16:15:00.000-04:00,"2026-7-2 16:15,68.51,68.46,68.45,68.34,7,0,0,1,-,-,neutral"
2026-07-02T16:20:00.000-04:00,"2026-7-2 16:20,68.47,68.46,68.45,68.34,0,0,0,1,-,-,neutral"
2026-07-02T16:25:00.000-04:00,"2026-7-2 16:25,68.48,68.47,68.46,68.35,7,1,0,1,B,-,tide_only"
2026-07-02T16:30:00.000-04:00,"2026-7-2 16:30,68.48,68.47,68.46,68.35,7,1,0,1,-,-,tide_only"
2026-07-02T16:35:00.000-04:00,"2026-7-2 16:35,68.47,68.47,68.46,68.36,0,0,0,1,-,-,neutral"
2026-07-02T16:40:00.000-04:00,"2026-7-2 16:40,68.48,68.47,68.46,68.36,7,1,0,1,-,-,tide_only"
2026-07-02T16:45:00.000-04:00,"2026-7-2 16:45,68.47,68.47,68.46,68.37,0,0,0,1,-,-,neutral"
2026-07-02T16:50:00.000-04:00,"2026-7-2 16:50,68.46,68.47,68.46,68.37,-5,-1,0,1,S,-,FIGHT"
2026-07-02T16:55:00.000-04:00,"2026-7-2 16:55,68.47,68.47,68.46,68.37,0,0,0,1,-,-,neutral"
2026-07-02T18:00:00.000-04:00,"2026-7-2 18:00,68.45,68.46,68.46,68.38,-5,-1,0,1,-,-,FIGHT"
2026-07-02T18:05:00.000-04:00,"2026-7-2 18:05,68.5,68.47,68.46,68.38,7,0,0,1,-,-,neutral"
2026-07-02T18:10:00.000-04:00,"2026-7-2 18:10,68.49,68.48,68.47,68.39,7,1,0,1,B,-,tide_only"
2026-07-02T18:15:00.000-04:00,"2026-7-2 18:15,68.5,68.49,68.47,68.39,7,1,0,1,-,-,tide_only"
2026-07-02T18:20:00.000-04:00,"2026-7-2 18:20,68.51,68.5,68.47,68.4,7,1,0,1,-,-,tide_only"
2026-07-02T18:25:00.000-04:00,"2026-7-2 18:25,68.5,68.5,68.47,68.4,7,1,0,1,-,-,tide_only"
2026-07-02T18:30:00.000-04:00,"2026-7-2 18:30,68.49,68.5,68.48,68.4,0,0,0,1,-,-,neutral"
2026-07-02T18:35:00.000-04:00,"2026-7-2 18:35,68.52,68.51,68.48,68.41,7,1,0,1,-,-,tide_only"
2026-07-02T18:40:00.000-04:00,"2026-7-2 18:40,68.51,68.51,68.48,68.41,7,1,0,1,-,-,tide_only"
2026-07-02T18:45:00.000-04:00,"2026-7-2 18:45,68.49,68.51,68.48,68.41,0,0,0,1,-,-,neutral"
2026-07-02T18:50:00.000-04:00,"2026-7-2 18:50,68.49,68.5,68.48,68.42,-3,-1,0,1,S,-,FIGHT"
2026-07-02T18:55:00.000-04:00,"2026-7-2 18:55,68.48,68.49,68.48,68.42,-3,-1,0,1,-,-,FIGHT"
2026-07-02T19:00:00.000-04:00,"2026-7-2 19:00,68.45,68.48,68.48,68.42,-5,-1,0,1,-,-,FIGHT"
2026-07-02T19:05:00.000-04:00,"2026-7-2 19:05,68.43,68.46,68.48,68.42,-5,-1,0,1,-,-,FIGHT"
2026-07-02T19:10:00.000-04:00,"2026-7-2 19:10,68.48,68.46,68.48,68.42,0,0,0,1,-,-,neutral"
2026-07-02T19:15:00.000-04:00,"2026-7-2 19:15,68.42,68.44,68.47,68.42,-5,-1,0,1,-,-,FIGHT"
2026-07-02T19:20:00.000-04:00,"2026-7-2 19:20,68.44,68.44,68.47,68.42,-5,-1,0,1,-,-,FIGHT"
2026-07-02T19:25:00.000-04:00,"2026-7-2 19:25,68.47,68.45,68.47,68.43,0,0,0,1,-,-,neutral"
2026-07-02T19:30:00.000-04:00,"2026-7-2 19:30,68.46,68.45,68.47,68.43,0,0,0,1,-,-,neutral"
2026-07-02T19:35:00.000-04:00,"2026-7-2 19:35,68.45,68.45,68.47,68.43,-5,-1,0,1,-,-,FIGHT"
2026-07-02T19:40:00.000-04:00,"2026-7-2 19:40,68.48,68.46,68.47,68.43,0,0,0,1,-,-,neutral"
2026-07-02T19:45:00.000-04:00,"2026-7-2 19:45,68.47,68.46,68.47,68.43,0,0,0,1,-,-,neutral"
2026-07-02T19:50:00.000-04:00,"2026-7-2 19:50,68.43,68.45,68.47,68.43,-5,-1,0,1,-,-,FIGHT"
2026-07-02T19:55:00.000-04:00,"2026-7-2 19:55,68.4,68.43,68.46,68.43,-5,-1,-1,0,-,-,wave_only"
2026-07-02T20:00:00.000-04:00,"2026-7-2 20:00,68.33,68.39,68.45,68.43,-5,-1,-1,0,-,-,wave_only"
2026-07-02T20:05:00.000-04:00,"2026-7-2 20:05,68.36,68.37,68.44,68.42,-5,-1,-1,0,-,-,wave_only"
2026-07-02T20:10:00.000-04:00,"2026-7-2 20:10,68.41,68.38,68.44,68.42,0,0,-1,0,-,-,neutral"
2026-07-02T20:15:00.000-04:00,"2026-7-2 20:15,68.42,68.39,68.44,68.42,0,0,-1,0,-,-,neutral"
2026-07-02T20:20:00.000-04:00,"2026-7-2 20:20,68.4,68.39,68.44,68.42,0,0,-1,0,-,-,neutral"
2026-07-02T20:25:00.000-04:00,"2026-7-2 20:25,68.39,68.38,68.43,68.42,-3,-1,-1,0,-,-,wave_only"
2026-07-02T20:30:00.000-04:00,"2026-7-2 20:30,68.38,68.38,68.43,68.42,-5,-1,-1,0,-,-,wave_only"
2026-07-02T20:35:00.000-04:00,"2026-7-2 20:35,68.44,68.4,68.43,68.42,0,0,-1,0,-,-,neutral"
2026-07-02T20:40:00.000-04:00,"2026-7-2 20:40,68.41,68.4,68.43,68.42,0,0,-1,0,-,-,neutral"
2026-07-02T20:45:00.000-04:00,"2026-7-2 20:45,68.41,68.4,68.43,68.42,0,0,-1,0,-,-,neutral"
2026-07-02T20:50:00.000-04:00,"2026-7-2 20:50,68.44,68.42,68.43,68.42,0,0,-1,0,-,-,neutral"
2026-07-02T20:55:00.000-04:00,"2026-7-2 20:55,68.45,68.43,68.43,68.42,7,1,0,0,B,-,FIGHT"
2026-07-02T21:00:00.000-04:00,"2026-7-2 21:00,68.54,68.47,68.44,68.43,7,1,0,0,-,-,FIGHT"
2026-07-02T21:05:00.000-04:00,"2026-7-2 21:05,68.46,68.47,68.44,68.43,7,0,0,0,-,-,neutral"
2026-07-02T21:10:00.000-04:00,"2026-7-2 21:10,68.39,68.45,68.44,68.43,-3,0,-1,0,-,-,neutral"
2026-07-02T21:15:00.000-04:00,"2026-7-2 21:15,68.39,68.43,68.43,68.42,-5,-1,-1,0,S,-,wave_only"
2026-07-02T21:20:00.000-04:00,"2026-7-2 21:20,68.43,68.43,68.43,68.42,0,0,-1,0,-,-,neutral"
2026-07-02T21:25:00.000-04:00,"2026-7-2 21:25,68.55,68.48,68.44,68.43,7,1,1,0,B,-,wave_only"
2026-07-02T21:30:00.000-04:00,"2026-7-2 21:30,68.6,68.53,68.45,68.44,7,1,1,0,-,-,wave_only"
2026-07-02T21:35:00.000-04:00,"2026-7-2 21:35,68.67,68.59,68.47,68.45,7,1,1,0,-,-,wave_only"
2026-07-02T21:40:00.000-04:00,"2026-7-2 21:40,68.8,68.68,68.5,68.46,7,1,1,0,-,-,wave_only"
2026-07-02T21:45:00.000-04:00,"2026-7-2 21:45,68.85,68.77,68.52,68.47,7,1,1,0,-,-,wave_only"
2026-07-02T21:50:00.000-04:00,"2026-7-2 21:50,68.78,68.8,68.54,68.49,7,1,1,0,-,-,wave_only"
2026-07-02T21:55:00.000-04:00,"2026-7-2 21:55,68.9,68.87,68.57,68.5,7,1,1,1,-,-,RIDE_both"
2026-07-02T22:00:00.000-04:00,"2026-7-2 22:00,68.95,68.93,68.6,68.52,7,1,1,1,-,-,RIDE_both"
2026-07-02T22:05:00.000-04:00,"2026-7-2 22:05,68.94,68.97,68.63,68.54,7,1,1,1,-,-,RIDE_both"
2026-07-02T22:10:00.000-04:00,"2026-7-2 22:10,68.94,68.99,68.65,68.55,0,0,1,1,-,-,neutral"
2026-07-02T22:15:00.000-04:00,"2026-7-2 22:15,68.91,68.99,68.67,68.57,0,0,1,1,-,-,neutral"
2026-07-02T22:20:00.000-04:00,"2026-7-2 22:20,68.94,69,68.69,68.58,0,0,1,1,-,-,neutral"
2026-07-02T22:25:00.000-04:00,"2026-7-2 22:25,68.94,69.01,68.71,68.6,0,0,1,1,-,-,neutral"
2026-07-02T22:30:00.000-04:00,"2026-7-2 22:30,68.98,69.02,68.73,68.61,0,0,1,1,-,-,neutral"
2026-07-02T22:35:00.000-04:00,"2026-7-2 22:35,69,69.03,68.75,68.63,0,0,1,1,-,-,neutral"
2026-07-02T22:40:00.000-04:00,"2026-7-2 22:40,69.06,69.06,68.77,68.64,7,1,1,1,-,-,RIDE_both"
2026-07-02T22:45:00.000-04:00,"2026-7-2 22:45,69.03,69.07,68.79,68.66,0,0,1,1,-,-,neutral"
2026-07-02T22:50:00.000-04:00,"2026-7-2 22:50,68.93,69.04,68.8,68.67,0,0,1,1,-,-,neutral"
2026-07-02T22:55:00.000-04:00,"2026-7-2 22:55,68.91,69,68.81,68.68,0,0,0,1,-,-,neutral"
2026-07-02T23:00:00.000-04:00,"2026-7-2 23:00,68.98,69,68.83,68.69,0,0,0,1,-,-,neutral"
2026-07-02T23:05:00.000-04:00,"2026-7-2 23:05,69.03,69.02,68.84,68.7,7,1,0,1,-,-,tide_only"
2026-07-02T23:10:00.000-04:00,"2026-7-2 23:10,69.04,69.03,68.86,68.72,7,1,1,1,-,-,RIDE_both"
2026-07-02T23:15:00.000-04:00,"2026-7-2 23:15,69.07,69.05,68.87,68.73,7,1,1,1,-,-,RIDE_both"
2026-07-02T23:20:00.000-04:00,"2026-7-2 23:20,69.12,69.08,68.89,68.75,7,1,1,1,-,-,RIDE_both"
2026-07-02T23:25:00.000-04:00,"2026-7-2 23:25,69.1,69.1,68.91,68.76,7,1,1,1,-,-,RIDE_both"
2026-07-02T23:30:00.000-04:00,"2026-7-2 23:30,69.02,69.08,68.92,68.77,0,0,1,1,-,-,neutral"
2026-07-02T23:35:00.000-04:00,"2026-7-2 23:35,69.06,69.08,68.93,68.78,0,0,1,1,-,-,neutral"
2026-07-02T23:40:00.000-04:00,"2026-7-2 23:40,68.99,69.05,68.93,68.79,0,0,0,1,-,-,neutral"
2026-07-02T23:45:00.000-04:00,"2026-7-2 23:45,68.98,69.02,68.94,68.8,0,0,0,1,-,-,neutral"
2026-07-02T23:50:00.000-04:00,"2026-7-2 23:50,69,69.01,68.94,68.8,0,0,0,1,-,-,neutral"
2026-07-02T23:55:00.000-04:00,"2026-7-2 23:55,69.02,69.01,68.95,68.81,0,0,0,1,-,-,neutral"
2026-07-03T00:00:00.000-04:00,"2026-7-3 0:00,69.02,69.01,68.95,68.82,0,0,0,1,-,-,neutral"
2026-07-03T00:05:00.000-04:00,"2026-7-3 0:05,68.99,69,68.96,68.83,-3,-1,0,1,S,-,FIGHT"
2026-07-03T00:10:00.000-04:00,"2026-7-3 0:10,69.03,69,68.96,68.84,7,1,0,1,B,-,tide_only"
2026-07-03T00:15:00.000-04:00,"2026-7-3 0:15,69,69,68.96,68.84,-3,-1,0,1,S,-,FIGHT"
2026-07-03T00:20:00.000-04:00,"2026-7-3 0:20,69,68.99,68.97,68.85,-3,-1,0,1,-,-,FIGHT"
2026-07-03T00:25:00.000-04:00,"2026-7-3 0:25,69.02,69,68.97,68.86,7,0,0,1,-,-,neutral"
2026-07-03T00:30:00.000-04:00,"2026-7-3 0:30,69.05,69.01,68.98,68.86,7,1,0,1,B,-,tide_only"
2026-07-03T00:35:00.000-04:00,"2026-7-3 0:35,69.07,69.03,68.98,68.87,7,1,0,1,-,-,tide_only"
2026-07-03T00:40:00.000-04:00,"2026-7-3 0:40,69.05,69.04,68.99,68.88,7,1,1,1,-,-,RIDE_both"
2026-07-03T00:45:00.000-04:00,"2026-7-3 0:45,69.04,69.04,68.99,68.88,7,0,1,1,-,-,neutral"
2026-07-03T00:50:00.000-04:00,"2026-7-3 0:50,69.04,69.04,69,68.89,7,0,1,1,-,-,neutral"
2026-07-03T00:55:00.000-04:00,"2026-7-3 0:55,68.97,69.01,68.99,68.89,-3,-1,0,0,S,-,FIGHT"
2026-07-03T01:00:00.000-04:00,"2026-7-3 1:00,69.01,69.01,69,68.9,-3,-1,0,0,-,-,FIGHT"
2026-07-03T01:05:00.000-04:00,"2026-7-3 1:05,69.05,69.02,69,68.9,7,1,0,0,B,-,FIGHT"
2026-07-03T01:10:00.000-04:00,"2026-7-3 1:10,69.03,69.02,69,68.91,7,0,0,0,-,-,neutral"
2026-07-03T01:15:00.000-04:00,"2026-7-3 1:15,69.09,69.04,69.01,68.92,7,1,0,0,-,-,FIGHT"
2026-07-03T01:20:00.000-04:00,"2026-7-3 1:20,69.05,69.05,69.01,68.92,7,0,0,0,-,-,neutral"
2026-07-03T01:25:00.000-04:00,"2026-7-3 1:25,68.99,69.03,69.01,68.92,-3,-1,0,0,S,-,FIGHT"
2026-07-03T01:30:00.000-04:00,"2026-7-3 1:30,69.1,69.05,69.02,68.93,7,1,0,0,B,-,FIGHT"
2026-07-03T01:35:00.000-04:00,"2026-7-3 1:35,69.04,69.05,69.02,68.94,0,0,0,0,-,-,neutral"
2026-07-03T01:40:00.000-04:00,"2026-7-3 1:40,69.18,69.1,69.03,68.94,7,1,1,0,-,-,wave_only"
2026-07-03T01:45:00.000-04:00,"2026-7-3 1:45,69.15,69.12,69.04,68.95,7,1,1,0,-,-,wave_only"
2026-07-03T01:50:00.000-04:00,"2026-7-3 1:50,69.19,69.15,69.05,68.96,7,1,1,0,-,-,wave_only"
2026-07-03T01:55:00.000-04:00,"2026-7-3 1:55,69.19,69.18,69.06,68.97,7,1,1,1,-,-,RIDE_both"
2026-07-03T02:00:00.000-04:00,"2026-7-3 2:00,69.17,69.18,69.07,68.98,7,1,1,1,-,-,RIDE_both"
2026-07-03T02:05:00.000-04:00,"2026-7-3 2:05,69.04,69.14,69.07,68.98,0,0,1,1,-,-,neutral"
2026-07-03T02:10:00.000-04:00,"2026-7-3 2:10,68.98,69.09,69.06,68.98,-3,-1,0,1,S,-,FIGHT"
2026-07-03T02:15:00.000-04:00,"2026-7-3 2:15,68.98,69.04,69.06,68.98,-5,-1,0,1,-,-,FIGHT"
2026-07-03T02:20:00.000-04:00,"2026-7-3 2:20,68.92,68.99,69.05,68.98,-5,-1,0,1,-,-,FIGHT"
2026-07-03T02:25:00.000-04:00,"2026-7-3 2:25,68.95,68.97,69.04,68.98,-5,-1,0,1,-,-,FIGHT"
2026-07-03T02:30:00.000-04:00,"2026-7-3 2:30,68.98,68.96,69.03,68.98,-3,-1,0,1,-,-,FIGHT"
2026-07-03T02:35:00.000-04:00,"2026-7-3 2:35,69.04,68.98,69.03,68.98,0,0,0,1,-,-,neutral"
2026-07-03T02:40:00.000-04:00,"2026-7-3 2:40,68.99,68.97,69.03,68.98,-3,-1,0,1,-,-,FIGHT"
2026-07-03T02:45:00.000-04:00,"2026-7-3 2:45,68.95,68.96,69.02,68.98,-5,-1,0,1,-,-,FIGHT"
2026-07-03T02:50:00.000-04:00,"2026-7-3 2:50,68.94,68.94,69.02,68.98,-5,-1,0,1,-,-,FIGHT"
2026-07-03T02:55:00.000-04:00,"2026-7-3 2:55,68.94,68.93,69.01,68.98,-5,-1,-1,0,-,-,wave_only"
2026-07-03T03:00:00.000-04:00,"2026-7-3 3:00,68.94,68.93,69.01,68.97,-3,-1,-1,0,-,-,wave_only"
2026-07-03T03:05:00.000-04:00,"2026-7-3 3:05,68.86,68.89,69,68.97,-5,-1,-1,0,-,-,wave_only"
2026-07-03T03:10:00.000-04:00,"2026-7-3 3:10,68.7,68.81,68.97,68.96,-5,-1,-1,0,-,-,wave_only"
2026-07-03T03:15:00.000-04:00,"2026-7-3 3:15,68.8,68.79,68.96,68.95,-3,-1,-1,0,-,-,wave_only"
2026-07-03T03:20:00.000-04:00,"2026-7-3 3:20,68.62,68.71,68.93,68.94,-5,-1,-1,0,-,-,wave_only"
2026-07-03T03:25:00.000-04:00,"2026-7-3 3:25,68.57,68.63,68.91,68.93,-5,-1,-1,0,-,-,wave_only"
2026-07-03T03:30:00.000-04:00,"2026-7-3 3:30,68.61,68.6,68.88,68.91,-7,0,-1,0,-,-,neutral"
2026-07-03T03:35:00.000-04:00,"2026-7-3 3:35,68.69,68.6,68.87,68.9,0,0,-1,0,-,-,neutral"
2026-07-03T03:40:00.000-04:00,"2026-7-3 3:40,68.61,68.58,68.85,68.89,0,0,-1,0,-,-,neutral"
2026-07-03T03:45:00.000-04:00,"2026-7-3 3:45,68.54,68.54,68.82,68.88,-7,0,-1,0,-,-,neutral"
2026-07-03T03:50:00.000-04:00,"2026-7-3 3:50,68.49,68.5,68.8,68.86,-3,-1,-1,0,-,-,wave_only"
2026-07-03T03:55:00.000-04:00,"2026-7-3 3:55,68.52,68.48,68.78,68.85,0,0,-1,0,-,-,neutral"
2026-07-03T04:00:00.000-04:00,"2026-7-3 4:00,68.61,68.5,68.76,68.84,0,0,-1,0,-,-,neutral"
2026-07-03T04:05:00.000-04:00,"2026-7-3 4:05,68.66,68.54,68.76,68.83,0,0,-1,0,-,-,neutral"
2026-07-03T04:10:00.000-04:00,"2026-7-3 4:10,68.7,68.59,68.75,68.83,0,0,0,0,-,-,neutral"
2026-07-03T04:15:00.000-04:00,"2026-7-3 4:15,68.53,68.56,68.73,68.82,-7,-1,0,0,-,-,FIGHT"
2026-07-03T04:20:00.000-04:00,"2026-7-3 4:20,68.43,68.5,68.71,68.8,-7,-1,0,0,-,-,FIGHT"
2026-07-03T04:25:00.000-04:00,"2026-7-3 4:25,68.27,68.41,68.68,68.78,-7,-1,-1,0,-,-,wave_only"
2026-07-03T04:30:00.000-04:00,"2026-7-3 4:30,68.25,68.33,68.64,68.76,-7,-1,-1,0,-,-,wave_only"
2026-07-03T04:35:00.000-04:00,"2026-7-3 4:35,68.45,68.35,68.63,68.75,0,0,-1,0,-,-,neutral"
2026-07-03T04:40:00.000-04:00,"2026-7-3 4:40,68.43,68.36,68.61,68.74,0,0,-1,0,-,-,neutral"
2026-07-03T04:45:00.000-04:00,"2026-7-3 4:45,68.6,68.43,68.61,68.73,0,0,-1,0,-,-,neutral"
2026-07-03T04:50:00.000-04:00,"2026-7-3 4:50,68.71,68.53,68.62,68.73,0,0,-1,0,-,-,neutral"
2026-07-03T04:55:00.000-04:00,"2026-7-3 4:55,68.78,68.63,68.63,68.73,5,1,0,0,B,-,FIGHT"
2026-07-03T05:00:00.000-04:00,"2026-7-3 5:00,68.63,68.64,68.63,68.73,5,1,0,0,-,-,FIGHT"
2026-07-03T05:05:00.000-04:00,"2026-7-3 5:05,68.65,68.66,68.63,68.72,5,1,0,0,-,-,FIGHT"
2026-07-03T05:10:00.000-04:00,"2026-7-3 5:10,68.7,68.69,68.64,68.72,5,1,0,0,-,-,FIGHT"
2026-07-03T05:15:00.000-04:00,"2026-7-3 5:15,68.76,68.73,68.65,68.72,5,1,0,0,-,-,FIGHT"
2026-07-03T05:20:00.000-04:00,"2026-7-3 5:20,68.57,68.69,68.64,68.72,0,0,0,0,-,-,neutral"
2026-07-03T05:25:00.000-04:00,"2026-7-3 5:25,68.72,68.72,68.65,68.72,5,1,0,0,-,-,FIGHT"
2026-07-03T05:30:00.000-04:00,"2026-7-3 5:30,68.68,68.72,68.65,68.72,0,0,0,0,-,-,neutral"
2026-07-03T05:35:00.000-04:00,"2026-7-3 5:35,68.69,68.72,68.65,68.72,0,0,0,0,-,-,neutral"
2026-07-03T05:40:00.000-04:00,"2026-7-3 5:40,68.53,68.66,68.64,68.71,0,0,-1,0,-,-,neutral"
2026-07-03T05:45:00.000-04:00,"2026-7-3 5:45,68.63,68.66,68.64,68.71,0,0,-1,0,-,-,neutral"
2026-07-03T05:50:00.000-04:00,"2026-7-3 5:50,68.64,68.66,68.64,68.7,0,0,-1,0,-,-,neutral"
2026-07-03T05:55:00.000-04:00,"2026-7-3 5:55,68.66,68.66,68.64,68.7,0,0,0,0,-,-,neutral"
2026-07-03T06:00:00.000-04:00,"2026-7-3 6:00,68.67,68.67,68.65,68.7,0,0,0,0,-,-,neutral"
2026-07-03T06:05:00.000-04:00,"2026-7-3 6:05,68.57,68.64,68.64,68.7,0,0,0,0,-,-,neutral"
2026-07-03T06:10:00.000-04:00,"2026-7-3 6:10,68.6,68.62,68.64,68.69,-3,-1,0,0,S,-,FIGHT"
2026-07-03T06:15:00.000-04:00,"2026-7-3 6:15,68.56,68.6,68.63,68.69,-7,-1,0,0,-,-,FIGHT"
2026-07-03T06:20:00.000-04:00,"2026-7-3 6:20,68.54,68.58,68.62,68.68,-7,-1,0,0,-,-,FIGHT"
2026-07-03T06:25:00.000-04:00,"2026-7-3 6:25,68.57,68.57,68.62,68.68,-3,-1,-1,0,-,-,wave_only"
2026-07-03T06:30:00.000-04:00,"2026-7-3 6:30,68.55,68.56,68.61,68.67,-7,-1,-1,0,-,-,wave_only"
2026-07-03T06:35:00.000-04:00,"2026-7-3 6:35,68.51,68.53,68.61,68.67,-7,-1,-1,0,-,-,wave_only"
2026-07-03T06:40:00.000-04:00,"2026-7-3 6:40,68.6,68.55,68.61,68.66,3,0,0,0,-,-,neutral"
2026-07-03T06:45:00.000-04:00,"2026-7-3 6:45,68.6,68.56,68.61,68.66,3,0,0,0,-,-,neutral"
2026-07-03T06:50:00.000-04:00,"2026-7-3 6:50,68.64,68.59,68.61,68.66,3,1,0,0,B,-,FIGHT"
2026-07-03T06:55:00.000-04:00,"2026-7-3 6:55,68.61,68.6,68.61,68.66,0,0,0,0,-,-,neutral"
2026-07-03T07:00:00.000-04:00,"2026-7-3 7:00,68.65,68.62,68.61,68.66,5,1,0,0,-,-,FIGHT"
2026-07-03T07:05:00.000-04:00,"2026-7-3 7:05,68.65,68.63,68.61,68.66,5,1,0,0,-,-,FIGHT"
2026-07-03T07:10:00.000-04:00,"2026-7-3 7:10,68.56,68.61,68.61,68.65,0,0,-1,0,-,-,neutral"
2026-07-03T07:15:00.000-04:00,"2026-7-3 7:15,68.48,68.56,68.6,68.65,-7,-1,-1,0,S,-,wave_only"
2026-07-03T07:20:00.000-04:00,"2026-7-3 7:20,68.47,68.53,68.59,68.64,-7,-1,-1,0,-,-,wave_only"
2026-07-03T07:25:00.000-04:00,"2026-7-3 7:25,68.5,68.51,68.58,68.63,-7,-1,-1,0,-,-,wave_only"
2026-07-03T07:30:00.000-04:00,"2026-7-3 7:30,68.51,68.5,68.58,68.63,-3,-1,-1,0,-,-,wave_only"
2026-07-03T07:35:00.000-04:00,"2026-7-3 7:35,68.45,68.48,68.57,68.62,-7,-1,-1,0,-,-,wave_only"
2026-07-03T07:40:00.000-04:00,"2026-7-3 7:40,68.4,68.44,68.55,68.61,-7,-1,-1,0,-,-,wave_only"
2026-07-03T07:45:00.000-04:00,"2026-7-3 7:45,68.38,68.41,68.54,68.6,-7,-1,-1,0,-,-,wave_only"
2026-07-03T07:50:00.000-04:00,"2026-7-3 7:50,68.46,68.41,68.54,68.6,0,0,-1,0,-,-,neutral"
2026-07-03T07:55:00.000-04:00,"2026-7-3 7:55,68.41,68.4,68.53,68.59,-3,-1,-1,0,-,-,wave_only"
2026-07-03T08:00:00.000-04:00,"2026-7-3 8:00,68.27,68.34,68.51,68.58,-7,-1,-1,0,-,-,wave_only"
2026-07-03T08:05:00.000-04:00,"2026-7-3 8:05,68.26,68.29,68.49,68.57,-7,-1,-1,0,-,-,wave_only"
2026-07-03T08:10:00.000-04:00,"2026-7-3 8:10,68.27,68.27,68.47,68.55,-7,-1,-1,0,-,-,wave_only"
2026-07-03T08:15:00.000-04:00,"2026-7-3 8:15,68.32,68.27,68.46,68.55,0,0,-1,0,-,-,neutral"
2026-07-03T08:20:00.000-04:00,"2026-7-3 8:20,68.37,68.29,68.45,68.54,0,0,-1,0,-,-,neutral"
2026-07-03T08:25:00.000-04:00,"2026-7-3 8:25,68.28,68.27,68.44,68.53,-7,-1,-1,0,-,-,wave_only"
2026-07-03T08:30:00.000-04:00,"2026-7-3 8:30,68.21,68.24,68.42,68.52,-7,-1,-1,0,-,-,wave_only"
2026-07-03T08:35:00.000-04:00,"2026-7-3 8:35,68.1,68.17,68.4,68.5,-7,-1,-1,0,-,-,wave_only"
2026-07-03T08:40:00.000-04:00,"2026-7-3 8:40,68.22,68.17,68.38,68.49,-7,0,-1,0,-,-,neutral"
2026-07-03T08:45:00.000-04:00,"2026-7-3 8:45,68.2,68.17,68.37,68.48,-7,-1,-1,0,-,-,wave_only"
2026-07-03T08:50:00.000-04:00,"2026-7-3 8:50,68.25,68.18,68.36,68.47,0,0,-1,0,-,-,neutral"
2026-07-03T08:55:00.000-04:00,"2026-7-3 8:55,68.25,68.2,68.35,68.46,0,0,0,0,-,-,neutral"
2026-07-03T09:00:00.000-04:00,"2026-7-3 9:00,68.41,68.27,68.36,68.46,0,0,0,0,-,-,neutral"
2026-07-03T09:05:00.000-04:00,"2026-7-3 9:05,68.48,68.35,68.37,68.46,3,1,0,0,B,-,FIGHT"
2026-07-03T09:10:00.000-04:00,"2026-7-3 9:10,68.61,68.45,68.38,68.46,5,1,0,0,-,-,FIGHT"
2026-07-03T09:15:00.000-04:00,"2026-7-3 9:15,68.58,68.52,68.4,68.47,5,1,0,0,-,-,FIGHT"
2026-07-03T09:20:00.000-04:00,"2026-7-3 9:20,68.61,68.58,68.42,68.47,5,1,0,0,-,-,FIGHT"
2026-07-03T09:25:00.000-04:00,"2026-7-3 9:25,68.64,68.63,68.43,68.48,5,1,0,0,-,-,FIGHT"
2026-07-03T09:30:00.000-04:00,"2026-7-3 9:30,68.7,68.68,68.45,68.49,5,1,0,0,-,-,FIGHT"
2026-07-03T09:35:00.000-04:00,"2026-7-3 9:35,68.6,68.68,68.46,68.49,0,0,0,0,-,-,neutral"
2026-07-03T09:40:00.000-04:00,"2026-7-3 9:40,68.56,68.67,68.47,68.5,0,0,0,0,-,-,neutral"
2026-07-03T09:45:00.000-04:00,"2026-7-3 9:45,68.67,68.69,68.49,68.5,5,1,0,0,-,-,FIGHT"
2026-07-03T09:50:00.000-04:00,"2026-7-3 9:50,68.66,68.7,68.5,68.51,0,0,0,0,-,-,neutral"
2026-07-03T09:55:00.000-04:00,"2026-7-3 9:55,68.76,68.75,68.52,68.52,5,1,1,1,-,-,RIDE_both"
2026-07-03T10:00:00.000-04:00,"2026-7-3 10:00,68.78,68.78,68.54,68.53,5,1,1,1,-,-,RIDE_both"
2026-07-03T10:05:00.000-04:00,"2026-7-3 10:05,68.84,68.83,68.56,68.54,7,1,1,1,-,-,RIDE_both"
2026-07-03T10:10:00.000-04:00,"2026-7-3 10:10,68.77,68.83,68.58,68.55,0,0,1,1,-,-,neutral"
2026-07-03T10:15:00.000-04:00,"2026-7-3 10:15,68.75,68.83,68.59,68.56,0,0,1,1,-,-,neutral"
2026-07-03T10:20:00.000-04:00,"2026-7-3 10:20,68.61,68.77,68.59,68.56,0,0,1,1,-,-,neutral"
2026-07-03T10:25:00.000-04:00,"2026-7-3 10:25,68.68,68.75,68.6,68.57,0,0,1,1,-,-,neutral"
2026-07-03T10:30:00.000-04:00,"2026-7-3 10:30,68.78,68.77,68.61,68.57,0,0,1,1,-,-,neutral"
2026-07-03T10:35:00.000-04:00,"2026-7-3 10:35,68.77,68.78,68.63,68.58,0,0,1,1,-,-,neutral"
2026-07-03T10:40:00.000-04:00,"2026-7-3 10:40,68.78,68.79,68.64,68.59,0,0,1,1,-,-,neutral"
2026-07-03T10:45:00.000-04:00,"2026-7-3 10:45,68.73,68.77,68.65,68.59,0,0,1,1,-,-,neutral"
2026-07-03T10:50:00.000-04:00,"2026-7-3 10:50,68.65,68.73,68.65,68.6,0,0,1,1,-,-,neutral"
2026-07-03T10:55:00.000-04:00,"2026-7-3 10:55,68.64,68.7,68.65,68.6,0,0,0,0,-,-,neutral"
2026-07-03T11:00:00.000-04:00,"2026-7-3 11:00,68.63,68.67,68.64,68.6,-3,0,0,0,-,-,neutral"
2026-07-03T11:05:00.000-04:00,"2026-7-3 11:05,68.61,68.64,68.64,68.6,-5,-1,0,0,S,-,FIGHT"
2026-07-03T11:10:00.000-04:00,"2026-7-3 11:10,68.52,68.59,68.63,68.6,-5,-1,0,0,-,-,FIGHT"
2026-07-03T11:15:00.000-04:00,"2026-7-3 11:15,68.43,68.52,68.62,68.59,-5,-1,0,0,-,-,FIGHT"
2026-07-03T11:20:00.000-04:00,"2026-7-3 11:20,68.54,68.5,68.61,68.59,-3,-1,0,0,-,-,FIGHT"
2026-07-03T11:25:00.000-04:00,"2026-7-3 11:25,68.55,68.5,68.61,68.59,0,0,0,0,-,-,neutral"
2026-07-03T11:30:00.000-04:00,"2026-7-3 11:30,68.56,68.51,68.6,68.59,0,0,0,0,-,-,neutral"
2026-07-03T11:35:00.000-04:00,"2026-7-3 11:35,68.79,68.6,68.62,68.59,0,0,0,0,-,-,neutral"
2026-07-03T11:40:00.000-04:00,"2026-7-3 11:40,68.73,68.64,68.63,68.6,7,1,1,0,B,-,wave_only"
2026-07-03T11:45:00.000-04:00,"2026-7-3 11:45,68.69,68.66,68.63,68.6,7,1,1,0,-,-,wave_only"
2026-07-03T11:50:00.000-04:00,"2026-7-3 11:50,68.71,68.68,68.64,68.61,7,1,1,0,-,-,wave_only"
2026-07-03T11:55:00.000-04:00,"2026-7-3 11:55,68.77,68.72,68.65,68.61,7,1,1,1,-,-,RIDE_both"
2026-07-03T12:00:00.000-04:00,"2026-7-3 12:00,68.7,68.72,68.65,68.62,7,0,1,1,-,-,neutral"
2026-07-03T12:05:00.000-04:00,"2026-7-3 12:05,68.69,68.71,68.65,68.62,0,0,1,1,-,-,neutral"
2026-07-03T12:10:00.000-04:00,"2026-7-3 12:10,68.67,68.7,68.66,68.62,0,0,0,1,-,-,neutral"
2026-07-03T12:15:00.000-04:00,"2026-7-3 12:15,68.71,68.71,68.66,68.63,7,1,0,1,-,-,tide_only"
2026-07-03T12:20:00.000-04:00,"2026-7-3 12:20,68.7,68.71,68.66,68.63,7,1,0,1,-,-,tide_only"
2026-07-03T12:25:00.000-04:00,"2026-7-3 12:25,68.7,68.71,68.67,68.63,0,0,0,1,-,-,neutral"
2026-07-03T12:30:00.000-04:00,"2026-7-3 12:30,68.62,68.68,68.66,68.63,-3,0,0,1,-,-,neutral"
2026-07-03T12:35:00.000-04:00,"2026-7-3 12:35,68.63,68.66,68.66,68.63,-5,-1,0,1,S,-,FIGHT"
2026-07-03T12:40:00.000-04:00,"2026-7-3 12:40,68.65,68.65,68.66,68.63,-5,-1,0,1,-,-,FIGHT"
2026-07-03T12:45:00.000-04:00,"2026-7-3 12:45,68.69,68.66,68.66,68.63,7,1,0,1,B,-,tide_only"
2026-07-03T12:50:00.000-04:00,"2026-7-3 12:50,68.69,68.67,68.66,68.64,0,0,0,1,-,-,neutral"
2026-07-03T12:55:00.000-04:00,"2026-7-3 12:55,68.78,68.71,68.67,68.64,7,1,1,1,-,-,RIDE_both"
2026-07-05T18:00:00.000-04:00,"2026-7-5 18:00,68.46,68.62,68.66,68.63,-5,-1,1,1,S,-,FIGHT"
2026-07-05T18:05:00.000-04:00,"2026-7-5 18:05,68.49,68.57,68.64,68.63,-5,-1,1,1,-,-,FIGHT"
2026-07-05T18:10:00.000-04:00,"2026-7-5 18:10,68.34,68.47,68.62,68.62,-7,-1,-1,1,-,-,wave_only"
2026-07-05T18:15:00.000-04:00,"2026-7-5 18:15,68.38,68.42,68.6,68.61,-7,-1,-1,1,-,-,wave_only"
2026-07-05T18:20:00.000-04:00,"2026-7-5 18:20,68.39,68.39,68.59,68.6,-5,-1,-1,1,-,-,wave_only"
2026-07-05T18:25:00.000-04:00,"2026-7-5 18:25,68.37,68.36,68.57,68.59,-3,-1,-1,1,-,-,wave_only"
2026-07-05T18:30:00.000-04:00,"2026-7-5 18:30,68.4,68.35,68.56,68.58,0,0,-1,1,-,-,neutral"
2026-07-05T18:35:00.000-04:00,"2026-7-5 18:35,68.41,68.35,68.54,68.58,0,0,-1,1,-,-,neutral"
2026-07-05T18:40:00.000-04:00,"2026-7-5 18:40,68.35,68.33,68.53,68.57,0,0,-1,1,-,-,neutral"
2026-07-05T18:45:00.000-04:00,"2026-7-5 18:45,68.32,68.31,68.51,68.56,-7,-1,-1,1,-,-,wave_only"
2026-07-05T18:50:00.000-04:00,"2026-7-5 18:50,68.34,68.3,68.5,68.55,0,0,-1,1,-,-,neutral"
2026-07-05T18:55:00.000-04:00,"2026-7-5 18:55,68.3,68.28,68.48,68.54,0,0,-1,0,-,-,neutral"
2026-07-05T19:00:00.000-04:00,"2026-7-5 19:00,68.4,68.31,68.48,68.53,0,0,-1,0,-,-,neutral"
2026-07-05T19:05:00.000-04:00,"2026-7-5 19:05,68.44,68.35,68.48,68.53,0,0,-1,0,-,-,neutral"
2026-07-05T19:10:00.000-04:00,"2026-7-5 19:10,68.34,68.34,68.46,68.52,0,0,-1,0,-,-,neutral"
2026-07-05T19:15:00.000-04:00,"2026-7-5 19:15,68.29,68.31,68.45,68.51,-7,-1,-1,0,-,-,wave_only"
2026-07-05T19:20:00.000-04:00,"2026-7-5 19:20,68.36,68.32,68.44,68.51,0,0,-1,0,-,-,neutral"
2026-07-05T19:25:00.000-04:00,"2026-7-5 19:25,68.28,68.3,68.43,68.5,-7,-1,-1,0,-,-,wave_only"
2026-07-05T19:30:00.000-04:00,"2026-7-5 19:30,68.29,68.29,68.42,68.49,-7,-1,-1,0,-,-,wave_only"
2026-07-05T19:35:00.000-04:00,"2026-7-5 19:35,68.27,68.28,68.41,68.48,-7,-1,-1,0,-,-,wave_only"
2026-07-05T19:40:00.000-04:00,"2026-7-5 19:40,68.28,68.27,68.4,68.47,-7,-1,-1,0,-,-,wave_only"
2026-07-05T19:45:00.000-04:00,"2026-7-5 19:45,68.23,68.25,68.39,68.46,-7,-1,-1,0,-,-,wave_only"
2026-07-05T19:50:00.000-04:00,"2026-7-5 19:50,68.25,68.24,68.38,68.46,-7,-1,-1,0,-,-,wave_only"
2026-07-05T19:55:00.000-04:00,"2026-7-5 19:55,68.25,68.24,68.37,68.45,-7,-1,-1,-1,-,-,RIDE_both"
2026-07-05T20:00:00.000-04:00,"2026-7-5 20:00,68.35,68.27,68.36,68.44,0,0,-1,-1,-,-,neutral"
2026-07-05T20:05:00.000-04:00,"2026-7-5 20:05,68.59,68.39,68.38,68.45,5,1,-1,-1,B,-,FIGHT"
2026-07-05T20:10:00.000-04:00,"2026-7-5 20:10,68.51,68.44,68.39,68.45,5,1,0,-1,-,-,FIGHT"
2026-07-05T20:15:00.000-04:00,"2026-7-5 20:15,68.51,68.48,68.4,68.45,5,1,0,-1,-,-,FIGHT"
2026-07-05T20:20:00.000-04:00,"2026-7-5 20:20,68.48,68.5,68.41,68.46,5,1,0,-1,-,-,FIGHT"
2026-07-05T20:25:00.000-04:00,"2026-7-5 20:25,68.34,68.46,68.4,68.45,0,0,0,-1,-,-,neutral"
2026-07-05T20:30:00.000-04:00,"2026-7-5 20:30,68.34,68.43,68.4,68.45,0,0,0,-1,-,-,neutral"
2026-07-05T20:35:00.000-04:00,"2026-7-5 20:35,68.33,68.4,68.39,68.44,0,0,0,-1,-,-,neutral"
2026-07-05T20:40:00.000-04:00,"2026-7-5 20:40,68.29,68.36,68.38,68.44,-7,-1,-1,-1,S,SELL,RIDE_both"
2026-07-05T20:45:00.000-04:00,"2026-7-5 20:45,68.35,68.36,68.38,68.43,-3,-1,-1,-1,-,-,RIDE_both"
2026-07-05T20:50:00.000-04:00,"2026-7-5 20:50,68.3,68.34,68.38,68.43,-7,-1,-1,-1,-,-,RIDE_both"
2026-07-05T20:55:00.000-04:00,"2026-7-5 20:55,68.24,68.3,68.36,68.42,-7,-1,-1,-1,-,-,RIDE_both"
2026-07-05T21:00:00.000-04:00,"2026-7-5 21:00,68.42,68.34,68.37,68.42,3,1,-1,-1,B,-,FIGHT"
2026-07-05T21:05:00.000-04:00,"2026-7-5 21:05,68.45,68.38,68.38,68.42,5,1,-1,-1,-,-,FIGHT"
2026-07-05T21:10:00.000-04:00,"2026-7-5 21:10,68.65,68.48,68.4,68.43,5,1,1,-1,-,-,wave_only"
2026-07-05T21:15:00.000-04:00,"2026-7-5 21:15,68.64,68.55,68.42,68.44,5,1,1,-1,-,-,wave_only"
2026-07-05T21:20:00.000-04:00,"2026-7-5 21:20,68.63,68.6,68.43,68.45,5,1,1,-1,-,-,wave_only"
2026-07-05T21:25:00.000-04:00,"2026-7-5 21:25,68.59,68.62,68.44,68.45,3,1,0,-1,-,-,FIGHT"
2026-07-05T21:30:00.000-04:00,"2026-7-5 21:30,68.56,68.62,68.45,68.46,0,0,0,-1,-,-,neutral"
2026-07-05T21:35:00.000-04:00,"2026-7-5 21:35,68.43,68.57,68.45,68.45,0,0,0,-1,-,-,neutral"
2026-07-05T21:40:00.000-04:00,"2026-7-5 21:40,68.57,68.58,68.46,68.46,5,0,1,-1,-,-,neutral"
2026-07-05T21:45:00.000-04:00,"2026-7-5 21:45,68.65,68.62,68.47,68.47,7,1,1,-1,-,-,wave_only"
2026-07-05T21:50:00.000-04:00,"2026-7-5 21:50,68.83,68.71,68.5,68.48,7,1,1,-1,-,-,wave_only"
2026-07-05T21:55:00.000-04:00,"2026-7-5 21:55,68.87,68.79,68.53,68.5,7,1,1,0,-,-,wave_only"
2026-07-05T22:00:00.000-04:00,"2026-7-5 22:00,68.93,68.87,68.56,68.51,5,1,1,0,-,-,wave_only"
2026-07-05T22:05:00.000-04:00,"2026-7-5 22:05,69.07,68.97,68.6,68.54,7,1,1,0,-,-,wave_only"
2026-07-05T22:10:00.000-04:00,"2026-7-5 22:10,69.03,69.03,68.63,68.55,7,1,1,0,-,-,wave_only"
2026-07-05T22:15:00.000-04:00,"2026-7-5 22:15,69,69.06,68.66,68.57,0,0,1,0,-,-,neutral"
2026-07-05T22:20:00.000-04:00,"2026-7-5 22:20,69.06,69.1,68.69,68.59,3,1,1,0,-,-,wave_only"
2026-07-05T22:25:00.000-04:00,"2026-7-5 22:25,69.09,69.13,68.72,68.61,0,0,1,0,-,-,neutral"
2026-07-05T22:30:00.000-04:00,"2026-7-5 22:30,69,69.12,68.74,68.63,0,0,1,0,-,-,neutral"
2026-07-05T22:35:00.000-04:00,"2026-7-5 22:35,68.91,69.07,68.76,68.64,0,0,1,0,-,-,neutral"
2026-07-05T22:40:00.000-04:00,"2026-7-5 22:40,68.84,69.01,68.76,68.65,0,0,0,0,-,-,neutral"
2026-07-05T22:45:00.000-04:00,"2026-7-5 22:45,68.79,68.94,68.77,68.65,0,0,0,0,-,-,neutral"
2026-07-05T22:50:00.000-04:00,"2026-7-5 22:50,68.71,68.86,68.76,68.65,0,0,0,0,-,-,neutral"
2026-07-05T22:55:00.000-04:00,"2026-7-5 22:55,68.58,68.75,68.75,68.65,-5,-1,0,0,S,-,FIGHT"
2026-07-05T23:00:00.000-04:00,"2026-7-5 23:00,68.53,68.65,68.73,68.65,-5,-1,0,0,-,-,FIGHT"
2026-07-05T23:05:00.000-04:00,"2026-7-5 23:05,68.52,68.58,68.71,68.64,-5,-1,0,0,-,-,FIGHT"
2026-07-05T23:10:00.000-04:00,"2026-7-5 23:10,68.38,68.47,68.69,68.63,-5,-1,0,0,-,-,FIGHT"
2026-07-05T23:15:00.000-04:00,"2026-7-5 23:15,68.48,68.44,68.67,68.62,-5,-1,0,0,-,-,FIGHT"
2026-07-05T23:20:00.000-04:00,"2026-7-5 23:20,68.51,68.43,68.66,68.62,0,0,0,0,-,-,neutral"
2026-07-05T23:25:00.000-04:00,"2026-7-5 23:25,68.51,68.42,68.65,68.62,0,0,0,0,-,-,neutral"
2026-07-05T23:30:00.000-04:00,"2026-7-5 23:30,68.43,68.39,68.63,68.61,-5,-1,0,0,-,-,FIGHT"
2026-07-05T23:35:00.000-04:00,"2026-7-5 23:35,68.47,68.39,68.62,68.6,0,0,0,0,-,-,neutral"
2026-07-05T23:40:00.000-04:00,"2026-7-5 23:40,68.43,68.38,68.6,68.6,0,0,-1,0,-,-,neutral"
2026-07-05T23:45:00.000-04:00,"2026-7-5 23:45,68.43,68.37,68.59,68.59,0,0,-1,0,-,-,neutral"
2026-07-05T23:50:00.000-04:00,"2026-7-5 23:50,68.44,68.37,68.58,68.58,0,0,-1,0,-,-,neutral"
2026-07-05T23:55:00.000-04:00,"2026-7-5 23:55,68.43,68.37,68.57,68.58,0,0,-1,-1,-,-,neutral"
2026-07-06T00:00:00.000-04:00,"2026-7-6 0:00,68.46,68.39,68.56,68.57,0,0,-1,-1,-,-,neutral"
2026-07-06T00:05:00.000-04:00,"2026-7-6 0:05,68.57,68.44,68.56,68.57,0,0,-1,-1,-,-,neutral"
2026-07-06T00:10:00.000-04:00,"2026-7-6 0:10,68.56,68.48,68.56,68.57,0,0,0,-1,-,-,neutral"
2026-07-06T00:15:00.000-04:00,"2026-7-6 0:15,68.62,68.53,68.57,68.57,0,0,0,-1,-,-,neutral"
2026-07-06T00:20:00.000-04:00,"2026-7-6 0:20,68.61,68.56,68.57,68.58,0,0,0,-1,-,-,neutral"
2026-07-06T00:25:00.000-04:00,"2026-7-6 0:25,68.61,68.58,68.57,68.58,7,1,0,-1,B,-,FIGHT"
2026-07-06T00:30:00.000-04:00,"2026-7-6 0:30,68.57,68.59,68.57,68.58,7,0,0,-1,-,-,neutral"
2026-07-06T00:35:00.000-04:00,"2026-7-6 0:35,68.63,68.61,68.58,68.58,7,1,0,-1,-,-,FIGHT"
2026-07-06T00:40:00.000-04:00,"2026-7-6 0:40,68.64,68.63,68.58,68.58,7,1,1,-1,-,-,wave_only"
2026-07-06T00:45:00.000-04:00,"2026-7-6 0:45,68.62,68.64,68.58,68.58,3,1,1,-1,-,-,wave_only"
2026-07-06T00:50:00.000-04:00,"2026-7-6 0:50,68.58,68.63,68.58,68.58,0,0,1,-1,-,-,neutral"
2026-07-06T00:55:00.000-04:00,"2026-7-6 0:55,68.58,68.62,68.58,68.58,0,0,0,0,-,-,neutral"
2026-07-06T01:00:00.000-04:00,"2026-7-6 1:00,68.72,68.66,68.59,68.59,7,1,0,0,-,-,FIGHT"
2026-07-06T01:05:00.000-04:00,"2026-7-6 1:05,68.69,68.68,68.6,68.59,7,1,0,0,-,-,FIGHT"
2026-07-06T01:10:00.000-04:00,"2026-7-6 1:10,68.73,68.71,68.61,68.6,7,1,1,0,-,-,wave_only"
2026-07-06T01:15:00.000-04:00,"2026-7-6 1:15,68.74,68.74,68.62,68.6,7,1,1,0,-,-,wave_only"
2026-07-06T01:20:00.000-04:00,"2026-7-6 1:20,68.72,68.74,68.63,68.61,0,0,1,0,-,-,neutral"
2026-07-06T01:25:00.000-04:00,"2026-7-6 1:25,68.73,68.75,68.64,68.61,0,0,1,0,-,-,neutral"
2026-07-06T01:30:00.000-04:00,"2026-7-6 1:30,68.75,68.76,68.65,68.62,0,0,1,0,-,-,neutral"
2026-07-06T01:35:00.000-04:00,"2026-7-6 1:35,68.71,68.76,68.65,68.62,0,0,1,0,-,-,neutral"
2026-07-06T01:40:00.000-04:00,"2026-7-6 1:40,68.8,68.78,68.66,68.63,7,1,1,0,-,-,wave_only"
2026-07-06T01:45:00.000-04:00,"2026-7-6 1:45,68.77,68.79,68.67,68.63,0,0,1,0,-,-,neutral"
2026-07-06T01:50:00.000-04:00,"2026-7-6 1:50,68.86,68.83,68.68,68.64,7,1,1,0,-,-,wave_only"
2026-07-06T01:55:00.000-04:00,"2026-7-6 1:55,68.87,68.86,68.7,68.65,7,1,1,1,-,-,RIDE_both"
2026-07-06T02:00:00.000-04:00,"2026-7-6 2:00,68.97,68.91,68.72,68.66,7,1,1,1,-,-,RIDE_both"
2026-07-06T02:05:00.000-04:00,"2026-7-6 2:05,69.12,69.01,68.75,68.68,7,1,1,1,-,-,RIDE_both"
2026-07-06T02:10:00.000-04:00,"2026-7-6 2:10,69.08,69.06,68.78,68.7,7,1,1,1,-,-,RIDE_both"
2026-07-06T02:15:00.000-04:00,"2026-7-6 2:15,69.09,69.1,68.8,68.71,7,1,1,1,-,-,RIDE_both"
2026-07-06T02:20:00.000-04:00,"2026-7-6 2:20,68.97,69.08,68.81,68.72,0,0,1,1,-,-,neutral"
2026-07-06T02:25:00.000-04:00,"2026-7-6 2:25,68.92,69.04,68.82,68.73,0,0,1,1,-,-,neutral"
2026-07-06T02:30:00.000-04:00,"2026-7-6 2:30,68.86,68.99,68.82,68.74,0,0,1,1,-,-,neutral"
2026-07-06T02:35:00.000-04:00,"2026-7-6 2:35,68.87,68.96,68.83,68.74,0,0,1,1,-,-,neutral"
2026-07-06T02:40:00.000-04:00,"2026-7-6 2:40,68.77,68.89,68.82,68.74,0,0,0,1,-,-,neutral"
2026-07-06T02:45:00.000-04:00,"2026-7-6 2:45,68.86,68.88,68.83,68.75,0,0,0,1,-,-,neutral"
2026-07-06T02:50:00.000-04:00,"2026-7-6 2:50,68.73,68.82,68.82,68.75,-5,-1,0,1,S,-,FIGHT"
2026-07-06T02:55:00.000-04:00,"2026-7-6 2:55,68.79,68.8,68.82,68.75,-5,-1,0,1,-,-,FIGHT"
2026-07-06T03:00:00.000-04:00,"2026-7-6 3:00,68.59,68.71,68.8,68.74,-5,-1,0,1,-,-,FIGHT"
2026-07-06T03:05:00.000-04:00,"2026-7-6 3:05,68.44,68.59,68.77,68.73,-5,-1,0,1,-,-,FIGHT"
2026-07-06T03:10:00.000-04:00,"2026-7-6 3:10,68.49,68.52,68.75,68.72,-5,-1,0,1,-,-,FIGHT"
2026-07-06T03:15:00.000-04:00,"2026-7-6 3:15,68.45,68.46,68.73,68.71,-5,-1,0,1,-,-,FIGHT"
2026-07-06T03:20:00.000-04:00,"2026-7-6 3:20,68.57,68.47,68.71,68.7,0,0,0,1,-,-,neutral"
2026-07-06T03:25:00.000-04:00,"2026-7-6 3:25,68.54,68.46,68.7,68.7,0,0,-1,1,-,-,neutral"
2026-07-06T03:30:00.000-04:00,"2026-7-6 3:30,68.47,68.44,68.68,68.69,-3,-1,-1,1,-,-,wave_only"
2026-07-06T03:35:00.000-04:00,"2026-7-6 3:35,68.39,68.39,68.66,68.68,-3,-1,-1,1,-,-,wave_only"
2026-07-06T03:40:00.000-04:00,"2026-7-6 3:40,68.11,68.26,68.62,68.66,-5,-1,-1,1,-,-,wave_only"
2026-07-06T03:45:00.000-04:00,"2026-7-6 3:45,68.07,68.15,68.58,68.63,-5,-1,-1,1,-,-,wave_only"
2026-07-06T03:50:00.000-04:00,"2026-7-6 3:50,67.91,68.01,68.53,68.6,-5,-1,-1,1,-,-,wave_only"
2026-07-06T03:55:00.000-04:00,"2026-7-6 3:55,67.93,67.93,68.48,68.58,-5,-1,-1,-1,-,-,RIDE_both"
2026-07-06T04:00:00.000-04:00,"2026-7-6 4:00,67.95,67.88,68.44,68.55,-3,-1,-1,-1,-,-,RIDE_both"
2026-07-06T04:05:00.000-04:00,"2026-7-6 4:05,68.19,67.94,68.42,68.54,0,0,-1,-1,-,-,neutral"
2026-07-06T04:10:00.000-04:00,"2026-7-6 4:10,68.15,67.98,68.4,68.52,0,0,-1,-1,-,-,neutral"
2026-07-06T04:15:00.000-04:00,"2026-7-6 4:15,68.1,67.99,68.38,68.51,0,0,-1,-1,-,-,neutral"
2026-07-06T04:20:00.000-04:00,"2026-7-6 4:20,68.15,68.02,68.36,68.49,0,0,-1,-1,-,-,neutral"
2026-07-06T04:25:00.000-04:00,"2026-7-6 4:25,68.09,68.03,68.34,68.48,0,0,-1,-1,-,-,neutral"
2026-07-06T04:30:00.000-04:00,"2026-7-6 4:30,68.35,68.13,68.34,68.47,0,0,-1,-1,-,-,neutral"
2026-07-06T04:35:00.000-04:00,"2026-7-6 4:35,68.28,68.18,68.33,68.46,0,0,-1,-1,-,-,neutral"
2026-07-06T04:40:00.000-04:00,"2026-7-6 4:40,68.42,68.27,68.34,68.46,3,1,0,-1,B,-,FIGHT"
2026-07-06T04:45:00.000-04:00,"2026-7-6 4:45,68.46,68.35,68.35,68.46,5,1,0,-1,-,-,FIGHT"
2026-07-06T04:50:00.000-04:00,"2026-7-6 4:50,68.44,68.41,68.36,68.46,5,1,0,-1,-,-,FIGHT"
2026-07-06T04:55:00.000-04:00,"2026-7-6 4:55,68.2,68.35,68.34,68.45,0,0,0,-1,-,-,neutral"
2026-07-06T05:00:00.000-04:00,"2026-7-6 5:00,68.26,68.34,68.34,68.44,0,0,0,-1,-,-,neutral"
2026-07-06T05:05:00.000-04:00,"2026-7-6 5:05,68.29,68.33,68.33,68.44,0,0,0,-1,-,-,neutral"
2026-07-06T05:10:00.000-04:00,"2026-7-6 5:10,68.43,68.38,68.34,68.44,5,1,0,-1,-,-,FIGHT"
2026-07-06T05:15:00.000-04:00,"2026-7-6 5:15,68.47,68.43,68.35,68.44,5,1,0,-1,-,-,FIGHT"
2026-07-06T05:20:00.000-04:00,"2026-7-6 5:20,68.31,68.41,68.35,68.43,0,0,0,-1,-,-,neutral"
2026-07-06T05:25:00.000-04:00,"2026-7-6 5:25,68.3,68.38,68.34,68.43,0,0,0,-1,-,-,neutral"
2026-07-06T05:30:00.000-04:00,"2026-7-6 5:30,68.37,68.39,68.35,68.43,0,0,0,-1,-,-,neutral"
2026-07-06T05:35:00.000-04:00,"2026-7-6 5:35,68.28,68.36,68.34,68.42,0,0,0,-1,-,-,neutral"
2026-07-06T05:40:00.000-04:00,"2026-7-6 5:40,68.44,68.4,68.35,68.42,5,1,0,-1,-,-,FIGHT"
2026-07-06T05:45:00.000-04:00,"2026-7-6 5:45,68.5,68.45,68.36,68.42,5,1,0,-1,-,-,FIGHT"
2026-07-06T05:50:00.000-04:00,"2026-7-6 5:50,68.23,68.38,68.35,68.42,0,0,0,-1,-,-,neutral"
2026-07-06T05:55:00.000-04:00,"2026-7-6 5:55,68.31,68.36,68.35,68.41,0,0,0,-1,-,-,neutral"
2026-07-06T06:00:00.000-04:00,"2026-7-6 6:00,68.35,68.36,68.35,68.41,0,0,0,-1,-,-,neutral"
2026-07-06T06:05:00.000-04:00,"2026-7-6 6:05,68.29,68.34,68.34,68.41,-3,-1,0,-1,S,-,tide_only"
2026-07-06T06:10:00.000-04:00,"2026-7-6 6:10,68.16,68.27,68.33,68.4,-7,-1,-1,-1,-,-,RIDE_both"
2026-07-06T06:15:00.000-04:00,"2026-7-6 6:15,68.22,68.25,68.32,68.39,-7,-1,-1,-1,-,-,RIDE_both"
2026-07-06T06:20:00.000-04:00,"2026-7-6 6:20,68.26,68.24,68.32,68.38,0,0,-1,-1,-,-,neutral"
2026-07-06T06:25:00.000-04:00,"2026-7-6 6:25,68.29,68.25,68.31,68.38,0,0,0,-1,-,-,neutral"
2026-07-06T06:30:00.000-04:00,"2026-7-6 6:30,68.27,68.25,68.31,68.38,0,0,0,-1,-,-,neutral"
2026-07-06T06:35:00.000-04:00,"2026-7-6 6:35,68.2,68.23,68.3,68.37,-7,-1,0,-1,-,-,tide_only"
2026-07-06T06:40:00.000-04:00,"2026-7-6 6:40,68.33,68.26,68.3,68.37,3,0,0,-1,-,-,neutral"
2026-07-06T06:45:00.000-04:00,"2026-7-6 6:45,68.36,68.29,68.31,68.37,5,1,0,-1,B,-,FIGHT"
2026-07-06T06:50:00.000-04:00,"2026-7-6 6:50,68.65,68.43,68.33,68.38,5,1,0,-1,-,-,FIGHT"
2026-07-06T06:55:00.000-04:00,"2026-7-6 6:55,68.59,68.5,68.35,68.39,5,1,1,0,-,-,wave_only"
2026-07-06T07:00:00.000-04:00,"2026-7-6 7:00,68.73,68.61,68.38,68.4,5,1,1,0,-,-,wave_only"
2026-07-06T07:05:00.000-04:00,"2026-7-6 7:05,68.63,68.64,68.4,68.41,7,1,1,0,-,-,wave_only"
2026-07-06T07:10:00.000-04:00,"2026-7-6 7:10,68.64,68.67,68.42,68.42,5,1,1,0,-,-,wave_only"
2026-07-06T07:15:00.000-04:00,"2026-7-6 7:15,68.66,68.7,68.44,68.43,5,0,1,0,-,-,neutral"
2026-07-06T07:20:00.000-04:00,"2026-7-6 7:20,68.57,68.68,68.45,68.43,0,0,1,0,-,-,neutral"
2026-07-06T07:25:00.000-04:00,"2026-7-6 7:25,68.57,68.66,68.46,68.44,0,0,1,0,-,-,neutral"
2026-07-06T07:30:00.000-04:00,"2026-7-6 7:30,68.5,68.62,68.46,68.44,0,0,1,0,-,-,neutral"
2026-07-06T07:35:00.000-04:00,"2026-7-6 7:35,68.48,68.58,68.46,68.44,0,0,1,0,-,-,neutral"
2026-07-06T07:40:00.000-04:00,"2026-7-6 7:40,68.44,68.53,68.46,68.44,0,0,0,0,-,-,neutral"
2026-07-06T07:45:00.000-04:00,"2026-7-6 7:45,68.44,68.5,68.46,68.44,0,0,0,0,-,-,neutral"
2026-07-06T07:50:00.000-04:00,"2026-7-6 7:50,68.53,68.51,68.47,68.45,7,0,0,0,-,-,neutral"
2026-07-06T07:55:00.000-04:00,"2026-7-6 7:55,68.66,68.56,68.48,68.45,7,1,1,0,-,-,wave_only"
2026-07-06T08:00:00.000-04:00,"2026-7-6 8:00,68.6,68.58,68.49,68.46,7,1,1,0,-,-,wave_only"
2026-07-06T08:05:00.000-04:00,"2026-7-6 8:05,68.66,68.61,68.5,68.47,7,1,1,0,-,-,wave_only"
2026-07-06T08:10:00.000-04:00,"2026-7-6 8:10,68.55,68.6,68.51,68.47,0,0,0,0,-,-,neutral"
2026-07-06T08:15:00.000-04:00,"2026-7-6 8:15,68.31,68.49,68.49,68.46,-5,-1,0,0,S,-,FIGHT"
2026-07-06T08:20:00.000-04:00,"2026-7-6 8:20,68.25,68.4,68.47,68.46,-5,-1,0,0,-,-,FIGHT"
2026-07-06T08:25:00.000-04:00,"2026-7-6 8:25,68.2,68.31,68.45,68.45,-7,-1,0,0,-,-,FIGHT"
2026-07-06T08:30:00.000-04:00,"2026-7-6 8:30,68.33,68.29,68.44,68.44,-5,-1,0,0,-,-,FIGHT"
2026-07-06T08:35:00.000-04:00,"2026-7-6 8:35,68.31,68.28,68.43,68.44,-5,-1,0,0,-,-,FIGHT"
2026-07-06T08:40:00.000-04:00,"2026-7-6 8:40,68.36,68.29,68.43,68.43,0,0,-1,0,-,-,neutral"
2026-07-06T08:45:00.000-04:00,"2026-7-6 8:45,68.3,68.27,68.42,68.43,-5,-1,-1,0,-,-,wave_only"
2026-07-06T08:50:00.000-04:00,"2026-7-6 8:50,68.35,68.28,68.41,68.43,0,0,-1,0,-,-,neutral"
2026-07-06T08:55:00.000-04:00,"2026-7-6 8:55,68.28,68.27,68.4,68.42,-5,-1,-1,-1,-,-,RIDE_both"
2026-07-06T09:00:00.000-04:00,"2026-7-6 9:00,68.23,68.24,68.39,68.41,-5,-1,-1,-1,-,-,RIDE_both"
2026-07-06T09:05:00.000-04:00,"2026-7-6 9:05,68.28,68.24,68.38,68.41,-5,0,-1,-1,-,-,neutral"
2026-07-06T09:10:00.000-04:00,"2026-7-6 9:10,68.51,68.32,68.39,68.41,0,0,0,-1,-,-,neutral"
2026-07-06T09:15:00.000-04:00,"2026-7-6 9:15,68.64,68.44,68.41,68.42,7,1,0,-1,B,-,FIGHT"
2026-07-06T09:20:00.000-04:00,"2026-7-6 9:20,68.63,68.52,68.43,68.43,7,1,0,-1,-,-,FIGHT"
2026-07-06T09:25:00.000-04:00,"2026-7-6 9:25,68.86,68.66,68.46,68.45,7,1,1,-1,-,-,wave_only"
2026-07-06T09:30:00.000-04:00,"2026-7-6 9:30,68.57,68.65,68.47,68.45,0,0,1,-1,-,-,neutral"
2026-07-06T09:35:00.000-04:00,"2026-7-6 9:35,68.6,68.66,68.48,68.46,0,0,1,-1,-,-,neutral"
2026-07-06T09:40:00.000-04:00,"2026-7-6 9:40,68.6,68.66,68.49,68.46,0,0,1,-1,-,-,neutral"
2026-07-06T09:45:00.000-04:00,"2026-7-6 9:45,68.58,68.65,68.49,68.47,0,0,1,-1,-,-,neutral"
2026-07-06T09:50:00.000-04:00,"2026-7-6 9:50,68.69,68.68,68.51,68.47,7,1,1,-1,-,-,wave_only"
2026-07-06T09:55:00.000-04:00,"2026-7-6 9:55,68.71,68.71,68.53,68.48,7,0,1,1,-,-,neutral"
2026-07-06T10:00:00.000-04:00,"2026-7-6 10:00,68.78,68.75,68.54,68.5,5,1,1,1,-,-,RIDE_both"
2026-07-06T10:05:00.000-04:00,"2026-7-6 10:05,68.74,68.77,68.56,68.51,0,0,1,1,-,-,neutral"
2026-07-06T10:10:00.000-04:00,"2026-7-6 10:10,68.63,68.74,68.57,68.51,0,0,0,1,-,-,neutral"
2026-07-06T10:15:00.000-04:00,"2026-7-6 10:15,68.5,68.66,68.56,68.51,0,0,0,1,-,-,neutral"
2026-07-06T10:20:00.000-04:00,"2026-7-6 10:20,68.81,68.72,68.58,68.52,7,1,0,1,-,-,tide_only"
2026-07-06T10:25:00.000-04:00,"2026-7-6 10:25,68.91,68.8,68.6,68.54,7,1,1,1,-,-,RIDE_both"
2026-07-06T10:30:00.000-04:00,"2026-7-6 10:30,68.85,68.84,68.62,68.55,5,1,1,1,-,-,RIDE_both"
2026-07-06T10:35:00.000-04:00,"2026-7-6 10:35,69.1,68.95,68.66,68.57,7,1,1,1,-,-,RIDE_both"
2026-07-06T10:40:00.000-04:00,"2026-7-6 10:40,69.01,69,68.69,68.59,7,1,1,1,-,-,RIDE_both"
2026-07-06T10:45:00.000-04:00,"2026-7-6 10:45,68.9,68.99,68.7,68.6,0,0,1,1,-,-,neutral"
2026-07-06T10:50:00.000-04:00,"2026-7-6 10:50,68.79,68.94,68.71,68.61,0,0,1,1,-,-,neutral"
2026-07-06T10:55:00.000-04:00,"2026-7-6 10:55,68.76,68.89,68.71,68.61,0,0,0,1,-,-,neutral"
2026-07-06T11:00:00.000-04:00,"2026-7-6 11:00,68.66,68.81,68.71,68.62,0,0,0,1,-,-,neutral"
2026-07-06T11:05:00.000-04:00,"2026-7-6 11:05,68.7,68.77,68.71,68.62,-3,-1,0,1,S,-,FIGHT"
2026-07-06T11:10:00.000-04:00,"2026-7-6 11:10,68.71,68.74,68.71,68.62,-3,-1,0,1,-,-,FIGHT"
2026-07-06T11:15:00.000-04:00,"2026-7-6 11:15,68.74,68.73,68.71,68.63,0,0,0,1,-,-,neutral"
2026-07-06T11:20:00.000-04:00,"2026-7-6 11:20,68.7,68.71,68.71,68.63,-5,0,0,1,-,-,neutral"
2026-07-06T11:25:00.000-04:00,"2026-7-6 11:25,68.88,68.77,68.72,68.64,7,1,1,1,B,BUY,RIDE_both"
2026-07-06T11:30:00.000-04:00,"2026-7-6 11:30,68.89,68.81,68.74,68.65,7,1,1,1,-,-,RIDE_both"
2026-07-06T11:35:00.000-04:00,"2026-7-6 11:35,68.81,68.81,68.74,68.66,7,1,1,1,-,-,RIDE_both"
2026-07-06T11:40:00.000-04:00,"2026-7-6 11:40,68.74,68.78,68.74,68.66,-3,0,0,1,-,-,neutral"
2026-07-06T11:45:00.000-04:00,"2026-7-6 11:45,68.82,68.79,68.75,68.67,7,1,0,1,-,-,tide_only"
2026-07-06T11:50:00.000-04:00,"2026-7-6 11:50,68.76,68.78,68.75,68.67,-3,0,0,1,-,-,neutral"
2026-07-06T11:55:00.000-04:00,"2026-7-6 11:55,68.75,68.77,68.75,68.67,-5,0,0,1,-,-,neutral"
2026-07-06T12:00:00.000-04:00,"2026-7-6 12:00,68.76,68.76,68.75,68.68,-5,0,0,1,-,-,neutral"
2026-07-06T12:05:00.000-04:00,"2026-7-6 12:05,68.68,68.72,68.74,68.68,-5,-1,0,1,S,-,FIGHT"
2026-07-06T12:10:00.000-04:00,"2026-7-6 12:10,68.72,68.72,68.74,68.68,-5,-1,0,1,-,-,FIGHT"
2026-07-06T12:15:00.000-04:00,"2026-7-6 12:15,68.51,68.63,68.72,68.67,-5,-1,0,1,-,-,FIGHT"
2026-07-06T12:20:00.000-04:00,"2026-7-6 12:20,68.46,68.55,68.7,68.66,-5,-1,0,1,-,-,FIGHT"
2026-07-06T12:25:00.000-04:00,"2026-7-6 12:25,68.37,68.46,68.68,68.65,-5,-1,-1,1,-,-,wave_only"
2026-07-06T12:30:00.000-04:00,"2026-7-6 12:30,68.33,68.38,68.65,68.64,-5,-1,-1,1,-,-,wave_only"
2026-07-06T12:35:00.000-04:00,"2026-7-6 12:35,68.35,68.34,68.63,68.63,-3,-1,-1,1,-,-,wave_only"
2026-07-06T12:40:00.000-04:00,"2026-7-6 12:40,68.31,68.29,68.6,68.61,-3,-1,-1,1,-,-,wave_only"
2026-07-06T12:45:00.000-04:00,"2026-7-6 12:45,68.35,68.28,68.58,68.6,0,0,-1,1,-,-,neutral"
2026-07-06T12:50:00.000-04:00,"2026-7-6 12:50,68.27,68.24,68.56,68.59,-3,-1,-1,1,-,-,wave_only"
2026-07-06T12:55:00.000-04:00,"2026-7-6 12:55,68.31,68.24,68.54,68.58,0,0,-1,0,-,-,neutral"
2026-07-06T13:00:00.000-04:00,"2026-7-6 13:00,68.27,68.22,68.52,68.57,0,0,-1,0,-,-,neutral"
2026-07-06T13:05:00.000-04:00,"2026-7-6 13:05,68.28,68.21,68.5,68.56,0,0,-1,0,-,-,neutral"
2026-07-06T13:10:00.000-04:00,"2026-7-6 13:10,68.28,68.21,68.48,68.55,0,0,-1,0,-,-,neutral"
2026-07-06T13:15:00.000-04:00,"2026-7-6 13:15,68.3,68.23,68.47,68.54,0,0,-1,0,-,-,neutral"
2026-07-06T13:20:00.000-04:00,"2026-7-6 13:20,68.35,68.25,68.46,68.53,0,0,-1,0,-,-,neutral"
2026-07-06T13:25:00.000-04:00,"2026-7-6 13:25,68.42,68.3,68.46,68.52,0,0,0,0,-,-,neutral"
2026-07-06T13:30:00.000-04:00,"2026-7-6 13:30,68.43,68.35,68.46,68.52,0,0,0,0,-,-,neutral"
2026-07-06T13:35:00.000-04:00,"2026-7-6 13:35,68.47,68.39,68.46,68.52,3,0,0,0,-,-,neutral"
2026-07-06T13:40:00.000-04:00,"2026-7-6 13:40,68.52,68.44,68.46,68.52,3,1,0,0,B,-,FIGHT"
2026-07-06T13:45:00.000-04:00,"2026-7-6 13:45,68.45,68.46,68.46,68.52,5,1,0,0,-,-,FIGHT"
2026-07-06T13:50:00.000-04:00,"2026-7-6 13:50,68.5,68.48,68.46,68.52,5,1,0,0,-,-,FIGHT"
2026-07-06T13:55:00.000-04:00,"2026-7-6 13:55,68.52,68.51,68.47,68.52,5,1,0,0,-,-,FIGHT"
2026-07-06T14:00:00.000-04:00,"2026-7-6 14:00,68.52,68.53,68.47,68.52,5,1,0,0,-,-,FIGHT"
2026-07-06T14:05:00.000-04:00,"2026-7-6 14:05,68.52,68.54,68.48,68.52,5,1,0,0,-,-,FIGHT"
2026-07-06T14:10:00.000-04:00,"2026-7-6 14:10,68.56,68.56,68.48,68.52,5,1,0,0,-,-,FIGHT"
2026-07-06T14:15:00.000-04:00,"2026-7-6 14:15,68.54,68.57,68.49,68.52,5,1,0,0,-,-,FIGHT"
2026-07-06T14:20:00.000-04:00,"2026-7-6 14:20,68.5,68.56,68.49,68.52,0,0,0,0,-,-,neutral"
2026-07-06T14:25:00.000-04:00,"2026-7-6 14:25,68.55,68.57,68.49,68.52,3,1,0,0,-,-,FIGHT"
2026-07-06T14:30:00.000-04:00,"2026-7-6 14:30,68.49,68.55,68.49,68.52,0,0,0,0,-,-,neutral"
2026-07-06T14:35:00.000-04:00,"2026-7-6 14:35,68.49,68.54,68.49,68.52,0,0,0,0,-,-,neutral"
2026-07-06T14:40:00.000-04:00,"2026-7-6 14:40,68.54,68.55,68.5,68.52,7,0,0,0,-,-,neutral"
2026-07-06T14:45:00.000-04:00,"2026-7-6 14:45,68.57,68.56,68.5,68.52,5,1,0,0,-,-,FIGHT"
2026-07-06T14:50:00.000-04:00,"2026-7-6 14:50,68.53,68.56,68.5,68.52,0,0,0,0,-,-,neutral"
2026-07-06T14:55:00.000-04:00,"2026-7-6 14:55,68.54,68.56,68.51,68.52,0,0,0,0,-,-,neutral"
2026-07-06T15:00:00.000-04:00,"2026-7-6 15:00,68.58,68.57,68.51,68.52,5,1,0,0,-,-,FIGHT"
2026-07-06T15:05:00.000-04:00,"2026-7-6 15:05,68.6,68.59,68.52,68.53,5,1,0,0,-,-,FIGHT"
2026-07-06T15:10:00.000-04:00,"2026-7-6 15:10,68.62,68.61,68.53,68.53,7,1,1,0,-,-,wave_only"
2026-07-06T15:15:00.000-04:00,"2026-7-6 15:15,68.69,68.65,68.54,68.54,7,1,1,0,-,-,wave_only"
2026-07-06T15:20:00.000-04:00,"2026-7-6 15:20,68.72,68.69,68.55,68.54,7,1,1,0,-,-,wave_only"
2026-07-06T15:25:00.000-04:00,"2026-7-6 15:25,68.71,68.71,68.57,68.55,3,1,1,0,-,-,wave_only"
2026-07-06T15:30:00.000-04:00,"2026-7-6 15:30,68.71,68.72,68.58,68.56,3,1,1,0,-,-,wave_only"
2026-07-06T15:35:00.000-04:00,"2026-7-6 15:35,68.66,68.71,68.58,68.56,0,0,1,0,-,-,neutral"
2026-07-06T15:40:00.000-04:00,"2026-7-6 15:40,68.7,68.72,68.59,68.57,0,0,1,0,-,-,neutral"
2026-07-06T15:45:00.000-04:00,"2026-7-6 15:45,68.74,68.74,68.6,68.57,5,1,1,0,-,-,wave_only"
2026-07-06T15:50:00.000-04:00,"2026-7-6 15:50,68.72,68.74,68.61,68.58,0,0,1,0,-,-,neutral"
2026-07-06T15:55:00.000-04:00,"2026-7-6 15:55,68.68,68.73,68.62,68.58,0,0,1,1,-,-,neutral"
2026-07-06T16:00:00.000-04:00,"2026-7-6 16:00,68.65,68.71,68.62,68.59,0,0,1,1,-,-,neutral"
2026-07-06T16:05:00.000-04:00,"2026-7-6 16:05,68.65,68.69,68.62,68.59,0,0,1,1,-,-,neutral"
2026-07-06T16:10:00.000-04:00,"2026-7-6 16:10,68.68,68.69,68.63,68.59,0,0,1,1,-,-,neutral"
2026-07-06T16:15:00.000-04:00,"2026-7-6 16:15,68.7,68.69,68.63,68.6,3,1,1,1,-,-,RIDE_both"
2026-07-06T16:20:00.000-04:00,"2026-7-6 16:20,68.69,68.69,68.64,68.6,0,0,1,1,-,-,neutral"
2026-07-06T16:25:00.000-04:00,"2026-7-6 16:25,68.67,68.69,68.64,68.6,0,0,0,1,-,-,neutral"
2026-07-06T16:30:00.000-04:00,"2026-7-6 16:30,68.75,68.71,68.65,68.61,7,1,0,1,-,-,tide_only"
2026-07-06T16:35:00.000-04:00,"2026-7-6 16:35,68.7,68.71,68.65,68.61,0,0,0,1,-,-,neutral"
2026-07-06T16:40:00.000-04:00,"2026-7-6 16:40,68.68,68.7,68.65,68.61,0,0,0,1,-,-,neutral"
2026-07-06T16:45:00.000-04:00,"2026-7-6 16:45,68.67,68.69,68.66,68.62,0,0,0,1,-,-,neutral"
2026-07-06T16:50:00.000-04:00,"2026-7-6 16:50,68.62,68.66,68.65,68.62,-3,-1,0,1,S,-,FIGHT"
2026-07-06T16:55:00.000-04:00,"2026-7-6 16:55,68.58,68.63,68.65,68.62,-5,-1,0,0,-,-,FIGHT"
2026-07-06T18:00:00.000-04:00,"2026-7-6 18:00,68.65,68.63,68.65,68.62,0,0,0,0,-,-,neutral"
2026-07-06T18:05:00.000-04:00,"2026-7-6 18:05,68.67,68.64,68.65,68.62,0,0,0,0,-,-,neutral"
2026-07-06T18:10:00.000-04:00,"2026-7-6 18:10,68.63,68.63,68.65,68.62,-5,-1,0,0,-,-,FIGHT"
2026-07-06T18:15:00.000-04:00,"2026-7-6 18:15,68.67,68.64,68.65,68.62,0,0,0,0,-,-,neutral"
2026-07-06T18:20:00.000-04:00,"2026-7-6 18:20,68.68,68.65,68.65,68.62,7,1,0,0,B,-,FIGHT"
2026-07-06T18:25:00.000-04:00,"2026-7-6 18:25,68.67,68.66,68.65,68.63,0,0,0,0,-,-,neutral"
2026-07-06T18:30:00.000-04:00,"2026-7-6 18:30,68.67,68.66,68.65,68.63,0,0,0,0,-,-,neutral"
2026-07-06T18:35:00.000-04:00,"2026-7-6 18:35,68.69,68.67,68.66,68.63,7,1,0,0,-,-,FIGHT"
2026-07-06T18:40:00.000-04:00,"2026-7-6 18:40,68.7,68.68,68.66,68.63,7,1,1,0,-,-,wave_only"
2026-07-06T18:45:00.000-04:00,"2026-7-6 18:45,68.7,68.69,68.66,68.63,7,1,1,0,-,-,wave_only"
2026-07-06T18:50:00.000-04:00,"2026-7-6 18:50,68.72,68.7,68.67,68.64,7,1,1,0,-,-,wave_only"
2026-07-06T18:55:00.000-04:00,"2026-7-6 18:55,68.75,68.72,68.67,68.64,7,1,1,1,-,-,RIDE_both"
2026-07-06T19:00:00.000-04:00,"2026-7-6 19:00,68.71,68.72,68.68,68.65,0,0,1,1,-,-,neutral"
2026-07-06T19:05:00.000-04:00,"2026-7-6 19:05,68.69,68.71,68.68,68.65,0,0,1,1,-,-,neutral"
2026-07-06T19:10:00.000-04:00,"2026-7-6 19:10,68.71,68.72,68.68,68.65,7,1,0,1,-,-,tide_only"
2026-07-06T19:15:00.000-04:00,"2026-7-6 19:15,68.83,68.76,68.69,68.66,7,1,0,1,-,-,tide_only"
2026-07-06T19:20:00.000-04:00,"2026-7-6 19:20,68.84,68.8,68.7,68.66,7,1,0,1,-,-,tide_only"
2026-07-06T19:25:00.000-04:00,"2026-7-6 19:25,68.8,68.81,68.71,68.67,3,1,1,1,-,-,RIDE_both"
2026-07-06T19:30:00.000-04:00,"2026-7-6 19:30,68.81,68.82,68.72,68.67,3,1,1,1,-,-,RIDE_both"
2026-07-06T19:35:00.000-04:00,"2026-7-6 19:35,68.78,68.81,68.72,68.68,0,0,1,1,-,-,neutral"
2026-07-06T19:40:00.000-04:00,"2026-7-6 19:40,68.79,68.81,68.73,68.68,0,0,1,1,-,-,neutral"
2026-07-06T19:45:00.000-04:00,"2026-7-6 19:45,68.79,68.81,68.73,68.69,0,0,1,1,-,-,neutral"
2026-07-06T19:50:00.000-04:00,"2026-7-6 19:50,68.76,68.8,68.74,68.69,0,0,1,1,-,-,neutral"
2026-07-06T19:55:00.000-04:00,"2026-7-6 19:55,68.74,68.78,68.74,68.69,0,0,0,1,-,-,neutral"
2026-07-06T20:00:00.000-04:00,"2026-7-6 20:00,68.75,68.77,68.74,68.69,0,0,0,1,-,-,neutral"
2026-07-06T20:05:00.000-04:00,"2026-7-6 20:05,68.85,68.8,68.75,68.7,7,1,0,1,-,-,tide_only"
2026-07-06T20:10:00.000-04:00,"2026-7-6 20:10,68.88,68.83,68.76,68.71,7,1,1,1,-,-,RIDE_both"
2026-07-06T20:15:00.000-04:00,"2026-7-6 20:15,68.89,68.86,68.77,68.71,7,1,1,1,-,-,RIDE_both"
2026-07-06T20:20:00.000-04:00,"2026-7-6 20:20,68.84,68.86,68.77,68.72,0,0,1,1,-,-,neutral"
2026-07-06T20:25:00.000-04:00,"2026-7-6 20:25,68.76,68.83,68.77,68.72,0,0,0,1,-,-,neutral"
2026-07-06T20:30:00.000-04:00,"2026-7-6 20:30,68.81,68.82,68.77,68.72,0,0,0,1,-,-,neutral"
2026-07-06T20:35:00.000-04:00,"2026-7-6 20:35,68.83,68.83,68.78,68.73,0,0,0,1,-,-,neutral"
2026-07-06T20:40:00.000-04:00,"2026-7-6 20:40,68.85,68.84,68.78,68.73,7,1,1,1,-,-,RIDE_both"
2026-07-06T20:45:00.000-04:00,"2026-7-6 20:45,68.81,68.83,68.79,68.74,0,0,1,1,-,-,neutral"
2026-07-06T20:50:00.000-04:00,"2026-7-6 20:50,68.81,68.82,68.79,68.74,0,0,1,1,-,-,neutral"
2026-07-06T20:55:00.000-04:00,"2026-7-6 20:55,68.88,68.84,68.79,68.74,7,1,1,1,-,-,RIDE_both"
2026-07-06T21:00:00.000-04:00,"2026-7-6 21:00,68.83,68.84,68.8,68.75,0,0,1,1,-,-,neutral"
2026-07-06T21:05:00.000-04:00,"2026-7-6 21:05,68.76,68.81,68.79,68.75,-3,-1,1,1,S,-,FIGHT"
2026-07-06T21:10:00.000-04:00,"2026-7-6 21:10,68.71,68.77,68.79,68.75,-5,-1,0,1,-,-,FIGHT"
2026-07-06T21:15:00.000-04:00,"2026-7-6 21:15,68.66,68.73,68.78,68.74,-5,-1,0,1,-,-,FIGHT"
2026-07-06T21:20:00.000-04:00,"2026-7-6 21:20,68.7,68.71,68.77,68.74,-5,-1,0,1,-,-,FIGHT"
2026-07-06T21:25:00.000-04:00,"2026-7-6 21:25,68.76,68.72,68.77,68.74,0,0,0,1,-,-,neutral"
2026-07-06T21:30:00.000-04:00,"2026-7-6 21:30,68.79,68.73,68.77,68.74,0,0,0,1,-,-,neutral"
2026-07-06T21:35:00.000-04:00,"2026-7-6 21:35,68.86,68.77,68.78,68.75,0,0,0,1,-,-,neutral"
2026-07-06T21:40:00.000-04:00,"2026-7-6 21:40,68.9,68.82,68.79,68.76,7,1,1,1,B,BUY,RIDE_both"
2026-07-06T21:45:00.000-04:00,"2026-7-6 21:45,68.91,68.86,68.8,68.76,7,1,1,1,-,-,RIDE_both"
2026-07-06T21:50:00.000-04:00,"2026-7-6 21:50,69.02,68.92,68.82,68.77,7,1,1,1,-,-,RIDE_both"
2026-07-06T21:55:00.000-04:00,"2026-7-6 21:55,69.07,68.99,68.83,68.78,7,1,1,1,-,-,RIDE_both"
2026-07-06T22:00:00.000-04:00,"2026-7-6 22:00,69.07,69.04,68.85,68.79,7,1,1,1,-,-,RIDE_both"
2026-07-06T22:05:00.000-04:00,"2026-7-6 22:05,69.21,69.12,68.88,68.81,7,1,1,1,-,-,RIDE_both"
2026-07-06T22:10:00.000-04:00,"2026-7-6 22:10,69.17,69.17,68.9,68.82,7,1,1,1,-,-,RIDE_both"
2026-07-06T22:15:00.000-04:00,"2026-7-6 22:15,69.22,69.21,68.93,68.84,7,1,1,1,-,-,RIDE_both"
2026-07-06T22:20:00.000-04:00,"2026-7-6 22:20,69.21,69.24,68.95,68.85,7,1,1,1,-,-,RIDE_both"
2026-07-06T22:25:00.000-04:00,"2026-7-6 22:25,69.21,69.26,68.97,68.87,0,0,1,1,-,-,neutral"
2026-07-06T22:30:00.000-04:00,"2026-7-6 22:30,69.22,69.27,68.99,68.88,0,0,1,1,-,-,neutral"
2026-07-06T22:35:00.000-04:00,"2026-7-6 22:35,69.12,69.24,69,68.89,0,0,1,1,-,-,neutral"
2026-07-06T22:40:00.000-04:00,"2026-7-6 22:40,69.08,69.2,69,68.9,0,0,0,1,-,-,neutral"
2026-07-06T22:45:00.000-04:00,"2026-7-6 22:45,69.08,69.17,69.01,68.91,0,0,0,1,-,-,neutral"
2026-07-06T22:50:00.000-04:00,"2026-7-6 22:50,69.08,69.14,69.02,68.91,0,0,0,1,-,-,neutral"
2026-07-06T22:55:00.000-04:00,"2026-7-6 22:55,69,69.09,69.01,68.92,0,0,0,1,-,-,neutral"
2026-07-06T23:00:00.000-04:00,"2026-7-6 23:00,69.06,69.08,69.02,68.92,-3,-1,0,1,S,-,FIGHT"
2026-07-06T23:05:00.000-04:00,"2026-7-6 23:05,69.19,69.12,69.03,68.93,7,1,0,1,B,-,tide_only"
2026-07-06T23:10:00.000-04:00,"2026-7-6 23:10,69.2,69.15,69.04,68.94,7,1,1,1,-,-,RIDE_both"
2026-07-06T23:15:00.000-04:00,"2026-7-6 23:15,69.08,69.12,69.05,68.95,0,0,1,1,-,-,neutral"
2026-07-06T23:20:00.000-04:00,"2026-7-6 23:20,69.04,69.09,69.05,68.95,-3,-1,1,1,S,-,FIGHT"
2026-07-06T23:25:00.000-04:00,"2026-7-6 23:25,69.06,69.08,69.05,68.96,-3,-1,0,1,-,-,FIGHT"
2026-07-06T23:30:00.000-04:00,"2026-7-6 23:30,68.96,69.03,69.04,68.96,-5,-1,0,1,-,-,FIGHT"
2026-07-06T23:35:00.000-04:00,"2026-7-6 23:35,68.93,68.98,69.03,68.96,-5,-1,0,1,-,-,FIGHT"
2026-07-06T23:40:00.000-04:00,"2026-7-6 23:40,68.93,68.95,69.02,68.95,-5,-1,0,1,-,-,FIGHT"
2026-07-06T23:45:00.000-04:00,"2026-7-6 23:45,68.87,68.9,69.01,68.95,-5,-1,0,1,-,-,FIGHT"
2026-07-06T23:50:00.000-04:00,"2026-7-6 23:50,68.91,68.89,69,68.95,-5,-1,0,1,-,-,FIGHT"
2026-07-06T23:55:00.000-04:00,"2026-7-6 23:55,68.94,68.89,69,68.95,0,0,0,0,-,-,neutral"
2026-07-07T00:00:00.000-04:00,"2026-7-7 0:00,68.96,68.9,69,68.95,0,0,0,0,-,-,neutral"
2026-07-07T00:05:00.000-04:00,"2026-7-7 0:05,68.98,68.91,69,68.95,0,0,0,0,-,-,neutral"
2026-07-07T00:10:00.000-04:00,"2026-7-7 0:10,68.97,68.92,68.99,68.95,0,0,0,0,-,-,neutral"
2026-07-07T00:15:00.000-04:00,"2026-7-7 0:15,68.96,68.93,68.99,68.95,0,0,0,0,-,-,neutral"
2026-07-07T00:20:00.000-04:00,"2026-7-7 0:20,68.99,68.94,68.99,68.95,0,0,0,0,-,-,neutral"
2026-07-07T00:25:00.000-04:00,"2026-7-7 0:25,69,68.96,68.99,68.96,0,0,0,0,-,-,neutral"
2026-07-07T00:30:00.000-04:00,"2026-7-7 0:30,69.01,68.98,68.99,68.96,0,0,0,0,-,-,neutral"
2026-07-07T00:35:00.000-04:00,"2026-7-7 0:35,68.98,68.98,68.99,68.96,0,0,0,0,-,-,neutral"
2026-07-07T00:40:00.000-04:00,"2026-7-7 0:40,69,68.98,68.99,68.96,0,0,0,0,-,-,neutral"
2026-07-07T00:45:00.000-04:00,"2026-7-7 0:45,68.99,68.99,68.99,68.96,0,0,0,0,-,-,neutral"
2026-07-07T00:50:00.000-04:00,"2026-7-7 0:50,69.01,69,68.99,68.96,7,1,0,0,B,-,FIGHT"
2026-07-07T00:55:00.000-04:00,"2026-7-7 0:55,68.97,68.99,68.99,68.96,-5,-1,0,0,S,-,FIGHT"
2026-07-07T01:00:00.000-04:00,"2026-7-7 1:00,69.02,69,68.99,68.97,7,1,0,0,B,-,FIGHT"
2026-07-07T01:05:00.000-04:00,"2026-7-7 1:05,69,69,68.99,68.97,7,1,0,0,-,-,FIGHT"
2026-07-07T01:10:00.000-04:00,"2026-7-7 1:10,69.08,69.03,69,68.97,7,1,1,0,-,-,wave_only"
2026-07-07T01:15:00.000-04:00,"2026-7-7 1:15,69.11,69.07,69.01,68.98,7,1,1,0,-,-,wave_only"
2026-07-07T01:20:00.000-04:00,"2026-7-7 1:20,69.12,69.09,69.02,68.98,7,1,1,0,-,-,wave_only"
2026-07-07T01:25:00.000-04:00,"2026-7-7 1:25,69.19,69.14,69.03,68.99,7,1,1,0,-,-,wave_only"
2026-07-07T01:30:00.000-04:00,"2026-7-7 1:30,69.23,69.19,69.05,69,7,1,1,0,-,-,wave_only"
2026-07-07T01:35:00.000-04:00,"2026-7-7 1:35,69.24,69.22,69.06,69.01,7,1,1,0,-,-,wave_only"
2026-07-07T01:40:00.000-04:00,"2026-7-7 1:40,69.2,69.23,69.07,69.02,0,0,1,0,-,-,neutral"
2026-07-07T01:45:00.000-04:00,"2026-7-7 1:45,69.27,69.26,69.09,69.03,7,1,1,0,-,-,wave_only"
2026-07-07T01:50:00.000-04:00,"2026-7-7 1:50,69.34,69.31,69.11,69.04,7,1,1,0,-,-,wave_only"
2026-07-07T01:55:00.000-04:00,"2026-7-7 1:55,69.37,69.35,69.13,69.05,7,1,1,1,-,-,RIDE_both"
2026-07-07T02:00:00.000-04:00,"2026-7-7 2:00,69.4,69.39,69.15,69.07,7,1,1,1,-,-,RIDE_both"
2026-07-07T02:05:00.000-04:00,"2026-7-7 2:05,69.31,69.39,69.16,69.08,0,0,1,1,-,-,neutral"
2026-07-07T02:10:00.000-04:00,"2026-7-7 2:10,69.3,69.37,69.17,69.08,0,0,1,1,-,-,neutral"
2026-07-07T02:15:00.000-04:00,"2026-7-7 2:15,69.33,69.37,69.18,69.09,0,0,1,1,-,-,neutral"
2026-07-07T02:20:00.000-04:00,"2026-7-7 2:20,69.37,69.39,69.2,69.1,0,0,1,1,-,-,neutral"
2026-07-07T02:25:00.000-04:00,"2026-7-7 2:25,69.24,69.35,69.2,69.11,0,0,0,1,-,-,neutral"
2026-07-07T02:30:00.000-04:00,"2026-7-7 2:30,69.21,69.3,69.2,69.11,0,0,0,1,-,-,neutral"
2026-07-07T02:35:00.000-04:00,"2026-7-7 2:35,69.28,69.3,69.21,69.12,0,0,0,1,-,-,neutral"
2026-07-07T02:40:00.000-04:00,"2026-7-7 2:40,69.27,69.29,69.21,69.13,0,0,0,1,-,-,neutral"
2026-07-07T02:45:00.000-04:00,"2026-7-7 2:45,69.45,69.35,69.23,69.14,7,1,0,1,-,-,tide_only"
2026-07-07T02:50:00.000-04:00,"2026-7-7 2:50,69.4,69.37,69.24,69.15,7,1,0,1,-,-,tide_only"
2026-07-07T02:55:00.000-04:00,"2026-7-7 2:55,69.44,69.4,69.26,69.16,7,1,1,1,-,-,RIDE_both"
2026-07-07T03:00:00.000-04:00,"2026-7-7 3:00,69.52,69.46,69.28,69.17,7,1,1,1,-,-,RIDE_both"
2026-07-07T03:05:00.000-04:00,"2026-7-7 3:05,69.38,69.44,69.29,69.18,0,0,1,1,-,-,neutral"
2026-07-07T03:10:00.000-04:00,"2026-7-7 3:10,69.38,69.43,69.29,69.19,0,0,0,1,-,-,neutral"
2026-07-07T03:15:00.000-04:00,"2026-7-7 3:15,69.33,69.4,69.3,69.2,0,0,0,1,-,-,neutral"
2026-07-07T03:20:00.000-04:00,"2026-7-7 3:20,69.43,69.41,69.31,69.21,7,1,0,1,-,-,tide_only"
2026-07-07T03:25:00.000-04:00,"2026-7-7 3:25,69.46,69.43,69.32,69.22,7,1,1,1,-,-,RIDE_both"
2026-07-07T03:30:00.000-04:00,"2026-7-7 3:30,69.49,69.46,69.33,69.23,7,1,1,1,-,-,RIDE_both"
2026-07-07T03:35:00.000-04:00,"2026-7-7 3:35,69.39,69.44,69.34,69.23,0,0,1,1,-,-,neutral"
2026-07-07T03:40:00.000-04:00,"2026-7-7 3:40,69.4,69.43,69.34,69.24,0,0,0,1,-,-,neutral"
2026-07-07T03:45:00.000-04:00,"2026-7-7 3:45,69.56,69.48,69.36,69.25,7,1,0,1,-,-,tide_only"
2026-07-07T03:50:00.000-04:00,"2026-7-7 3:50,69.59,69.53,69.38,69.26,7,1,0,1,-,-,tide_only"
2026-07-07T03:55:00.000-04:00,"2026-7-7 3:55,69.34,69.47,69.37,69.27,0,0,0,1,-,-,neutral"
2026-07-07T04:00:00.000-04:00,"2026-7-7 4:00,69.37,69.43,69.37,69.27,0,0,0,1,-,-,neutral"
2026-07-07T04:05:00.000-04:00,"2026-7-7 4:05,69.28,69.38,69.37,69.27,-5,-1,0,1,S,-,FIGHT"
2026-07-07T04:10:00.000-04:00,"2026-7-7 4:10,69.41,69.38,69.37,69.28,0,0,0,1,-,-,neutral"
2026-07-07T04:15:00.000-04:00,"2026-7-7 4:15,69.29,69.34,69.36,69.28,-5,-1,0,1,-,-,FIGHT"
2026-07-07T04:20:00.000-04:00,"2026-7-7 4:20,69.31,69.32,69.36,69.28,-5,-1,0,1,-,-,FIGHT"
2026-07-07T04:25:00.000-04:00,"2026-7-7 4:25,69.06,69.21,69.34,69.27,-5,-1,0,1,-,-,FIGHT"
2026-07-07T04:30:00.000-04:00,"2026-7-7 4:30,69.14,69.16,69.32,69.27,-5,-1,0,1,-,-,FIGHT"
2026-07-07T04:35:00.000-04:00,"2026-7-7 4:35,69.34,69.21,69.32,69.27,0,0,0,1,-,-,neutral"
2026-07-07T04:40:00.000-04:00,"2026-7-7 4:40,69.32,69.23,69.32,69.27,0,0,1,1,-,-,neutral"
2026-07-07T04:45:00.000-04:00,"2026-7-7 4:45,69.41,69.28,69.33,69.28,0,0,1,1,-,-,neutral"
2026-07-07T04:50:00.000-04:00,"2026-7-7 4:50,69.46,69.34,69.34,69.28,7,1,1,1,B,BUY,RIDE_both"
2026-07-07T04:55:00.000-04:00,"2026-7-7 4:55,69.36,69.35,69.34,69.29,0,0,1,0,-,-,neutral"
2026-07-07T05:00:00.000-04:00,"2026-7-7 5:00,69.5,69.41,69.35,69.29,7,1,1,0,-,-,wave_only"
2026-07-07T05:05:00.000-04:00,"2026-7-7 5:05,69.66,69.51,69.38,69.31,7,1,1,0,-,-,wave_only"
2026-07-07T05:10:00.000-04:00,"2026-7-7 5:10,69.51,69.52,69.39,69.32,3,1,1,0,-,-,wave_only"
2026-07-07T05:15:00.000-04:00,"2026-7-7 5:15,69.53,69.54,69.4,69.33,3,1,1,0,-,-,wave_only"
2026-07-07T05:20:00.000-04:00,"2026-7-7 5:20,69.48,69.54,69.4,69.33,0,0,1,0,-,-,neutral"
2026-07-07T05:25:00.000-04:00,"2026-7-7 5:25,69.29,69.46,69.4,69.33,0,0,0,0,-,-,neutral"
2026-07-07T05:30:00.000-04:00,"2026-7-7 5:30,69.38,69.43,69.39,69.33,0,0,0,0,-,-,neutral"
2026-07-07T05:35:00.000-04:00,"2026-7-7 5:35,69.23,69.36,69.38,69.33,-5,-1,0,0,S,-,FIGHT"
2026-07-07T05:40:00.000-04:00,"2026-7-7 5:40,69.13,69.27,69.36,69.32,-5,-1,-1,0,-,-,wave_only"
2026-07-07T05:45:00.000-04:00,"2026-7-7 5:45,69.27,69.25,69.36,69.32,-5,-1,-1,0,-,-,wave_only"
2026-07-07T05:50:00.000-04:00,"2026-7-7 5:50,69.26,69.24,69.35,69.32,-3,-1,-1,0,-,-,wave_only"
2026-07-07T05:55:00.000-04:00,"2026-7-7 5:55,69.31,69.25,69.34,69.32,0,0,1,0,-,-,neutral"
2026-07-07T06:00:00.000-04:00,"2026-7-7 6:00,69.16,69.21,69.33,69.31,-5,-1,1,0,-,-,FIGHT"
2026-07-07T06:05:00.000-04:00,"2026-7-7 6:05,69.11,69.16,69.31,69.3,-5,-1,1,0,-,-,FIGHT"
2026-07-07T06:10:00.000-04:00,"2026-7-7 6:10,69.2,69.15,69.3,69.3,-5,0,-1,0,-,-,neutral"
2026-07-07T06:15:00.000-04:00,"2026-7-7 6:15,69.2,69.15,69.3,69.29,0,0,-1,0,-,-,neutral"
2026-07-07T06:20:00.000-04:00,"2026-7-7 6:20,69.18,69.15,69.29,69.29,-3,-1,-1,0,-,-,wave_only"
2026-07-07T06:25:00.000-04:00,"2026-7-7 6:25,69.17,69.14,69.28,69.28,-3,-1,-1,0,-,-,wave_only"
2026-07-07T06:30:00.000-04:00,"2026-7-7 6:30,69.13,69.13,69.27,69.28,-5,-1,-1,0,-,-,wave_only"
2026-07-07T06:35:00.000-04:00,"2026-7-7 6:35,69.14,69.12,69.26,69.27,-3,-1,-1,0,-,-,wave_only"
2026-07-07T06:40:00.000-04:00,"2026-7-7 6:40,69.23,69.15,69.26,69.27,0,0,0,0,-,-,neutral"
2026-07-07T06:45:00.000-04:00,"2026-7-7 6:45,69.29,69.19,69.26,69.27,0,0,0,0,-,-,neutral"
2026-07-07T06:50:00.000-04:00,"2026-7-7 6:50,69.3,69.23,69.26,69.27,3,1,0,0,B,-,FIGHT"
2026-07-07T06:55:00.000-04:00,"2026-7-7 6:55,69.39,69.29,69.27,69.28,7,1,1,0,-,-,wave_only"
2026-07-07T07:00:00.000-04:00,"2026-7-7 7:00,69.45,69.36,69.28,69.28,7,1,1,0,-,-,wave_only"
2026-07-07T07:05:00.000-04:00,"2026-7-7 7:05,69.31,69.36,69.29,69.29,0,0,1,0,-,-,neutral"
2026-07-07T07:10:00.000-04:00,"2026-7-7 7:10,69.28,69.34,69.29,69.29,0,0,0,0,-,-,neutral"
2026-07-07T07:15:00.000-04:00,"2026-7-7 7:15,69.15,69.28,69.28,69.28,0,0,0,0,-,-,neutral"
2026-07-07T07:20:00.000-04:00,"2026-7-7 7:20,69.19,69.25,69.27,69.28,-5,-1,0,0,S,-,FIGHT"
2026-07-07T07:25:00.000-04:00,"2026-7-7 7:25,69.1,69.19,69.26,69.27,-7,-1,-1,0,-,-,wave_only"
2026-07-07T07:30:00.000-04:00,"2026-7-7 7:30,69.02,69.12,69.24,69.26,-7,-1,-1,0,-,-,wave_only"
2026-07-07T07:35:00.000-04:00,"2026-7-7 7:35,69.05,69.08,69.22,69.25,-5,-1,-1,0,-,-,wave_only"
2026-07-07T07:40:00.000-04:00,"2026-7-7 7:40,69.17,69.1,69.22,69.25,0,0,-1,0,-,-,neutral"
2026-07-07T07:45:00.000-04:00,"2026-7-7 7:45,69.14,69.11,69.21,69.24,0,0,-1,0,-,-,neutral"
2026-07-07T07:50:00.000-04:00,"2026-7-7 7:50,69.1,69.09,69.2,69.24,-3,-1,-1,0,-,-,wave_only"
2026-07-07T07:55:00.000-04:00,"2026-7-7 7:55,69.02,69.06,69.19,69.23,-7,-1,-1,0,-,-,wave_only"
2026-07-07T08:00:00.000-04:00,"2026-7-7 8:00,69.1,69.06,69.18,69.22,0,0,-1,0,-,-,neutral"
2026-07-07T08:05:00.000-04:00,"2026-7-7 8:05,68.9,68.99,69.16,69.21,-7,-1,-1,0,-,-,wave_only"
2026-07-07T08:10:00.000-04:00,"2026-7-7 8:10,69.01,68.98,69.15,69.2,0,0,-1,0,-,-,neutral"
2026-07-07T08:15:00.000-04:00,"2026-7-7 8:15,69.03,68.99,69.14,69.2,0,0,-1,0,-,-,neutral"
2026-07-07T08:20:00.000-04:00,"2026-7-7 8:20,69.01,68.98,69.13,69.19,-3,-1,-1,0,-,-,wave_only"
2026-07-07T08:25:00.000-04:00,"2026-7-7 8:25,69.02,68.99,69.12,69.18,0,0,-1,0,-,-,neutral"
2026-07-07T08:30:00.000-04:00,"2026-7-7 8:30,69.06,69,69.12,69.18,0,0,-1,0,-,-,neutral"
2026-07-07T08:35:00.000-04:00,"2026-7-7 8:35,69.03,69.01,69.11,69.17,0,0,-1,0,-,-,neutral"
2026-07-07T08:40:00.000-04:00,"2026-7-7 8:40,69.22,69.08,69.12,69.17,3,1,0,0,B,-,FIGHT"
2026-07-07T08:45:00.000-04:00,"2026-7-7 8:45,69.3,69.17,69.13,69.18,5,1,0,0,-,-,FIGHT"
2026-07-07T08:50:00.000-04:00,"2026-7-7 8:50,69.28,69.22,69.14,69.18,5,1,0,0,-,-,FIGHT"
2026-07-07T08:55:00.000-04:00,"2026-7-7 8:55,69.14,69.21,69.14,69.18,0,0,0,0,-,-,neutral"
2026-07-07T09:00:00.000-04:00,"2026-7-7 9:00,69.34,69.27,69.16,69.19,5,1,0,0,-,-,FIGHT"
2026-07-07T09:05:00.000-04:00,"2026-7-7 9:05,69.22,69.27,69.16,69.19,0,0,0,0,-,-,neutral"
2026-07-07T09:10:00.000-04:00,"2026-7-7 9:10,69.37,69.32,69.18,69.2,5,1,0,0,-,-,FIGHT"
2026-07-07T09:15:00.000-04:00,"2026-7-7 9:15,69.27,69.32,69.19,69.2,0,0,0,0,-,-,neutral"
2026-07-07T09:20:00.000-04:00,"2026-7-7 9:20,69.62,69.45,69.22,69.22,7,1,0,0,-,-,FIGHT"
2026-07-07T09:25:00.000-04:00,"2026-7-7 9:25,69.61,69.54,69.25,69.23,7,1,1,0,-,-,wave_only"
2026-07-07T09:30:00.000-04:00,"2026-7-7 9:30,69.55,69.58,69.27,69.24,3,1,1,0,-,-,wave_only"
2026-07-07T09:35:00.000-04:00,"2026-7-7 9:35,69.51,69.59,69.29,69.25,0,0,1,0,-,-,neutral"
2026-07-07T09:40:00.000-04:00,"2026-7-7 9:40,69.84,69.71,69.33,69.28,7,1,1,0,-,-,wave_only"
2026-07-07T09:45:00.000-04:00,"2026-7-7 9:45,69.75,69.77,69.37,69.3,5,1,1,0,-,-,wave_only"
2026-07-07T09:50:00.000-04:00,"2026-7-7 9:50,69.86,69.84,69.4,69.32,7,1,1,0,-,-,wave_only"
2026-07-07T09:55:00.000-04:00,"2026-7-7 9:55,70.03,69.96,69.45,69.35,7,1,1,1,-,-,RIDE_both"
2026-07-07T10:00:00.000-04:00,"2026-7-7 10:00,70.27,70.12,69.51,69.38,7,1,1,1,-,-,RIDE_both"
2026-07-07T10:05:00.000-04:00,"2026-7-7 10:05,70.48,70.31,69.59,69.42,7,1,1,1,-,-,RIDE_both"
2026-07-07T10:10:00.000-04:00,"2026-7-7 10:10,70.19,70.34,69.64,69.45,0,0,1,1,-,-,neutral"
2026-07-07T10:15:00.000-04:00,"2026-7-7 10:15,69.84,70.22,69.65,69.47,0,0,1,1,-,-,neutral"
2026-07-07T10:20:00.000-04:00,"2026-7-7 10:20,70.22,70.27,69.69,69.5,0,0,1,1,-,-,neutral"
2026-07-07T10:25:00.000-04:00,"2026-7-7 10:25,70.23,70.3,69.74,69.53,0,0,1,1,-,-,neutral"
2026-07-07T10:30:00.000-04:00,"2026-7-7 10:30,70.3,70.34,69.78,69.56,0,0,1,1,-,-,neutral"
2026-07-07T10:35:00.000-04:00,"2026-7-7 10:35,70.26,70.35,69.82,69.59,0,0,1,1,-,-,neutral"
2026-07-07T10:40:00.000-04:00,"2026-7-7 10:40,70.03,70.27,69.83,69.6,0,0,0,1,-,-,neutral"
2026-07-07T10:45:00.000-04:00,"2026-7-7 10:45,70,70.19,69.85,69.62,0,0,0,1,-,-,neutral"
2026-07-07T10:50:00.000-04:00,"2026-7-7 10:50,70.14,70.18,69.87,69.64,0,0,0,1,-,-,neutral"
2026-07-07T10:55:00.000-04:00,"2026-7-7 10:55,70.22,70.21,69.9,69.66,0,0,0,1,-,-,neutral"
2026-07-07T11:00:00.000-04:00,"2026-7-7 11:00,70.18,70.2,69.92,69.68,0,0,0,1,-,-,neutral"
2026-07-07T11:05:00.000-04:00,"2026-7-7 11:05,70.28,70.24,69.95,69.71,0,0,0,1,-,-,neutral"
2026-07-07T11:10:00.000-04:00,"2026-7-7 11:10,70.29,70.26,69.97,69.73,7,1,0,1,-,-,tide_only"
2026-07-07T11:15:00.000-04:00,"2026-7-7 11:15,70.37,70.31,70,69.75,7,1,0,1,-,-,tide_only"
2026-07-07T11:20:00.000-04:00,"2026-7-7 11:20,70.32,70.33,70.03,69.78,0,0,0,1,-,-,neutral"
2026-07-07T11:25:00.000-04:00,"2026-7-7 11:25,70.21,70.29,70.04,69.79,0,0,0,1,-,-,neutral"
2026-07-07T11:30:00.000-04:00,"2026-7-7 11:30,70.31,70.3,70.06,69.81,7,0,0,1,-,-,neutral"
2026-07-07T11:35:00.000-04:00,"2026-7-7 11:35,70.16,70.25,70.07,69.83,0,0,0,1,-,-,neutral"
2026-07-07T11:40:00.000-04:00,"2026-7-7 11:40,70.31,70.27,70.09,69.85,7,1,0,1,-,-,tide_only"
2026-07-07T11:45:00.000-04:00,"2026-7-7 11:45,70.53,70.37,70.12,69.87,7,1,0,1,-,-,tide_only"
2026-07-07T11:50:00.000-04:00,"2026-7-7 11:50,70.53,70.44,70.15,69.9,7,1,0,1,-,-,tide_only"
2026-07-07T11:55:00.000-04:00,"2026-7-7 11:55,70.34,70.41,70.17,69.92,0,0,0,1,-,-,neutral"
2026-07-07T12:00:00.000-04:00,"2026-7-7 12:00,70.42,70.42,70.19,69.94,7,0,0,1,-,-,neutral"
2026-07-07T12:05:00.000-04:00,"2026-7-7 12:05,70.51,70.46,70.21,69.96,7,1,0,1,-,-,tide_only"
2026-07-07T12:10:00.000-04:00,"2026-7-7 12:10,70.41,70.45,70.23,69.98,0,0,0,1,-,-,neutral"
2026-07-07T12:15:00.000-04:00,"2026-7-7 12:15,70.43,70.45,70.24,69.99,0,0,0,1,-,-,neutral"
2026-07-07T12:20:00.000-04:00,"2026-7-7 12:20,70.46,70.46,70.26,70.01,7,0,0,1,-,-,neutral"
2026-07-07T12:25:00.000-04:00,"2026-7-7 12:25,70.52,70.49,70.28,70.03,7,1,0,1,-,-,tide_only"
2026-07-07T12:30:00.000-04:00,"2026-7-7 12:30,70.38,70.45,70.29,70.05,0,0,0,1,-,-,neutral"
2026-07-07T12:35:00.000-04:00,"2026-7-7 12:35,70.42,70.44,70.3,70.06,0,0,0,1,-,-,neutral"
2026-07-07T12:40:00.000-04:00,"2026-7-7 12:40,70.44,70.44,70.31,70.08,0,0,0,1,-,-,neutral"
2026-07-07T12:45:00.000-04:00,"2026-7-7 12:45,70.46,70.45,70.32,70.09,7,0,0,1,-,-,neutral"
2026-07-07T12:50:00.000-04:00,"2026-7-7 12:50,70.44,70.44,70.33,70.1,0,0,0,1,-,-,neutral"
2026-07-07T12:55:00.000-04:00,"2026-7-7 12:55,70.44,70.44,70.34,70.12,0,0,0,1,-,-,neutral"
2026-07-07T13:00:00.000-04:00,"2026-7-7 13:00,70.4,70.42,70.34,70.13,-3,-1,0,1,S,-,FIGHT"
2026-07-07T13:05:00.000-04:00,"2026-7-7 13:05,70.52,70.45,70.36,70.14,7,1,0,1,B,-,tide_only"
2026-07-07T13:10:00.000-04:00,"2026-7-7 13:10,70.4,70.43,70.36,70.15,-3,-1,0,1,S,-,FIGHT"
2026-07-07T13:15:00.000-04:00,"2026-7-7 13:15,70.56,70.48,70.37,70.17,7,1,0,1,B,-,tide_only"
2026-07-07T13:20:00.000-04:00,"2026-7-7 13:20,70.62,70.53,70.39,70.19,7,1,0,1,-,-,tide_only"
2026-07-07T13:25:00.000-04:00,"2026-7-7 13:25,70.59,70.56,70.41,70.2,7,1,1,1,-,-,RIDE_both"
2026-07-07T13:30:00.000-04:00,"2026-7-7 13:30,70.57,70.57,70.42,70.22,7,1,1,1,-,-,RIDE_both"
2026-07-07T13:35:00.000-04:00,"2026-7-7 13:35,70.63,70.6,70.44,70.23,7,1,1,1,-,-,RIDE_both"
2026-07-07T13:40:00.000-04:00,"2026-7-7 13:40,70.5,70.57,70.44,70.24,0,0,0,1,-,-,neutral"
2026-07-07T13:45:00.000-04:00,"2026-7-7 13:45,70.46,70.54,70.44,70.25,-3,-1,0,1,S,-,FIGHT"
2026-07-07T13:50:00.000-04:00,"2026-7-7 13:50,70.36,70.47,70.44,70.26,-3,-1,0,1,-,-,FIGHT"
2026-07-07T13:55:00.000-04:00,"2026-7-7 13:55,70.44,70.45,70.44,70.26,-3,-1,0,1,-,-,FIGHT"
2026-07-07T14:00:00.000-04:00,"2026-7-7 14:00,70.44,70.44,70.44,70.27,-5,-1,0,1,-,-,FIGHT"
2026-07-07T14:05:00.000-04:00,"2026-7-7 14:05,70.45,70.44,70.44,70.28,-5,-1,0,1,-,-,FIGHT"
2026-07-07T14:10:00.000-04:00,"2026-7-7 14:10,70.45,70.43,70.44,70.28,0,0,0,1,-,-,neutral"
2026-07-07T14:15:00.000-04:00,"2026-7-7 14:15,70.55,70.47,70.45,70.29,7,1,0,1,B,-,tide_only"
2026-07-07T14:20:00.000-04:00,"2026-7-7 14:20,70.43,70.45,70.45,70.3,-5,-1,0,1,S,-,FIGHT"
2026-07-07T14:25:00.000-04:00,"2026-7-7 14:25,70.48,70.46,70.45,70.31,0,0,0,1,-,-,neutral"
2026-07-07T14:30:00.000-04:00,"2026-7-7 14:30,70.46,70.45,70.45,70.31,0,0,0,1,-,-,neutral"
2026-07-07T14:35:00.000-04:00,"2026-7-7 14:35,70.39,70.43,70.45,70.32,-5,-1,0,1,-,-,FIGHT"
2026-07-07T14:40:00.000-04:00,"2026-7-7 14:40,70.42,70.42,70.44,70.32,-5,-1,0,1,-,-,FIGHT"
2026-07-07T14:45:00.000-04:00,"2026-7-7 14:45,70.85,70.57,70.47,70.34,7,1,0,1,B,-,tide_only"
2026-07-07T14:50:00.000-04:00,"2026-7-7 14:50,71.23,70.82,70.53,70.38,7,1,0,1,-,-,tide_only"
2026-07-07T14:55:00.000-04:00,"2026-7-7 14:55,71.44,71.08,70.6,70.42,7,1,1,1,-,-,RIDE_both"
2026-07-07T15:00:00.000-04:00,"2026-7-7 15:00,71.69,71.36,70.69,70.47,7,1,1,1,-,-,RIDE_both"
2026-07-07T15:05:00.000-04:00,"2026-7-7 15:05,71.92,71.65,70.78,70.52,7,1,1,1,-,-,RIDE_both"
2026-07-07T15:10:00.000-04:00,"2026-7-7 15:10,72.07,71.9,70.88,70.59,7,1,1,1,-,-,RIDE_both"
2026-07-07T15:15:00.000-04:00,"2026-7-7 15:15,72.14,72.1,70.98,70.65,7,1,1,1,-,-,RIDE_both"
2026-07-07T15:20:00.000-04:00,"2026-7-7 15:20,72.25,72.27,71.08,70.71,7,1,1,1,-,-,RIDE_both"
2026-07-07T15:25:00.000-04:00,"2026-7-7 15:25,72.22,72.37,71.16,70.77,7,1,1,1,-,-,RIDE_both"
2026-07-07T15:30:00.000-04:00,"2026-7-7 15:30,72.2,72.43,71.24,70.82,0,0,1,1,-,-,neutral"
2026-07-07T15:35:00.000-04:00,"2026-7-7 15:35,72.1,72.41,71.31,70.87,0,0,1,1,-,-,neutral"
2026-07-07T15:40:00.000-04:00,"2026-7-7 15:40,71.89,72.31,71.35,70.91,0,0,1,1,-,-,neutral"
2026-07-07T15:45:00.000-04:00,"2026-7-7 15:45,71.93,72.24,71.4,70.95,0,0,1,1,-,-,neutral"
2026-07-07T15:50:00.000-04:00,"2026-7-7 15:50,71.87,72.16,71.43,70.99,0,0,1,1,-,-,neutral"
2026-07-07T15:55:00.000-04:00,"2026-7-7 15:55,71.89,72.1,71.47,71.03,0,0,1,1,-,-,neutral"
2026-07-07T16:00:00.000-04:00,"2026-7-7 16:00,72,72.09,71.51,71.06,0,0,1,1,-,-,neutral"
2026-07-07T16:05:00.000-04:00,"2026-7-7 16:05,72.07,72.1,71.55,71.1,7,1,1,1,-,-,RIDE_both"
2026-07-07T16:10:00.000-04:00,"2026-7-7 16:10,72.02,72.09,71.59,71.14,0,0,1,1,-,-,neutral"
2026-07-07T16:15:00.000-04:00,"2026-7-7 16:15,71.99,72.07,71.62,71.17,0,0,1,1,-,-,neutral"
2026-07-07T16:20:00.000-04:00,"2026-7-7 16:20,72.04,72.06,71.65,71.21,0,0,1,1,-,-,neutral"
2026-07-07T16:25:00.000-04:00,"2026-7-7 16:25,72.06,72.07,71.68,71.24,7,1,1,1,-,-,RIDE_both"
2026-07-07T16:30:00.000-04:00,"2026-7-7 16:30,72.27,72.14,71.73,71.28,7,1,1,1,-,-,RIDE_both"
2026-07-07T16:35:00.000-04:00,"2026-7-7 16:35,72.2,72.17,71.76,71.32,7,1,1,1,-,-,RIDE_both"
2026-07-07T16:40:00.000-04:00,"2026-7-7 16:40,72.14,72.17,71.79,71.35,0,0,0,1,-,-,neutral"
2026-07-07T16:45:00.000-04:00,"2026-7-7 16:45,72.3,72.22,71.83,71.39,7,1,0,1,-,-,tide_only"
2026-07-07T16:50:00.000-04:00,"2026-7-7 16:50,72.2,72.22,71.86,71.42,7,1,0,1,-,-,tide_only"
2026-07-07T16:55:00.000-04:00,"2026-7-7 16:55,72.19,72.22,71.89,71.45,0,0,0,1,-,-,neutral"
2026-07-07T18:00:00.000-04:00,"2026-7-7 18:00,72.26,72.24,71.92,71.48,7,1,0,1,-,-,tide_only"
2026-07-07T18:05:00.000-04:00,"2026-7-7 18:05,72.44,72.32,71.96,71.52,7,1,0,1,-,-,tide_only"
2026-07-07T18:10:00.000-04:00,"2026-7-7 18:10,72.34,72.33,71.99,71.55,7,1,1,1,-,-,RIDE_both"
2026-07-07T18:15:00.000-04:00,"2026-7-7 18:15,72.32,72.34,72.01,71.58,7,1,1,1,-,-,RIDE_both"
2026-07-07T18:20:00.000-04:00,"2026-7-7 18:20,72.35,72.35,72.04,71.61,7,1,1,1,-,-,RIDE_both"
2026-07-07T18:25:00.000-04:00,"2026-7-7 18:25,72.41,72.38,72.07,71.64,7,1,1,1,-,-,RIDE_both"
2026-07-07T18:30:00.000-04:00,"2026-7-7 18:30,72.37,72.38,72.09,71.67,7,1,1,1,-,-,RIDE_both"
2026-07-07T18:35:00.000-04:00,"2026-7-7 18:35,72.39,72.39,72.11,71.7,7,1,1,1,-,-,RIDE_both"
2026-07-07T18:40:00.000-04:00,"2026-7-7 18:40,72.44,72.42,72.14,71.73,7,1,0,1,-,-,tide_only"
2026-07-07T18:45:00.000-04:00,"2026-7-7 18:45,72.45,72.43,72.16,71.76,7,1,0,1,-,-,tide_only"
2026-07-07T18:50:00.000-04:00,"2026-7-7 18:50,72.49,72.46,72.19,71.78,7,1,0,1,-,-,tide_only"
2026-07-07T18:55:00.000-04:00,"2026-7-7 18:55,72.46,72.47,72.21,71.81,7,1,0,1,-,-,tide_only"
2026-07-07T19:00:00.000-04:00,"2026-7-7 19:00,72.44,72.46,72.23,71.84,0,0,0,1,-,-,neutral"
2026-07-07T19:05:00.000-04:00,"2026-7-7 19:05,72.47,72.47,72.24,71.86,7,1,0,1,-,-,tide_only"
2026-07-07T19:10:00.000-04:00,"2026-7-7 19:10,72.4,72.45,72.26,71.88,0,0,0,1,-,-,neutral"
2026-07-07T19:15:00.000-04:00,"2026-7-7 19:15,72.31,72.4,72.26,71.9,-3,0,0,1,-,-,neutral"
2026-07-07T19:20:00.000-04:00,"2026-7-7 19:20,72.38,72.39,72.27,71.92,-3,0,0,1,-,-,neutral"
2026-07-07T19:25:00.000-04:00,"2026-7-7 19:25,72.43,72.4,72.28,71.94,7,1,0,1,-,-,tide_only"
2026-07-07T19:30:00.000-04:00,"2026-7-7 19:30,72.41,72.39,72.29,71.96,-3,-1,0,1,S,-,FIGHT"
2026-07-07T19:35:00.000-04:00,"2026-7-7 19:35,72.48,72.42,72.31,71.98,7,1,0,1,B,-,tide_only"
2026-07-07T19:40:00.000-04:00,"2026-7-7 19:40,72.42,72.42,72.32,71.99,-3,-1,0,1,S,-,FIGHT"
2026-07-07T19:45:00.000-04:00,"2026-7-7 19:45,72.34,72.38,72.32,72.01,-3,-1,0,1,-,-,FIGHT"
2026-07-07T19:50:00.000-04:00,"2026-7-7 19:50,72.31,72.35,72.32,72.02,-5,-1,0,1,-,-,FIGHT"
2026-07-07T19:55:00.000-04:00,"2026-7-7 19:55,72.41,72.36,72.32,72.03,7,1,0,1,B,-,tide_only"
2026-07-07T20:00:00.000-04:00,"2026-7-7 20:00,72.47,72.39,72.33,72.05,7,1,0,1,-,-,tide_only"
2026-07-07T20:05:00.000-04:00,"2026-7-7 20:05,72.49,72.42,72.35,72.07,7,1,0,1,-,-,tide_only"
2026-07-07T20:10:00.000-04:00,"2026-7-7 20:10,72.49,72.45,72.36,72.09,7,1,0,1,-,-,tide_only"
2026-07-07T20:15:00.000-04:00,"2026-7-7 20:15,72.64,72.52,72.38,72.11,7,1,0,1,-,-,tide_only"
2026-07-07T20:20:00.000-04:00,"2026-7-7 20:20,72.53,72.53,72.39,72.12,7,1,0,1,-,-,tide_only"
2026-07-07T20:25:00.000-04:00,"2026-7-7 20:25,72.52,72.53,72.4,72.14,7,0,0,1,-,-,neutral"
2026-07-07T20:30:00.000-04:00,"2026-7-7 20:30,72.34,72.47,72.4,72.15,-3,-1,0,1,S,-,FIGHT"
2026-07-07T20:35:00.000-04:00,"2026-7-7 20:35,72.24,72.38,72.38,72.15,-5,-1,0,1,-,-,FIGHT"
2026-07-07T20:40:00.000-04:00,"2026-7-7 20:40,72.11,72.27,72.36,72.15,-5,-1,0,1,-,-,FIGHT"
2026-07-07T20:45:00.000-04:00,"2026-7-7 20:45,72.12,72.2,72.34,72.15,-5,-1,0,1,-,-,FIGHT"
2026-07-07T20:50:00.000-04:00,"2026-7-7 20:50,72.13,72.15,72.33,72.15,-5,-1,0,1,-,-,FIGHT"
2026-07-07T20:55:00.000-04:00,"2026-7-7 20:55,71.96,72.05,72.3,72.14,-5,-1,0,0,-,-,FIGHT"
2026-07-07T21:00:00.000-04:00,"2026-7-7 21:00,71.9,71.96,72.27,72.13,-5,-1,0,0,-,-,FIGHT"
2026-07-07T21:05:00.000-04:00,"2026-7-7 21:05,72.04,71.95,72.25,72.13,0,0,0,0,-,-,neutral"
2026-07-07T21:10:00.000-04:00,"2026-7-7 21:10,71.92,71.9,72.23,72.12,-5,-1,-1,0,-,-,wave_only"
2026-07-07T21:15:00.000-04:00,"2026-7-7 21:15,71.91,71.87,72.2,72.11,-5,-1,-1,0,-,-,wave_only"
2026-07-07T21:20:00.000-04:00,"2026-7-7 21:20,71.83,71.82,72.17,72.1,-5,-1,-1,0,-,-,wave_only"
2026-07-07T21:25:00.000-04:00,"2026-7-7 21:25,71.82,71.78,72.15,72.09,-5,-1,-1,0,-,-,wave_only"
2026-07-07T21:30:00.000-04:00,"2026-7-7 21:30,71.94,71.8,72.13,72.08,0,0,-1,0,-,-,neutral"
2026-07-07T21:35:00.000-04:00,"2026-7-7 21:35,72.05,71.87,72.12,72.08,0,0,-1,0,-,-,neutral"
2026-07-07T21:40:00.000-04:00,"2026-7-7 21:40,72.1,71.93,72.12,72.08,0,0,0,0,-,-,neutral"
2026-07-07T21:45:00.000-04:00,"2026-7-7 21:45,72.1,71.98,72.12,72.08,0,0,0,0,-,-,neutral"
2026-07-07T21:50:00.000-04:00,"2026-7-7 21:50,72.11,72.03,72.12,72.08,0,0,0,0,-,-,neutral"
2026-07-07T21:55:00.000-04:00,"2026-7-7 21:55,72.14,72.07,72.12,72.09,0,0,1,0,-,-,neutral"
2026-07-07T22:00:00.000-04:00,"2026-7-7 22:00,72.15,72.11,72.12,72.09,0,0,1,0,-,-,neutral"
2026-07-07T22:05:00.000-04:00,"2026-7-7 22:05,72.22,72.16,72.13,72.09,7,1,1,0,B,-,wave_only"
2026-07-07T22:10:00.000-04:00,"2026-7-7 22:10,72.26,72.21,72.14,72.1,7,1,1,0,-,-,wave_only"
2026-07-07T22:15:00.000-04:00,"2026-7-7 22:15,72.34,72.28,72.16,72.11,7,1,1,0,-,-,wave_only"
2026-07-07T22:20:00.000-04:00,"2026-7-7 22:20,72.41,72.35,72.18,72.12,7,1,1,0,-,-,wave_only"
2026-07-07T22:25:00.000-04:00,"2026-7-7 22:25,72.42,72.4,72.19,72.13,7,1,1,0,-,-,wave_only"
2026-07-07T22:30:00.000-04:00,"2026-7-7 22:30,72.3,72.4,72.2,72.14,0,0,1,0,-,-,neutral"
2026-07-07T22:35:00.000-04:00,"2026-7-7 22:35,72.1,72.31,72.19,72.14,0,0,1,0,-,-,neutral"
2026-07-07T22:40:00.000-04:00,"2026-7-7 22:40,72.12,72.26,72.19,72.14,0,0,-1,0,-,-,neutral"
2026-07-07T22:45:00.000-04:00,"2026-7-7 22:45,72.23,72.26,72.19,72.14,0,0,-1,0,-,-,neutral"
2026-07-07T22:50:00.000-04:00,"2026-7-7 22:50,72.26,72.27,72.2,72.15,7,1,-1,0,-,-,FIGHT"
2026-07-07T22:55:00.000-04:00,"2026-7-7 22:55,72.25,72.27,72.2,72.15,7,1,1,0,-,-,wave_only"
2026-07-07T23:00:00.000-04:00,"2026-7-7 23:00,72.3,72.29,72.21,72.16,7,1,1,0,-,-,wave_only"
2026-07-07T23:05:00.000-04:00,"2026-7-7 23:05,72.38,72.33,72.22,72.16,7,1,1,0,-,-,wave_only"
2026-07-07T23:10:00.000-04:00,"2026-7-7 23:10,72.33,72.34,72.23,72.17,3,1,1,0,-,-,wave_only"
2026-07-07T23:15:00.000-04:00,"2026-7-7 23:15,72.28,72.33,72.23,72.18,0,0,1,0,-,-,neutral"
2026-07-07T23:20:00.000-04:00,"2026-7-7 23:20,72.28,72.32,72.24,72.18,0,0,1,0,-,-,neutral"
2026-07-07T23:25:00.000-04:00,"2026-7-7 23:25,72.23,72.29,72.24,72.18,0,0,-1,0,-,-,neutral"
2026-07-07T23:30:00.000-04:00,"2026-7-7 23:30,72.28,72.29,72.24,72.19,0,0,-1,0,-,-,neutral"
2026-07-07T23:35:00.000-04:00,"2026-7-7 23:35,72.31,72.3,72.25,72.19,7,1,-1,0,-,-,FIGHT"
2026-07-07T23:40:00.000-04:00,"2026-7-7 23:40,72.29,72.3,72.25,72.19,0,0,1,0,-,-,neutral"
2026-07-07T23:45:00.000-04:00,"2026-7-7 23:45,72.27,72.29,72.25,72.2,0,0,1,0,-,-,neutral"
2026-07-07T23:50:00.000-04:00,"2026-7-7 23:50,72.22,72.27,72.25,72.2,-3,-1,1,0,S,-,FIGHT"
2026-07-07T23:55:00.000-04:00,"2026-7-7 23:55,72.26,72.26,72.25,72.2,0,0,0,0,-,-,neutral"
2026-07-08T00:00:00.000-04:00,"2026-7-8 0:00,72.26,72.26,72.25,72.2,-5,0,0,0,-,-,neutral"
2026-07-08T00:05:00.000-04:00,"2026-7-8 0:05,72.27,72.26,72.25,72.21,0,0,0,0,-,-,neutral"
2026-07-08T00:10:00.000-04:00,"2026-7-8 0:10,72.37,72.3,72.26,72.21,7,1,1,0,B,-,wave_only"
2026-07-08T00:15:00.000-04:00,"2026-7-8 0:15,72.34,72.32,72.27,72.22,7,1,1,0,-,-,wave_only"
2026-07-08T00:20:00.000-04:00,"2026-7-8 0:20,72.29,72.31,72.27,72.22,0,0,1,0,-,-,neutral"
2026-07-08T00:25:00.000-04:00,"2026-7-8 0:25,72.26,72.29,72.27,72.22,-3,-1,-1,0,S,-,wave_only"
2026-07-08T00:30:00.000-04:00,"2026-7-8 0:30,72.25,72.28,72.27,72.22,-3,-1,-1,0,-,-,wave_only"
2026-07-08T00:35:00.000-04:00,"2026-7-8 0:35,72.27,72.27,72.27,72.22,-5,0,-1,0,-,-,neutral"
2026-07-08T00:40:00.000-04:00,"2026-7-8 0:40,72.27,72.27,72.27,72.23,-5,0,-1,0,-,-,neutral"
2026-07-08T00:45:00.000-04:00,"2026-7-8 0:45,72.3,72.28,72.27,72.23,7,0,-1,0,-,-,neutral"
2026-07-08T00:50:00.000-04:00,"2026-7-8 0:50,72.31,72.29,72.27,72.23,7,1,-1,0,B,-,FIGHT"
2026-07-08T00:55:00.000-04:00,"2026-7-8 0:55,72.38,72.32,72.28,72.24,7,1,1,0,-,-,wave_only"
2026-07-08T01:00:00.000-04:00,"2026-7-8 1:00,72.42,72.36,72.29,72.25,7,1,1,0,-,-,wave_only"
2026-07-08T01:05:00.000-04:00,"2026-7-8 1:05,72.58,72.45,72.31,72.26,7,1,1,0,-,-,wave_only"
2026-07-08T01:10:00.000-04:00,"2026-7-8 1:10,72.47,72.47,72.33,72.27,7,1,1,0,-,-,wave_only"
2026-07-08T01:15:00.000-04:00,"2026-7-8 1:15,72.63,72.55,72.35,72.28,7,1,1,0,-,-,wave_only"
2026-07-08T01:20:00.000-04:00,"2026-7-8 1:20,72.84,72.68,72.39,72.3,7,1,1,0,-,-,wave_only"
2026-07-08T01:25:00.000-04:00,"2026-7-8 1:25,72.75,72.73,72.41,72.32,7,1,1,0,-,-,wave_only"
2026-07-08T01:30:00.000-04:00,"2026-7-8 1:30,72.72,72.76,72.44,72.34,0,0,1,0,-,-,neutral"
2026-07-08T01:35:00.000-04:00,"2026-7-8 1:35,72.61,72.74,72.45,72.35,0,0,1,0,-,-,neutral"
2026-07-08T01:40:00.000-04:00,"2026-7-8 1:40,72.58,72.71,72.46,72.36,0,0,1,0,-,-,neutral"
2026-07-08T01:45:00.000-04:00,"2026-7-8 1:45,72.65,72.7,72.48,72.37,0,0,1,0,-,-,neutral"
2026-07-08T01:50:00.000-04:00,"2026-7-8 1:50,72.74,72.74,72.5,72.38,7,1,1,0,-,-,wave_only"
2026-07-08T01:55:00.000-04:00,"2026-7-8 1:55,72.77,72.77,72.52,72.4,7,1,1,1,-,-,RIDE_both"
2026-07-08T02:00:00.000-04:00,"2026-7-8 2:00,72.69,72.76,72.53,72.41,0,0,1,1,-,-,neutral"
2026-07-08T02:05:00.000-04:00,"2026-7-8 2:05,72.79,72.78,72.55,72.42,3,1,1,1,-,-,RIDE_both"
2026-07-08T02:10:00.000-04:00,"2026-7-8 2:10,72.81,72.81,72.57,72.44,0,0,1,1,-,-,neutral"
2026-07-08T02:15:00.000-04:00,"2026-7-8 2:15,72.62,72.75,72.57,72.45,0,0,1,1,-,-,neutral"
2026-07-08T02:20:00.000-04:00,"2026-7-8 2:20,72.72,72.75,72.59,72.46,0,0,1,1,-,-,neutral"
2026-07-08T02:25:00.000-04:00,"2026-7-8 2:25,72.65,72.72,72.59,72.46,0,0,0,1,-,-,neutral"
2026-07-08T02:30:00.000-04:00,"2026-7-8 2:30,72.76,72.74,72.6,72.48,7,1,0,1,-,-,tide_only"
2026-07-08T02:35:00.000-04:00,"2026-7-8 2:35,72.72,72.73,72.61,72.49,0,0,0,1,-,-,neutral"
2026-07-08T02:40:00.000-04:00,"2026-7-8 2:40,72.69,72.72,72.62,72.49,0,0,1,1,-,-,neutral"
2026-07-08T02:45:00.000-04:00,"2026-7-8 2:45,72.61,72.68,72.62,72.5,0,0,1,1,-,-,neutral"
2026-07-08T02:50:00.000-04:00,"2026-7-8 2:50,72.67,72.67,72.62,72.5,-3,-1,1,1,S,-,FIGHT"
2026-07-08T02:55:00.000-04:00,"2026-7-8 2:55,72.56,72.62,72.62,72.51,-5,-1,0,0,-,-,FIGHT"
2026-07-08T03:00:00.000-04:00,"2026-7-8 3:00,72.72,72.65,72.62,72.52,7,0,0,0,-,-,neutral"
2026-07-08T03:05:00.000-04:00,"2026-7-8 3:05,72.6,72.62,72.62,72.52,-5,0,0,0,-,-,neutral"
2026-07-08T03:10:00.000-04:00,"2026-7-8 3:10,72.52,72.58,72.62,72.52,-5,-1,0,0,-,-,FIGHT"
2026-07-08T03:15:00.000-04:00,"2026-7-8 3:15,72.37,72.49,72.6,72.51,-5,-1,0,0,-,-,FIGHT"
2026-07-08T03:20:00.000-04:00,"2026-7-8 3:20,72.26,72.38,72.57,72.5,-5,-1,0,0,-,-,FIGHT"
2026-07-08T03:25:00.000-04:00,"2026-7-8 3:25,72.02,72.22,72.53,72.48,-5,-1,-1,0,-,-,wave_only"
2026-07-08T03:30:00.000-04:00,"2026-7-8 3:30,71.99,72.09,72.49,72.46,-5,-1,-1,0,-,-,wave_only"
2026-07-08T03:35:00.000-04:00,"2026-7-8 3:35,72,72.01,72.45,72.45,-5,-1,-1,0,-,-,wave_only"
2026-07-08T03:40:00.000-04:00,"2026-7-8 3:40,71.89,71.91,72.41,72.42,-5,-1,-1,0,-,-,wave_only"
2026-07-08T03:45:00.000-04:00,"2026-7-8 3:45,71.89,71.85,72.37,72.4,0,0,-1,0,-,-,neutral"
2026-07-08T03:50:00.000-04:00,"2026-7-8 3:50,72,71.85,72.34,72.39,0,0,-1,0,-,-,neutral"
2026-07-08T03:55:00.000-04:00,"2026-7-8 3:55,72.07,71.88,72.32,72.38,0,0,-1,0,-,-,neutral"
2026-07-08T04:00:00.000-04:00,"2026-7-8 4:00,72.22,71.96,72.31,72.37,0,0,-1,0,-,-,neutral"
2026-07-08T04:05:00.000-04:00,"2026-7-8 4:05,72.04,71.96,72.29,72.36,0,0,-1,0,-,-,neutral"
2026-07-08T04:10:00.000-04:00,"2026-7-8 4:10,72.03,71.96,72.27,72.34,0,0,-1,0,-,-,neutral"
2026-07-08T04:15:00.000-04:00,"2026-7-8 4:15,73.52,72.52,72.37,72.39,5,1,-1,0,B,-,FIGHT"
2026-07-08T04:20:00.000-04:00,"2026-7-8 4:20,73.98,73.1,72.49,72.45,7,1,-1,0,-,-,FIGHT"
2026-07-08T04:25:00.000-04:00,"2026-7-8 4:25,74.03,73.53,72.61,72.51,5,1,1,0,-,-,wave_only"
2026-07-08T04:30:00.000-04:00,"2026-7-8 4:30,74.4,73.98,72.75,72.59,7,1,1,0,-,-,wave_only"
2026-07-08T04:35:00.000-04:00,"2026-7-8 4:35,74.74,74.42,72.9,72.67,7,1,1,0,-,-,wave_only"
2026-07-08T04:40:00.000-04:00,"2026-7-8 4:40,74.68,74.7,73.04,72.75,7,1,1,0,-,-,wave_only"
2026-07-08T04:45:00.000-04:00,"2026-7-8 4:45,74.62,74.86,73.16,72.82,7,1,1,0,-,-,wave_only"
2026-07-08T04:50:00.000-04:00,"2026-7-8 4:50,74.68,74.98,73.28,72.9,0,0,1,0,-,-,neutral"
2026-07-08T04:55:00.000-04:00,"2026-7-8 4:55,74.85,75.11,73.4,72.97,7,1,1,1,-,-,RIDE_both"
2026-07-08T05:00:00.000-04:00,"2026-7-8 5:00,74.85,75.18,73.51,73.05,0,0,1,1,-,-,neutral"
2026-07-08T05:05:00.000-04:00,"2026-7-8 5:05,74.98,75.26,73.62,73.12,3,1,1,1,-,-,RIDE_both"
2026-07-08T05:10:00.000-04:00,"2026-7-8 5:10,75.11,75.35,73.74,73.2,3,1,1,1,-,-,RIDE_both"
2026-07-08T05:15:00.000-04:00,"2026-7-8 5:15,74.96,75.34,73.83,73.27,0,0,1,1,-,-,neutral"
2026-07-08T05:20:00.000-04:00,"2026-7-8 5:20,75.07,75.36,73.93,73.34,0,0,1,1,-,-,neutral"
2026-07-08T05:25:00.000-04:00,"2026-7-8 5:25,74.87,75.28,74,73.4,0,0,1,1,-,-,neutral"
2026-07-08T05:30:00.000-04:00,"2026-7-8 5:30,74.52,75.08,74.04,73.44,0,0,1,1,-,-,neutral"
2026-07-08T05:35:00.000-04:00,"2026-7-8 5:35,74.51,74.92,74.07,73.49,0,0,1,1,-,-,neutral"
2026-07-08T05:40:00.000-04:00,"2026-7-8 5:40,74.59,74.82,74.11,73.53,0,0,0,1,-,-,neutral"
2026-07-08T05:45:00.000-04:00,"2026-7-8 5:45,74.67,74.77,74.16,73.57,0,0,0,1,-,-,neutral"
2026-07-08T05:50:00.000-04:00,"2026-7-8 5:50,74.79,74.78,74.21,73.62,7,1,0,1,-,-,tide_only"
2026-07-08T05:55:00.000-04:00,"2026-7-8 5:55,74.89,74.82,74.26,73.67,7,1,1,1,-,-,RIDE_both"
2026-07-08T06:00:00.000-04:00,"2026-7-8 6:00,74.68,74.77,74.29,73.71,0,0,1,1,-,-,neutral"
2026-07-08T06:05:00.000-04:00,"2026-7-8 6:05,74.65,74.71,74.32,73.75,0,0,1,1,-,-,neutral"
2026-07-08T06:10:00.000-04:00,"2026-7-8 6:10,74.64,74.67,74.34,73.78,0,0,0,1,-,-,neutral"
2026-07-08T06:15:00.000-04:00,"2026-7-8 6:15,74.35,74.53,74.34,73.81,-3,-1,0,1,S,-,FIGHT"
2026-07-08T06:20:00.000-04:00,"2026-7-8 6:20,74.45,74.47,74.35,73.83,-3,-1,0,1,-,-,FIGHT"
2026-07-08T06:25:00.000-04:00,"2026-7-8 6:25,74.19,74.33,74.34,73.84,-5,-1,0,1,-,-,FIGHT"
2026-07-08T06:30:00.000-04:00,"2026-7-8 6:30,73.88,74.11,74.3,73.85,-5,-1,0,1,-,-,FIGHT"
2026-07-08T06:35:00.000-04:00,"2026-7-8 6:35,73.92,73.97,74.27,73.85,-5,-1,0,1,-,-,FIGHT"
2026-07-08T06:40:00.000-04:00,"2026-7-8 6:40,73.97,73.89,74.25,73.85,-5,-1,0,1,-,-,FIGHT"
2026-07-08T06:45:00.000-04:00,"2026-7-8 6:45,74.1,73.89,74.24,73.86,0,0,0,1,-,-,neutral"
2026-07-08T06:50:00.000-04:00,"2026-7-8 6:50,73.98,73.86,74.22,73.87,-5,-1,0,1,-,-,FIGHT"
2026-07-08T06:55:00.000-04:00,"2026-7-8 6:55,74.16,73.9,74.21,73.88,0,0,0,1,-,-,neutral"
2026-07-08T07:00:00.000-04:00,"2026-7-8 7:00,74.04,73.9,74.2,73.89,0,0,0,1,-,-,neutral"
2026-07-08T07:05:00.000-04:00,"2026-7-8 7:05,74.22,73.97,74.2,73.9,0,0,0,1,-,-,neutral"
2026-07-08T07:10:00.000-04:00,"2026-7-8 7:10,74.17,74,74.2,73.91,0,0,0,1,-,-,neutral"
2026-07-08T07:15:00.000-04:00,"2026-7-8 7:15,74.25,74.06,74.2,73.92,0,0,0,1,-,-,neutral"
2026-07-08T07:20:00.000-04:00,"2026-7-8 7:20,74.29,74.13,74.21,73.94,0,0,0,1,-,-,neutral"
2026-07-08T07:25:00.000-04:00,"2026-7-8 7:25,74.3,74.18,74.22,73.95,0,0,0,1,-,-,neutral"
2026-07-08T07:30:00.000-04:00,"2026-7-8 7:30,74.34,74.23,74.23,73.97,0,0,0,1,-,-,neutral"
2026-07-08T07:35:00.000-04:00,"2026-7-8 7:35,74.52,74.34,74.25,73.99,7,1,0,1,B,-,tide_only"
2026-07-08T07:40:00.000-04:00,"2026-7-8 7:40,74.03,74.24,74.23,73.99,-5,-1,0,1,S,-,FIGHT"
2026-07-08T07:45:00.000-04:00,"2026-7-8 7:45,73.98,74.14,74.21,73.99,-5,-1,0,1,-,-,FIGHT"
2026-07-08T07:50:00.000-04:00,"2026-7-8 7:50,74,74.08,74.2,73.99,-5,-1,0,1,-,-,FIGHT"
2026-07-08T07:55:00.000-04:00,"2026-7-8 7:55,74.07,74.06,74.19,73.99,-5,-1,0,0,-,-,FIGHT"
2026-07-08T08:00:00.000-04:00,"2026-7-8 8:00,74.24,74.11,74.19,74,0,0,0,0,-,-,neutral"
2026-07-08T08:05:00.000-04:00,"2026-7-8 8:05,74.12,74.11,74.19,74.01,0,0,0,0,-,-,neutral"
2026-07-08T08:10:00.000-04:00,"2026-7-8 8:10,74,74.06,74.17,74.01,-5,-1,0,0,-,-,FIGHT"
2026-07-08T08:15:00.000-04:00,"2026-7-8 8:15,73.57,73.87,74.13,73.99,-5,-1,0,0,-,-,FIGHT"
2026-07-08T08:20:00.000-04:00,"2026-7-8 8:20,73.62,73.75,74.09,73.98,-5,-1,0,0,-,-,FIGHT"
2026-07-08T08:25:00.000-04:00,"2026-7-8 8:25,73.46,73.6,74.04,73.96,-5,-1,-1,0,-,-,wave_only"
2026-07-08T08:30:00.000-04:00,"2026-7-8 8:30,73.42,73.49,73.99,73.93,-5,-1,-1,0,-,-,wave_only"
2026-07-08T08:35:00.000-04:00,"2026-7-8 8:35,73.29,73.36,73.94,73.91,-5,-1,-1,0,-,-,wave_only"
2026-07-08T08:40:00.000-04:00,"2026-7-8 8:40,73.33,73.29,73.89,73.89,-3,-1,-1,0,-,-,wave_only"
2026-07-08T08:45:00.000-04:00,"2026-7-8 8:45,73.4,73.27,73.85,73.87,0,0,-1,0,-,-,neutral"
2026-07-08T08:50:00.000-04:00,"2026-7-8 8:50,73.28,73.22,73.81,73.84,0,0,-1,0,-,-,neutral"
2026-07-08T08:55:00.000-04:00,"2026-7-8 8:55,73.86,73.4,73.81,73.84,0,0,0,0,-,-,neutral"
2026-07-08T09:00:00.000-04:00,"2026-7-8 9:00,73.94,73.57,73.82,73.85,0,0,0,0,-,-,neutral"
2026-07-08T09:05:00.000-04:00,"2026-7-8 9:05,73.92,73.7,73.83,73.85,0,0,0,0,-,-,neutral"
2026-07-08T09:10:00.000-04:00,"2026-7-8 9:10,73.77,73.73,73.83,73.85,0,0,-1,0,-,-,neutral"
2026-07-08T09:15:00.000-04:00,"2026-7-8 9:15,73.97,73.83,73.84,73.85,7,1,-1,0,B,-,FIGHT"
2026-07-08T09:20:00.000-04:00,"2026-7-8 9:20,73.93,73.89,73.84,73.86,7,1,-1,0,-,-,FIGHT"
2026-07-08T09:25:00.000-04:00,"2026-7-8 9:25,74.22,74.03,73.87,73.87,7,1,0,0,-,-,FIGHT"
2026-07-08T09:30:00.000-04:00,"2026-7-8 9:30,73.92,74.03,73.88,73.87,0,0,0,0,-,-,neutral"
2026-07-08T09:35:00.000-04:00,"2026-7-8 9:35,73.78,73.97,73.87,73.87,0,0,0,0,-,-,neutral"
2026-07-08T09:40:00.000-04:00,"2026-7-8 9:40,73.56,73.84,73.84,73.86,0,0,-1,0,-,-,neutral"
2026-07-08T09:45:00.000-04:00,"2026-7-8 9:45,73.55,73.74,73.82,73.84,-5,-1,-1,0,S,-,wave_only"
2026-07-08T09:50:00.000-04:00,"2026-7-8 9:50,73.69,73.72,73.81,73.84,-5,-1,-1,0,-,-,wave_only"
2026-07-08T09:55:00.000-04:00,"2026-7-8 9:55,73.75,73.73,73.81,73.83,0,0,-1,0,-,-,neutral"
2026-07-08T10:00:00.000-04:00,"2026-7-8 10:00,73.88,73.78,73.81,73.84,0,0,-1,0,-,-,neutral"
2026-07-08T10:05:00.000-04:00,"2026-7-8 10:05,74.22,73.95,73.84,73.85,7,1,-1,0,B,-,FIGHT"
2026-07-08T10:10:00.000-04:00,"2026-7-8 10:10,74.33,74.11,73.88,73.87,7,1,0,0,-,-,FIGHT"
2026-07-08T10:15:00.000-04:00,"2026-7-8 10:15,74.86,74.42,73.96,73.91,7,1,0,0,-,-,FIGHT"
2026-07-08T10:20:00.000-04:00,"2026-7-8 10:20,74.94,74.68,74.03,73.95,7,1,0,0,-,-,FIGHT"
2026-07-08T10:25:00.000-04:00,"2026-7-8 10:25,75.51,75.07,74.15,74.01,5,1,1,0,-,-,wave_only"
2026-07-08T10:30:00.000-04:00,"2026-7-8 10:30,75.6,75.37,74.26,74.07,7,1,1,0,-,-,wave_only"
2026-07-08T10:35:00.000-04:00,"2026-7-8 10:35,75.58,75.58,74.36,74.13,7,1,1,0,-,-,wave_only"
2026-07-08T10:40:00.000-04:00,"2026-7-8 10:40,75.33,75.62,74.43,74.18,0,0,1,0,-,-,neutral"
2026-07-08T10:45:00.000-04:00,"2026-7-8 10:45,75.23,75.6,74.5,74.22,0,0,1,0,-,-,neutral"
2026-07-08T10:50:00.000-04:00,"2026-7-8 10:50,75.45,75.65,74.57,74.27,0,0,1,0,-,-,neutral"
2026-07-08T10:55:00.000-04:00,"2026-7-8 10:55,75.32,75.63,74.63,74.31,0,0,1,1,-,-,neutral"
2026-07-08T11:00:00.000-04:00,"2026-7-8 11:00,75.62,75.71,74.7,74.36,0,0,1,1,-,-,neutral"
2026-07-08T11:05:00.000-04:00,"2026-7-8 11:05,75.7,75.79,74.78,74.41,0,0,1,1,-,-,neutral"
2026-07-08T11:10:00.000-04:00,"2026-7-8 11:10,75.67,75.82,74.85,74.46,0,0,1,1,-,-,neutral"
2026-07-08T11:15:00.000-04:00,"2026-7-8 11:15,75.49,75.77,74.9,74.5,0,0,1,1,-,-,neutral"
2026-07-08T11:20:00.000-04:00,"2026-7-8 11:20,75.39,75.69,74.94,74.54,0,0,1,1,-,-,neutral"
2026-07-08T11:25:00.000-04:00,"2026-7-8 11:25,75.29,75.58,74.96,74.57,0,0,0,1,-,-,neutral"
2026-07-08T11:30:00.000-04:00,"2026-7-8 11:30,75.72,75.66,75.02,74.61,3,1,0,1,-,-,tide_only"
2026-07-08T11:35:00.000-04:00,"2026-7-8 11:35,75.74,75.71,75.08,74.66,7,1,0,1,-,-,tide_only"
2026-07-08T11:40:00.000-04:00,"2026-7-8 11:40,75.65,75.72,75.12,74.7,0,0,1,1,-,-,neutral"
2026-07-08T11:45:00.000-04:00,"2026-7-8 11:45,75.94,75.82,75.18,74.74,7,1,1,1,-,-,RIDE_both"
2026-07-08T11:50:00.000-04:00,"2026-7-8 11:50,75.96,75.9,75.24,74.79,7,1,1,1,-,-,RIDE_both"
2026-07-08T11:55:00.000-04:00,"2026-7-8 11:55,75.83,75.91,75.29,74.83,0,0,1,1,-,-,neutral"
2026-07-08T12:00:00.000-04:00,"2026-7-8 12:00,75.73,75.87,75.32,74.87,0,0,1,1,-,-,neutral"
2026-07-08T12:05:00.000-04:00,"2026-7-8 12:05,75.34,75.69,75.32,74.89,0,0,1,1,-,-,neutral"
2026-07-08T12:10:00.000-04:00,"2026-7-8 12:10,75.3,75.54,75.32,74.9,0,0,0,1,-,-,neutral"
2026-07-08T12:15:00.000-04:00,"2026-7-8 12:15,75.32,75.44,75.32,74.92,-3,-1,0,1,S,-,FIGHT"
2026-07-08T12:20:00.000-04:00,"2026-7-8 12:20,75.21,75.32,75.31,74.93,-5,-1,0,1,-,-,FIGHT"
2026-07-08T12:25:00.000-04:00,"2026-7-8 12:25,75.05,75.18,75.29,74.94,-5,-1,0,1,-,-,FIGHT"
2026-07-08T12:30:00.000-04:00,"2026-7-8 12:30,75.13,75.11,75.28,74.94,-5,-1,0,1,-,-,FIGHT"
2026-07-08T12:35:00.000-04:00,"2026-7-8 12:35,74.83,74.95,75.25,74.94,-5,-1,0,1,-,-,FIGHT"
2026-07-08T12:40:00.000-04:00,"2026-7-8 12:40,74.63,74.77,75.2,74.93,-5,-1,0,1,-,-,FIGHT"
2026-07-08T12:45:00.000-04:00,"2026-7-8 12:45,74.6,74.63,75.15,74.91,-5,-1,0,1,-,-,FIGHT"
2026-07-08T12:50:00.000-04:00,"2026-7-8 12:50,74.6,74.54,75.11,74.9,-5,-1,0,1,-,-,FIGHT"
2026-07-08T12:55:00.000-04:00,"2026-7-8 12:55,74.57,74.46,75.07,74.89,-5,-1,0,0,-,-,FIGHT"
2026-07-08T13:00:00.000-04:00,"2026-7-8 13:00,74.41,74.36,75.02,74.87,-5,-1,0,0,-,-,FIGHT"
2026-07-08T13:05:00.000-04:00,"2026-7-8 13:05,74.39,74.29,74.97,74.85,-5,-1,0,0,-,-,FIGHT"
2026-07-08T13:10:00.000-04:00,"2026-7-8 13:10,74.3,74.21,74.92,74.83,-5,-1,-1,0,-,-,wave_only"
2026-07-08T13:15:00.000-04:00,"2026-7-8 13:15,74.2,74.13,74.86,74.8,-5,0,-1,0,-,-,neutral"
2026-07-08T13:20:00.000-04:00,"2026-7-8 13:20,74.15,74.06,74.81,74.78,-5,0,-1,0,-,-,neutral"
2026-07-08T13:25:00.000-04:00,"2026-7-8 13:25,73.85,73.9,74.73,74.74,-5,-1,-1,0,-,-,wave_only"
2026-07-08T13:30:00.000-04:00,"2026-7-8 13:30,73.84,73.8,74.67,74.71,0,0,-1,0,-,-,neutral"
2026-07-08T13:35:00.000-04:00,"2026-7-8 13:35,73.97,73.78,74.61,74.68,0,0,-1,0,-,-,neutral"
2026-07-08T13:40:00.000-04:00,"2026-7-8 13:40,73.75,73.69,74.55,74.64,0,0,-1,0,-,-,neutral"
2026-07-08T13:45:00.000-04:00,"2026-7-8 13:45,73.87,73.68,74.49,74.61,0,0,-1,0,-,-,neutral"
2026-07-08T13:50:00.000-04:00,"2026-7-8 13:50,73.59,73.58,74.42,74.57,0,0,-1,0,-,-,neutral"
2026-07-08T13:55:00.000-04:00,"2026-7-8 13:55,73.77,73.58,74.37,74.54,0,0,-1,0,-,-,neutral"
2026-07-08T14:00:00.000-04:00,"2026-7-8 14:00,73.7,73.57,74.32,74.51,0,0,-1,0,-,-,neutral"
2026-07-08T14:05:00.000-04:00,"2026-7-8 14:05,73.74,73.58,74.28,74.48,0,0,-1,0,-,-,neutral"
2026-07-08T14:10:00.000-04:00,"2026-7-8 14:10,73.62,73.55,74.23,74.44,-3,-1,-1,0,-,-,wave_only"
2026-07-08T14:15:00.000-04:00,"2026-7-8 14:15,73.55,73.51,74.17,74.41,-3,-1,-1,0,-,-,wave_only"
2026-07-08T14:20:00.000-04:00,"2026-7-8 14:20,73.66,73.53,74.14,74.38,0,0,-1,0,-,-,neutral"
2026-07-08T14:25:00.000-04:00,"2026-7-8 14:25,73.52,73.5,74.09,74.35,-3,-1,-1,0,-,-,wave_only"
2026-07-08T14:30:00.000-04:00,"2026-7-8 14:30,73.58,73.5,74.05,74.32,0,0,-1,0,-,-,neutral"
2026-07-08T14:35:00.000-04:00,"2026-7-8 14:35,73.7,73.55,74.02,74.29,0,0,-1,0,-,-,neutral"
2026-07-08T14:40:00.000-04:00,"2026-7-8 14:40,73.76,73.61,74,74.27,0,0,0,0,-,-,neutral"
2026-07-08T14:45:00.000-04:00,"2026-7-8 14:45,73.66,73.63,73.98,74.25,0,0,0,0,-,-,neutral"
2026-07-08T14:50:00.000-04:00,"2026-7-8 14:50,73.67,73.64,73.95,74.22,0,0,0,0,-,-,neutral"
2026-07-08T14:55:00.000-04:00,"2026-7-8 14:55,73.61,73.63,73.93,74.2,-7,-1,0,0,-,-,FIGHT"
2026-07-08T15:00:00.000-04:00,"2026-7-8 15:00,73.7,73.66,73.91,74.18,0,0,0,0,-,-,neutral"
2026-07-08T15:05:00.000-04:00,"2026-7-8 15:05,73.7,73.68,73.89,74.16,0,0,0,0,-,-,neutral"
2026-07-08T15:10:00.000-04:00,"2026-7-8 15:10,73.6,73.66,73.87,74.14,-7,-1,0,0,-,-,FIGHT"
2026-07-08T15:15:00.000-04:00,"2026-7-8 15:15,73.63,73.66,73.85,74.12,-7,0,0,0,-,-,neutral"
2026-07-08T15:20:00.000-04:00,"2026-7-8 15:20,73.58,73.64,73.83,74.1,-7,-1,0,0,-,-,FIGHT"
2026-07-08T15:25:00.000-04:00,"2026-7-8 15:25,73.63,73.64,73.82,74.08,0,0,0,0,-,-,neutral"
2026-07-08T15:30:00.000-04:00,"2026-7-8 15:30,73.81,73.71,73.81,74.07,3,1,0,0,B,-,FIGHT"
2026-07-08T15:35:00.000-04:00,"2026-7-8 15:35,73.85,73.78,73.82,74.06,3,1,0,0,-,-,FIGHT"
2026-07-08T15:40:00.000-04:00,"2026-7-8 15:40,74.07,73.91,73.84,74.06,5,1,0,0,-,-,FIGHT"
2026-07-08T15:45:00.000-04:00,"2026-7-8 15:45,74.29,74.08,73.87,74.07,5,1,0,0,-,-,FIGHT"
2026-07-08T15:50:00.000-04:00,"2026-7-8 15:50,74.04,74.11,73.88,74.07,5,1,0,0,-,-,FIGHT"
2026-07-08T15:55:00.000-04:00,"2026-7-8 15:55,74.06,74.14,73.9,74.07,5,0,0,0,-,-,neutral"
2026-07-08T16:00:00.000-04:00,"2026-7-8 16:00,74.25,74.22,73.93,74.08,5,1,0,0,-,-,FIGHT"
2026-07-08T16:05:00.000-04:00,"2026-7-8 16:05,74.28,74.29,73.95,74.08,5,1,0,0,-,-,FIGHT"
2026-07-08T16:10:00.000-04:00,"2026-7-8 16:10,74.38,74.37,73.99,74.1,5,1,0,0,-,-,FIGHT"
2026-07-08T16:15:00.000-04:00,"2026-7-8 16:15,74.57,74.5,74.03,74.11,5,1,0,0,-,-,FIGHT"
2026-07-08T16:20:00.000-04:00,"2026-7-8 16:20,74.66,74.62,74.08,74.14,5,1,0,0,-,-,FIGHT"
2026-07-08T16:25:00.000-04:00,"2026-7-8 16:25,74.62,74.68,74.12,74.15,5,0,0,0,-,-,neutral"
2026-07-08T16:30:00.000-04:00,"2026-7-8 16:30,74.8,74.79,74.17,74.18,5,1,0,0,-,-,FIGHT"
2026-07-08T16:35:00.000-04:00,"2026-7-8 16:35,75.01,74.94,74.24,74.21,5,1,0,0,-,-,FIGHT"
2026-07-08T16:40:00.000-04:00,"2026-7-8 16:40,74.85,74.98,74.28,74.24,0,0,1,0,-,-,neutral"
2026-07-08T16:45:00.000-04:00,"2026-7-8 16:45,74.77,74.97,74.32,74.26,0,0,1,0,-,-,neutral"
2026-07-08T16:50:00.000-04:00,"2026-7-8 16:50,74.72,74.94,74.35,74.28,0,0,1,0,-,-,neutral"
2026-07-08T16:55:00.000-04:00,"2026-7-8 16:55,74.75,74.92,74.38,74.29,0,0,1,1,-,-,neutral"
2026-07-08T18:00:00.000-04:00,"2026-7-8 18:00,74.61,74.85,74.4,74.31,0,0,1,1,-,-,neutral"
2026-07-08T18:05:00.000-04:00,"2026-7-8 18:05,74.7,74.82,74.42,74.32,0,0,1,1,-,-,neutral"
2026-07-08T18:10:00.000-04:00,"2026-7-8 18:10,74.62,74.77,74.44,74.33,0,0,1,1,-,-,neutral"
2026-07-08T18:15:00.000-04:00,"2026-7-8 18:15,74.64,74.73,74.45,74.35,0,0,1,1,-,-,neutral"
2026-07-08T18:20:00.000-04:00,"2026-7-8 18:20,74.61,74.69,74.47,74.36,0,0,1,1,-,-,neutral"
2026-07-08T18:25:00.000-04:00,"2026-7-8 18:25,74.51,74.63,74.47,74.36,0,0,1,1,-,-,neutral"
2026-07-08T18:30:00.000-04:00,"2026-7-8 18:30,74.29,74.5,74.46,74.36,-3,0,1,1,-,-,neutral"
2026-07-08T18:35:00.000-04:00,"2026-7-8 18:35,74.55,74.5,74.46,74.37,0,0,1,1,-,-,neutral"
2026-07-08T18:40:00.000-04:00,"2026-7-8 18:40,74.52,74.49,74.47,74.37,-5,0,0,1,-,-,neutral"
2026-07-08T18:45:00.000-04:00,"2026-7-8 18:45,74.55,74.49,74.47,74.38,0,0,0,1,-,-,neutral"
2026-07-08T18:50:00.000-04:00,"2026-7-8 18:50,74.6,74.51,74.48,74.39,7,1,0,1,-,-,tide_only"
2026-07-08T18:55:00.000-04:00,"2026-7-8 18:55,74.53,74.51,74.49,74.39,-5,0,0,0,-,-,neutral"
2026-07-08T19:00:00.000-04:00,"2026-7-8 19:00,74.54,74.5,74.49,74.4,0,0,0,0,-,-,neutral"
2026-07-08T19:05:00.000-04:00,"2026-7-8 19:05,74.53,74.5,74.49,74.41,0,0,0,0,-,-,neutral"
2026-07-08T19:10:00.000-04:00,"2026-7-8 19:10,74.51,74.49,74.5,74.41,-5,0,0,0,-,-,neutral"
2026-07-08T19:15:00.000-04:00,"2026-7-8 19:15,74.57,74.51,74.5,74.42,0,0,0,0,-,-,neutral"
2026-07-08T19:20:00.000-04:00,"2026-7-8 19:20,74.48,74.49,74.5,74.42,-5,-1,0,0,S,-,FIGHT"
2026-07-08T19:25:00.000-04:00,"2026-7-8 19:25,74.47,74.47,74.5,74.42,-5,-1,0,0,-,-,FIGHT"
2026-07-08T19:30:00.000-04:00,"2026-7-8 19:30,74.45,74.45,74.49,74.42,-5,-1,0,0,-,-,FIGHT"
2026-07-08T19:35:00.000-04:00,"2026-7-8 19:35,74.4,74.42,74.49,74.42,-5,-1,0,0,-,-,FIGHT"
2026-07-08T19:40:00.000-04:00,"2026-7-8 19:40,74.42,74.4,74.48,74.42,-5,-1,0,0,-,-,FIGHT"
2026-07-08T19:45:00.000-04:00,"2026-7-8 19:45,74.45,74.41,74.48,74.42,0,0,0,0,-,-,neutral"
2026-07-08T19:50:00.000-04:00,"2026-7-8 19:50,74.45,74.41,74.48,74.42,0,0,0,0,-,-,neutral"
2026-07-08T19:55:00.000-04:00,"2026-7-8 19:55,74.47,74.42,74.48,74.42,0,0,0,0,-,-,neutral"
2026-07-08T20:00:00.000-04:00,"2026-7-8 20:00,74.31,74.37,74.46,74.42,-5,-1,0,0,-,-,FIGHT"
2026-07-08T20:05:00.000-04:00,"2026-7-8 20:05,74.3,74.33,74.45,74.42,-5,-1,0,0,-,-,FIGHT"
2026-07-08T20:10:00.000-04:00,"2026-7-8 20:10,74.22,74.27,74.43,74.41,-5,-1,-1,0,-,-,wave_only"
2026-07-08T20:15:00.000-04:00,"2026-7-8 20:15,74.17,74.22,74.41,74.4,-5,-1,-1,0,-,-,wave_only"
2026-07-08T20:20:00.000-04:00,"2026-7-8 20:20,74.29,74.22,74.4,74.39,0,0,-1,0,-,-,neutral"
2026-07-08T20:25:00.000-04:00,"2026-7-8 20:25,74.23,74.2,74.39,74.39,0,0,-1,0,-,-,neutral"
2026-07-08T20:30:00.000-04:00,"2026-7-8 20:30,74.33,74.23,74.39,74.39,0,0,-1,0,-,-,neutral"
2026-07-08T20:35:00.000-04:00,"2026-7-8 20:35,74.25,74.22,74.37,74.38,-3,-1,-1,0,-,-,wave_only"
2026-07-08T20:40:00.000-04:00,"2026-7-8 20:40,74.24,74.22,74.36,74.37,-3,-1,-1,0,-,-,wave_only"
2026-07-08T20:45:00.000-04:00,"2026-7-8 20:45,74.25,74.22,74.36,74.37,-5,0,-1,0,-,-,neutral"
2026-07-08T20:50:00.000-04:00,"2026-7-8 20:50,74.26,74.22,74.35,74.37,0,0,-1,0,-,-,neutral"
2026-07-08T20:55:00.000-04:00,"2026-7-8 20:55,74,74.13,74.32,74.35,-7,-1,-1,0,-,-,wave_only"
2026-07-08T21:00:00.000-04:00,"2026-7-8 21:00,74.26,74.16,74.32,74.35,0,0,-1,0,-,-,neutral"
2026-07-08T21:05:00.000-04:00,"2026-7-8 21:05,74.1,74.13,74.3,74.34,-5,-1,-1,0,-,-,wave_only"
2026-07-08T21:10:00.000-04:00,"2026-7-8 21:10,74.47,74.24,74.31,74.34,0,0,0,0,-,-,neutral"
2026-07-08T21:15:00.000-04:00,"2026-7-8 21:15,74.49,74.33,74.33,74.35,5,1,0,0,B,-,FIGHT"
2026-07-08T21:20:00.000-04:00,"2026-7-8 21:20,74.48,74.4,74.34,74.35,5,1,0,0,-,-,FIGHT"
2026-07-08T21:25:00.000-04:00,"2026-7-8 21:25,74.4,74.41,74.34,74.36,5,1,0,0,-,-,FIGHT"
2026-07-08T21:30:00.000-04:00,"2026-7-8 21:30,74.24,74.36,74.34,74.35,0,0,0,0,-,-,neutral"
2026-07-08T21:35:00.000-04:00,"2026-7-8 21:35,74.2,74.31,74.32,74.35,-5,-1,0,0,S,-,FIGHT"
2026-07-08T21:40:00.000-04:00,"2026-7-8 21:40,74.19,74.27,74.31,74.34,-5,-1,-1,0,-,-,wave_only"
2026-07-08T21:45:00.000-04:00,"2026-7-8 21:45,74.17,74.23,74.3,74.33,-5,-1,-1,0,-,-,wave_only"
2026-07-08T21:50:00.000-04:00,"2026-7-8 21:50,74.21,74.22,74.3,74.33,-5,-1,-1,0,-,-,wave_only"
2026-07-08T21:55:00.000-04:00,"2026-7-8 21:55,74.12,74.18,74.28,74.32,-5,-1,-1,0,-,-,wave_only"
2026-07-08T22:00:00.000-04:00,"2026-7-8 22:00,74.06,74.13,74.27,74.31,-5,-1,-1,0,-,-,wave_only"
2026-07-08T22:05:00.000-04:00,"2026-7-8 22:05,74.21,74.14,74.26,74.31,0,0,-1,0,-,-,neutral"
2026-07-08T22:10:00.000-04:00,"2026-7-8 22:10,74.21,74.16,74.26,74.3,0,0,-1,0,-,-,neutral"
2026-07-08T22:15:00.000-04:00,"2026-7-8 22:15,74.21,74.17,74.25,74.3,0,0,-1,0,-,-,neutral"
2026-07-08T22:20:00.000-04:00,"2026-7-8 22:20,74.31,74.22,74.26,74.3,3,1,-1,0,B,-,FIGHT"
2026-07-08T22:25:00.000-04:00,"2026-7-8 22:25,74.25,74.23,74.26,74.3,3,1,0,0,-,-,FIGHT"
2026-07-08T22:30:00.000-04:00,"2026-7-8 22:30,74.38,74.29,74.27,74.3,5,1,0,0,-,-,FIGHT"
2026-07-08T22:35:00.000-04:00,"2026-7-8 22:35,74.47,74.36,74.28,74.31,5,1,0,0,-,-,FIGHT"
2026-07-08T22:40:00.000-04:00,"2026-7-8 22:40,74.43,74.4,74.29,74.31,5,1,0,0,-,-,FIGHT"
2026-07-08T22:45:00.000-04:00,"2026-7-8 22:45,74.59,74.49,74.32,74.32,7,1,0,0,-,-,FIGHT"
2026-07-08T22:50:00.000-04:00,"2026-7-8 22:50,74.6,74.55,74.34,74.33,7,1,0,0,-,-,FIGHT"
2026-07-08T22:55:00.000-04:00,"2026-7-8 22:55,74.51,74.57,74.35,74.34,0,0,1,1,-,-,neutral"
2026-07-08T23:00:00.000-04:00,"2026-7-8 23:00,74.53,74.58,74.37,74.35,0,0,1,1,-,-,neutral"
2026-07-08T23:05:00.000-04:00,"2026-7-8 23:05,74.4,74.54,74.37,74.35,0,0,1,1,-,-,neutral"
2026-07-08T23:10:00.000-04:00,"2026-7-8 23:10,74.32,74.47,74.36,74.35,0,0,0,1,-,-,neutral"
2026-07-08T23:15:00.000-04:00,"2026-7-8 23:15,74.33,74.43,74.36,74.35,0,0,0,1,-,-,neutral"
2026-07-08T23:20:00.000-04:00,"2026-7-8 23:20,74.42,74.43,74.37,74.35,0,0,0,1,-,-,neutral"
2026-07-08T23:25:00.000-04:00,"2026-7-8 23:25,74.42,74.43,74.37,74.35,0,0,1,1,-,-,neutral"
2026-07-08T23:30:00.000-04:00,"2026-7-8 23:30,74.25,74.37,74.36,74.35,-3,-1,1,1,S,-,FIGHT"
2026-07-08T23:35:00.000-04:00,"2026-7-8 23:35,74.28,74.33,74.35,74.35,-5,-1,1,1,-,-,FIGHT"
2026-07-08T23:40:00.000-04:00,"2026-7-8 23:40,74.37,74.34,74.36,74.35,0,0,1,1,-,-,neutral"
2026-07-08T23:45:00.000-04:00,"2026-7-8 23:45,74.34,74.33,74.35,74.35,-5,-1,1,1,-,-,FIGHT"
2026-07-08T23:50:00.000-04:00,"2026-7-8 23:50,74.26,74.3,74.35,74.34,-5,-1,1,1,-,-,FIGHT"
2026-07-08T23:55:00.000-04:00,"2026-7-8 23:55,74.29,74.29,74.34,74.34,-5,-1,0,0,-,-,FIGHT"
2026-07-09T00:00:00.000-04:00,"2026-7-9 0:00,74.31,74.29,74.34,74.34,0,0,0,0,-,-,neutral"
2026-07-09T00:05:00.000-04:00,"2026-7-9 0:05,74.3,74.28,74.34,74.34,-5,-1,0,0,-,-,FIGHT"
2026-07-09T00:10:00.000-04:00,"2026-7-9 0:10,74.35,74.3,74.34,74.34,0,0,0,0,-,-,neutral"
2026-07-09T00:15:00.000-04:00,"2026-7-9 0:15,74.34,74.31,74.34,74.34,0,0,0,0,-,-,neutral"
2026-07-09T00:20:00.000-04:00,"2026-7-9 0:20,74.38,74.33,74.34,74.34,0,0,0,0,-,-,neutral"
2026-07-09T00:25:00.000-04:00,"2026-7-9 0:25,74.4,74.36,74.35,74.34,7,1,1,0,B,-,wave_only"
2026-07-09T00:30:00.000-04:00,"2026-7-9 0:30,74.37,74.36,74.35,74.34,7,0,1,0,-,-,neutral"
2026-07-09T00:35:00.000-04:00,"2026-7-9 0:35,74.35,74.36,74.35,74.34,0,0,1,0,-,-,neutral"
2026-07-09T00:40:00.000-04:00,"2026-7-9 0:40,74.29,74.33,74.34,74.34,-5,-1,0,0,S,-,FIGHT"
2026-07-09T00:45:00.000-04:00,"2026-7-9 0:45,74.3,74.32,74.34,74.34,-5,-1,0,0,-,-,FIGHT"
2026-07-09T00:50:00.000-04:00,"2026-7-9 0:50,74.33,74.32,74.34,74.34,0,0,0,0,-,-,neutral"
2026-07-09T00:55:00.000-04:00,"2026-7-9 0:55,74.36,74.33,74.34,74.34,0,0,0,0,-,-,neutral"
2026-07-09T01:00:00.000-04:00,"2026-7-9 1:00,74.33,74.33,74.34,74.34,0,0,0,0,-,-,neutral"
2026-07-09T01:05:00.000-04:00,"2026-7-9 1:05,74.3,74.32,74.34,74.34,-5,-1,0,0,-,-,FIGHT"
2026-07-09T01:10:00.000-04:00,"2026-7-9 1:10,74.27,74.3,74.33,74.34,-5,-1,0,0,-,-,FIGHT"
2026-07-09T01:15:00.000-04:00,"2026-7-9 1:15,74.49,74.37,74.34,74.34,7,1,0,0,B,-,FIGHT"
2026-07-09T01:20:00.000-04:00,"2026-7-9 1:20,74.45,74.4,74.35,74.35,7,1,0,0,-,-,FIGHT"
2026-07-09T01:25:00.000-04:00,"2026-7-9 1:25,74.3,74.37,74.35,74.34,0,0,-1,0,-,-,neutral"
2026-07-09T01:30:00.000-04:00,"2026-7-9 1:30,73.87,74.19,74.31,74.33,-7,-1,-1,0,S,-,wave_only"
2026-07-09T01:35:00.000-04:00,"2026-7-9 1:35,73.73,74,74.27,74.3,-5,-1,-1,0,-,-,wave_only"
2026-07-09T01:40:00.000-04:00,"2026-7-9 1:40,73.69,73.85,74.22,74.28,-7,-1,-1,0,-,-,wave_only"
2026-07-09T01:45:00.000-04:00,"2026-7-9 1:45,73.48,73.67,74.17,74.25,-5,-1,-1,0,-,-,wave_only"
2026-07-09T01:50:00.000-04:00,"2026-7-9 1:50,73.22,73.45,74.09,74.21,-5,-1,-1,0,-,-,wave_only"
2026-07-09T01:55:00.000-04:00,"2026-7-9 1:55,73.08,73.24,74.01,74.16,-5,-1,-1,-1,-,-,RIDE_both"
2026-07-09T02:00:00.000-04:00,"2026-7-9 2:00,73.25,73.16,73.96,74.13,-7,-1,-1,-1,-,-,RIDE_both"
2026-07-09T02:05:00.000-04:00,"2026-7-9 2:05,73.4,73.16,73.91,74.1,0,0,-1,-1,-,-,neutral"
2026-07-09T02:10:00.000-04:00,"2026-7-9 2:10,73.43,73.19,73.88,74.07,0,0,-1,-1,-,-,neutral"
2026-07-09T02:15:00.000-04:00,"2026-7-9 2:15,73.31,73.17,73.83,74.04,0,0,-1,-1,-,-,neutral"
2026-07-09T02:20:00.000-04:00,"2026-7-9 2:20,73.2,73.13,73.78,74.01,-7,0,-1,-1,-,-,neutral"
2026-07-09T02:25:00.000-04:00,"2026-7-9 2:25,73.34,73.15,73.75,73.98,0,0,-1,-1,-,-,neutral"
2026-07-09T02:30:00.000-04:00,"2026-7-9 2:30,73.27,73.15,73.71,73.96,0,0,-1,-1,-,-,neutral"
2026-07-09T02:35:00.000-04:00,"2026-7-9 2:35,73.29,73.16,73.68,73.93,0,0,-1,-1,-,-,neutral"
2026-07-09T02:40:00.000-04:00,"2026-7-9 2:40,73.19,73.14,73.64,73.9,-3,-1,-1,-1,-,-,RIDE_both"
2026-07-09T02:45:00.000-04:00,"2026-7-9 2:45,73.33,73.18,73.62,73.88,0,0,-1,-1,-,-,neutral"
2026-07-09T02:50:00.000-04:00,"2026-7-9 2:50,73.35,73.22,73.6,73.86,0,0,-1,-1,-,-,neutral"
2026-07-09T02:55:00.000-04:00,"2026-7-9 2:55,73.3,73.24,73.57,73.84,0,0,0,-1,-,-,neutral"
2026-07-09T03:00:00.000-04:00,"2026-7-9 3:00,73.28,73.25,73.55,73.81,0,0,0,-1,-,-,neutral"
2026-07-09T03:05:00.000-04:00,"2026-7-9 3:05,73.51,73.34,73.55,73.8,0,0,0,-1,-,-,neutral"
2026-07-09T03:10:00.000-04:00,"2026-7-9 3:10,73.65,73.46,73.56,73.8,3,1,0,-1,B,-,FIGHT"
2026-07-09T03:15:00.000-04:00,"2026-7-9 3:15,73.42,73.46,73.55,73.78,0,0,0,-1,-,-,neutral"
2026-07-09T03:20:00.000-04:00,"2026-7-9 3:20,73.41,73.46,73.54,73.77,-7,0,0,-1,-,-,neutral"
2026-07-09T03:25:00.000-04:00,"2026-7-9 3:25,73.2,73.38,73.51,73.74,-7,-1,-1,-1,S,SELL,RIDE_both"
2026-07-09T03:30:00.000-04:00,"2026-7-9 3:30,72.87,73.2,73.46,73.71,-7,-1,-1,-1,-,-,RIDE_both"
2026-07-09T03:35:00.000-04:00,"2026-7-9 3:35,72.95,73.1,73.42,73.68,-7,-1,-1,-1,-,-,RIDE_both"
2026-07-09T03:40:00.000-04:00,"2026-7-9 3:40,72.74,72.95,73.37,73.64,-7,-1,-1,-1,-,-,RIDE_both"
2026-07-09T03:45:00.000-04:00,"2026-7-9 3:45,72.71,72.83,73.32,73.61,-7,-1,-1,-1,-,-,RIDE_both"
2026-07-09T03:50:00.000-04:00,"2026-7-9 3:50,72.71,72.75,73.27,73.57,-7,-1,-1,-1,-,-,RIDE_both"
2026-07-09T03:55:00.000-04:00,"2026-7-9 3:55,72.77,72.71,73.23,73.54,-3,-1,-1,-1,-,-,RIDE_both"
2026-07-09T04:00:00.000-04:00,"2026-7-9 4:00,72.79,72.7,73.2,73.51,-3,-1,-1,-1,-,-,RIDE_both"
2026-07-09T04:05:00.000-04:00,"2026-7-9 4:05,72.62,72.64,73.15,73.48,-7,-1,-1,-1,-,-,RIDE_both"
2026-07-09T04:10:00.000-04:00,"2026-7-9 4:10,72.63,72.6,73.11,73.44,-7,-1,-1,-1,-,-,RIDE_both"
2026-07-09T04:15:00.000-04:00,"2026-7-9 4:15,72.47,72.51,73.06,73.4,-7,-1,-1,-1,-,-,RIDE_both"
2026-07-09T04:20:00.000-04:00,"2026-7-9 4:20,72.51,72.47,73.02,73.37,-7,-1,-1,-1,-,-,RIDE_both"
2026-07-09T04:25:00.000-04:00,"2026-7-9 4:25,72.5,72.45,72.98,73.34,-3,-1,-1,-1,-,-,RIDE_both"
2026-07-09T04:30:00.000-04:00,"2026-7-9 4:30,72.77,72.53,72.97,73.31,0,0,-1,-1,-,-,neutral"
2026-07-09T04:35:00.000-04:00,"2026-7-9 4:35,72.98,72.67,72.97,73.3,0,0,-1,-1,-,-,neutral"
2026-07-09T04:40:00.000-04:00,"2026-7-9 4:40,72.85,72.74,72.96,73.28,0,0,0,-1,-,-,neutral"
2026-07-09T04:45:00.000-04:00,"2026-7-9 4:45,72.91,72.8,72.95,73.27,3,1,0,-1,B,-,FIGHT"
2026-07-09T04:50:00.000-04:00,"2026-7-9 4:50,72.8,72.81,72.94,73.25,0,0,0,-1,-,-,neutral"
2026-07-09T04:55:00.000-04:00,"2026-7-9 4:55,73.03,72.91,72.95,73.24,5,1,0,-1,-,-,FIGHT"
2026-07-09T05:00:00.000-04:00,"2026-7-9 5:00,73.13,73.01,72.96,73.24,5,1,0,-1,-,-,FIGHT"
2026-07-09T05:05:00.000-04:00,"2026-7-9 5:05,73.14,73.09,72.98,73.23,5,1,0,-1,-,-,FIGHT"
2026-07-09T05:10:00.000-04:00,"2026-7-9 5:10,73,73.09,72.98,73.22,0,0,0,-1,-,-,neutral"
2026-07-09T05:15:00.000-04:00,"2026-7-9 5:15,73.05,73.11,72.98,73.22,3,1,0,-1,-,-,FIGHT"
2026-07-09T05:20:00.000-04:00,"2026-7-9 5:20,73.13,73.15,72.99,73.21,5,1,0,-1,-,-,FIGHT"
2026-07-09T05:25:00.000-04:00,"2026-7-9 5:25,73.19,73.2,73.01,73.21,5,1,0,-1,-,-,FIGHT"
2026-07-09T05:30:00.000-04:00,"2026-7-9 5:30,73.25,73.25,73.03,73.21,5,1,0,-1,-,-,FIGHT"
2026-07-09T05:35:00.000-04:00,"2026-7-9 5:35,73.32,73.31,73.05,73.22,5,1,0,-1,-,-,FIGHT"
2026-07-09T05:40:00.000-04:00,"2026-7-9 5:40,73.51,73.42,73.09,73.23,5,1,0,-1,-,-,FIGHT"
2026-07-09T05:45:00.000-04:00,"2026-7-9 5:45,73.6,73.53,73.13,73.24,5,1,0,-1,-,-,FIGHT"
2026-07-09T05:50:00.000-04:00,"2026-7-9 5:50,73.48,73.57,73.15,73.25,0,0,0,-1,-,-,neutral"
2026-07-09T05:55:00.000-04:00,"2026-7-9 5:55,73.49,73.59,73.18,73.26,0,0,1,0,-,-,neutral"
2026-07-09T06:00:00.000-04:00,"2026-7-9 6:00,73.55,73.62,73.21,73.27,0,0,1,0,-,-,neutral"
2026-07-09T06:05:00.000-04:00,"2026-7-9 6:05,73.59,73.65,73.24,73.29,0,0,1,0,-,-,neutral"
2026-07-09T06:10:00.000-04:00,"2026-7-9 6:10,73.58,73.67,73.26,73.3,0,0,1,0,-,-,neutral"
2026-07-09T06:15:00.000-04:00,"2026-7-9 6:15,73.63,73.69,73.29,73.31,0,0,1,0,-,-,neutral"
2026-07-09T06:20:00.000-04:00,"2026-7-9 6:20,73.74,73.75,73.33,73.33,5,1,1,0,-,-,wave_only"
2026-07-09T06:25:00.000-04:00,"2026-7-9 6:25,73.8,73.8,73.36,73.35,5,1,1,0,-,-,wave_only"
2026-07-09T06:30:00.000-04:00,"2026-7-9 6:30,73.83,73.85,73.4,73.37,3,1,1,0,-,-,wave_only"
2026-07-09T06:35:00.000-04:00,"2026-7-9 6:35,73.64,73.81,73.42,73.38,0,0,1,0,-,-,neutral"
2026-07-09T06:40:00.000-04:00,"2026-7-9 6:40,73.74,73.81,73.44,73.39,0,0,1,0,-,-,neutral"
2026-07-09T06:45:00.000-04:00,"2026-7-9 6:45,73.96,73.89,73.48,73.41,7,1,1,0,-,-,wave_only"
2026-07-09T06:50:00.000-04:00,"2026-7-9 6:50,74.41,74.11,73.55,73.45,5,1,1,0,-,-,wave_only"
2026-07-09T06:55:00.000-04:00,"2026-7-9 6:55,74.25,74.21,73.61,73.48,7,1,1,0,-,-,wave_only"
2026-07-09T07:00:00.000-04:00,"2026-7-9 7:00,74.1,74.22,73.64,73.51,0,0,1,0,-,-,neutral"
2026-07-09T07:05:00.000-04:00,"2026-7-9 7:05,74.1,74.22,73.68,73.53,0,0,1,0,-,-,neutral"
2026-07-09T07:10:00.000-04:00,"2026-7-9 7:10,74,74.18,73.7,73.55,0,0,1,0,-,-,neutral"
2026-07-09T07:15:00.000-04:00,"2026-7-9 7:15,74.07,74.17,73.73,73.57,0,0,1,0,-,-,neutral"
2026-07-09T07:20:00.000-04:00,"2026-7-9 7:20,74.14,74.18,73.76,73.59,0,0,1,0,-,-,neutral"
2026-07-09T07:25:00.000-04:00,"2026-7-9 7:25,74.08,74.17,73.79,73.61,0,0,1,0,-,-,neutral"
2026-07-09T07:30:00.000-04:00,"2026-7-9 7:30,74.02,74.13,73.81,73.63,0,0,1,0,-,-,neutral"
2026-07-09T07:35:00.000-04:00,"2026-7-9 7:35,73.86,74.04,73.81,73.64,0,0,1,0,-,-,neutral"
2026-07-09T07:40:00.000-04:00,"2026-7-9 7:40,73.99,74.02,73.82,73.65,0,0,0,0,-,-,neutral"
2026-07-09T07:45:00.000-04:00,"2026-7-9 7:45,73.99,74,73.84,73.66,0,0,0,0,-,-,neutral"
2026-07-09T07:50:00.000-04:00,"2026-7-9 7:50,74.02,74,73.85,73.68,0,0,0,0,-,-,neutral"
2026-07-09T07:55:00.000-04:00,"2026-7-9 7:55,73.99,73.99,73.86,73.69,0,0,0,0,-,-,neutral"
2026-07-09T08:00:00.000-04:00,"2026-7-9 8:00,74,73.99,73.87,73.7,0,0,0,0,-,-,neutral"
2026-07-09T08:05:00.000-04:00,"2026-7-9 8:05,73.87,73.93,73.87,73.71,-3,-1,0,0,S,-,FIGHT"
2026-07-09T08:10:00.000-04:00,"2026-7-9 8:10,73.7,73.83,73.86,73.71,-5,-1,0,0,-,-,FIGHT"
2026-07-09T08:15:00.000-04:00,"2026-7-9 8:15,73.76,73.78,73.85,73.71,-5,-1,0,0,-,-,FIGHT"
2026-07-09T08:20:00.000-04:00,"2026-7-9 8:20,73.69,73.72,73.84,73.71,-5,-1,0,0,-,-,FIGHT"
2026-07-09T08:25:00.000-04:00,"2026-7-9 8:25,73.84,73.74,73.84,73.71,0,0,0,0,-,-,neutral"
2026-07-09T08:30:00.000-04:00,"2026-7-9 8:30,73.75,73.72,73.83,73.72,-5,-1,0,0,-,-,FIGHT"
2026-07-09T08:35:00.000-04:00,"2026-7-9 8:35,73.88,73.75,73.84,73.72,0,0,0,0,-,-,neutral"
2026-07-09T08:40:00.000-04:00,"2026-7-9 8:40,73.97,73.81,73.85,73.73,0,0,0,0,-,-,neutral"
2026-07-09T08:45:00.000-04:00,"2026-7-9 8:45,74.04,73.88,73.86,73.74,7,1,0,0,B,-,FIGHT"
2026-07-09T08:50:00.000-04:00,"2026-7-9 8:50,73.94,73.9,73.87,73.75,7,1,0,0,-,-,FIGHT"
2026-07-09T08:55:00.000-04:00,"2026-7-9 8:55,73.92,73.91,73.87,73.76,7,1,0,0,-,-,FIGHT"
2026-07-09T09:00:00.000-04:00,"2026-7-9 9:00,73.69,73.83,73.86,73.76,-5,-1,0,0,S,-,FIGHT"
2026-07-09T09:05:00.000-04:00,"2026-7-9 9:05,73.46,73.68,73.83,73.74,-5,-1,0,0,-,-,FIGHT"
2026-07-09T09:10:00.000-04:00,"2026-7-9 9:10,73.32,73.52,73.79,73.73,-5,-1,0,0,-,-,FIGHT"
2026-07-09T09:15:00.000-04:00,"2026-7-9 9:15,72.97,73.28,73.72,73.7,-5,-1,0,0,-,-,FIGHT"
2026-07-09T09:20:00.000-04:00,"2026-7-9 9:20,73.09,73.16,73.68,73.67,-5,-1,0,0,-,-,FIGHT"
2026-07-09T09:25:00.000-04:00,"2026-7-9 9:25,73.19,73.11,73.64,73.65,-3,-1,-1,0,-,-,wave_only"
2026-07-09T09:30:00.000-04:00,"2026-7-9 9:30,72.98,73,73.59,73.63,-5,-1,-1,0,-,-,wave_only"
2026-07-09T09:35:00.000-04:00,"2026-7-9 9:35,72.94,72.91,73.54,73.6,0,0,-1,0,-,-,neutral"
2026-07-09T09:40:00.000-04:00,"2026-7-9 9:40,72.8,72.81,73.48,73.57,0,0,-1,0,-,-,neutral"
2026-07-09T09:45:00.000-04:00,"2026-7-9 9:45,72.77,72.72,73.43,73.54,0,0,-1,0,-,-,neutral"
2026-07-09T09:50:00.000-04:00,"2026-7-9 9:50,72.86,72.71,73.38,73.51,0,0,-1,0,-,-,neutral"
2026-07-09T09:55:00.000-04:00,"2026-7-9 9:55,72.66,72.63,73.33,73.48,-3,-1,-1,-1,-,-,RIDE_both"
2026-07-09T10:00:00.000-04:00,"2026-7-9 10:00,72.76,72.61,73.28,73.45,0,0,-1,-1,-,-,neutral"
2026-07-09T10:05:00.000-04:00,"2026-7-9 10:05,72.71,72.59,73.24,73.42,-3,-1,-1,-1,-,-,RIDE_both"
2026-07-09T10:10:00.000-04:00,"2026-7-9 10:10,72.57,72.53,73.19,73.39,-3,-1,-1,-1,-,-,RIDE_both"
2026-07-09T10:15:00.000-04:00,"2026-7-9 10:15,72.54,72.49,73.14,73.35,-3,-1,-1,-1,-,-,RIDE_both"
2026-07-09T10:20:00.000-04:00,"2026-7-9 10:20,72.58,72.47,73.1,73.32,-3,-1,-1,-1,-,-,RIDE_both"
2026-07-09T10:25:00.000-04:00,"2026-7-9 10:25,72.69,72.51,73.06,73.3,0,0,-1,-1,-,-,neutral"
2026-07-09T10:30:00.000-04:00,"2026-7-9 10:30,72.43,72.45,73.02,73.27,-7,-1,-1,-1,-,-,RIDE_both"
2026-07-09T10:35:00.000-04:00,"2026-7-9 10:35,72.62,72.48,72.98,73.24,0,0,-1,-1,-,-,neutral"
2026-07-09T10:40:00.000-04:00,"2026-7-9 10:40,72.78,72.56,72.97,73.22,0,0,0,-1,-,-,neutral"
2026-07-09T10:45:00.000-04:00,"2026-7-9 10:45,73.03,72.72,72.97,73.21,0,0,0,-1,-,-,neutral"
2026-07-09T10:50:00.000-04:00,"2026-7-9 10:50,72.29,72.57,72.92,73.18,-7,-1,0,-1,-,-,tide_only"
2026-07-09T10:55:00.000-04:00,"2026-7-9 10:55,72.3,72.46,72.87,73.14,-7,-1,-1,-1,-,-,RIDE_both"
2026-07-09T11:00:00.000-04:00,"2026-7-9 11:00,72.38,72.41,72.84,73.11,-7,-1,-1,-1,-,-,RIDE_both"
2026-07-09T11:05:00.000-04:00,"2026-7-9 11:05,72.43,72.4,72.8,73.09,-7,-1,-1,-1,-,-,RIDE_both"
2026-07-09T11:10:00.000-04:00,"2026-7-9 11:10,72.45,72.4,72.78,73.06,0,0,-1,-1,-,-,neutral"
2026-07-09T11:15:00.000-04:00,"2026-7-9 11:15,72.34,72.37,72.74,73.03,-7,-1,-1,-1,-,-,RIDE_both"
2026-07-09T11:20:00.000-04:00,"2026-7-9 11:20,72.2,72.29,72.7,73,-7,-1,-1,-1,-,-,RIDE_both"
2026-07-09T11:25:00.000-04:00,"2026-7-9 11:25,72.18,72.23,72.66,72.97,-7,-1,-1,-1,-,-,RIDE_both"
2026-07-09T11:30:00.000-04:00,"2026-7-9 11:30,72.31,72.24,72.63,72.94,0,0,-1,-1,-,-,neutral"
2026-07-09T11:35:00.000-04:00,"2026-7-9 11:35,72.15,72.19,72.6,72.91,-7,-1,-1,-1,-,-,RIDE_both"
2026-07-09T11:40:00.000-04:00,"2026-7-9 11:40,71.96,72.08,72.55,72.87,-7,-1,-1,-1,-,-,RIDE_both"
2026-07-09T11:45:00.000-04:00,"2026-7-9 11:45,72.09,72.06,72.51,72.84,-7,-1,-1,-1,-,-,RIDE_both"
2026-07-09T11:50:00.000-04:00,"2026-7-9 11:50,72.12,72.06,72.48,72.82,-7,0,-1,-1,-,-,neutral"
2026-07-09T11:55:00.000-04:00,"2026-7-9 11:55,72.12,72.06,72.45,72.79,0,0,-1,-1,-,-,neutral"
2026-07-09T12:00:00.000-04:00,"2026-7-9 12:00,72.07,72.05,72.43,72.76,-7,-1,-1,-1,-,-,RIDE_both"
2026-07-09T12:05:00.000-04:00,"2026-7-9 12:05,72.17,72.08,72.41,72.74,0,0,-1,-1,-,-,neutral"
2026-07-09T12:10:00.000-04:00,"2026-7-9 12:10,72.12,72.08,72.38,72.71,0,0,-1,-1,-,-,neutral"
2026-07-09T12:15:00.000-04:00,"2026-7-9 12:15,72.01,72.05,72.35,72.69,-7,-1,-1,-1,-,-,RIDE_both"
2026-07-09T12:20:00.000-04:00,"2026-7-9 12:20,72.03,72.03,72.33,72.66,-7,-1,-1,-1,-,-,RIDE_both"
2026-07-09T12:25:00.000-04:00,"2026-7-9 12:25,71.97,72,72.3,72.63,-7,-1,-1,-1,-,-,RIDE_both"
2026-07-09T12:30:00.000-04:00,"2026-7-9 12:30,72.1,72.03,72.29,72.61,0,0,-1,-1,-,-,neutral"
2026-07-09T12:35:00.000-04:00,"2026-7-9 12:35,72.06,72.04,72.27,72.59,0,0,-1,-1,-,-,neutral"
2026-07-09T12:40:00.000-04:00,"2026-7-9 12:40,72.04,72.03,72.25,72.57,-7,0,-1,-1,-,-,neutral"
2026-07-09T12:45:00.000-04:00,"2026-7-9 12:45,72.03,72.03,72.23,72.55,-7,0,-1,-1,-,-,neutral"
2026-07-09T12:50:00.000-04:00,"2026-7-9 12:50,71.7,71.91,72.19,72.51,-7,-1,-1,-1,-,-,RIDE_both"
2026-07-09T12:55:00.000-04:00,"2026-7-9 12:55,71.95,71.91,72.17,72.49,0,0,-1,-1,-,-,neutral"
2026-07-09T13:00:00.000-04:00,"2026-7-9 13:00,71.93,71.91,72.16,72.47,-7,0,-1,-1,-,-,neutral"
2026-07-09T13:05:00.000-04:00,"2026-7-9 13:05,72.02,71.94,72.15,72.45,0,0,-1,-1,-,-,neutral"
2026-07-09T13:10:00.000-04:00,"2026-7-9 13:10,72.05,71.98,72.14,72.44,3,1,0,-1,B,-,FIGHT"
2026-07-09T13:15:00.000-04:00,"2026-7-9 13:15,71.91,71.96,72.12,72.42,-7,-1,0,-1,S,-,tide_only"
2026-07-09T13:20:00.000-04:00,"2026-7-9 13:20,71.91,71.94,72.1,72.4,-7,-1,0,-1,-,-,tide_only"
2026-07-09T13:25:00.000-04:00,"2026-7-9 13:25,71.8,71.89,72.08,72.37,-7,-1,-1,-1,-,-,RIDE_both"
2026-07-09T13:30:00.000-04:00,"2026-7-9 13:30,71.72,71.82,72.05,72.35,-7,-1,-1,-1,-,-,RIDE_both"
2026-07-09T13:35:00.000-04:00,"2026-7-9 13:35,71.54,71.7,72.01,72.32,-7,-1,-1,-1,-,-,RIDE_both"
2026-07-09T13:40:00.000-04:00,"2026-7-9 13:40,71.54,71.62,71.98,72.28,-7,-1,-1,-1,-,-,RIDE_both"
2026-07-09T13:45:00.000-04:00,"2026-7-9 13:45,71.52,71.56,71.94,72.25,-7,-1,-1,-1,-,-,RIDE_both"
2026-07-09T13:50:00.000-04:00,"2026-7-9 13:50,71.57,71.53,71.91,72.23,-7,-1,-1,-1,-,-,RIDE_both"
2026-07-09T13:55:00.000-04:00,"2026-7-9 13:55,71.52,71.5,71.88,72.2,-7,-1,-1,-1,-,-,RIDE_both"
2026-07-09T14:00:00.000-04:00,"2026-7-9 14:00,71.59,71.51,71.86,72.18,0,0,-1,-1,-,-,neutral"
2026-07-09T14:05:00.000-04:00,"2026-7-9 14:05,71.52,71.49,71.83,72.15,-7,-1,-1,-1,-,-,RIDE_both"
2026-07-09T14:10:00.000-04:00,"2026-7-9 14:10,71.65,71.53,71.82,72.13,0,0,-1,-1,-,-,neutral"
2026-07-09T14:15:00.000-04:00,"2026-7-9 14:15,71.97,71.68,71.83,72.12,3,1,-1,-1,B,-,FIGHT"
2026-07-09T14:20:00.000-04:00,"2026-7-9 14:20,72.12,71.84,71.85,72.12,5,1,-1,-1,-,-,FIGHT"
2026-07-09T14:25:00.000-04:00,"2026-7-9 14:25,72.1,71.96,71.87,72.12,5,1,0,-1,-,-,FIGHT"
2026-07-09T14:30:00.000-04:00,"2026-7-9 14:30,72,72,71.88,72.12,5,1,0,-1,-,-,FIGHT"
2026-07-09T14:35:00.000-04:00,"2026-7-9 14:35,71.89,71.99,71.88,72.11,0,0,0,-1,-,-,neutral"
2026-07-09T14:40:00.000-04:00,"2026-7-9 14:40,71.69,71.91,71.87,72.09,0,0,-1,-1,-,-,neutral"
2026-07-09T14:45:00.000-04:00,"2026-7-9 14:45,71.76,71.87,71.86,72.08,0,0,-1,-1,-,-,neutral"
2026-07-09T14:50:00.000-04:00,"2026-7-9 14:50,71.71,71.82,71.85,72.07,-7,-1,-1,-1,S,SELL,RIDE_both"
2026-07-09T14:55:00.000-04:00,"2026-7-9 14:55,71.61,71.75,71.83,72.05,-7,-1,-1,-1,-,-,RIDE_both"
2026-07-09T15:00:00.000-04:00,"2026-7-9 15:00,71.49,71.65,71.8,72.03,-7,-1,-1,-1,-,-,RIDE_both"
2026-07-09T15:05:00.000-04:00,"2026-7-9 15:05,71.6,71.62,71.79,72.01,-7,-1,-1,-1,-,-,RIDE_both"
2026-07-09T15:10:00.000-04:00,"2026-7-9 15:10,71.63,71.61,71.78,71.99,-7,-1,-1,-1,-,-,RIDE_both"
2026-07-09T15:15:00.000-04:00,"2026-7-9 15:15,71.59,71.59,71.76,71.98,-7,-1,-1,-1,-,-,RIDE_both"
2026-07-09T15:20:00.000-04:00,"2026-7-9 15:20,71.64,71.6,71.75,71.97,0,0,-1,-1,-,-,neutral"
2026-07-09T15:25:00.000-04:00,"2026-7-9 15:25,71.7,71.63,71.75,71.95,3,1,0,-1,B,-,FIGHT"
2026-07-09T15:30:00.000-04:00,"2026-7-9 15:30,71.73,71.66,71.75,71.95,3,1,0,-1,-,-,FIGHT"
2026-07-09T15:35:00.000-04:00,"2026-7-9 15:35,71.76,71.69,71.75,71.94,3,1,0,-1,-,-,FIGHT"
2026-07-09T15:40:00.000-04:00,"2026-7-9 15:40,71.81,71.74,71.75,71.93,5,1,0,-1,-,-,FIGHT"
2026-07-09T15:45:00.000-04:00,"2026-7-9 15:45,71.88,71.8,71.76,71.93,5,1,0,-1,-,-,FIGHT"
2026-07-09T15:50:00.000-04:00,"2026-7-9 15:50,71.84,71.83,71.77,71.93,5,1,0,-1,-,-,FIGHT"
2026-07-09T15:55:00.000-04:00,"2026-7-9 15:55,71.86,71.85,71.78,71.93,5,1,0,0,-,-,FIGHT"
2026-07-09T16:00:00.000-04:00,"2026-7-9 16:00,71.85,71.87,71.78,71.92,5,1,0,0,-,-,FIGHT"
2026-07-09T16:05:00.000-04:00,"2026-7-9 16:05,71.69,71.82,71.77,71.91,0,0,0,0,-,-,neutral"
2026-07-09T16:10:00.000-04:00,"2026-7-9 16:10,71.71,71.79,71.77,71.91,0,0,0,0,-,-,neutral"
2026-07-09T16:15:00.000-04:00,"2026-7-9 16:15,71.78,71.79,71.77,71.9,0,0,0,0,-,-,neutral"
2026-07-09T16:20:00.000-04:00,"2026-7-9 16:20,71.81,71.8,71.77,71.9,5,1,0,0,-,-,FIGHT"
2026-07-09T16:25:00.000-04:00,"2026-7-9 16:25,71.83,71.82,71.78,71.89,5,1,0,0,-,-,FIGHT"
2026-07-09T16:30:00.000-04:00,"2026-7-9 16:30,71.82,71.82,71.78,71.89,0,0,0,0,-,-,neutral"
2026-07-09T16:35:00.000-04:00,"2026-7-9 16:35,71.76,71.81,71.78,71.89,0,0,0,0,-,-,neutral"
2026-07-09T16:40:00.000-04:00,"2026-7-9 16:40,71.83,71.82,71.78,71.88,5,1,0,0,-,-,FIGHT"
2026-07-09T16:45:00.000-04:00,"2026-7-9 16:45,71.81,71.82,71.79,71.88,0,0,0,0,-,-,neutral"
2026-07-09T16:50:00.000-04:00,"2026-7-9 16:50,71.8,71.82,71.79,71.88,0,0,0,0,-,-,neutral"
2026-07-09T16:55:00.000-04:00,"2026-7-9 16:55,71.83,71.83,71.79,71.88,0,0,0,0,-,-,neutral"
2026-07-09T18:00:00.000-04:00,"2026-7-9 18:00,71.8,71.82,71.79,71.87,0,0,0,0,-,-,neutral"
2026-07-09T18:05:00.000-04:00,"2026-7-9 18:05,71.67,71.77,71.78,71.87,-3,-1,0,0,S,-,FIGHT"
2026-07-09T18:10:00.000-04:00,"2026-7-9 18:10,71.77,71.77,71.78,71.86,0,0,0,0,-,-,neutral"
2026-07-09T18:15:00.000-04:00,"2026-7-9 18:15,71.8,71.78,71.78,71.86,0,0,0,0,-,-,neutral"
2026-07-09T18:20:00.000-04:00,"2026-7-9 18:20,71.74,71.76,71.78,71.85,-7,-1,0,0,-,-,FIGHT"
2026-07-09T18:25:00.000-04:00,"2026-7-9 18:25,71.75,71.75,71.78,71.85,-3,-1,-1,0,-,-,wave_only"
2026-07-09T18:30:00.000-04:00,"2026-7-9 18:30,71.82,71.78,71.78,71.85,5,1,-1,0,B,-,FIGHT"
2026-07-09T18:35:00.000-04:00,"2026-7-9 18:35,71.83,71.79,71.78,71.85,5,1,-1,0,-,-,FIGHT"
2026-07-09T18:40:00.000-04:00,"2026-7-9 18:40,71.86,71.82,71.79,71.85,5,1,1,0,-,-,wave_only"
2026-07-09T18:45:00.000-04:00,"2026-7-9 18:45,71.84,71.83,71.79,71.85,5,1,1,0,-,-,wave_only"
2026-07-09T18:50:00.000-04:00,"2026-7-9 18:50,71.8,71.82,71.79,71.85,0,0,1,0,-,-,neutral"
2026-07-09T18:55:00.000-04:00,"2026-7-9 18:55,71.83,71.83,71.8,71.85,0,0,0,0,-,-,neutral"
2026-07-09T19:00:00.000-04:00,"2026-7-9 19:00,71.87,71.85,71.8,71.85,5,1,0,0,-,-,FIGHT"
2026-07-09T19:05:00.000-04:00,"2026-7-9 19:05,71.88,71.86,71.81,71.85,5,1,0,0,-,-,FIGHT"
2026-07-09T19:10:00.000-04:00,"2026-7-9 19:10,71.78,71.84,71.81,71.85,0,0,-1,0,-,-,neutral"
2026-07-09T19:15:00.000-04:00,"2026-7-9 19:15,71.81,71.83,71.81,71.84,0,0,-1,0,-,-,neutral"
2026-07-09T19:20:00.000-04:00,"2026-7-9 19:20,71.84,71.84,71.81,71.84,0,0,-1,0,-,-,neutral"
2026-07-09T19:25:00.000-04:00,"2026-7-9 19:25,71.87,71.85,71.81,71.84,5,1,1,0,-,-,wave_only"
2026-07-09T19:30:00.000-04:00,"2026-7-9 19:30,71.86,71.86,71.82,71.85,0,0,1,0,-,-,neutral"
2026-07-09T19:35:00.000-04:00,"2026-7-9 19:35,71.84,71.85,71.82,71.85,0,0,1,0,-,-,neutral"
2026-07-09T19:40:00.000-04:00,"2026-7-9 19:40,71.86,71.86,71.82,71.85,0,0,0,0,-,-,neutral"
2026-07-09T19:45:00.000-04:00,"2026-7-9 19:45,71.87,71.87,71.83,71.85,5,1,0,0,-,-,FIGHT"
2026-07-09T19:50:00.000-04:00,"2026-7-9 19:50,71.86,71.87,71.83,71.85,0,0,0,0,-,-,neutral"
2026-07-09T19:55:00.000-04:00,"2026-7-9 19:55,71.91,71.88,71.83,71.85,5,1,1,0,-,-,wave_only"
2026-07-09T20:00:00.000-04:00,"2026-7-9 20:00,71.83,71.87,71.83,71.85,0,0,1,0,-,-,neutral"
2026-07-09T20:05:00.000-04:00,"2026-7-9 20:05,71.92,71.89,71.84,71.85,5,1,1,0,-,-,wave_only"
2026-07-09T20:10:00.000-04:00,"2026-7-9 20:10,71.83,71.87,71.84,71.85,0,0,-1,0,-,-,neutral"
2026-07-09T20:15:00.000-04:00,"2026-7-9 20:15,71.83,71.86,71.84,71.85,0,0,-1,0,-,-,neutral"
2026-07-09T20:20:00.000-04:00,"2026-7-9 20:20,71.85,71.85,71.84,71.85,0,0,-1,0,-,-,neutral"
2026-07-09T20:25:00.000-04:00,"2026-7-9 20:25,71.83,71.84,71.84,71.85,0,0,-1,0,-,-,neutral"
2026-07-09T20:30:00.000-04:00,"2026-7-9 20:30,71.92,71.87,71.85,71.85,7,1,-1,0,-,-,FIGHT"
2026-07-09T20:35:00.000-04:00,"2026-7-9 20:35,71.91,71.89,71.85,71.85,7,1,-1,0,-,-,FIGHT"
2026-07-09T20:40:00.000-04:00,"2026-7-9 20:40,71.92,71.9,71.86,71.86,7,1,1,0,-,-,wave_only"
2026-07-09T20:45:00.000-04:00,"2026-7-9 20:45,71.96,71.93,71.86,71.86,7,1,1,0,-,-,wave_only"
2026-07-09T20:50:00.000-04:00,"2026-7-9 20:50,71.97,71.95,71.87,71.87,7,1,1,0,-,-,wave_only"
2026-07-09T20:55:00.000-04:00,"2026-7-9 20:55,71.98,71.97,71.88,71.87,7,1,1,0,-,-,wave_only"
2026-07-09T21:00:00.000-04:00,"2026-7-9 21:00,71.86,71.94,71.88,71.87,0,0,1,0,-,-,neutral"
2026-07-09T21:05:00.000-04:00,"2026-7-9 21:05,72.01,71.97,71.89,71.87,7,1,1,0,-,-,wave_only"
2026-07-09T21:10:00.000-04:00,"2026-7-9 21:10,71.95,71.97,71.89,71.88,7,0,1,0,-,-,neutral"
2026-07-09T21:15:00.000-04:00,"2026-7-9 21:15,72.07,72.01,71.91,71.89,7,1,1,0,-,-,wave_only"
2026-07-09T21:20:00.000-04:00,"2026-7-9 21:20,72.03,72.03,71.92,71.89,3,1,1,0,-,-,wave_only"
2026-07-09T21:25:00.000-04:00,"2026-7-9 21:25,72.09,72.06,71.93,71.9,7,1,1,0,-,-,wave_only"
2026-07-09T21:30:00.000-04:00,"2026-7-9 21:30,72.06,72.07,71.94,71.91,0,0,1,0,-,-,neutral"
2026-07-09T21:35:00.000-04:00,"2026-7-9 21:35,72.09,72.09,71.95,71.91,0,0,1,0,-,-,neutral"
2026-07-09T21:40:00.000-04:00,"2026-7-9 21:40,72.16,72.13,71.97,71.92,7,1,1,0,-,-,wave_only"
2026-07-09T21:45:00.000-04:00,"2026-7-9 21:45,72.15,72.15,71.98,71.93,5,1,1,0,-,-,wave_only"
2026-07-09T21:50:00.000-04:00,"2026-7-9 21:50,72.11,72.15,71.99,71.94,0,0,1,0,-,-,neutral"
2026-07-09T21:55:00.000-04:00,"2026-7-9 21:55,72.14,72.16,72,71.95,0,0,1,0,-,-,neutral"
2026-07-09T22:00:00.000-04:00,"2026-7-9 22:00,72.15,72.17,72.01,71.95,0,0,1,0,-,-,neutral"
2026-07-09T22:05:00.000-04:00,"2026-7-9 22:05,72.19,72.19,72.03,71.96,3,1,1,0,-,-,wave_only"
2026-07-09T22:10:00.000-04:00,"2026-7-9 22:10,72.19,72.2,72.04,71.97,0,0,1,0,-,-,neutral"
2026-07-09T22:15:00.000-04:00,"2026-7-9 22:15,72.16,72.2,72.05,71.98,0,0,1,0,-,-,neutral"
2026-07-09T22:20:00.000-04:00,"2026-7-9 22:20,72.24,72.22,72.06,71.99,7,1,1,0,-,-,wave_only"
2026-07-09T22:25:00.000-04:00,"2026-7-9 22:25,72.29,72.26,72.08,72,7,1,1,0,-,-,wave_only"
2026-07-09T22:30:00.000-04:00,"2026-7-9 22:30,72.31,72.29,72.1,72.01,7,1,1,0,-,-,wave_only"
2026-07-09T22:35:00.000-04:00,"2026-7-9 22:35,72.24,72.29,72.11,72.02,0,0,1,0,-,-,neutral"
2026-07-09T22:40:00.000-04:00,"2026-7-9 22:40,72.29,72.3,72.12,72.03,0,0,1,0,-,-,neutral"
2026-07-09T22:45:00.000-04:00,"2026-7-9 22:45,72.35,72.33,72.14,72.05,7,1,1,0,-,-,wave_only"
2026-07-09T22:50:00.000-04:00,"2026-7-9 22:50,72.39,72.36,72.16,72.06,7,1,1,0,-,-,wave_only"
2026-07-09T22:55:00.000-04:00,"2026-7-9 22:55,72.35,72.37,72.17,72.07,0,0,1,0,-,-,neutral"
2026-07-09T23:00:00.000-04:00,"2026-7-9 23:00,72.26,72.35,72.18,72.08,0,0,1,0,-,-,neutral"
2026-07-09T23:05:00.000-04:00,"2026-7-9 23:05,72.21,72.3,72.18,72.08,0,0,1,0,-,-,neutral"
2026-07-09T23:10:00.000-04:00,"2026-7-9 23:10,72.27,72.29,72.19,72.09,0,0,0,0,-,-,neutral"
2026-07-09T23:15:00.000-04:00,"2026-7-9 23:15,72.27,72.29,72.2,72.1,0,0,0,0,-,-,neutral"
2026-07-09T23:20:00.000-04:00,"2026-7-9 23:20,72.27,72.28,72.2,72.1,0,0,0,0,-,-,neutral"
2026-07-09T23:25:00.000-04:00,"2026-7-9 23:25,72.29,72.28,72.21,72.11,7,0,0,0,-,-,neutral"
2026-07-09T23:30:00.000-04:00,"2026-7-9 23:30,72.26,72.27,72.21,72.12,-3,-1,0,0,S,-,FIGHT"
2026-07-09T23:35:00.000-04:00,"2026-7-9 23:35,72.33,72.29,72.22,72.13,7,1,0,0,B,-,FIGHT"
2026-07-09T23:40:00.000-04:00,"2026-7-9 23:40,72.26,72.28,72.22,72.13,-3,-1,0,0,S,-,FIGHT"
2026-07-09T23:45:00.000-04:00,"2026-7-9 23:45,72.3,72.29,72.23,72.14,7,0,0,0,-,-,neutral"
2026-07-09T23:50:00.000-04:00,"2026-7-9 23:50,72.35,72.31,72.24,72.15,7,1,0,0,B,-,FIGHT"
2026-07-09T23:55:00.000-04:00,"2026-7-9 23:55,72.39,72.34,72.25,72.16,7,1,1,0,-,-,wave_only"
2026-07-10T00:00:00.000-04:00,"2026-7-10 0:00,72.35,72.35,72.26,72.16,7,1,1,0,-,-,wave_only"
2026-07-10T00:05:00.000-04:00,"2026-7-10 0:05,72.4,72.37,72.27,72.17,7,1,1,0,-,-,wave_only"
2026-07-10T00:10:00.000-04:00,"2026-7-10 0:10,72.43,72.4,72.28,72.18,7,1,1,0,-,-,wave_only"
2026-07-10T00:15:00.000-04:00,"2026-7-10 0:15,72.49,72.44,72.3,72.19,7,1,1,0,-,-,wave_only"
2026-07-10T00:20:00.000-04:00,"2026-7-10 0:20,72.52,72.48,72.32,72.21,7,1,1,0,-,-,wave_only"
2026-07-10T00:25:00.000-04:00,"2026-7-10 0:25,72.47,72.49,72.33,72.22,3,1,1,0,-,-,wave_only"
2026-07-10T00:30:00.000-04:00,"2026-7-10 0:30,72.43,72.48,72.33,72.23,0,0,1,0,-,-,neutral"
2026-07-10T00:35:00.000-04:00,"2026-7-10 0:35,72.37,72.45,72.34,72.23,0,0,1,0,-,-,neutral"
2026-07-10T00:40:00.000-04:00,"2026-7-10 0:40,72.28,72.39,72.33,72.23,-3,-1,0,0,S,-,FIGHT"
2026-07-10T00:45:00.000-04:00,"2026-7-10 0:45,72.32,72.36,72.33,72.24,-3,-1,0,0,-,-,FIGHT"
2026-07-10T00:50:00.000-04:00,"2026-7-10 0:50,72.22,72.31,72.32,72.24,-5,-1,0,0,-,-,FIGHT"
2026-07-10T00:55:00.000-04:00,"2026-7-10 0:55,72.3,72.29,72.32,72.24,-5,-1,0,0,-,-,FIGHT"
2026-07-10T01:00:00.000-04:00,"2026-7-10 1:00,72.42,72.33,72.33,72.25,0,0,0,0,-,-,neutral"
2026-07-10T01:05:00.000-04:00,"2026-7-10 1:05,72.34,72.33,72.33,72.25,0,0,0,0,-,-,neutral"
2026-07-10T01:10:00.000-04:00,"2026-7-10 1:10,72.38,72.34,72.33,72.25,0,0,0,0,-,-,neutral"
2026-07-10T01:15:00.000-04:00,"2026-7-10 1:15,72.35,72.34,72.34,72.26,0,0,0,0,-,-,neutral"
2026-07-10T01:20:00.000-04:00,"2026-7-10 1:20,72.32,72.33,72.33,72.26,-5,-1,0,0,-,-,FIGHT"
2026-07-10T01:25:00.000-04:00,"2026-7-10 1:25,72.29,72.31,72.33,72.26,-5,-1,0,0,-,-,FIGHT"
2026-07-10T01:30:00.000-04:00,"2026-7-10 1:30,72.31,72.3,72.33,72.26,-5,-1,0,0,-,-,FIGHT"
2026-07-10T01:35:00.000-04:00,"2026-7-10 1:35,72.33,72.31,72.33,72.27,0,0,0,0,-,-,neutral"
2026-07-10T01:40:00.000-04:00,"2026-7-10 1:40,72.37,72.33,72.33,72.27,0,0,0,0,-,-,neutral"
2026-07-10T01:45:00.000-04:00,"2026-7-10 1:45,72.24,72.29,72.33,72.27,-5,-1,0,0,-,-,FIGHT"
2026-07-10T01:50:00.000-04:00,"2026-7-10 1:50,72.08,72.21,72.31,72.26,-5,-1,0,0,-,-,FIGHT"
2026-07-10T01:55:00.000-04:00,"2026-7-10 1:55,72.17,72.18,72.3,72.26,-5,-1,0,0,-,-,FIGHT"
2026-07-10T02:00:00.000-04:00,"2026-7-10 2:00,71.98,72.09,72.27,72.25,-5,-1,0,0,-,-,FIGHT"
2026-07-10T02:05:00.000-04:00,"2026-7-10 2:05,71.95,72.02,72.25,72.24,-5,-1,0,0,-,-,FIGHT"
2026-07-10T02:10:00.000-04:00,"2026-7-10 2:10,71.9,71.95,72.22,72.22,-5,-1,-1,0,-,-,wave_only"
2026-07-10T02:15:00.000-04:00,"2026-7-10 2:15,71.88,71.89,72.19,72.21,-5,0,-1,0,-,-,neutral"
2026-07-10T02:20:00.000-04:00,"2026-7-10 2:20,71.81,71.83,72.16,72.19,-5,-1,-1,0,-,-,wave_only"
2026-07-10T02:25:00.000-04:00,"2026-7-10 2:25,71.87,71.81,72.14,72.18,0,0,-1,0,-,-,neutral"
2026-07-10T02:30:00.000-04:00,"2026-7-10 2:30,72.09,71.88,72.14,72.18,0,0,-1,0,-,-,neutral"
2026-07-10T02:35:00.000-04:00,"2026-7-10 2:35,72.12,71.95,72.14,72.17,0,0,-1,0,-,-,neutral"
2026-07-10T02:40:00.000-04:00,"2026-7-10 2:40,72.25,72.05,72.15,72.18,0,0,0,0,-,-,neutral"
2026-07-10T02:45:00.000-04:00,"2026-7-10 2:45,72.14,72.08,72.14,72.18,0,0,0,0,-,-,neutral"
2026-07-10T02:50:00.000-04:00,"2026-7-10 2:50,72.06,72.08,72.14,72.17,-5,-1,0,0,-,-,FIGHT"
2026-07-10T02:55:00.000-04:00,"2026-7-10 2:55,72.07,72.08,72.13,72.17,0,0,-1,-1,-,-,neutral"
2026-07-10T03:00:00.000-04:00,"2026-7-10 3:00,71.98,72.04,72.12,72.16,-7,-1,-1,-1,-,-,RIDE_both"
2026-07-10T03:05:00.000-04:00,"2026-7-10 3:05,72,72.03,72.11,72.15,-7,-1,-1,-1,-,-,RIDE_both"
2026-07-10T03:10:00.000-04:00,"2026-7-10 3:10,71.77,71.93,72.09,72.14,-7,-1,-1,-1,-,-,RIDE_both"
2026-07-10T03:15:00.000-04:00,"2026-7-10 3:15,71.54,71.78,72.04,72.12,-7,-1,-1,-1,-,-,RIDE_both"
2026-07-10T03:20:00.000-04:00,"2026-7-10 3:20,71.55,71.67,72.01,72.09,-7,-1,-1,-1,-,-,RIDE_both"
2026-07-10T03:25:00.000-04:00,"2026-7-10 3:25,71.6,71.61,71.97,72.07,-7,-1,-1,-1,-,-,RIDE_both"
2026-07-10T03:30:00.000-04:00,"2026-7-10 3:30,71.45,71.52,71.93,72.05,-7,-1,-1,-1,-,-,RIDE_both"
2026-07-10T03:35:00.000-04:00,"2026-7-10 3:35,71.31,71.4,71.89,72.02,-5,-1,-1,-1,-,-,RIDE_both"
2026-07-10T03:40:00.000-04:00,"2026-7-10 3:40,71.4,71.35,71.85,72,-7,-1,-1,-1,-,-,RIDE_both"
2026-07-10T03:45:00.000-04:00,"2026-7-10 3:45,71.38,71.32,71.81,71.97,0,0,-1,-1,-,-,neutral"
2026-07-10T03:50:00.000-04:00,"2026-7-10 3:50,71.55,71.36,71.79,71.96,0,0,-1,-1,-,-,neutral"
2026-07-10T03:55:00.000-04:00,"2026-7-10 3:55,71.56,71.4,71.77,71.94,0,0,-1,-1,-,-,neutral"
2026-07-10T04:00:00.000-04:00,"2026-7-10 4:00,71.29,71.34,71.74,71.91,-7,-1,-1,-1,-,-,RIDE_both"
2026-07-10T04:05:00.000-04:00,"2026-7-10 4:05,71.25,71.28,71.7,71.89,-7,-1,-1,-1,-,-,RIDE_both"
2026-07-10T04:10:00.000-04:00,"2026-7-10 4:10,71.36,71.28,71.67,71.87,0,0,-1,-1,-,-,neutral"
2026-07-10T04:15:00.000-04:00,"2026-7-10 4:15,71.45,71.32,71.66,71.85,0,0,-1,-1,-,-,neutral"
2026-07-10T04:20:00.000-04:00,"2026-7-10 4:20,71.52,71.37,71.65,71.84,0,0,-1,-1,-,-,neutral"
2026-07-10T04:25:00.000-04:00,"2026-7-10 4:25,71.65,71.47,71.65,71.83,0,0,0,-1,-,-,neutral"
2026-07-10T04:30:00.000-04:00,"2026-7-10 4:30,71.9,71.63,71.67,71.83,3,1,0,-1,B,-,FIGHT"
2026-07-10T04:35:00.000-04:00,"2026-7-10 4:35,72.11,71.83,71.7,71.84,5,1,0,-1,-,-,FIGHT"
2026-07-10T04:40:00.000-04:00,"2026-7-10 4:40,71.91,71.89,71.72,71.85,5,1,0,-1,-,-,FIGHT"
2026-07-10T04:45:00.000-04:00,"2026-7-10 4:45,71.85,71.92,71.73,71.85,5,1,0,-1,-,-,FIGHT"
2026-07-10T04:50:00.000-04:00,"2026-7-10 4:50,72.04,72,71.75,71.85,5,1,0,-1,-,-,FIGHT"
2026-07-10T04:55:00.000-04:00,"2026-7-10 4:55,71.88,72,71.76,71.86,0,0,0,-1,-,-,neutral"
2026-07-10T05:00:00.000-04:00,"2026-7-10 5:00,71.99,72.04,71.78,71.86,5,1,0,-1,-,-,FIGHT"
2026-07-10T05:05:00.000-04:00,"2026-7-10 5:05,71.88,72.02,71.79,71.86,0,0,0,-1,-,-,neutral"
2026-07-10T05:10:00.000-04:00,"2026-7-10 5:10,71.7,71.93,71.78,71.86,0,0,0,-1,-,-,neutral"
2026-07-10T05:15:00.000-04:00,"2026-7-10 5:15,71.56,71.82,71.76,71.84,0,0,0,-1,-,-,neutral"
2026-07-10T05:20:00.000-04:00,"2026-7-10 5:20,71.69,71.78,71.76,71.84,0,0,0,-1,-,-,neutral"
2026-07-10T05:25:00.000-04:00,"2026-7-10 5:25,71.64,71.73,71.75,71.83,-3,-1,-1,-1,S,SELL,RIDE_both"
2026-07-10T05:30:00.000-04:00,"2026-7-10 5:30,71.72,71.72,71.75,71.83,-3,-1,-1,-1,-,-,RIDE_both"
2026-07-10T05:35:00.000-04:00,"2026-7-10 5:35,71.8,71.75,71.75,71.82,5,1,-1,-1,B,-,FIGHT"
2026-07-10T05:40:00.000-04:00,"2026-7-10 5:40,71.85,71.79,71.76,71.83,5,1,0,-1,-,-,FIGHT"
2026-07-10T05:45:00.000-04:00,"2026-7-10 5:45,71.91,71.84,71.77,71.83,5,1,0,-1,-,-,FIGHT"
2026-07-10T05:50:00.000-04:00,"2026-7-10 5:50,71.93,71.88,71.78,71.83,5,1,0,-1,-,-,FIGHT"
2026-07-10T05:55:00.000-04:00,"2026-7-10 5:55,71.85,71.88,71.79,71.83,0,0,0,-1,-,-,neutral"
2026-07-10T06:00:00.000-04:00,"2026-7-10 6:00,71.9,71.9,71.8,71.84,5,1,0,-1,-,-,FIGHT"
2026-07-10T06:05:00.000-04:00,"2026-7-10 6:05,71.95,71.93,71.81,71.84,5,1,0,-1,-,-,FIGHT"
2026-07-10T06:10:00.000-04:00,"2026-7-10 6:10,72,71.97,71.82,71.85,5,1,1,-1,-,-,wave_only"
2026-07-10T06:15:00.000-04:00,"2026-7-10 6:15,71.99,71.99,71.84,71.85,3,1,1,-1,-,-,wave_only"
2026-07-10T06:20:00.000-04:00,"2026-7-10 6:20,71.92,71.98,71.84,71.86,0,0,1,-1,-,-,neutral"
2026-07-10T06:25:00.000-04:00,"2026-7-10 6:25,71.97,71.99,71.85,71.86,0,0,1,-1,-,-,neutral"
2026-07-10T06:30:00.000-04:00,"2026-7-10 6:30,71.98,72,71.86,71.86,0,0,1,-1,-,-,neutral"
2026-07-10T06:35:00.000-04:00,"2026-7-10 6:35,71.97,72,71.87,71.87,0,0,1,-1,-,-,neutral"
2026-07-10T06:40:00.000-04:00,"2026-7-10 6:40,71.94,71.99,71.88,71.87,0,0,1,-1,-,-,neutral"
2026-07-10T06:45:00.000-04:00,"2026-7-10 6:45,72.16,72.06,71.9,71.88,7,1,1,-1,-,-,wave_only"
2026-07-10T06:50:00.000-04:00,"2026-7-10 6:50,72.23,72.13,71.92,71.9,7,1,1,-1,-,-,wave_only"
2026-07-10T06:55:00.000-04:00,"2026-7-10 6:55,72.24,72.19,71.95,71.91,7,1,1,0,-,-,wave_only"
2026-07-10T07:00:00.000-04:00,"2026-7-10 7:00,72.24,72.23,71.97,71.92,5,1,1,0,-,-,wave_only"
2026-07-10T07:05:00.000-04:00,"2026-7-10 7:05,72.21,72.25,71.99,71.93,0,0,1,0,-,-,neutral"
2026-07-10T07:10:00.000-04:00,"2026-7-10 7:10,72.24,72.27,72.01,71.95,0,0,1,0,-,-,neutral"
2026-07-10T07:15:00.000-04:00,"2026-7-10 7:15,72.36,72.32,72.03,71.96,7,1,1,0,-,-,wave_only"
2026-07-10T07:20:00.000-04:00,"2026-7-10 7:20,72.24,72.32,72.05,71.97,0,0,1,0,-,-,neutral"
2026-07-10T07:25:00.000-04:00,"2026-7-10 7:25,72.48,72.4,72.08,71.99,7,1,1,0,-,-,wave_only"
2026-07-10T07:30:00.000-04:00,"2026-7-10 7:30,72.6,72.5,72.12,72.02,7,1,1,0,-,-,wave_only"
2026-07-10T07:35:00.000-04:00,"2026-7-10 7:35,72.57,72.56,72.16,72.04,7,1,1,0,-,-,wave_only"
2026-07-10T07:40:00.000-04:00,"2026-7-10 7:40,72.54,72.59,72.19,72.06,0,0,1,0,-,-,neutral"
2026-07-10T07:45:00.000-04:00,"2026-7-10 7:45,72.49,72.58,72.21,72.08,0,0,1,0,-,-,neutral"
2026-07-10T07:50:00.000-04:00,"2026-7-10 7:50,72.77,72.68,72.25,72.1,7,1,1,0,-,-,wave_only"
2026-07-10T07:55:00.000-04:00,"2026-7-10 7:55,72.72,72.73,72.29,72.13,7,1,1,0,-,-,wave_only"
2026-07-10T08:00:00.000-04:00,"2026-7-10 8:00,72.73,72.76,72.32,72.15,0,0,1,0,-,-,neutral"
2026-07-10T08:05:00.000-04:00,"2026-7-10 8:05,72.6,72.74,72.34,72.17,0,0,1,0,-,-,neutral"
2026-07-10T08:10:00.000-04:00,"2026-7-10 8:10,71.89,72.45,72.31,72.16,0,0,0,0,-,-,neutral"
2026-07-10T08:15:00.000-04:00,"2026-7-10 8:15,72.14,72.33,72.3,72.16,-3,-1,0,0,S,-,FIGHT"
2026-07-10T08:20:00.000-04:00,"2026-7-10 8:20,72.06,72.21,72.28,72.15,-5,-1,0,0,-,-,FIGHT"
2026-07-10T08:25:00.000-04:00,"2026-7-10 8:25,72.05,72.12,72.26,72.15,-5,-1,0,0,-,-,FIGHT"
2026-07-10T08:30:00.000-04:00,"2026-7-10 8:30,72.26,72.14,72.26,72.15,0,0,0,0,-,-,neutral"
2026-07-10T08:35:00.000-04:00,"2026-7-10 8:35,72.23,72.14,72.26,72.16,0,0,0,0,-,-,neutral"
2026-07-10T08:40:00.000-04:00,"2026-7-10 8:40,72.27,72.16,72.26,72.16,0,0,0,0,-,-,neutral"
2026-07-10T08:45:00.000-04:00,"2026-7-10 8:45,72.31,72.19,72.26,72.17,0,0,0,0,-,-,neutral"
2026-07-10T08:50:00.000-04:00,"2026-7-10 8:50,72.09,72.14,72.25,72.16,-5,-1,0,0,-,-,FIGHT"
2026-07-10T08:55:00.000-04:00,"2026-7-10 8:55,71.93,72.04,72.23,72.15,-5,-1,0,-1,-,-,tide_only"
2026-07-10T09:00:00.000-04:00,"2026-7-10 9:00,72.05,72.01,72.21,72.15,-5,-1,0,-1,-,-,tide_only"
2026-07-10T09:05:00.000-04:00,"2026-7-10 9:05,72,71.98,72.2,72.14,-5,-1,0,-1,-,-,tide_only"
2026-07-10T09:10:00.000-04:00,"2026-7-10 9:10,72.01,71.96,72.18,72.14,-3,-1,0,-1,-,-,tide_only"
2026-07-10T09:15:00.000-04:00,"2026-7-10 9:15,72.32,72.07,72.19,72.15,0,0,0,-1,-,-,neutral"
2026-07-10T09:20:00.000-04:00,"2026-7-10 9:20,72.12,72.07,72.19,72.14,0,0,0,-1,-,-,neutral"
2026-07-10T09:25:00.000-04:00,"2026-7-10 9:25,72.11,72.07,72.18,72.14,0,0,0,-1,-,-,neutral"
2026-07-10T09:30:00.000-04:00,"2026-7-10 9:30,72.08,72.07,72.17,72.14,-5,-1,0,-1,-,-,tide_only"
2026-07-10T09:35:00.000-04:00,"2026-7-10 9:35,71.81,71.96,72.14,72.13,-7,-1,0,-1,-,-,tide_only"
2026-07-10T09:40:00.000-04:00,"2026-7-10 9:40,71.68,71.84,72.11,72.11,-7,-1,-1,-1,-,-,RIDE_both"
2026-07-10T09:45:00.000-04:00,"2026-7-10 9:45,71.7,71.76,72.08,72.09,-7,-1,-1,-1,-,-,RIDE_both"
2026-07-10T09:50:00.000-04:00,"2026-7-10 9:50,71.66,71.69,72.05,72.08,-5,-1,-1,-1,-,-,RIDE_both"
2026-07-10T09:55:00.000-04:00,"2026-7-10 9:55,71.59,71.62,72.01,72.06,-3,-1,-1,-1,-,-,RIDE_both"
2026-07-10T10:00:00.000-04:00,"2026-7-10 10:00,71.61,71.57,71.98,72.04,-3,-1,-1,-1,-,-,RIDE_both"
2026-07-10T10:05:00.000-04:00,"2026-7-10 10:05,71.71,71.59,71.96,72.03,0,0,-1,-1,-,-,neutral"
2026-07-10T10:10:00.000-04:00,"2026-7-10 10:10,71.8,71.63,71.95,72.02,0,0,-1,-1,-,-,neutral"
2026-07-10T10:15:00.000-04:00,"2026-7-10 10:15,71.72,71.64,71.93,72.01,0,0,-1,-1,-,-,neutral"
2026-07-10T10:20:00.000-04:00,"2026-7-10 10:20,71.75,71.66,71.92,72,0,0,-1,-1,-,-,neutral"
2026-07-10T10:25:00.000-04:00,"2026-7-10 10:25,71.72,71.67,71.9,71.99,0,0,-1,-1,-,-,neutral"
2026-07-10T10:30:00.000-04:00,"2026-7-10 10:30,72.12,71.82,71.92,71.99,3,1,-1,-1,B,-,FIGHT"
2026-07-10T10:35:00.000-04:00,"2026-7-10 10:35,72,71.89,71.92,71.99,3,1,-1,-1,-,-,FIGHT"
2026-07-10T10:40:00.000-04:00,"2026-7-10 10:40,72.02,71.95,71.93,71.99,5,1,0,-1,-,-,FIGHT"
2026-07-10T10:45:00.000-04:00,"2026-7-10 10:45,71.9,71.95,71.93,71.99,0,0,0,-1,-,-,neutral"
2026-07-10T10:50:00.000-04:00,"2026-7-10 10:50,71.86,71.93,71.92,71.98,-5,0,0,-1,-,-,neutral"
2026-07-10T10:55:00.000-04:00,"2026-7-10 10:55,71.95,71.95,71.93,71.98,7,0,0,0,-,-,neutral"
2026-07-10T11:00:00.000-04:00,"2026-7-10 11:00,71.66,71.86,71.91,71.97,-5,-1,0,0,S,-,FIGHT"
2026-07-10T11:05:00.000-04:00,"2026-7-10 11:05,71.57,71.76,71.88,71.95,-7,-1,0,0,-,-,FIGHT"
2026-07-10T11:10:00.000-04:00,"2026-7-10 11:10,71.36,71.6,71.84,71.93,-7,-1,-1,0,-,-,wave_only"
2026-07-10T11:15:00.000-04:00,"2026-7-10 11:15,71.37,71.5,71.8,71.91,-7,-1,-1,0,-,-,wave_only"
2026-07-10T11:20:00.000-04:00,"2026-7-10 11:20,71.29,71.39,71.76,71.88,-7,-1,-1,0,-,-,wave_only"
2026-07-10T11:25:00.000-04:00,"2026-7-10 11:25,71.34,71.34,71.73,71.86,-7,-1,-1,0,-,-,wave_only"
2026-07-10T11:30:00.000-04:00,"2026-7-10 11:30,71.23,71.26,71.69,71.84,-7,-1,-1,0,-,-,wave_only"
2026-07-10T11:35:00.000-04:00,"2026-7-10 11:35,71.21,71.2,71.66,71.81,-7,-1,-1,0,-,-,wave_only"
2026-07-10T11:40:00.000-04:00,"2026-7-10 11:40,71.24,71.17,71.62,71.79,0,0,-1,0,-,-,neutral"
2026-07-10T11:45:00.000-04:00,"2026-7-10 11:45,71.14,71.12,71.59,71.77,-7,-1,-1,0,-,-,wave_only"
2026-07-10T11:50:00.000-04:00,"2026-7-10 11:50,70.87,70.99,71.53,71.73,-7,-1,-1,0,-,-,wave_only"
2026-07-10T11:55:00.000-04:00,"2026-7-10 11:55,71.01,70.95,71.49,71.7,-3,-1,-1,-1,-,-,RIDE_both"
2026-07-10T12:00:00.000-04:00,"2026-7-10 12:00,71.27,71.02,71.47,71.69,0,0,-1,-1,-,-,neutral"
2026-07-10T12:05:00.000-04:00,"2026-7-10 12:05,71.23,71.07,71.46,71.67,0,0,-1,-1,-,-,neutral"
2026-07-10T12:10:00.000-04:00,"2026-7-10 12:10,71.25,71.11,71.44,71.65,0,0,0,-1,-,-,neutral"
2026-07-10T12:15:00.000-04:00,"2026-7-10 12:15,71.31,71.17,71.43,71.64,0,0,0,-1,-,-,neutral"
2026-07-10T12:20:00.000-04:00,"2026-7-10 12:20,71.23,71.18,71.41,71.62,0,0,0,-1,-,-,neutral"
2026-07-10T12:25:00.000-04:00,"2026-7-10 12:25,71.24,71.2,71.4,71.61,0,0,0,-1,-,-,neutral"
2026-07-10T12:30:00.000-04:00,"2026-7-10 12:30,71.26,71.22,71.39,71.59,0,0,0,-1,-,-,neutral"
2026-07-10T12:35:00.000-04:00,"2026-7-10 12:35,71.26,71.24,71.38,71.58,0,0,0,-1,-,-,neutral"
2026-07-10T12:40:00.000-04:00,"2026-7-10 12:40,71.19,71.22,71.37,71.56,-7,-1,0,-1,-,-,tide_only"
2026-07-10T12:45:00.000-04:00,"2026-7-10 12:45,71.1,71.18,71.34,71.55,-7,-1,0,-1,-,-,tide_only"
2026-07-10T12:50:00.000-04:00,"2026-7-10 12:50,71.12,71.16,71.33,71.53,-7,-1,0,-1,-,-,tide_only"
2026-07-10T12:55:00.000-04:00,"2026-7-10 12:55,71.08,71.13,71.31,71.51,-7,-1,0,-1,-,-,tide_only"
2026-07-10T13:00:00.000-04:00,"2026-7-10 13:00,71.11,71.12,71.29,71.5,-7,-1,0,-1,-,-,tide_only"
2026-07-10T13:05:00.000-04:00,"2026-7-10 13:05,71.23,71.15,71.29,71.49,3,1,0,-1,B,-,FIGHT"
2026-07-10T13:10:00.000-04:00,"2026-7-10 13:10,71.33,71.22,71.29,71.48,3,1,0,-1,-,-,FIGHT"
2026-07-10T13:15:00.000-04:00,"2026-7-10 13:15,71.27,71.25,71.29,71.47,3,1,0,-1,-,-,FIGHT"
2026-07-10T13:20:00.000-04:00,"2026-7-10 13:20,71.25,71.26,71.29,71.46,3,1,0,-1,-,-,FIGHT"
2026-07-10T13:25:00.000-04:00,"2026-7-10 13:25,71.25,71.27,71.28,71.45,0,0,0,-1,-,-,neutral"
2026-07-10T13:30:00.000-04:00,"2026-7-10 13:30,71.26,71.27,71.28,71.45,0,0,0,-1,-,-,neutral"
2026-07-10T13:35:00.000-04:00,"2026-7-10 13:35,71.36,71.32,71.29,71.44,5,1,0,-1,-,-,FIGHT"
2026-07-10T13:40:00.000-04:00,"2026-7-10 13:40,71.32,71.33,71.29,71.44,5,1,0,-1,-,-,FIGHT"
2026-07-10T13:45:00.000-04:00,"2026-7-10 13:45,71.24,71.31,71.29,71.43,0,0,0,-1,-,-,neutral"
2026-07-10T13:50:00.000-04:00,"2026-7-10 13:50,71.21,71.29,71.28,71.42,0,0,0,-1,-,-,neutral"
2026-07-10T13:55:00.000-04:00,"2026-7-10 13:55,71.29,71.3,71.28,71.42,0,0,0,-1,-,-,neutral"
2026-07-10T14:00:00.000-04:00,"2026-7-10 14:00,71.28,71.3,71.28,71.41,0,0,0,-1,-,-,neutral"
2026-07-10T14:05:00.000-04:00,"2026-7-10 14:05,71.27,71.3,71.28,71.41,0,0,0,-1,-,-,neutral"
2026-07-10T14:10:00.000-04:00,"2026-7-10 14:10,71.27,71.29,71.28,71.4,0,0,0,-1,-,-,neutral"
2026-07-10T14:15:00.000-04:00,"2026-7-10 14:15,71.3,71.3,71.28,71.4,0,0,0,-1,-,-,neutral"
2026-07-10T14:20:00.000-04:00,"2026-7-10 14:20,71.32,71.31,71.28,71.39,5,1,0,-1,-,-,FIGHT"
2026-07-10T14:25:00.000-04:00,"2026-7-10 14:25,71.41,71.36,71.29,71.39,5,1,0,-1,-,-,FIGHT"
2026-07-10T14:30:00.000-04:00,"2026-7-10 14:30,71.39,71.38,71.3,71.39,5,1,0,-1,-,-,FIGHT"
2026-07-10T14:35:00.000-04:00,"2026-7-10 14:35,71.54,71.45,71.32,71.4,5,1,0,-1,-,-,FIGHT"
2026-07-10T14:40:00.000-04:00,"2026-7-10 14:40,71.57,71.51,71.34,71.41,5,1,0,-1,-,-,FIGHT"
2026-07-10T14:45:00.000-04:00,"2026-7-10 14:45,71.54,71.54,71.35,71.41,5,1,0,-1,-,-,FIGHT"
2026-07-10T14:50:00.000-04:00,"2026-7-10 14:50,71.55,71.57,71.37,71.42,3,1,0,-1,-,-,FIGHT"
2026-07-10T14:55:00.000-04:00,"2026-7-10 14:55,71.57,71.59,71.38,71.42,3,1,1,0,-,-,wave_only"
2026-07-10T15:00:00.000-04:00,"2026-7-10 15:00,71.56,71.6,71.4,71.43,0,0,1,0,-,-,neutral"
2026-07-10T15:05:00.000-04:00,"2026-7-10 15:05,71.56,71.61,71.41,71.43,0,0,1,0,-,-,neutral"
2026-07-10T15:10:00.000-04:00,"2026-7-10 15:10,71.58,71.62,71.42,71.44,0,0,1,0,-,-,neutral"
2026-07-10T15:15:00.000-04:00,"2026-7-10 15:15,71.63,71.64,71.44,71.45,5,1,1,0,-,-,wave_only"
2026-07-10T15:20:00.000-04:00,"2026-7-10 15:20,71.61,71.64,71.45,71.45,0,0,1,0,-,-,neutral"
2026-07-10T15:25:00.000-04:00,"2026-7-10 15:25,71.62,71.65,71.47,71.46,0,0,1,0,-,-,neutral"
2026-07-10T15:30:00.000-04:00,"2026-7-10 15:30,71.58,71.64,71.47,71.46,0,0,1,0,-,-,neutral"
2026-07-10T15:35:00.000-04:00,"2026-7-10 15:35,71.56,71.62,71.48,71.47,0,0,1,0,-,-,neutral"
2026-07-10T15:40:00.000-04:00,"2026-7-10 15:40,71.63,71.63,71.49,71.47,0,0,1,0,-,-,neutral"
2026-07-10T15:45:00.000-04:00,"2026-7-10 15:45,71.59,71.62,71.5,71.48,0,0,1,0,-,-,neutral"
2026-07-10T15:50:00.000-04:00,"2026-7-10 15:50,71.61,71.62,71.51,71.48,0,0,1,0,-,-,neutral"
2026-07-10T15:55:00.000-04:00,"2026-7-10 15:55,71.58,71.61,71.51,71.49,0,0,0,0,-,-,neutral"
2026-07-10T16:00:00.000-04:00,"2026-7-10 16:00,71.51,71.58,71.51,71.49,0,0,0,0,-,-,neutral"
2026-07-10T16:05:00.000-04:00,"2026-7-10 16:05,71.57,71.57,71.52,71.49,0,0,0,0,-,-,neutral"
2026-07-10T16:10:00.000-04:00,"2026-7-10 16:10,71.55,71.56,71.52,71.49,0,0,0,0,-,-,neutral"
2026-07-10T16:15:00.000-04:00,"2026-7-10 16:15,71.58,71.57,71.53,71.5,7,1,0,0,-,-,FIGHT"
2026-07-10T16:20:00.000-04:00,"2026-7-10 16:20,71.57,71.56,71.53,71.5,0,0,0,0,-,-,neutral"
2026-07-10T16:25:00.000-04:00,"2026-7-10 16:25,71.57,71.56,71.53,71.5,0,0,0,0,-,-,neutral"
2026-07-10T16:30:00.000-04:00,"2026-7-10 16:30,71.63,71.58,71.54,71.51,7,1,0,0,-,-,FIGHT"
2026-07-10T16:35:00.000-04:00,"2026-7-10 16:35,71.53,71.56,71.54,71.51,-3,0,0,0,-,-,neutral"
2026-07-10T16:40:00.000-04:00,"2026-7-10 16:40,71.52,71.54,71.54,71.51,-5,-1,0,0,S,-,FIGHT"
2026-07-10T16:45:00.000-04:00,"2026-7-10 16:45,71.54,71.54,71.54,71.51,-5,0,0,0,-,-,neutral"
2026-07-10T16:50:00.000-04:00,"2026-7-10 16:50,71.48,71.51,71.53,71.51,-5,-1,0,0,-,-,FIGHT"
2026-07-10T16:55:00.000-04:00,"2026-7-10 16:55,71.51,71.5,71.53,71.51,-5,-1,0,0,-,-,FIGHT"
2026-07-12T18:00:00.000-04:00,"2026-7-12 18:00,73.82,72.35,71.71,71.6,5,1,0,0,B,-,FIGHT"
2026-07-12T18:05:00.000-04:00,"2026-7-12 18:05,74.13,73.09,71.89,71.7,7,1,0,0,-,-,FIGHT"
2026-07-12T18:10:00.000-04:00,"2026-7-12 18:10,74.06,73.59,72.06,71.79,7,1,1,0,-,-,wave_only"
2026-07-12T18:15:00.000-04:00,"2026-7-12 18:15,73.86,73.87,72.2,71.87,7,1,1,0,-,-,wave_only"
2026-07-12T18:20:00.000-04:00,"2026-7-12 18:20,73.74,74,72.32,71.95,7,1,1,0,-,-,wave_only"
2026-07-12T18:25:00.000-04:00,"2026-7-12 18:25,73.66,74.05,72.42,72.01,0,0,1,0,-,-,neutral"
2026-07-12T18:30:00.000-04:00,"2026-7-12 18:30,73.65,74.06,72.52,72.08,0,0,1,0,-,-,neutral"
2026-07-12T18:35:00.000-04:00,"2026-7-12 18:35,73.61,74.04,72.6,72.14,0,0,1,0,-,-,neutral"
2026-07-12T18:40:00.000-04:00,"2026-7-12 18:40,73.61,74,72.68,72.2,0,0,1,0,-,-,neutral"
2026-07-12T18:45:00.000-04:00,"2026-7-12 18:45,73.67,73.98,72.75,72.25,0,0,1,0,-,-,neutral"
2026-07-12T18:50:00.000-04:00,"2026-7-12 18:50,73.74,73.98,72.83,72.31,0,0,1,0,-,-,neutral"
2026-07-12T18:55:00.000-04:00,"2026-7-12 18:55,73.69,73.95,72.9,72.37,0,0,1,1,-,-,neutral"
2026-07-12T19:00:00.000-04:00,"2026-7-12 19:00,73.68,73.91,72.96,72.42,0,0,1,1,-,-,neutral"
2026-07-12T19:05:00.000-04:00,"2026-7-12 19:05,73.66,73.87,73.01,72.47,0,0,1,1,-,-,neutral"
2026-07-12T19:10:00.000-04:00,"2026-7-12 19:10,73.68,73.83,73.06,72.51,0,0,1,1,-,-,neutral"
2026-07-12T19:15:00.000-04:00,"2026-7-12 19:15,73.65,73.79,73.11,72.56,0,0,1,1,-,-,neutral"
2026-07-12T19:20:00.000-04:00,"2026-7-12 19:20,73.66,73.76,73.15,72.6,0,0,1,1,-,-,neutral"
2026-07-12T19:25:00.000-04:00,"2026-7-12 19:25,73.75,73.76,73.2,72.65,0,0,1,1,-,-,neutral"
2026-07-12T19:30:00.000-04:00,"2026-7-12 19:30,73.73,73.76,73.24,72.69,0,0,1,1,-,-,neutral"
2026-07-12T19:35:00.000-04:00,"2026-7-12 19:35,73.85,73.79,73.28,72.73,7,1,1,1,-,-,RIDE_both"
2026-07-12T19:40:00.000-04:00,"2026-7-12 19:40,73.82,73.81,73.33,72.78,0,0,0,1,-,-,neutral"
2026-07-12T19:45:00.000-04:00,"2026-7-12 19:45,73.67,73.76,73.35,72.81,0,0,0,1,-,-,neutral"
2026-07-12T19:50:00.000-04:00,"2026-7-12 19:50,73.78,73.76,73.38,72.85,3,1,0,1,-,-,tide_only"
2026-07-12T19:55:00.000-04:00,"2026-7-12 19:55,73.78,73.76,73.42,72.89,3,1,0,1,-,-,tide_only"
2026-07-12T20:00:00.000-04:00,"2026-7-12 20:00,73.81,73.77,73.45,72.92,7,1,0,1,-,-,tide_only"
2026-07-12T20:05:00.000-04:00,"2026-7-12 20:05,73.86,73.8,73.48,72.96,7,1,0,1,-,-,tide_only"
2026-07-12T20:10:00.000-04:00,"2026-7-12 20:10,73.92,73.84,73.51,73,7,1,0,1,-,-,tide_only"
2026-07-12T20:15:00.000-04:00,"2026-7-12 20:15,74.06,73.92,73.55,73.04,7,1,0,1,-,-,tide_only"
2026-07-12T20:20:00.000-04:00,"2026-7-12 20:20,73.92,73.92,73.58,73.07,7,1,0,1,-,-,tide_only"
2026-07-12T20:25:00.000-04:00,"2026-7-12 20:25,73.92,73.92,73.61,73.11,3,1,0,1,-,-,tide_only"
2026-07-12T20:30:00.000-04:00,"2026-7-12 20:30,74.11,73.99,73.65,73.15,7,1,0,1,-,-,tide_only"
2026-07-12T20:35:00.000-04:00,"2026-7-12 20:35,74.22,74.08,73.69,73.19,7,1,0,1,-,-,tide_only"
2026-07-12T20:40:00.000-04:00,"2026-7-12 20:40,74.39,74.21,73.74,73.24,7,1,1,1,-,-,RIDE_both"
2026-07-12T20:45:00.000-04:00,"2026-7-12 20:45,74.24,74.24,73.78,73.27,7,0,1,1,-,-,neutral"
2026-07-12T20:50:00.000-04:00,"2026-7-12 20:50,74.29,74.28,73.82,73.31,7,0,1,1,-,-,neutral"
2026-07-12T20:55:00.000-04:00,"2026-7-12 20:55,74.27,74.3,73.86,73.35,7,0,0,1,-,-,neutral"
2026-07-12T21:00:00.000-04:00,"2026-7-12 21:00,74.36,74.35,73.89,73.39,7,1,0,1,-,-,tide_only"
2026-07-12T21:05:00.000-04:00,"2026-7-12 21:05,74.44,74.4,73.94,73.43,7,1,0,1,-,-,tide_only"
2026-07-12T21:10:00.000-04:00,"2026-7-12 21:10,74.36,74.41,73.97,73.47,7,1,0,1,-,-,tide_only"
2026-07-12T21:15:00.000-04:00,"2026-7-12 21:15,74.19,74.35,73.99,73.5,0,0,0,1,-,-,neutral"
2026-07-12T21:20:00.000-04:00,"2026-7-12 21:20,74.52,74.43,74.03,73.54,7,1,0,1,-,-,tide_only"
2026-07-12T21:25:00.000-04:00,"2026-7-12 21:25,74.31,74.4,74.05,73.57,0,0,0,1,-,-,neutral"
2026-07-12T21:30:00.000-04:00,"2026-7-12 21:30,74.57,74.47,74.09,73.61,7,1,0,1,-,-,tide_only"
2026-07-12T21:35:00.000-04:00,"2026-7-12 21:35,74.42,74.47,74.11,73.64,0,0,0,1,-,-,neutral"
2026-07-12T21:40:00.000-04:00,"2026-7-12 21:40,74.48,74.49,74.14,73.67,7,1,0,1,-,-,tide_only"
2026-07-12T21:45:00.000-04:00,"2026-7-12 21:45,74.53,74.52,74.17,73.71,7,1,0,1,-,-,tide_only"
2026-07-12T21:50:00.000-04:00,"2026-7-12 21:50,74.47,74.51,74.2,73.74,0,0,0,1,-,-,neutral"
2026-07-12T21:55:00.000-04:00,"2026-7-12 21:55,74.37,74.47,74.21,73.76,-3,0,0,1,-,-,neutral"
2026-07-12T22:00:00.000-04:00,"2026-7-12 22:00,74.46,74.47,74.23,73.79,7,1,0,1,-,-,tide_only"
2026-07-12T22:05:00.000-04:00,"2026-7-12 22:05,74.33,74.42,74.24,73.81,0,0,0,1,-,-,neutral"
2026-07-12T22:10:00.000-04:00,"2026-7-12 22:10,74.39,74.41,74.25,73.83,-3,-1,0,1,S,-,FIGHT"
2026-07-12T22:15:00.000-04:00,"2026-7-12 22:15,74.5,74.43,74.27,73.86,7,1,0,1,B,-,tide_only"
2026-07-12T22:20:00.000-04:00,"2026-7-12 22:20,74.5,74.46,74.29,73.88,7,1,0,1,-,-,tide_only"
2026-07-12T22:25:00.000-04:00,"2026-7-12 22:25,74.48,74.46,74.3,73.91,7,0,0,1,-,-,neutral"
2026-07-12T22:30:00.000-04:00,"2026-7-12 22:30,74.25,74.38,74.3,73.92,-3,-1,0,1,S,-,FIGHT"
2026-07-12T22:35:00.000-04:00,"2026-7-12 22:35,74.22,74.31,74.29,73.93,-5,-1,0,1,-,-,FIGHT"
2026-07-12T22:40:00.000-04:00,"2026-7-12 22:40,74.27,74.28,74.29,73.95,-5,-1,0,1,-,-,FIGHT"
2026-07-12T22:45:00.000-04:00,"2026-7-12 22:45,74.16,74.22,74.28,73.95,-5,-1,0,1,-,-,FIGHT"
2026-07-12T22:50:00.000-04:00,"2026-7-12 22:50,74.27,74.21,74.28,73.97,0,0,0,1,-,-,neutral"
2026-07-12T22:55:00.000-04:00,"2026-7-12 22:55,74.24,74.2,74.28,73.98,-5,-1,0,1,-,-,FIGHT"
2026-07-12T23:00:00.000-04:00,"2026-7-12 23:00,74.38,74.25,74.28,73.99,0,0,0,1,-,-,neutral"
2026-07-12T23:05:00.000-04:00,"2026-7-12 23:05,74.39,74.29,74.29,74.01,0,0,0,1,-,-,neutral"
2026-07-12T23:10:00.000-04:00,"2026-7-12 23:10,74.41,74.32,74.3,74.02,7,0,1,1,-,-,neutral"
2026-07-12T23:15:00.000-04:00,"2026-7-12 23:15,74.4,74.35,74.31,74.04,7,1,1,1,B,BUY,RIDE_both"
2026-07-12T23:20:00.000-04:00,"2026-7-12 23:20,74.36,74.35,74.31,74.05,7,0,1,1,-,-,neutral"
2026-07-12T23:25:00.000-04:00,"2026-7-12 23:25,74.31,74.33,74.31,74.06,-3,-1,0,1,S,-,FIGHT"
2026-07-12T23:30:00.000-04:00,"2026-7-12 23:30,74.2,74.28,74.3,74.07,-5,-1,0,1,-,-,FIGHT"
2026-07-12T23:35:00.000-04:00,"2026-7-12 23:35,74.26,74.26,74.3,74.07,-5,-1,0,1,-,-,FIGHT"
2026-07-12T23:40:00.000-04:00,"2026-7-12 23:40,74.33,74.28,74.3,74.08,0,0,0,1,-,-,neutral"
2026-07-12T23:45:00.000-04:00,"2026-7-12 23:45,74.25,74.26,74.3,74.09,-5,-1,0,1,-,-,FIGHT"
2026-07-12T23:50:00.000-04:00,"2026-7-12 23:50,74.31,74.27,74.3,74.1,0,0,0,1,-,-,neutral"
2026-07-12T23:55:00.000-04:00,"2026-7-12 23:55,74.3,74.28,74.3,74.11,0,0,0,1,-,-,neutral"
2026-07-13T00:00:00.000-04:00,"2026-7-13 0:00,74.3,74.28,74.3,74.11,0,0,0,1,-,-,neutral"
2026-07-13T00:05:00.000-04:00,"2026-7-13 0:05,74.32,74.29,74.3,74.12,0,0,0,1,-,-,neutral"
2026-07-13T00:10:00.000-04:00,"2026-7-13 0:10,74.32,74.3,74.3,74.13,0,0,0,1,-,-,neutral"
2026-07-13T00:15:00.000-04:00,"2026-7-13 0:15,74.35,74.32,74.31,74.14,0,0,0,1,-,-,neutral"
2026-07-13T00:20:00.000-04:00,"2026-7-13 0:20,74.32,74.32,74.31,74.15,0,0,0,1,-,-,neutral"
2026-07-13T00:25:00.000-04:00,"2026-7-13 0:25,74.35,74.33,74.31,74.15,7,1,0,1,B,-,tide_only"
2026-07-13T00:30:00.000-04:00,"2026-7-13 0:30,74.41,74.36,74.32,74.16,7,1,0,1,-,-,tide_only"
2026-07-13T00:35:00.000-04:00,"2026-7-13 0:35,74.41,74.38,74.33,74.17,7,1,0,1,-,-,tide_only"
2026-07-13T00:40:00.000-04:00,"2026-7-13 0:40,74.47,74.42,74.34,74.19,7,1,1,1,-,-,RIDE_both"
2026-07-13T00:45:00.000-04:00,"2026-7-13 0:45,74.52,74.47,74.35,74.2,7,1,1,1,-,-,RIDE_both"
2026-07-13T00:50:00.000-04:00,"2026-7-13 0:50,74.5,74.49,74.36,74.21,7,1,1,1,-,-,RIDE_both"
2026-07-13T00:55:00.000-04:00,"2026-7-13 0:55,74.53,74.52,74.37,74.22,7,1,1,1,-,-,RIDE_both"
2026-07-13T01:00:00.000-04:00,"2026-7-13 1:00,74.55,74.55,74.39,74.24,7,1,1,1,-,-,RIDE_both"
2026-07-13T01:05:00.000-04:00,"2026-7-13 1:05,74.55,74.56,74.4,74.25,7,1,1,1,-,-,RIDE_both"
2026-07-13T01:10:00.000-04:00,"2026-7-13 1:10,74.49,74.55,74.41,74.26,0,0,1,1,-,-,neutral"
2026-07-13T01:15:00.000-04:00,"2026-7-13 1:15,74.49,74.54,74.41,74.27,0,0,1,1,-,-,neutral"
2026-07-13T01:20:00.000-04:00,"2026-7-13 1:20,74.58,74.57,74.43,74.28,7,1,1,1,-,-,RIDE_both"
2026-07-13T01:25:00.000-04:00,"2026-7-13 1:25,74.7,74.63,74.45,74.3,7,1,1,1,-,-,RIDE_both"
2026-07-13T01:30:00.000-04:00,"2026-7-13 1:30,74.66,74.66,74.46,74.31,7,0,1,1,-,-,neutral"
2026-07-13T01:35:00.000-04:00,"2026-7-13 1:35,74.67,74.68,74.48,74.32,7,1,1,1,-,-,RIDE_both"
2026-07-13T01:40:00.000-04:00,"2026-7-13 1:40,74.95,74.8,74.52,74.35,7,1,1,1,-,-,RIDE_both"
2026-07-13T01:45:00.000-04:00,"2026-7-13 1:45,74.87,74.85,74.54,74.37,7,1,1,1,-,-,RIDE_both"
2026-07-13T01:50:00.000-04:00,"2026-7-13 1:50,74.79,74.86,74.56,74.39,0,0,1,1,-,-,neutral"
2026-07-13T01:55:00.000-04:00,"2026-7-13 1:55,74.7,74.82,74.57,74.4,0,0,1,1,-,-,neutral"
2026-07-13T02:00:00.000-04:00,"2026-7-13 2:00,74.62,74.77,74.58,74.41,0,0,1,1,-,-,neutral"
2026-07-13T02:05:00.000-04:00,"2026-7-13 2:05,74.59,74.71,74.58,74.41,0,0,1,1,-,-,neutral"
2026-07-13T02:10:00.000-04:00,"2026-7-13 2:10,74.51,74.64,74.57,74.42,-3,-1,0,1,S,-,FIGHT"
2026-07-13T02:15:00.000-04:00,"2026-7-13 2:15,74.33,74.52,74.55,74.41,-5,-1,0,1,-,-,FIGHT"
2026-07-13T02:20:00.000-04:00,"2026-7-13 2:20,74.36,74.45,74.54,74.41,-5,-1,0,1,-,-,FIGHT"
2026-07-13T02:25:00.000-04:00,"2026-7-13 2:25,74.33,74.38,74.52,74.41,-5,-1,0,1,-,-,FIGHT"
2026-07-13T02:30:00.000-04:00,"2026-7-13 2:30,74.35,74.34,74.51,74.41,-5,-1,0,1,-,-,FIGHT"
2026-07-13T02:35:00.000-04:00,"2026-7-13 2:35,74.27,74.29,74.49,74.4,-5,-1,0,1,-,-,FIGHT"
2026-07-13T02:40:00.000-04:00,"2026-7-13 2:40,74.19,74.22,74.47,74.39,-5,-1,-1,1,-,-,wave_only"
2026-07-13T02:45:00.000-04:00,"2026-7-13 2:45,74.09,74.14,74.44,74.38,-5,-1,-1,1,-,-,wave_only"
2026-07-13T02:50:00.000-04:00,"2026-7-13 2:50,74.09,74.08,74.41,74.37,-5,-1,-1,1,-,-,wave_only"
2026-07-13T02:55:00.000-04:00,"2026-7-13 2:55,74.05,74.03,74.38,74.36,-5,-1,-1,0,-,-,wave_only"
2026-07-13T03:00:00.000-04:00,"2026-7-13 3:00,74.05,74,74.36,74.34,-5,-1,-1,0,-,-,wave_only"
2026-07-13T03:05:00.000-04:00,"2026-7-13 3:05,74.15,74.01,74.34,74.34,0,0,-1,0,-,-,neutral"
2026-07-13T03:10:00.000-04:00,"2026-7-13 3:10,73.98,73.97,74.31,74.32,-3,-1,-1,0,-,-,wave_only"
2026-07-13T03:15:00.000-04:00,"2026-7-13 3:15,74.05,73.96,74.29,74.31,0,0,-1,0,-,-,neutral"
2026-07-13T03:20:00.000-04:00,"2026-7-13 3:20,74.03,73.96,74.27,74.3,0,0,-1,0,-,-,neutral"
2026-07-13T03:25:00.000-04:00,"2026-7-13 3:25,74.1,73.98,74.26,74.29,0,0,-1,0,-,-,neutral"
2026-07-13T03:30:00.000-04:00,"2026-7-13 3:30,74.07,73.99,74.25,74.28,0,0,-1,0,-,-,neutral"
2026-07-13T03:35:00.000-04:00,"2026-7-13 3:35,73.86,73.93,74.22,74.27,-7,-1,-1,0,-,-,wave_only"
2026-07-13T03:40:00.000-04:00,"2026-7-13 3:40,73.89,73.89,74.19,74.25,-7,-1,-1,0,-,-,wave_only"
2026-07-13T03:45:00.000-04:00,"2026-7-13 3:45,73.93,73.88,74.17,74.24,0,0,-1,0,-,-,neutral"
2026-07-13T03:50:00.000-04:00,"2026-7-13 3:50,73.96,73.89,74.15,74.23,0,0,-1,0,-,-,neutral"
2026-07-13T03:55:00.000-04:00,"2026-7-13 3:55,74.03,73.93,74.15,74.22,0,0,-1,0,-,-,neutral"
2026-07-13T04:00:00.000-04:00,"2026-7-13 4:00,73.75,73.85,74.11,74.2,-7,-1,-1,0,-,-,wave_only"
2026-07-13T04:05:00.000-04:00,"2026-7-13 4:05,73.54,73.72,74.07,74.18,-7,-1,-1,0,-,-,wave_only"
2026-07-13T04:10:00.000-04:00,"2026-7-13 4:10,73.44,73.59,74.02,74.15,-7,-1,-1,0,-,-,wave_only"
2026-07-13T04:15:00.000-04:00,"2026-7-13 4:15,73.24,73.42,73.96,74.11,-5,-1,-1,0,-,-,wave_only"
2026-07-13T04:20:00.000-04:00,"2026-7-13 4:20,73.42,73.38,73.92,74.09,0,0,-1,0,-,-,neutral"
2026-07-13T04:25:00.000-04:00,"2026-7-13 4:25,73.22,73.27,73.87,74.05,-7,-1,-1,0,-,-,wave_only"
2026-07-13T04:30:00.000-04:00,"2026-7-13 4:30,73.32,73.24,73.82,74.02,0,0,-1,0,-,-,neutral"
2026-07-13T04:35:00.000-04:00,"2026-7-13 4:35,73.45,73.27,73.8,74,0,0,-1,0,-,-,neutral"
2026-07-13T04:40:00.000-04:00,"2026-7-13 4:40,73.38,73.27,73.76,73.98,0,0,-1,0,-,-,neutral"
2026-07-13T04:45:00.000-04:00,"2026-7-13 4:45,73.12,73.18,73.71,73.94,-7,-1,-1,0,-,-,wave_only"
2026-07-13T04:50:00.000-04:00,"2026-7-13 4:50,72.94,73.05,73.65,73.9,-7,-1,-1,0,-,-,wave_only"
2026-07-13T04:55:00.000-04:00,"2026-7-13 4:55,73.06,73.01,73.61,73.87,-7,0,-1,0,-,-,neutral"
2026-07-13T05:00:00.000-04:00,"2026-7-13 5:00,72.85,72.91,73.55,73.83,-7,-1,-1,0,-,-,wave_only"
2026-07-13T05:05:00.000-04:00,"2026-7-13 5:05,72.82,72.83,73.49,73.79,-7,-1,-1,0,-,-,wave_only"
2026-07-13T05:10:00.000-04:00,"2026-7-13 5:10,72.99,72.84,73.46,73.76,0,0,0,0,-,-,neutral"
2026-07-13T05:15:00.000-04:00,"2026-7-13 5:15,72.73,72.76,73.4,73.72,-7,-1,0,0,-,-,FIGHT"
2026-07-13T05:20:00.000-04:00,"2026-7-13 5:20,72.71,72.7,73.35,73.68,-7,0,0,0,-,-,neutral"
2026-07-13T05:25:00.000-04:00,"2026-7-13 5:25,72.86,72.71,73.31,73.65,0,0,0,0,-,-,neutral"
2026-07-13T05:30:00.000-04:00,"2026-7-13 5:30,72.79,72.71,73.27,73.61,-3,-1,0,0,-,-,FIGHT"
2026-07-13T05:35:00.000-04:00,"2026-7-13 5:35,72.73,72.68,73.23,73.58,-3,-1,0,0,-,-,FIGHT"
2026-07-13T05:40:00.000-04:00,"2026-7-13 5:40,72.65,72.64,73.18,73.54,-7,-1,0,0,-,-,FIGHT"
2026-07-13T05:45:00.000-04:00,"2026-7-13 5:45,72.8,72.67,73.15,73.51,0,0,0,0,-,-,neutral"
2026-07-13T05:50:00.000-04:00,"2026-7-13 5:50,72.97,72.76,73.14,73.49,0,0,0,0,-,-,neutral"
2026-07-13T05:55:00.000-04:00,"2026-7-13 5:55,73.12,72.89,73.14,73.48,0,0,0,0,-,-,neutral"
2026-07-13T06:00:00.000-04:00,"2026-7-13 6:00,73.31,73.05,73.15,73.47,3,1,0,0,B,-,FIGHT"
2026-07-13T06:05:00.000-04:00,"2026-7-13 6:05,73.35,73.19,73.17,73.47,5,1,0,0,-,-,FIGHT"
2026-07-13T06:10:00.000-04:00,"2026-7-13 6:10,73.51,73.34,73.19,73.47,5,1,0,0,-,-,FIGHT"
2026-07-13T06:15:00.000-04:00,"2026-7-13 6:15,73.46,73.43,73.21,73.47,5,1,0,0,-,-,FIGHT"
2026-07-13T06:20:00.000-04:00,"2026-7-13 6:20,73.62,73.56,73.24,73.47,5,1,0,0,-,-,FIGHT"
2026-07-13T06:25:00.000-04:00,"2026-7-13 6:25,73.68,73.66,73.28,73.48,5,1,0,0,-,-,FIGHT"
2026-07-13T06:30:00.000-04:00,"2026-7-13 6:30,73.8,73.78,73.32,73.49,5,1,0,0,-,-,FIGHT"
2026-07-13T06:35:00.000-04:00,"2026-7-13 6:35,73.72,73.83,73.35,73.5,3,1,0,0,-,-,FIGHT"
2026-07-13T06:40:00.000-04:00,"2026-7-13 6:40,73.73,73.86,73.38,73.51,0,0,0,0,-,-,neutral"
2026-07-13T06:45:00.000-04:00,"2026-7-13 6:45,73.7,73.87,73.4,73.52,0,0,0,0,-,-,neutral"
2026-07-13T06:50:00.000-04:00,"2026-7-13 6:50,73.91,73.94,73.44,73.53,3,1,0,0,-,-,FIGHT"
2026-07-13T06:55:00.000-04:00,"2026-7-13 6:55,73.82,73.95,73.47,73.55,0,0,0,1,-,-,neutral"
2026-07-13T07:00:00.000-04:00,"2026-7-13 7:00,73.97,74.01,73.51,73.56,5,1,0,1,-,-,tide_only"
2026-07-13T07:05:00.000-04:00,"2026-7-13 7:05,73.88,74.02,73.54,73.57,0,0,0,1,-,-,neutral"
2026-07-13T07:10:00.000-04:00,"2026-7-13 7:10,73.87,74.01,73.56,73.59,0,0,0,1,-,-,neutral"
2026-07-13T07:15:00.000-04:00,"2026-7-13 7:15,74.01,74.05,73.6,73.6,5,0,0,1,-,-,neutral"
2026-07-13T07:20:00.000-04:00,"2026-7-13 7:20,73.82,74.01,73.62,73.61,0,0,0,1,-,-,neutral"
2026-07-13T07:25:00.000-04:00,"2026-7-13 7:25,73.77,73.95,73.63,73.62,0,0,1,1,-,-,neutral"
2026-07-13T07:30:00.000-04:00,"2026-7-13 7:30,73.79,73.91,73.64,73.62,0,0,1,1,-,-,neutral"
2026-07-13T07:35:00.000-04:00,"2026-7-13 7:35,73.87,73.91,73.66,73.63,0,0,1,1,-,-,neutral"
2026-07-13T07:40:00.000-04:00,"2026-7-13 7:40,73.71,73.85,73.66,73.64,0,0,1,1,-,-,neutral"
2026-07-13T07:45:00.000-04:00,"2026-7-13 7:45,73.78,73.82,73.67,73.64,0,0,1,1,-,-,neutral"
2026-07-13T07:50:00.000-04:00,"2026-7-13 7:50,73.8,73.81,73.68,73.65,0,0,1,1,-,-,neutral"
2026-07-13T07:55:00.000-04:00,"2026-7-13 7:55,73.81,73.81,73.69,73.66,0,0,1,0,-,-,neutral"
2026-07-13T08:00:00.000-04:00,"2026-7-13 8:00,73.82,73.81,73.7,73.66,0,0,1,0,-,-,neutral"
2026-07-13T08:05:00.000-04:00,"2026-7-13 8:05,73.93,73.85,73.72,73.67,7,1,1,0,-,-,wave_only"
2026-07-13T08:10:00.000-04:00,"2026-7-13 8:10,74.09,73.94,73.75,73.69,7,1,1,0,-,-,wave_only"
2026-07-13T08:15:00.000-04:00,"2026-7-13 8:15,74.05,73.99,73.77,73.7,7,1,1,0,-,-,wave_only"
2026-07-13T08:20:00.000-04:00,"2026-7-13 8:20,74.07,74.03,73.79,73.72,5,1,1,0,-,-,wave_only"
2026-07-13T08:25:00.000-04:00,"2026-7-13 8:25,74.12,74.08,73.82,73.73,5,1,1,0,-,-,wave_only"
2026-07-13T08:30:00.000-04:00,"2026-7-13 8:30,74.35,74.19,73.86,73.76,7,1,1,0,-,-,wave_only"
2026-07-13T08:35:00.000-04:00,"2026-7-13 8:35,74.41,74.3,73.9,73.78,7,1,1,0,-,-,wave_only"
2026-07-13T08:40:00.000-04:00,"2026-7-13 8:40,74.34,74.35,73.94,73.8,7,1,1,0,-,-,wave_only"
2026-07-13T08:45:00.000-04:00,"2026-7-13 8:45,74.24,74.34,73.96,73.82,0,0,1,0,-,-,neutral"
2026-07-13T08:50:00.000-04:00,"2026-7-13 8:50,73.99,74.24,73.96,73.83,0,0,1,0,-,-,neutral"
2026-07-13T08:55:00.000-04:00,"2026-7-13 8:55,73.79,74.09,73.95,73.83,0,0,0,0,-,-,neutral"
2026-07-13T09:00:00.000-04:00,"2026-7-13 9:00,73.97,74.04,73.95,73.83,0,0,0,0,-,-,neutral"
2026-07-13T09:05:00.000-04:00,"2026-7-13 9:05,73.83,73.95,73.94,73.83,-5,-1,0,0,S,-,FIGHT"
2026-07-13T09:10:00.000-04:00,"2026-7-13 9:10,73.85,73.9,73.93,73.83,-5,-1,0,0,-,-,FIGHT"
2026-07-13T09:15:00.000-04:00,"2026-7-13 9:15,73.76,73.83,73.92,73.83,-5,-1,0,0,-,-,FIGHT"
2026-07-13T09:20:00.000-04:00,"2026-7-13 9:20,73.63,73.73,73.9,73.82,-5,-1,0,0,-,-,FIGHT"
2026-07-13T09:25:00.000-04:00,"2026-7-13 9:25,73.66,73.67,73.88,73.82,-5,-1,0,0,-,-,FIGHT"
2026-07-13T09:30:00.000-04:00,"2026-7-13 9:30,73.77,73.67,73.87,73.81,0,0,0,0,-,-,neutral"
2026-07-13T09:35:00.000-04:00,"2026-7-13 9:35,74,73.76,73.88,73.82,0,0,0,0,-,-,neutral"
2026-07-13T09:40:00.000-04:00,"2026-7-13 9:40,74,73.83,73.89,73.83,0,0,1,0,-,-,neutral"
2026-07-13T09:45:00.000-04:00,"2026-7-13 9:45,74.07,73.91,73.9,73.84,7,1,1,0,B,-,wave_only"
2026-07-13T09:50:00.000-04:00,"2026-7-13 9:50,73.9,73.9,73.9,73.84,0,0,1,0,-,-,neutral"
2026-07-13T09:55:00.000-04:00,"2026-7-13 9:55,73.72,73.83,73.89,73.84,-5,-1,0,0,S,-,FIGHT"
2026-07-13T10:00:00.000-04:00,"2026-7-13 10:00,73.61,73.74,73.87,73.83,-5,-1,0,0,-,-,FIGHT"
2026-07-13T10:05:00.000-04:00,"2026-7-13 10:05,73.83,73.76,73.87,73.83,0,0,0,0,-,-,neutral"
2026-07-13T10:10:00.000-04:00,"2026-7-13 10:10,73.88,73.79,73.87,73.83,0,0,0,0,-,-,neutral"
2026-07-13T10:15:00.000-04:00,"2026-7-13 10:15,74.84,74.17,73.94,73.87,7,1,0,0,B,-,FIGHT"
2026-07-13T10:20:00.000-04:00,"2026-7-13 10:20,74.46,74.31,73.98,73.89,7,1,0,0,-,-,FIGHT"
2026-07-13T10:25:00.000-04:00,"2026-7-13 10:25,74.78,74.52,74.04,73.93,7,1,1,0,-,-,wave_only"
2026-07-13T10:30:00.000-04:00,"2026-7-13 10:30,74.64,74.62,74.09,73.95,7,1,1,0,-,-,wave_only"
2026-07-13T10:35:00.000-04:00,"2026-7-13 10:35,74.69,74.71,74.13,73.98,5,1,1,0,-,-,wave_only"
2026-07-13T10:40:00.000-04:00,"2026-7-13 10:40,74.46,74.68,74.16,74,0,0,1,0,-,-,neutral"
2026-07-13T10:45:00.000-04:00,"2026-7-13 10:45,74.27,74.58,74.17,74.01,0,0,1,0,-,-,neutral"
2026-07-13T10:50:00.000-04:00,"2026-7-13 10:50,74.55,74.61,74.2,74.03,3,1,1,0,-,-,wave_only"
2026-07-13T10:55:00.000-04:00,"2026-7-13 10:55,74.5,74.6,74.22,74.05,0,0,1,1,-,-,neutral"
2026-07-13T11:00:00.000-04:00,"2026-7-13 11:00,74.54,74.61,74.25,74.07,0,0,1,1,-,-,neutral"
2026-07-13T11:05:00.000-04:00,"2026-7-13 11:05,74.64,74.65,74.28,74.09,3,1,1,1,-,-,RIDE_both"
2026-07-13T11:10:00.000-04:00,"2026-7-13 11:10,74.83,74.74,74.32,74.12,7,1,1,1,-,-,RIDE_both"
2026-07-13T11:15:00.000-04:00,"2026-7-13 11:15,74.8,74.8,74.36,74.15,3,1,1,1,-,-,RIDE_both"
2026-07-13T11:20:00.000-04:00,"2026-7-13 11:20,74.72,74.8,74.38,74.17,0,0,1,1,-,-,neutral"
2026-07-13T11:25:00.000-04:00,"2026-7-13 11:25,74.51,74.72,74.39,74.18,0,0,0,1,-,-,neutral"
2026-07-13T11:30:00.000-04:00,"2026-7-13 11:30,74.66,74.72,74.41,74.2,0,0,0,1,-,-,neutral"
2026-07-13T11:35:00.000-04:00,"2026-7-13 11:35,74.63,74.7,74.43,74.22,0,0,0,1,-,-,neutral"
2026-07-13T11:40:00.000-04:00,"2026-7-13 11:40,74.66,74.7,74.45,74.24,0,0,0,1,-,-,neutral"
2026-07-13T11:45:00.000-04:00,"2026-7-13 11:45,74.55,74.65,74.46,74.25,0,0,0,1,-,-,neutral"
2026-07-13T11:50:00.000-04:00,"2026-7-13 11:50,74.71,74.67,74.48,74.27,3,1,0,1,-,-,tide_only"
2026-07-13T11:55:00.000-04:00,"2026-7-13 11:55,74.84,74.74,74.5,74.29,7,1,1,1,-,-,RIDE_both"
2026-07-13T12:00:00.000-04:00,"2026-7-13 12:00,74.84,74.78,74.53,74.31,7,1,1,1,-,-,RIDE_both"
2026-07-13T12:05:00.000-04:00,"2026-7-13 12:05,74.91,74.84,74.56,74.34,7,1,1,1,-,-,RIDE_both"
2026-07-13T12:10:00.000-04:00,"2026-7-13 12:10,75.03,74.93,74.59,74.36,7,1,1,1,-,-,RIDE_both"
2026-07-13T12:15:00.000-04:00,"2026-7-13 12:15,75.04,74.99,74.63,74.39,7,1,1,1,-,-,RIDE_both"
2026-07-13T12:20:00.000-04:00,"2026-7-13 12:20,74.98,75.01,74.66,74.41,0,0,1,1,-,-,neutral"
2026-07-13T12:25:00.000-04:00,"2026-7-13 12:25,75.13,75.08,74.69,74.44,7,1,1,1,-,-,RIDE_both"
2026-07-13T12:30:00.000-04:00,"2026-7-13 12:30,75.12,75.12,74.73,74.47,0,0,1,1,-,-,neutral"
2026-07-13T12:35:00.000-04:00,"2026-7-13 12:35,75.18,75.17,74.76,74.49,7,1,1,1,-,-,RIDE_both"
2026-07-13T12:40:00.000-04:00,"2026-7-13 12:40,75.1,75.17,74.79,74.52,0,0,0,1,-,-,neutral"
2026-07-13T12:45:00.000-04:00,"2026-7-13 12:45,75.42,75.29,74.84,74.55,7,1,0,1,-,-,tide_only"
2026-07-13T12:50:00.000-04:00,"2026-7-13 12:50,75.83,75.52,74.91,74.6,7,1,0,1,-,-,tide_only"
2026-07-13T12:55:00.000-04:00,"2026-7-13 12:55,75.74,75.65,74.98,74.65,7,1,1,1,-,-,RIDE_both"
2026-07-13T13:00:00.000-04:00,"2026-7-13 13:00,75.7,75.73,75.03,74.69,7,1,1,1,-,-,RIDE_both"
2026-07-13T13:05:00.000-04:00,"2026-7-13 13:05,75.43,75.68,75.06,74.72,0,0,1,1,-,-,neutral"
2026-07-13T13:10:00.000-04:00,"2026-7-13 13:10,75.82,75.77,75.12,74.76,7,1,1,1,-,-,RIDE_both"
2026-07-13T13:15:00.000-04:00,"2026-7-13 13:15,75.83,75.84,75.17,74.8,7,1,1,1,-,-,RIDE_both"
2026-07-13T13:20:00.000-04:00,"2026-7-13 13:20,75.92,75.92,75.23,74.85,7,1,1,1,-,-,RIDE_both"
2026-07-13T13:25:00.000-04:00,"2026-7-13 13:25,75.98,75.99,75.29,74.89,7,1,1,1,-,-,RIDE_both"
2026-07-13T13:30:00.000-04:00,"2026-7-13 13:30,76.16,76.11,75.36,74.94,7,1,1,1,-,-,RIDE_both"
2026-07-13T13:35:00.000-04:00,"2026-7-13 13:35,76.59,76.34,75.45,75.01,7,1,1,1,-,-,RIDE_both"
2026-07-13T13:40:00.000-04:00,"2026-7-13 13:40,76.75,76.56,75.55,75.07,7,1,1,1,-,-,RIDE_both"
2026-07-13T13:45:00.000-04:00,"2026-7-13 13:45,76.81,76.74,75.65,75.14,7,1,1,1,-,-,RIDE_both"
2026-07-13T13:50:00.000-04:00,"2026-7-13 13:50,77.24,77.01,75.77,75.23,7,1,1,1,-,-,RIDE_both"
2026-07-13T13:55:00.000-04:00,"2026-7-13 13:55,77.59,77.33,75.91,75.32,7,1,1,1,-,-,RIDE_both"
2026-07-13T14:00:00.000-04:00,"2026-7-13 14:00,77.62,77.56,76.04,75.41,7,1,1,1,-,-,RIDE_both"
2026-07-13T14:05:00.000-04:00,"2026-7-13 14:05,77.81,77.79,76.18,75.5,7,1,1,1,-,-,RIDE_both"
2026-07-13T14:10:00.000-04:00,"2026-7-13 14:10,77.63,77.87,76.29,75.59,7,1,1,1,-,-,RIDE_both"
2026-07-13T14:15:00.000-04:00,"2026-7-13 14:15,78.28,78.15,76.44,75.69,7,1,1,1,-,-,RIDE_both"
2026-07-13T14:20:00.000-04:00,"2026-7-13 14:20,78.21,78.31,76.58,75.79,7,1,1,1,-,-,RIDE_both"
2026-07-13T14:25:00.000-04:00,"2026-7-13 14:25,78.15,78.39,76.7,75.88,7,0,1,1,-,-,neutral"
2026-07-13T14:30:00.000-04:00,"2026-7-13 14:30,78.13,78.42,76.81,75.97,0,0,1,1,-,-,neutral"
2026-07-13T14:35:00.000-04:00,"2026-7-13 14:35,77.77,78.29,76.88,76.04,0,0,1,1,-,-,neutral"
2026-07-13T14:40:00.000-04:00,"2026-7-13 14:40,77.51,78.09,76.93,76.1,0,0,0,1,-,-,neutral"
2026-07-13T14:45:00.000-04:00,"2026-7-13 14:45,77.65,77.98,76.99,76.16,0,0,0,1,-,-,neutral"
2026-07-13T14:50:00.000-04:00,"2026-7-13 14:50,77.63,77.88,77.04,76.22,0,0,0,1,-,-,neutral"
2026-07-13T14:55:00.000-04:00,"2026-7-13 14:55,77.62,77.8,77.08,76.27,0,0,0,1,-,-,neutral"
2026-07-13T15:00:00.000-04:00,"2026-7-13 15:00,77.56,77.71,77.12,76.32,0,0,0,1,-,-,neutral"
2026-07-13T15:05:00.000-04:00,"2026-7-13 15:05,77.65,77.68,77.16,76.37,0,0,0,1,-,-,neutral"
2026-07-13T15:10:00.000-04:00,"2026-7-13 15:10,77.76,77.69,77.21,76.43,7,1,0,1,-,-,tide_only"
2026-07-13T15:15:00.000-04:00,"2026-7-13 15:15,77.66,77.67,77.24,76.48,-3,0,0,1,-,-,neutral"
2026-07-13T15:20:00.000-04:00,"2026-7-13 15:20,77.7,77.66,77.28,76.53,-3,0,0,1,-,-,neutral"
2026-07-13T15:25:00.000-04:00,"2026-7-13 15:25,77.76,77.68,77.31,76.57,7,1,0,1,-,-,tide_only"
2026-07-13T15:30:00.000-04:00,"2026-7-13 15:30,77.81,77.71,77.35,76.62,7,1,0,1,-,-,tide_only"
2026-07-13T15:35:00.000-04:00,"2026-7-13 15:35,77.87,77.75,77.39,76.67,7,1,0,1,-,-,tide_only"
2026-07-13T15:40:00.000-04:00,"2026-7-13 15:40,77.93,77.81,77.43,76.72,7,1,0,1,-,-,tide_only"
2026-07-13T15:45:00.000-04:00,"2026-7-13 15:45,77.81,77.8,77.46,76.76,-3,0,0,1,-,-,neutral"
2026-07-13T15:50:00.000-04:00,"2026-7-13 15:50,77.69,77.75,77.48,76.8,-3,0,0,1,-,-,neutral"
2026-07-13T15:55:00.000-04:00,"2026-7-13 15:55,77.66,77.7,77.49,76.83,-3,-1,0,1,S,-,FIGHT"
2026-07-13T16:00:00.000-04:00,"2026-7-13 16:00,77.77,77.71,77.51,76.87,7,0,0,1,-,-,neutral"
2026-07-13T16:05:00.000-04:00,"2026-7-13 16:05,78,77.8,77.55,76.91,7,1,0,1,B,-,tide_only"
2026-07-13T16:10:00.000-04:00,"2026-7-13 16:10,78.43,78.02,77.62,76.97,7,1,1,1,-,-,RIDE_both"
2026-07-13T16:15:00.000-04:00,"2026-7-13 16:15,78.26,78.12,77.67,77.02,7,1,1,1,-,-,RIDE_both"
2026-07-13T16:20:00.000-04:00,"2026-7-13 16:20,78.25,78.19,77.71,77.07,7,1,1,1,-,-,RIDE_both"
2026-07-13T16:25:00.000-04:00,"2026-7-13 16:25,78.16,78.2,77.75,77.12,7,1,0,1,-,-,tide_only"
2026-07-13T16:30:00.000-04:00,"2026-7-13 16:30,78.06,78.17,77.77,77.15,0,0,0,1,-,-,neutral"
2026-07-13T16:35:00.000-04:00,"2026-7-13 16:35,78.22,78.2,77.81,77.19,7,1,0,1,-,-,tide_only"
2026-07-13T16:40:00.000-04:00,"2026-7-13 16:40,78.2,78.22,77.84,77.23,7,1,0,1,-,-,tide_only"
2026-07-13T16:45:00.000-04:00,"2026-7-13 16:45,78.1,78.19,77.86,77.27,-3,0,0,1,-,-,neutral"
2026-07-13T16:50:00.000-04:00,"2026-7-13 16:50,77.99,78.12,77.87,77.3,0,0,0,1,-,-,neutral"
2026-07-13T16:55:00.000-04:00,"2026-7-13 16:55,78.01,78.08,77.88,77.32,-3,-1,0,1,S,-,FIGHT"
2026-07-13T18:00:00.000-04:00,"2026-7-13 18:00,78.01,78.05,77.89,77.35,-3,-1,0,1,-,-,FIGHT"
2026-07-13T18:05:00.000-04:00,"2026-7-13 18:05,78.05,78.04,77.9,77.38,-3,-1,0,1,-,-,FIGHT"
2026-07-13T18:10:00.000-04:00,"2026-7-13 18:10,77.93,77.99,77.9,77.4,-3,-1,0,1,-,-,FIGHT"
2026-07-13T18:15:00.000-04:00,"2026-7-13 18:15,77.95,77.96,77.91,77.42,-3,-1,0,1,-,-,FIGHT"
2026-07-13T18:20:00.000-04:00,"2026-7-13 18:20,78.08,77.99,77.92,77.45,7,1,0,1,B,-,tide_only"
2026-07-13T18:25:00.000-04:00,"2026-7-13 18:25,78.13,78.03,77.94,77.47,7,1,0,1,-,-,tide_only"
2026-07-13T18:30:00.000-04:00,"2026-7-13 18:30,78.15,78.06,77.95,77.5,7,1,0,1,-,-,tide_only"
2026-07-13T18:35:00.000-04:00,"2026-7-13 18:35,78.18,78.1,77.97,77.53,7,1,0,1,-,-,tide_only"
2026-07-13T18:40:00.000-04:00,"2026-7-13 18:40,78.24,78.15,77.99,77.56,7,1,0,1,-,-,tide_only"
2026-07-13T18:45:00.000-04:00,"2026-7-13 18:45,78.42,78.26,78.02,77.59,7,1,0,1,-,-,tide_only"
2026-07-13T18:50:00.000-04:00,"2026-7-13 18:50,78.51,78.36,78.06,77.63,7,1,0,1,-,-,tide_only"
2026-07-13T18:55:00.000-04:00,"2026-7-13 18:55,79.06,78.64,78.14,77.68,7,1,1,1,-,-,RIDE_both"
2026-07-13T19:00:00.000-04:00,"2026-7-13 19:00,78.72,78.72,78.18,77.72,7,1,1,1,-,-,RIDE_both"
2026-07-13T19:05:00.000-04:00,"2026-7-13 19:05,78.69,78.76,78.22,77.76,7,1,1,1,-,-,RIDE_both"
2026-07-13T19:10:00.000-04:00,"2026-7-13 19:10,78.85,78.84,78.27,77.8,7,1,1,1,-,-,RIDE_both"
2026-07-13T19:15:00.000-04:00,"2026-7-13 19:15,78.93,78.92,78.32,77.85,7,1,1,1,-,-,RIDE_both"
2026-07-13T19:20:00.000-04:00,"2026-7-13 19:20,78.88,78.96,78.36,77.89,7,1,1,1,-,-,RIDE_both"
2026-07-13T19:25:00.000-04:00,"2026-7-13 19:25,78.94,79,78.41,77.93,7,0,1,1,-,-,neutral"
2026-07-13T19:30:00.000-04:00,"2026-7-13 19:30,79.06,79.07,78.46,77.97,7,1,1,1,-,-,RIDE_both"
2026-07-13T19:35:00.000-04:00,"2026-7-13 19:35,79.1,79.13,78.51,78.02,7,1,1,1,-,-,RIDE_both"
2026-07-13T19:40:00.000-04:00,"2026-7-13 19:40,79.58,79.34,78.59,78.08,7,1,1,1,-,-,RIDE_both"
2026-07-13T19:45:00.000-04:00,"2026-7-13 19:45,79.27,79.38,78.64,78.13,7,0,1,1,-,-,neutral"
2026-07-13T19:50:00.000-04:00,"2026-7-13 19:50,79.21,79.37,78.69,78.17,0,0,1,1,-,-,neutral"
2026-07-13T19:55:00.000-04:00,"2026-7-13 19:55,78.96,79.27,78.71,78.2,0,0,0,1,-,-,neutral"
2026-07-13T20:00:00.000-04:00,"2026-7-13 20:00,79.46,79.37,78.77,78.25,7,1,0,1,-,-,tide_only"
2026-07-13T20:05:00.000-04:00,"2026-7-13 20:05,79.41,79.43,78.81,78.29,7,1,0,1,-,-,tide_only"
2026-07-13T20:10:00.000-04:00,"2026-7-13 20:10,79.3,79.42,78.85,78.33,0,0,0,1,-,-,neutral"
2026-07-13T20:15:00.000-04:00,"2026-7-13 20:15,80.03,79.68,78.94,78.4,7,1,0,1,-,-,tide_only"
2026-07-13T20:20:00.000-04:00,"2026-7-13 20:20,80.22,79.93,79.04,78.47,7,1,0,1,-,-,tide_only"
2026-07-13T20:25:00.000-04:00,"2026-7-13 20:25,80.14,80.08,79.13,78.54,7,1,1,1,-,-,RIDE_both"
2026-07-13T20:30:00.000-04:00,"2026-7-13 20:30,79.94,80.1,79.19,78.59,3,1,1,1,-,-,RIDE_both"
2026-07-13T20:35:00.000-04:00,"2026-7-13 20:35,79.98,80.13,79.25,78.65,3,1,1,1,-,-,RIDE_both"
2026-07-13T20:40:00.000-04:00,"2026-7-13 20:40,79.95,80.12,79.3,78.7,0,0,1,1,-,-,neutral"
2026-07-13T20:45:00.000-04:00,"2026-7-13 20:45,79.91,80.1,79.35,78.74,0,0,1,1,-,-,neutral"
2026-07-13T20:50:00.000-04:00,"2026-7-13 20:50,79.77,80.02,79.38,78.79,0,0,1,1,-,-,neutral"
2026-07-13T20:55:00.000-04:00,"2026-7-13 20:55,79.86,79.99,79.42,78.83,0,0,0,1,-,-,neutral"
2026-07-13T21:00:00.000-04:00,"2026-7-13 21:00,79.64,79.88,79.44,78.86,0,0,0,1,-,-,neutral"
2026-07-13T21:05:00.000-04:00,"2026-7-13 21:05,79.4,79.71,79.43,78.88,-3,0,0,1,-,-,neutral"
2026-07-13T21:10:00.000-04:00,"2026-7-13 21:10,79.51,79.62,79.44,78.91,-3,-1,0,1,S,-,FIGHT"
2026-07-13T21:15:00.000-04:00,"2026-7-13 21:15,79.3,79.48,79.43,78.92,-3,-1,0,1,-,-,FIGHT"
2026-07-13T21:20:00.000-04:00,"2026-7-13 21:20,79.29,79.37,79.42,78.94,-5,-1,0,1,-,-,FIGHT"
2026-07-13T21:25:00.000-04:00,"2026-7-13 21:25,79.47,79.36,79.42,78.96,-3,-1,0,1,-,-,FIGHT"
2026-07-13T21:30:00.000-04:00,"2026-7-13 21:30,79.33,79.31,79.41,78.97,-5,-1,0,1,-,-,FIGHT"
2026-07-13T21:35:00.000-04:00,"2026-7-13 21:35,79.47,79.33,79.42,78.99,0,0,0,1,-,-,neutral"
2026-07-13T21:40:00.000-04:00,"2026-7-13 21:40,79.44,79.33,79.42,79.01,0,0,0,1,-,-,neutral"
2026-07-13T21:45:00.000-04:00,"2026-7-13 21:45,79.3,79.28,79.41,79.02,-5,-1,0,1,-,-,FIGHT"
2026-07-13T21:50:00.000-04:00,"2026-7-13 21:50,79.24,79.23,79.4,79.03,-5,-1,0,1,-,-,FIGHT"
2026-07-13T21:55:00.000-04:00,"2026-7-13 21:55,79.53,79.3,79.41,79.05,0,0,0,1,-,-,neutral"
2026-07-13T22:00:00.000-04:00,"2026-7-13 22:00,79.38,79.3,79.41,79.06,0,0,0,1,-,-,neutral"
2026-07-13T22:05:00.000-04:00,"2026-7-13 22:05,79.2,79.24,79.39,79.07,-5,-1,0,1,-,-,FIGHT"
2026-07-13T22:10:00.000-04:00,"2026-7-13 22:10,79.13,79.17,79.37,79.07,-5,-1,0,1,-,-,FIGHT"
2026-07-13T22:15:00.000-04:00,"2026-7-13 22:15,79.23,79.16,79.36,79.07,-3,-1,0,1,-,-,FIGHT"
2026-07-13T22:20:00.000-04:00,"2026-7-13 22:20,79.27,79.17,79.35,79.08,0,0,0,1,-,-,neutral"
2026-07-13T22:25:00.000-04:00,"2026-7-13 22:25,79.19,79.15,79.34,79.09,-3,-1,0,1,-,-,FIGHT"
2026-07-13T22:30:00.000-04:00,"2026-7-13 22:30,79.05,79.09,79.32,79.09,-5,-1,0,1,-,-,FIGHT"
2026-07-13T22:35:00.000-04:00,"2026-7-13 22:35,79.18,79.09,79.31,79.09,0,0,0,1,-,-,neutral"
2026-07-13T22:40:00.000-04:00,"2026-7-13 22:40,79.38,79.18,79.31,79.1,0,0,0,1,-,-,neutral"
2026-07-13T22:45:00.000-04:00,"2026-7-13 22:45,79.37,79.23,79.32,79.11,0,0,0,1,-,-,neutral"
2026-07-13T22:50:00.000-04:00,"2026-7-13 22:50,79.62,79.37,79.34,79.13,7,0,0,1,-,-,neutral"
2026-07-13T22:55:00.000-04:00,"2026-7-13 22:55,79.53,79.44,79.36,79.15,7,1,1,0,B,-,wave_only"
2026-07-13T23:00:00.000-04:00,"2026-7-13 23:00,79.64,79.53,79.38,79.17,7,1,1,0,-,-,wave_only"
2026-07-13T23:05:00.000-04:00,"2026-7-13 23:05,79.63,79.59,79.4,79.18,7,1,1,0,-,-,wave_only"
2026-07-13T23:10:00.000-04:00,"2026-7-13 23:10,79.7,79.65,79.42,79.2,7,1,1,0,-,-,wave_only"
2026-07-13T23:15:00.000-04:00,"2026-7-13 23:15,79.95,79.79,79.46,79.23,7,1,1,0,-,-,wave_only"
2026-07-13T23:20:00.000-04:00,"2026-7-13 23:20,79.75,79.82,79.48,79.25,0,0,1,0,-,-,neutral"
2026-07-13T23:25:00.000-04:00,"2026-7-13 23:25,79.8,79.85,79.51,79.28,0,0,1,0,-,-,neutral"
2026-07-13T23:30:00.000-04:00,"2026-7-13 23:30,80.02,79.95,79.55,79.3,7,1,1,0,-,-,wave_only"
2026-07-13T23:35:00.000-04:00,"2026-7-13 23:35,79.88,79.97,79.57,79.33,0,0,1,0,-,-,neutral"
2026-07-13T23:40:00.000-04:00,"2026-7-13 23:40,79.69,79.9,79.58,79.34,0,0,1,0,-,-,neutral"
2026-07-13T23:45:00.000-04:00,"2026-7-13 23:45,79.64,79.84,79.59,79.35,0,0,1,0,-,-,neutral"
2026-07-13T23:50:00.000-04:00,"2026-7-13 23:50,79.62,79.77,79.59,79.36,0,0,1,0,-,-,neutral"
2026-07-13T23:55:00.000-04:00,"2026-7-13 23:55,79.62,79.73,79.59,79.37,-3,-1,0,0,S,-,FIGHT"
2026-07-14T00:00:00.000-04:00,"2026-7-14 0:00,79.63,79.7,79.59,79.38,-3,-1,0,0,-,-,FIGHT"
2026-07-14T00:05:00.000-04:00,"2026-7-14 0:05,79.74,79.71,79.61,79.4,7,1,0,0,B,-,FIGHT"
2026-07-14T00:10:00.000-04:00,"2026-7-14 0:10,79.7,79.71,79.61,79.41,0,0,0,0,-,-,neutral"
2026-07-14T00:15:00.000-04:00,"2026-7-14 0:15,79.57,79.66,79.61,79.42,-3,-1,0,0,S,-,FIGHT"
2026-07-14T00:20:00.000-04:00,"2026-7-14 0:20,79.49,79.59,79.6,79.42,-5,-1,0,0,-,-,FIGHT"
2026-07-14T00:25:00.000-04:00,"2026-7-14 0:25,79.62,79.59,79.6,79.43,0,0,0,0,-,-,neutral"
2026-07-14T00:30:00.000-04:00,"2026-7-14 0:30,79.67,79.61,79.61,79.44,0,0,0,0,-,-,neutral"
2026-07-14T00:35:00.000-04:00,"2026-7-14 0:35,79.73,79.64,79.62,79.45,7,0,0,0,-,-,neutral"
2026-07-14T00:40:00.000-04:00,"2026-7-14 0:40,79.78,79.69,79.63,79.46,7,1,1,0,B,-,wave_only"
2026-07-14T00:45:00.000-04:00,"2026-7-14 0:45,79.82,79.74,79.64,79.47,7,1,1,0,-,-,wave_only"
2026-07-14T00:50:00.000-04:00,"2026-7-14 0:50,79.86,79.79,79.66,79.49,7,1,1,0,-,-,wave_only"
2026-07-14T00:55:00.000-04:00,"2026-7-14 0:55,79.75,79.78,79.67,79.5,0,0,0,0,-,-,neutral"
2026-07-14T01:00:00.000-04:00,"2026-7-14 1:00,79.82,79.8,79.68,79.51,7,1,0,0,-,-,FIGHT"
2026-07-14T01:05:00.000-04:00,"2026-7-14 1:05,79.79,79.81,79.69,79.52,7,0,0,0,-,-,neutral"
2026-07-14T01:10:00.000-04:00,"2026-7-14 1:10,79.71,79.78,79.69,79.53,-3,-1,0,0,S,-,FIGHT"
2026-07-14T01:15:00.000-04:00,"2026-7-14 1:15,79.73,79.76,79.69,79.54,0,0,0,0,-,-,neutral"
2026-07-14T01:20:00.000-04:00,"2026-7-14 1:20,79.79,79.78,79.7,79.55,7,1,0,0,B,-,FIGHT"
2026-07-14T01:25:00.000-04:00,"2026-7-14 1:25,79.68,79.74,79.7,79.55,-3,-1,0,0,S,-,FIGHT"
2026-07-14T01:30:00.000-04:00,"2026-7-14 1:30,79.4,79.61,79.68,79.55,-5,-1,0,0,-,-,FIGHT"
2026-07-14T01:35:00.000-04:00,"2026-7-14 1:35,79.03,79.38,79.63,79.53,-5,-1,0,0,-,-,FIGHT"
2026-07-14T01:40:00.000-04:00,"2026-7-14 1:40,78.92,79.18,79.57,79.5,-5,-1,-1,0,-,-,wave_only"
2026-07-14T01:45:00.000-04:00,"2026-7-14 1:45,79.03,79.07,79.53,79.48,-5,-1,-1,0,-,-,wave_only"
2026-07-14T01:50:00.000-04:00,"2026-7-14 1:50,79.18,79.05,79.5,79.47,0,0,-1,0,-,-,neutral"
2026-07-14T01:55:00.000-04:00,"2026-7-14 1:55,79.35,79.11,79.49,79.47,0,0,-1,0,-,-,neutral"
2026-07-14T02:00:00.000-04:00,"2026-7-14 2:00,79.53,79.22,79.49,79.47,0,0,-1,0,-,-,neutral"
2026-07-14T02:05:00.000-04:00,"2026-7-14 2:05,79.64,79.35,79.51,79.48,0,0,-1,0,-,-,neutral"
2026-07-14T02:10:00.000-04:00,"2026-7-14 2:10,79.63,79.45,79.51,79.48,0,0,1,0,-,-,neutral"
2026-07-14T02:15:00.000-04:00,"2026-7-14 2:15,79.54,79.48,79.52,79.49,0,0,1,0,-,-,neutral"
2026-07-14T02:20:00.000-04:00,"2026-7-14 2:20,79.89,79.64,79.55,79.5,7,1,1,0,B,-,wave_only"
2026-07-14T02:25:00.000-04:00,"2026-7-14 2:25,80.21,79.87,79.6,79.53,7,1,1,0,-,-,wave_only"
2026-07-14T02:30:00.000-04:00,"2026-7-14 2:30,80.26,80.06,79.65,79.56,7,1,1,0,-,-,wave_only"
2026-07-14T02:35:00.000-04:00,"2026-7-14 2:35,80.09,80.12,79.68,79.58,5,1,1,0,-,-,wave_only"
2026-07-14T02:40:00.000-04:00,"2026-7-14 2:40,80.28,80.24,79.73,79.61,7,1,1,0,-,-,wave_only"
2026-07-14T02:45:00.000-04:00,"2026-7-14 2:45,80.53,80.41,79.79,79.64,7,1,1,0,-,-,wave_only"
2026-07-14T02:50:00.000-04:00,"2026-7-14 2:50,80.45,80.5,79.84,79.67,7,1,1,0,-,-,wave_only"
2026-07-14T02:55:00.000-04:00,"2026-7-14 2:55,80.43,80.54,79.89,79.7,0,0,1,1,-,-,neutral"
2026-07-14T03:00:00.000-04:00,"2026-7-14 3:00,80.16,80.47,79.91,79.72,0,0,1,1,-,-,neutral"
2026-07-14T03:05:00.000-04:00,"2026-7-14 3:05,80.25,80.44,79.93,79.74,0,0,1,1,-,-,neutral"
2026-07-14T03:10:00.000-04:00,"2026-7-14 3:10,80.07,80.35,79.94,79.76,0,0,0,1,-,-,neutral"
2026-07-14T03:15:00.000-04:00,"2026-7-14 3:15,80.31,80.37,79.97,79.78,0,0,0,1,-,-,neutral"
2026-07-14T03:20:00.000-04:00,"2026-7-14 3:20,80.37,80.39,80,79.8,0,0,0,1,-,-,neutral"
2026-07-14T03:25:00.000-04:00,"2026-7-14 3:25,80.42,80.43,80.03,79.82,0,0,1,1,-,-,neutral"
2026-07-14T03:30:00.000-04:00,"2026-7-14 3:30,80.8,80.59,80.09,79.86,7,1,1,1,-,-,RIDE_both"
2026-07-14T03:35:00.000-04:00,"2026-7-14 3:35,80.69,80.67,80.14,79.9,7,0,1,1,-,-,neutral"
2026-07-14T03:40:00.000-04:00,"2026-7-14 3:40,80.87,80.78,80.2,79.93,7,1,1,1,-,-,RIDE_both"
2026-07-14T03:45:00.000-04:00,"2026-7-14 3:45,80.36,80.67,80.21,79.95,0,0,1,1,-,-,neutral"
2026-07-14T03:50:00.000-04:00,"2026-7-14 3:50,80.26,80.55,80.21,79.96,0,0,1,1,-,-,neutral"
2026-07-14T03:55:00.000-04:00,"2026-7-14 3:55,80.38,80.5,80.23,79.98,0,0,1,0,-,-,neutral"
2026-07-14T04:00:00.000-04:00,"2026-7-14 4:00,80.85,80.64,80.27,80.01,7,1,1,0,-,-,wave_only"
2026-07-14T04:05:00.000-04:00,"2026-7-14 4:05,81.01,80.79,80.33,80.05,7,1,1,0,-,-,wave_only"
2026-07-14T04:10:00.000-04:00,"2026-7-14 4:10,80.58,80.74,80.35,80.07,0,0,1,0,-,-,neutral"
2026-07-14T04:15:00.000-04:00,"2026-7-14 4:15,80.21,80.57,80.34,80.08,0,0,1,0,-,-,neutral"
2026-07-14T04:20:00.000-04:00,"2026-7-14 4:20,80.19,80.43,80.33,80.08,-3,-1,1,0,S,-,FIGHT"
2026-07-14T04:25:00.000-04:00,"2026-7-14 4:25,80.36,80.39,80.33,80.09,-3,0,0,0,-,-,neutral"
2026-07-14T04:30:00.000-04:00,"2026-7-14 4:30,80.47,80.4,80.34,80.11,7,1,0,0,B,-,FIGHT"
2026-07-14T04:35:00.000-04:00,"2026-7-14 4:35,80.41,80.39,80.35,80.12,0,0,0,0,-,-,neutral"
2026-07-14T04:40:00.000-04:00,"2026-7-14 4:40,80.57,80.44,80.36,80.14,7,1,1,0,-,-,wave_only"
2026-07-14T04:45:00.000-04:00,"2026-7-14 4:45,80.62,80.5,80.38,80.16,7,1,1,0,-,-,wave_only"
2026-07-14T04:50:00.000-04:00,"2026-7-14 4:50,80.4,80.46,80.38,80.17,-3,0,1,0,-,-,neutral"
2026-07-14T04:55:00.000-04:00,"2026-7-14 4:55,81.02,80.66,80.43,80.2,7,1,1,1,-,-,RIDE_both"
2026-07-14T05:00:00.000-04:00,"2026-7-14 5:00,81.02,80.8,80.48,80.23,7,1,1,1,-,-,RIDE_both"
2026-07-14T05:05:00.000-04:00,"2026-7-14 5:05,80.65,80.77,80.49,80.25,0,0,1,1,-,-,neutral"
2026-07-14T05:10:00.000-04:00,"2026-7-14 5:10,80.16,80.56,80.47,80.24,-3,-1,0,1,S,-,FIGHT"
2026-07-14T05:15:00.000-04:00,"2026-7-14 5:15,80.31,80.46,80.45,80.25,-5,-1,0,1,-,-,FIGHT"
2026-07-14T05:20:00.000-04:00,"2026-7-14 5:20,80.52,80.47,80.46,80.26,0,0,0,1,-,-,neutral"
2026-07-14T05:25:00.000-04:00,"2026-7-14 5:25,80.69,80.54,80.48,80.27,7,1,1,1,B,BUY,RIDE_both"
2026-07-14T05:30:00.000-04:00,"2026-7-14 5:30,80.43,80.49,80.47,80.28,-5,0,1,1,-,-,neutral"
2026-07-14T05:35:00.000-04:00,"2026-7-14 5:35,80.31,80.42,80.46,80.28,-5,-1,1,1,S,-,FIGHT"
2026-07-14T05:40:00.000-04:00,"2026-7-14 5:40,80.36,80.38,80.45,80.29,-5,-1,0,1,-,-,FIGHT"
2026-07-14T05:45:00.000-04:00,"2026-7-14 5:45,80.21,80.3,80.43,80.28,-5,-1,0,1,-,-,FIGHT"
2026-07-14T05:50:00.000-04:00,"2026-7-14 5:50,80.55,80.36,80.44,80.29,0,0,0,1,-,-,neutral"
2026-07-14T05:55:00.000-04:00,"2026-7-14 5:55,80.58,80.43,80.45,80.3,0,0,0,0,-,-,neutral"
2026-07-14T06:00:00.000-04:00,"2026-7-14 6:00,80.61,80.49,80.47,80.32,7,1,0,0,B,-,FIGHT"
2026-07-14T06:05:00.000-04:00,"2026-7-14 6:05,80.87,80.63,80.5,80.34,7,1,0,0,-,-,FIGHT"
2026-07-14T06:10:00.000-04:00,"2026-7-14 6:10,80.98,80.77,80.53,80.36,7,1,1,0,-,-,wave_only"
2026-07-14T06:15:00.000-04:00,"2026-7-14 6:15,80.77,80.8,80.55,80.38,3,1,1,0,-,-,wave_only"
2026-07-14T06:20:00.000-04:00,"2026-7-14 6:20,80.69,80.78,80.56,80.39,0,0,1,0,-,-,neutral"
2026-07-14T06:25:00.000-04:00,"2026-7-14 6:25,80.87,80.83,80.59,80.41,7,1,1,0,-,-,wave_only"
2026-07-14T06:30:00.000-04:00,"2026-7-14 6:30,81.08,80.95,80.62,80.44,7,1,1,0,-,-,wave_only"
2026-07-14T06:35:00.000-04:00,"2026-7-14 6:35,80.63,80.86,80.62,80.44,0,0,1,0,-,-,neutral"
2026-07-14T06:40:00.000-04:00,"2026-7-14 6:40,80.72,80.83,80.63,80.45,0,0,0,0,-,-,neutral"
2026-07-14T06:45:00.000-04:00,"2026-7-14 6:45,80.81,80.84,80.65,80.47,7,1,0,0,-,-,FIGHT"
2026-07-14T06:50:00.000-04:00,"2026-7-14 6:50,81.01,80.91,80.67,80.49,7,1,0,0,-,-,FIGHT"
2026-07-14T06:55:00.000-04:00,"2026-7-14 6:55,80.91,80.93,80.69,80.51,3,1,1,0,-,-,wave_only"
2026-07-14T07:00:00.000-04:00,"2026-7-14 7:00,80.92,80.94,80.71,80.52,3,1,1,0,-,-,wave_only"
2026-07-14T07:05:00.000-04:00,"2026-7-14 7:05,80.81,80.91,80.72,80.53,0,0,1,0,-,-,neutral"
2026-07-14T07:10:00.000-04:00,"2026-7-14 7:10,80.45,80.75,80.7,80.53,-3,-1,-1,0,S,-,wave_only"
2026-07-14T07:15:00.000-04:00,"2026-7-14 7:15,80.26,80.56,80.66,80.52,-5,-1,-1,0,-,-,wave_only"
2026-07-14T07:20:00.000-04:00,"2026-7-14 7:20,80.03,80.34,80.61,80.5,-5,-1,-1,0,-,-,wave_only"
2026-07-14T07:25:00.000-04:00,"2026-7-14 7:25,79.99,80.17,80.57,80.48,-5,-1,-1,0,-,-,wave_only"
2026-07-14T07:30:00.000-04:00,"2026-7-14 7:30,79.83,79.98,80.51,80.46,-5,-1,-1,0,-,-,wave_only"
2026-07-14T07:35:00.000-04:00,"2026-7-14 7:35,79.66,79.79,80.44,80.42,-5,-1,-1,0,-,-,wave_only"
2026-07-14T07:40:00.000-04:00,"2026-7-14 7:40,79.85,79.73,80.4,80.4,-3,-1,-1,0,-,-,wave_only"
2026-07-14T07:45:00.000-04:00,"2026-7-14 7:45,79.82,79.69,80.35,80.38,0,0,-1,0,-,-,neutral"
2026-07-14T07:50:00.000-04:00,"2026-7-14 7:50,79.67,79.61,80.3,80.35,-3,-1,-1,0,-,-,wave_only"
2026-07-14T07:55:00.000-04:00,"2026-7-14 7:55,79.51,79.5,80.24,80.32,-3,-1,-1,0,-,-,wave_only"
2026-07-14T08:00:00.000-04:00,"2026-7-14 8:00,79.75,79.52,80.2,80.3,0,0,-1,0,-,-,neutral"
2026-07-14T08:05:00.000-04:00,"2026-7-14 8:05,80.01,79.63,80.19,80.28,0,0,-1,0,-,-,neutral"
2026-07-14T08:10:00.000-04:00,"2026-7-14 8:10,80.01,79.73,80.17,80.27,0,0,-1,0,-,-,neutral"
2026-07-14T08:15:00.000-04:00,"2026-7-14 8:15,80.08,79.83,80.17,80.27,0,0,-1,0,-,-,neutral"
2026-07-14T08:20:00.000-04:00,"2026-7-14 8:20,79.78,79.79,80.14,80.25,-7,-1,-1,0,-,-,wave_only"
2026-07-14T08:25:00.000-04:00,"2026-7-14 8:25,80.05,79.87,80.13,80.24,0,0,0,0,-,-,neutral"
2026-07-14T08:30:00.000-04:00,"2026-7-14 8:30,80.39,80.06,80.15,80.25,3,1,0,0,B,-,FIGHT"
2026-07-14T08:35:00.000-04:00,"2026-7-14 8:35,80.6,80.27,80.19,80.26,5,1,0,0,-,-,FIGHT"
2026-07-14T08:40:00.000-04:00,"2026-7-14 8:40,80.47,80.38,80.21,80.27,5,1,0,0,-,-,FIGHT"
2026-07-14T08:45:00.000-04:00,"2026-7-14 8:45,80.76,80.56,80.25,80.29,5,1,0,0,-,-,FIGHT"
2026-07-14T08:50:00.000-04:00,"2026-7-14 8:50,80.77,80.7,80.29,80.31,7,1,0,0,-,-,FIGHT"
2026-07-14T08:55:00.000-04:00,"2026-7-14 8:55,80.69,80.76,80.32,80.32,7,1,0,1,-,-,tide_only"
2026-07-14T09:00:00.000-04:00,"2026-7-14 9:00,80.86,80.86,80.36,80.34,5,1,0,1,-,-,tide_only"
2026-07-14T09:05:00.000-04:00,"2026-7-14 9:05,80.83,80.92,80.4,80.36,3,1,0,1,-,-,tide_only"
2026-07-14T09:10:00.000-04:00,"2026-7-14 9:10,80.48,80.82,80.4,80.37,0,0,0,1,-,-,neutral"
2026-07-14T09:15:00.000-04:00,"2026-7-14 9:15,80.57,80.78,80.42,80.37,0,0,0,1,-,-,neutral"
2026-07-14T09:20:00.000-04:00,"2026-7-14 9:20,79.95,80.51,80.38,80.36,0,0,0,1,-,-,neutral"
2026-07-14T09:25:00.000-04:00,"2026-7-14 9:25,80.04,80.35,80.35,80.34,-3,-1,-1,1,S,-,wave_only"
2026-07-14T09:30:00.000-04:00,"2026-7-14 9:30,80.29,80.32,80.35,80.34,-5,-1,-1,1,-,-,wave_only"
2026-07-14T09:35:00.000-04:00,"2026-7-14 9:35,79.8,80.11,80.31,80.32,-7,-1,-1,1,-,-,wave_only"
2026-07-14T09:40:00.000-04:00,"2026-7-14 9:40,79.71,79.93,80.26,80.3,-7,-1,-1,1,-,-,wave_only"
2026-07-14T09:45:00.000-04:00,"2026-7-14 9:45,80.06,79.94,80.25,80.29,0,0,-1,1,-,-,neutral"
2026-07-14T09:50:00.000-04:00,"2026-7-14 9:50,80.05,79.94,80.23,80.28,0,0,-1,1,-,-,neutral"
2026-07-14T09:55:00.000-04:00,"2026-7-14 9:55,79.93,79.9,80.21,80.26,-5,-1,-1,0,-,-,wave_only"
2026-07-14T10:00:00.000-04:00,"2026-7-14 10:00,79.76,79.81,80.17,80.25,-5,-1,-1,0,-,-,wave_only"
2026-07-14T10:05:00.000-04:00,"2026-7-14 10:05,79.55,79.67,80.13,80.22,-7,-1,-1,0,-,-,wave_only"
2026-07-14T10:10:00.000-04:00,"2026-7-14 10:10,79.82,79.68,80.1,80.2,0,0,-1,0,-,-,neutral"
2026-07-14T10:15:00.000-04:00,"2026-7-14 10:15,79.67,79.63,80.07,80.18,-7,-1,-1,0,-,-,wave_only"
2026-07-14T10:20:00.000-04:00,"2026-7-14 10:20,79.49,79.54,80.02,80.15,-7,-1,-1,0,-,-,wave_only"
2026-07-14T10:25:00.000-04:00,"2026-7-14 10:25,79.41,79.44,79.98,80.13,-7,-1,-1,0,-,-,wave_only"
2026-07-14T10:30:00.000-04:00,"2026-7-14 10:30,79.02,79.23,79.9,80.08,-7,-1,-1,0,-,-,wave_only"
2026-07-14T10:35:00.000-04:00,"2026-7-14 10:35,79.09,79.12,79.84,80.04,-7,-1,-1,0,-,-,wave_only"
2026-07-14T10:40:00.000-04:00,"2026-7-14 10:40,79.35,79.13,79.8,80.02,0,0,-1,0,-,-,neutral"
2026-07-14T10:45:00.000-04:00,"2026-7-14 10:45,79.17,79.09,79.75,79.98,0,0,-1,0,-,-,neutral"
2026-07-14T10:50:00.000-04:00,"2026-7-14 10:50,78.71,78.89,79.67,79.93,-7,-1,-1,0,-,-,wave_only"
2026-07-14T10:55:00.000-04:00,"2026-7-14 10:55,78.84,78.8,79.61,79.89,-7,-1,-1,0,-,-,wave_only"
2026-07-14T11:00:00.000-04:00,"2026-7-14 11:00,78.47,78.61,79.52,79.83,-7,-1,-1,0,-,-,wave_only"
2026-07-14T11:05:00.000-04:00,"2026-7-14 11:05,78.02,78.31,79.41,79.76,-7,-1,-1,0,-,-,wave_only"
2026-07-14T11:10:00.000-04:00,"2026-7-14 11:10,78.59,78.32,79.34,79.72,0,0,-1,0,-,-,neutral"
2026-07-14T11:15:00.000-04:00,"2026-7-14 11:15,78.73,78.38,79.3,79.68,0,0,-1,0,-,-,neutral"
2026-07-14T11:20:00.000-04:00,"2026-7-14 11:20,78.83,78.48,79.26,79.64,0,0,-1,0,-,-,neutral"
2026-07-14T11:25:00.000-04:00,"2026-7-14 11:25,78.54,78.45,79.21,79.6,-7,-1,-1,0,-,-,wave_only"
2026-07-14T11:30:00.000-04:00,"2026-7-14 11:30,79.38,78.75,79.22,79.59,0,0,-1,0,-,-,neutral"
2026-07-14T11:35:00.000-04:00,"2026-7-14 11:35,79.55,79.04,79.24,79.59,3,1,-1,0,B,-,FIGHT"
2026-07-14T11:40:00.000-04:00,"2026-7-14 11:40,79.53,79.24,79.27,79.59,5,1,0,0,-,-,FIGHT"
2026-07-14T11:45:00.000-04:00,"2026-7-14 11:45,79.65,79.44,79.3,79.59,5,1,0,0,-,-,FIGHT"
2026-07-14T11:50:00.000-04:00,"2026-7-14 11:50,79.76,79.61,79.33,79.6,5,1,0,0,-,-,FIGHT"
2026-07-14T11:55:00.000-04:00,"2026-7-14 11:55,79.46,79.63,79.34,79.59,0,0,0,0,-,-,neutral"
2026-07-14T12:00:00.000-04:00,"2026-7-14 12:00,79.52,79.65,79.36,79.59,0,0,0,0,-,-,neutral"
2026-07-14T12:05:00.000-04:00,"2026-7-14 12:05,79.32,79.59,79.35,79.58,0,0,0,0,-,-,neutral"
2026-07-14T12:10:00.000-04:00,"2026-7-14 12:10,79.05,79.44,79.33,79.56,0,0,-1,0,-,-,neutral"
2026-07-14T12:15:00.000-04:00,"2026-7-14 12:15,78.98,79.3,79.3,79.54,0,0,-1,0,-,-,neutral"
2026-07-14T12:20:00.000-04:00,"2026-7-14 12:20,79.2,79.28,79.29,79.52,-3,-1,-1,0,S,-,wave_only"
2026-07-14T12:25:00.000-04:00,"2026-7-14 12:25,79.34,79.31,79.3,79.52,5,0,0,0,-,-,neutral"
2026-07-14T12:30:00.000-04:00,"2026-7-14 12:30,79.34,79.34,79.3,79.51,0,0,0,0,-,-,neutral"
2026-07-14T12:35:00.000-04:00,"2026-7-14 12:35,79.06,79.25,79.28,79.49,-3,-1,0,0,-,-,FIGHT"
2026-07-14T12:40:00.000-04:00,"2026-7-14 12:40,79.12,79.21,79.27,79.48,-7,-1,0,0,-,-,FIGHT"
2026-07-14T12:45:00.000-04:00,"2026-7-14 12:45,79.35,79.26,79.28,79.47,5,1,0,0,B,-,FIGHT"
2026-07-14T12:50:00.000-04:00,"2026-7-14 12:50,79.23,79.25,79.27,79.46,0,0,0,0,-,-,neutral"
2026-07-14T12:55:00.000-04:00,"2026-7-14 12:55,79.21,79.24,79.27,79.45,-3,-1,0,-1,S,-,tide_only"
2026-07-14T13:00:00.000-04:00,"2026-7-14 13:00,79.11,79.2,79.26,79.44,-7,-1,0,-1,-,-,tide_only"
2026-07-14T13:05:00.000-04:00,"2026-7-14 13:05,78.96,79.11,79.23,79.42,-7,-1,0,-1,-,-,tide_only"
2026-07-14T13:10:00.000-04:00,"2026-7-14 13:10,79.1,79.09,79.22,79.41,-3,-1,0,-1,-,-,tide_only"
2026-07-14T13:15:00.000-04:00,"2026-7-14 13:15,79.13,79.1,79.22,79.4,0,0,0,-1,-,-,neutral"
2026-07-14T13:20:00.000-04:00,"2026-7-14 13:20,79.07,79.08,79.2,79.38,-3,-1,0,-1,-,-,tide_only"
2026-07-14T13:25:00.000-04:00,"2026-7-14 13:25,79.06,79.06,79.19,79.37,-3,-1,-1,-1,-,-,RIDE_both"
2026-07-14T13:30:00.000-04:00,"2026-7-14 13:30,79.12,79.07,79.19,79.36,0,0,-1,-1,-,-,neutral"
2026-07-14T13:35:00.000-04:00,"2026-7-14 13:35,78.88,78.99,79.16,79.34,-7,-1,-1,-1,-,-,RIDE_both"
2026-07-14T13:40:00.000-04:00,"2026-7-14 13:40,78.95,78.96,79.15,79.33,-7,-1,-1,-1,-,-,RIDE_both"
2026-07-14T13:45:00.000-04:00,"2026-7-14 13:45,78.56,78.8,79.1,79.3,-7,-1,-1,-1,-,-,RIDE_both"
2026-07-14T13:50:00.000-04:00,"2026-7-14 13:50,78.62,78.7,79.07,79.27,-7,-1,-1,-1,-,-,RIDE_both"
2026-07-14T13:55:00.000-04:00,"2026-7-14 13:55,78.72,78.67,79.04,79.25,-3,-1,-1,-1,-,-,RIDE_both"
2026-07-14T14:00:00.000-04:00,"2026-7-14 14:00,79.03,78.77,79.04,79.24,0,0,-1,-1,-,-,neutral"
2026-07-14T14:05:00.000-04:00,"2026-7-14 14:05,79.12,78.88,79.04,79.24,0,0,-1,-1,-,-,neutral"
2026-07-14T14:10:00.000-04:00,"2026-7-14 14:10,78.86,78.86,79.03,79.22,-3,-1,-1,-1,-,-,RIDE_both"
2026-07-14T14:15:00.000-04:00,"2026-7-14 14:15,79.06,78.93,79.03,79.21,3,1,-1,-1,B,-,FIGHT"
2026-07-14T14:20:00.000-04:00,"2026-7-14 14:20,79.14,79.01,79.04,79.21,5,1,-1,-1,-,-,FIGHT"
2026-07-14T14:25:00.000-04:00,"2026-7-14 14:25,79.4,79.16,79.07,79.22,5,1,0,-1,-,-,FIGHT"
2026-07-14T14:30:00.000-04:00,"2026-7-14 14:30,79.38,79.26,79.09,79.23,5,1,0,-1,-,-,FIGHT"
2026-07-14T14:35:00.000-04:00,"2026-7-14 14:35,79.55,79.4,79.13,79.24,5,1,0,-1,-,-,FIGHT"
2026-07-14T14:40:00.000-04:00,"2026-7-14 14:40,79.56,79.5,79.16,79.25,5,1,1,-1,-,-,wave_only"
2026-07-14T14:45:00.000-04:00,"2026-7-14 14:45,79.77,79.65,79.21,79.27,5,1,1,-1,-,-,wave_only"
2026-07-14T14:50:00.000-04:00,"2026-7-14 14:50,79.62,79.7,79.24,79.28,5,1,1,-1,-,-,wave_only"
2026-07-14T14:55:00.000-04:00,"2026-7-14 14:55,79.62,79.72,79.27,79.3,0,0,1,0,-,-,neutral"
2026-07-14T15:00:00.000-04:00,"2026-7-14 15:00,79.7,79.77,79.3,79.31,5,0,1,0,-,-,neutral"
2026-07-14T15:05:00.000-04:00,"2026-7-14 15:05,79.7,79.79,79.33,79.33,0,0,1,0,-,-,neutral"
2026-07-14T15:10:00.000-04:00,"2026-7-14 15:10,79.67,79.79,79.36,79.34,0,0,1,0,-,-,neutral"
2026-07-14T15:15:00.000-04:00,"2026-7-14 15:15,79.69,79.8,79.38,79.36,0,0,1,0,-,-,neutral"
2026-07-14T15:20:00.000-04:00,"2026-7-14 15:20,79.53,79.74,79.4,79.36,0,0,1,0,-,-,neutral"
2026-07-14T15:25:00.000-04:00,"2026-7-14 15:25,79.58,79.7,79.41,79.37,0,0,1,0,-,-,neutral"
2026-07-14T15:30:00.000-04:00,"2026-7-14 15:30,79.9,79.8,79.45,79.39,7,1,1,0,-,-,wave_only"
2026-07-14T15:35:00.000-04:00,"2026-7-14 15:35,79.78,79.82,79.47,79.41,0,0,1,0,-,-,neutral"
2026-07-14T15:40:00.000-04:00,"2026-7-14 15:40,79.68,79.79,79.49,79.42,0,0,1,0,-,-,neutral"
2026-07-14T15:45:00.000-04:00,"2026-7-14 15:45,79.62,79.75,79.5,79.43,0,0,1,0,-,-,neutral"
2026-07-14T15:50:00.000-04:00,"2026-7-14 15:50,79.69,79.74,79.51,79.44,0,0,1,0,-,-,neutral"
2026-07-14T15:55:00.000-04:00,"2026-7-14 15:55,79.7,79.73,79.53,79.45,0,0,1,1,-,-,neutral"
2026-07-14T16:00:00.000-04:00,"2026-7-14 16:00,79.82,79.77,79.55,79.46,5,0,1,1,-,-,neutral"
2026-07-14T16:05:00.000-04:00,"2026-7-14 16:05,79.79,79.79,79.57,79.47,0,0,1,1,-,-,neutral"
2026-07-14T16:10:00.000-04:00,"2026-7-14 16:10,79.86,79.82,79.59,79.49,7,1,1,1,-,-,RIDE_both"
2026-07-14T16:15:00.000-04:00,"2026-7-14 16:15,79.87,79.85,79.61,79.5,3,1,1,1,-,-,RIDE_both"
2026-07-14T16:20:00.000-04:00,"2026-7-14 16:20,79.96,79.9,79.64,79.52,7,1,1,1,-,-,RIDE_both"
2026-07-14T16:25:00.000-04:00,"2026-7-14 16:25,79.94,79.93,79.66,79.54,0,0,1,1,-,-,neutral"
2026-07-14T16:30:00.000-04:00,"2026-7-14 16:30,80.2,80.05,79.7,79.56,7,1,1,1,-,-,RIDE_both"
2026-07-14T16:35:00.000-04:00,"2026-7-14 16:35,80.01,80.06,79.73,79.58,0,0,1,1,-,-,neutral"
2026-07-14T16:40:00.000-04:00,"2026-7-14 16:40,80,80.06,79.75,79.6,0,0,1,1,-,-,neutral"
2026-07-14T16:45:00.000-04:00,"2026-7-14 16:45,79.92,80.03,79.76,79.61,0,0,1,1,-,-,neutral"
2026-07-14T16:50:00.000-04:00,"2026-7-14 16:50,79.84,79.97,79.77,79.62,0,0,1,1,-,-,neutral"
2026-07-14T16:55:00.000-04:00,"2026-7-14 16:55,79.86,79.93,79.77,79.63,0,0,0,1,-,-,neutral"
2026-07-14T18:00:00.000-04:00,"2026-7-14 18:00,79.9,79.92,79.78,79.64,0,0,0,1,-,-,neutral"
2026-07-14T18:05:00.000-04:00,"2026-7-14 18:05,79.96,79.93,79.8,79.65,7,1,0,1,-,-,tide_only"
2026-07-14T18:10:00.000-04:00,"2026-7-14 18:10,80.03,79.97,79.82,79.67,7,1,0,1,-,-,tide_only"
2026-07-14T18:15:00.000-04:00,"2026-7-14 18:15,79.97,79.97,79.83,79.68,7,1,0,1,-,-,tide_only"
2026-07-14T18:20:00.000-04:00,"2026-7-14 18:20,80.01,79.99,79.84,79.69,3,1,0,1,-,-,tide_only"
2026-07-14T18:25:00.000-04:00,"2026-7-14 18:25,79.89,79.95,79.85,79.7,0,0,0,1,-,-,neutral"
2026-07-14T18:30:00.000-04:00,"2026-7-14 18:30,79.96,79.95,79.85,79.71,7,1,0,1,-,-,tide_only"
2026-07-14T18:35:00.000-04:00,"2026-7-14 18:35,79.95,79.95,79.86,79.72,0,0,0,1,-,-,neutral"
2026-07-14T18:40:00.000-04:00,"2026-7-14 18:40,79.97,79.95,79.87,79.73,7,1,0,1,-,-,tide_only"
2026-07-14T18:45:00.000-04:00,"2026-7-14 18:45,79.96,79.95,79.88,79.74,0,0,0,1,-,-,neutral"
2026-07-14T18:50:00.000-04:00,"2026-7-14 18:50,79.94,79.95,79.88,79.75,0,0,0,1,-,-,neutral"
2026-07-14T18:55:00.000-04:00,"2026-7-14 18:55,79.93,79.94,79.89,79.75,-3,-1,0,1,S,-,FIGHT"
2026-07-14T19:00:00.000-04:00,"2026-7-14 19:00,79.87,79.91,79.88,79.76,-3,-1,0,1,-,-,FIGHT"
2026-07-14T19:05:00.000-04:00,"2026-7-14 19:05,79.93,79.91,79.89,79.76,7,1,0,1,B,-,tide_only"
2026-07-14T19:10:00.000-04:00,"2026-7-14 19:10,79.92,79.91,79.89,79.77,0,0,0,1,-,-,neutral"
2026-07-14T19:15:00.000-04:00,"2026-7-14 19:15,79.96,79.92,79.9,79.78,7,1,0,1,-,-,tide_only"
2026-07-14T19:20:00.000-04:00,"2026-7-14 19:20,79.9,79.91,79.9,79.78,-5,-1,0,1,S,-,FIGHT"
2026-07-14T19:25:00.000-04:00,"2026-7-14 19:25,79.77,79.85,79.89,79.78,-5,-1,0,1,-,-,FIGHT"
2026-07-14T19:30:00.000-04:00,"2026-7-14 19:30,79.83,79.83,79.88,79.78,-5,-1,0,1,-,-,FIGHT"
2026-07-14T19:35:00.000-04:00,"2026-7-14 19:35,79.86,79.83,79.88,79.79,0,0,0,1,-,-,neutral"
2026-07-14T19:40:00.000-04:00,"2026-7-14 19:40,79.88,79.84,79.88,79.79,0,0,0,1,-,-,neutral"
2026-07-14T19:45:00.000-04:00,"2026-7-14 19:45,79.83,79.83,79.88,79.79,-5,-1,0,1,-,-,FIGHT"
2026-07-14T19:50:00.000-04:00,"2026-7-14 19:50,79.83,79.82,79.87,79.79,-5,-1,0,1,-,-,FIGHT"
2026-07-14T19:55:00.000-04:00,"2026-7-14 19:55,79.86,79.82,79.87,79.8,0,0,0,0,-,-,neutral"
2026-07-14T20:00:00.000-04:00,"2026-7-14 20:00,80,79.88,79.88,79.8,3,1,0,0,B,-,FIGHT"
2026-07-14T20:05:00.000-04:00,"2026-7-14 20:05,80.1,79.96,79.9,79.82,7,1,0,0,-,-,FIGHT"
2026-07-14T20:10:00.000-04:00,"2026-7-14 20:10,80.2,80.06,79.92,79.83,7,1,1,0,-,-,wave_only"
2026-07-14T20:15:00.000-04:00,"2026-7-14 20:15,80.23,80.14,79.95,79.85,7,1,1,0,-,-,wave_only"
2026-07-14T20:20:00.000-04:00,"2026-7-14 20:20,80.29,80.22,79.97,79.86,7,1,1,0,-,-,wave_only"
2026-07-14T20:25:00.000-04:00,"2026-7-14 20:25,80.25,80.26,79.99,79.88,7,1,1,0,-,-,wave_only"
2026-07-14T20:30:00.000-04:00,"2026-7-14 20:30,80.46,80.36,80.03,79.9,7,1,1,0,-,-,wave_only"
2026-07-14T20:35:00.000-04:00,"2026-7-14 20:35,80.53,80.46,80.07,79.93,7,1,1,0,-,-,wave_only"
2026-07-14T20:40:00.000-04:00,"2026-7-14 20:40,80.53,80.53,80.1,79.95,7,1,1,0,-,-,wave_only"
2026-07-14T20:45:00.000-04:00,"2026-7-14 20:45,80.51,80.56,80.13,79.97,0,0,1,0,-,-,neutral"
2026-07-14T20:50:00.000-04:00,"2026-7-14 20:50,80.4,80.54,80.15,79.99,0,0,1,0,-,-,neutral"
2026-07-14T20:55:00.000-04:00,"2026-7-14 20:55,80.2,80.45,80.16,80,0,0,0,1,-,-,neutral"
2026-07-14T21:00:00.000-04:00,"2026-7-14 21:00,79.92,80.28,80.14,79.99,0,0,0,1,-,-,neutral"
2026-07-14T21:05:00.000-04:00,"2026-7-14 21:05,79.91,80.14,80.12,79.99,-3,-1,0,1,S,-,FIGHT"
2026-07-14T21:10:00.000-04:00,"2026-7-14 21:10,79.97,80.07,80.11,79.99,-5,-1,0,1,-,-,FIGHT"
2026-07-14T21:15:00.000-04:00,"2026-7-14 21:15,79.88,79.98,80.09,79.99,-5,-1,0,1,-,-,FIGHT"
2026-07-14T21:20:00.000-04:00,"2026-7-14 21:20,79.9,79.92,80.08,79.98,-5,-1,0,1,-,-,FIGHT"
2026-07-14T21:25:00.000-04:00,"2026-7-14 21:25,80.07,79.95,80.08,79.99,0,0,0,1,-,-,neutral"
2026-07-14T21:30:00.000-04:00,"2026-7-14 21:30,80,79.94,80.07,79.99,-3,-1,0,1,-,-,FIGHT"
2026-07-14T21:35:00.000-04:00,"2026-7-14 21:35,80.04,79.96,80.07,79.99,0,0,0,1,-,-,neutral"
2026-07-14T21:40:00.000-04:00,"2026-7-14 21:40,80,79.95,80.06,79.99,0,0,0,1,-,-,neutral"
2026-07-14T21:45:00.000-04:00,"2026-7-14 21:45,80.08,79.98,80.07,79.99,0,0,0,1,-,-,neutral"
2026-07-14T21:50:00.000-04:00,"2026-7-14 21:50,80.12,80.02,80.07,80,0,0,0,1,-,-,neutral"
2026-07-14T21:55:00.000-04:00,"2026-7-14 21:55,80.2,80.08,80.08,80.01,7,1,1,1,B,BUY,RIDE_both"
2026-07-14T22:00:00.000-04:00,"2026-7-14 22:00,80.35,80.18,80.1,80.02,7,1,1,1,-,-,RIDE_both"
2026-07-14T22:05:00.000-04:00,"2026-7-14 22:05,80.18,80.19,80.11,80.03,7,1,1,1,-,-,RIDE_both"
2026-07-14T22:10:00.000-04:00,"2026-7-14 22:10,80.13,80.18,80.11,80.03,0,0,0,1,-,-,neutral"
2026-07-14T22:15:00.000-04:00,"2026-7-14 22:15,80.15,80.17,80.11,80.03,0,0,0,1,-,-,neutral"
2026-07-14T22:20:00.000-04:00,"2026-7-14 22:20,80.14,80.17,80.11,80.04,0,0,0,1,-,-,neutral"
2026-07-14T22:25:00.000-04:00,"2026-7-14 22:25,80.19,80.18,80.12,80.04,7,1,1,1,-,-,RIDE_both"
2026-07-14T22:30:00.000-04:00,"2026-7-14 22:30,80.2,80.19,80.13,80.05,7,1,1,1,-,-,RIDE_both"
2026-07-14T22:35:00.000-04:00,"2026-7-14 22:35,80.28,80.23,80.14,80.06,7,1,1,1,-,-,RIDE_both"
2026-07-14T22:40:00.000-04:00,"2026-7-14 22:40,80.24,80.24,80.15,80.07,7,1,1,1,-,-,RIDE_both"
2026-07-14T22:45:00.000-04:00,"2026-7-14 22:45,80.35,80.29,80.16,80.08,7,1,1,1,-,-,RIDE_both"
2026-07-14T22:50:00.000-04:00,"2026-7-14 22:50,80.38,80.34,80.18,80.09,7,1,1,1,-,-,RIDE_both"
2026-07-14T22:55:00.000-04:00,"2026-7-14 22:55,80.29,80.34,80.19,80.1,0,0,1,1,-,-,neutral"
2026-07-14T23:00:00.000-04:00,"2026-7-14 23:00,80.19,80.3,80.19,80.1,0,0,1,1,-,-,neutral"
2026-07-14T23:05:00.000-04:00,"2026-7-14 23:05,80.12,80.24,80.18,80.1,0,0,1,1,-,-,neutral"
2026-07-14T23:10:00.000-04:00,"2026-7-14 23:10,80.21,80.23,80.18,80.11,-3,0,0,1,-,-,neutral"
2026-07-14T23:15:00.000-04:00,"2026-7-14 23:15,80.26,80.24,80.19,80.11,7,1,0,1,-,-,tide_only"
2026-07-14T23:20:00.000-04:00,"2026-7-14 23:20,80.2,80.23,80.19,80.12,-3,0,0,1,-,-,neutral"
2026-07-14T23:25:00.000-04:00,"2026-7-14 23:25,80.11,80.18,80.18,80.12,-5,-1,0,1,S,-,FIGHT"
2026-07-14T23:30:00.000-04:00,"2026-7-14 23:30,80.17,80.17,80.18,80.12,-5,-1,0,1,-,-,FIGHT"
2026-07-14T23:35:00.000-04:00,"2026-7-14 23:35,80.17,80.17,80.18,80.12,-5,-1,0,1,-,-,FIGHT"
2026-07-14T23:40:00.000-04:00,"2026-7-14 23:40,80.14,80.15,80.18,80.12,-5,-1,0,1,-,-,FIGHT"
2026-07-14T23:45:00.000-04:00,"2026-7-14 23:45,79.97,80.08,80.16,80.11,-5,-1,0,1,-,-,FIGHT"
2026-07-14T23:50:00.000-04:00,"2026-7-14 23:50,79.93,80.01,80.14,80.11,-5,-1,0,1,-,-,FIGHT"
2026-07-14T23:55:00.000-04:00,"2026-7-14 23:55,79.94,79.96,80.13,80.1,-5,-1,-1,0,-,-,wave_only"
2026-07-15T00:00:00.000-04:00,"2026-7-15 0:00,80.02,79.96,80.12,80.1,-5,0,-1,0,-,-,neutral"
2026-07-15T00:05:00.000-04:00,"2026-7-15 0:05,80.03,79.97,80.11,80.09,0,0,-1,0,-,-,neutral"
2026-07-15T00:10:00.000-04:00,"2026-7-15 0:10,79.95,79.95,80.1,80.09,-5,-1,-1,0,-,-,wave_only"
2026-07-15T00:15:00.000-04:00,"2026-7-15 0:15,79.89,79.91,80.08,80.08,-5,-1,-1,0,-,-,wave_only"
2026-07-15T00:20:00.000-04:00,"2026-7-15 0:20,79.8,79.85,80.06,80.07,-7,-1,-1,0,-,-,wave_only"
2026-07-15T00:25:00.000-04:00,"2026-7-15 0:25,79.85,79.83,80.05,80.06,-3,-1,-1,0,-,-,wave_only"
2026-07-15T00:30:00.000-04:00,"2026-7-15 0:30,79.85,79.81,80.03,80.05,-5,0,-1,0,-,-,neutral"
2026-07-15T00:35:00.000-04:00,"2026-7-15 0:35,79.78,79.78,80.01,80.04,-3,-1,-1,0,-,-,wave_only"
2026-07-15T00:40:00.000-04:00,"2026-7-15 0:40,79.81,79.77,80,80.03,0,0,-1,0,-,-,neutral"
2026-07-15T00:45:00.000-04:00,"2026-7-15 0:45,79.72,79.73,79.98,80.02,-7,-1,-1,0,-,-,wave_only"
2026-07-15T00:50:00.000-04:00,"2026-7-15 0:50,79.73,79.71,79.96,80.01,0,0,-1,0,-,-,neutral"
2026-07-15T00:55:00.000-04:00,"2026-7-15 0:55,79.79,79.72,79.94,80,0,0,-1,-1,-,-,neutral"
2026-07-15T01:00:00.000-04:00,"2026-7-15 1:00,79.93,79.78,79.94,80,0,0,-1,-1,-,-,neutral"
2026-07-15T01:05:00.000-04:00,"2026-7-15 1:05,79.85,79.8,79.94,79.99,0,0,-1,-1,-,-,neutral"
2026-07-15T01:10:00.000-04:00,"2026-7-15 1:10,79.77,79.78,79.92,79.98,-3,-1,-1,-1,-,-,RIDE_both"
2026-07-15T01:15:00.000-04:00,"2026-7-15 1:15,79.77,79.77,79.91,79.98,-3,-1,-1,-1,-,-,RIDE_both"
2026-07-15T01:20:00.000-04:00,"2026-7-15 1:20,79.84,79.79,79.91,79.97,0,0,-1,-1,-,-,neutral"
2026-07-15T01:25:00.000-04:00,"2026-7-15 1:25,79.87,79.82,79.9,79.97,0,0,0,-1,-,-,neutral"
2026-07-15T01:30:00.000-04:00,"2026-7-15 1:30,79.75,79.79,79.89,79.96,-7,-1,0,-1,-,-,tide_only"
2026-07-15T01:35:00.000-04:00,"2026-7-15 1:35,79.55,79.7,79.86,79.94,-7,-1,0,-1,-,-,tide_only"
2026-07-15T01:40:00.000-04:00,"2026-7-15 1:40,79.85,79.75,79.86,79.94,0,0,0,-1,-,-,neutral"
2026-07-15T01:45:00.000-04:00,"2026-7-15 1:45,79.79,79.76,79.86,79.93,0,0,0,-1,-,-,neutral"
2026-07-15T01:50:00.000-04:00,"2026-7-15 1:50,79.65,79.72,79.84,79.92,-7,-1,0,-1,-,-,tide_only"
2026-07-15T01:55:00.000-04:00,"2026-7-15 1:55,79.71,79.71,79.83,79.91,-3,-1,-1,-1,-,-,RIDE_both"
2026-07-15T02:00:00.000-04:00,"2026-7-15 2:00,79.69,79.7,79.82,79.9,-7,-1,-1,-1,-,-,RIDE_both"
2026-07-15T02:05:00.000-04:00,"2026-7-15 2:05,79.69,79.69,79.81,79.9,-3,-1,-1,-1,-,-,RIDE_both"
2026-07-15T02:10:00.000-04:00,"2026-7-15 2:10,79.68,79.68,79.8,79.89,-3,-1,-1,-1,-,-,RIDE_both"
2026-07-15T02:15:00.000-04:00,"2026-7-15 2:15,79.63,79.66,79.79,79.88,-7,-1,-1,-1,-,-,RIDE_both"
2026-07-15T02:20:00.000-04:00,"2026-7-15 2:20,79.54,79.61,79.77,79.86,-7,-1,-1,-1,-,-,RIDE_both"
2026-07-15T02:25:00.000-04:00,"2026-7-15 2:25,79.72,79.64,79.76,79.86,0,0,-1,-1,-,-,neutral"
2026-07-15T02:30:00.000-04:00,"2026-7-15 2:30,79.67,79.64,79.76,79.85,0,0,-1,-1,-,-,neutral"
2026-07-15T02:35:00.000-04:00,"2026-7-15 2:35,79.68,79.65,79.75,79.84,0,0,-1,-1,-,-,neutral"
2026-07-15T02:40:00.000-04:00,"2026-7-15 2:40,79.65,79.65,79.74,79.84,0,0,-1,-1,-,-,neutral"
2026-07-15T02:45:00.000-04:00,"2026-7-15 2:45,79.78,79.7,79.75,79.83,3,1,-1,-1,B,-,FIGHT"
2026-07-15T02:50:00.000-04:00,"2026-7-15 2:50,79.87,79.76,79.76,79.84,5,1,-1,-1,-,-,FIGHT"
2026-07-15T02:55:00.000-04:00,"2026-7-15 2:55,80,79.86,79.77,79.84,5,1,0,0,-,-,FIGHT"
2026-07-15T03:00:00.000-04:00,"2026-7-15 3:00,80.23,80.02,79.81,79.86,5,1,0,0,-,-,FIGHT"
2026-07-15T03:05:00.000-04:00,"2026-7-15 3:05,80.18,80.11,79.84,79.87,5,1,0,0,-,-,FIGHT"
2026-07-15T03:10:00.000-04:00,"2026-7-15 3:10,80.18,80.17,79.86,79.88,5,1,0,0,-,-,FIGHT"
2026-07-15T03:15:00.000-04:00,"2026-7-15 3:15,80.3,80.26,79.9,79.9,5,1,0,0,-,-,FIGHT"
2026-07-15T03:20:00.000-04:00,"2026-7-15 3:20,80.29,80.32,79.93,79.91,5,1,0,0,-,-,FIGHT"
2026-07-15T03:25:00.000-04:00,"2026-7-15 3:25,80.35,80.37,79.96,79.93,3,1,1,0,-,-,wave_only"
2026-07-15T03:30:00.000-04:00,"2026-7-15 3:30,80.35,80.41,79.99,79.95,0,0,1,0,-,-,neutral"
2026-07-15T03:35:00.000-04:00,"2026-7-15 3:35,80.2,80.38,80.01,79.96,0,0,1,0,-,-,neutral"
2026-07-15T03:40:00.000-04:00,"2026-7-15 3:40,80.39,80.42,80.04,79.97,3,1,1,0,-,-,wave_only"
2026-07-15T03:45:00.000-04:00,"2026-7-15 3:45,80.23,80.38,80.05,79.98,0,0,1,0,-,-,neutral"
2026-07-15T03:50:00.000-04:00,"2026-7-15 3:50,80.48,80.45,80.08,80,5,1,1,0,-,-,wave_only"
2026-07-15T03:55:00.000-04:00,"2026-7-15 3:55,80.52,80.51,80.12,80.02,5,1,1,1,-,-,RIDE_both"
2026-07-15T04:00:00.000-04:00,"2026-7-15 4:00,80.83,80.66,80.17,80.06,7,1,1,1,-,-,RIDE_both"
2026-07-15T04:05:00.000-04:00,"2026-7-15 4:05,80.7,80.72,80.21,80.08,7,0,1,1,-,-,neutral"
2026-07-15T04:10:00.000-04:00,"2026-7-15 4:10,80.8,80.79,80.26,80.11,7,1,1,1,-,-,RIDE_both"
2026-07-15T04:15:00.000-04:00,"2026-7-15 4:15,80.48,80.72,80.28,80.12,0,0,1,1,-,-,neutral"
2026-07-15T04:20:00.000-04:00,"2026-7-15 4:20,80.42,80.64,80.29,80.14,0,0,1,1,-,-,neutral"
2026-07-15T04:25:00.000-04:00,"2026-7-15 4:25,79.84,80.37,80.25,80.12,0,0,0,1,-,-,neutral"
2026-07-15T04:30:00.000-04:00,"2026-7-15 4:30,79.92,80.19,80.23,80.12,-5,-1,0,1,S,-,FIGHT"
2026-07-15T04:35:00.000-04:00,"2026-7-15 4:35,79.92,80.06,80.2,80.11,-5,-1,0,1,-,-,FIGHT"
2026-07-15T04:40:00.000-04:00,"2026-7-15 4:40,79.77,79.92,80.17,80.09,-5,-1,0,1,-,-,FIGHT"
2026-07-15T04:45:00.000-04:00,"2026-7-15 4:45,79.74,79.8,80.14,80.08,-5,-1,0,1,-,-,FIGHT"
2026-07-15T04:50:00.000-04:00,"2026-7-15 4:50,79.65,79.69,80.1,80.06,-5,-1,0,1,-,-,FIGHT"
2026-07-15T04:55:00.000-04:00,"2026-7-15 4:55,79.39,79.52,80.04,80.04,-5,-1,-1,-1,-,-,RIDE_both"
2026-07-15T05:00:00.000-04:00,"2026-7-15 5:00,79.46,79.42,80,80.01,-3,-1,-1,-1,-,-,RIDE_both"
2026-07-15T05:05:00.000-04:00,"2026-7-15 5:05,79.44,79.36,79.96,79.99,-3,-1,-1,-1,-,-,RIDE_both"
2026-07-15T05:10:00.000-04:00,"2026-7-15 5:10,79.58,79.37,79.93,79.98,0,0,-1,-1,-,-,neutral"
2026-07-15T05:15:00.000-04:00,"2026-7-15 5:15,79.85,79.48,79.92,79.97,0,0,-1,-1,-,-,neutral"
2026-07-15T05:20:00.000-04:00,"2026-7-15 5:20,79.83,79.57,79.91,79.97,0,0,-1,-1,-,-,neutral"
2026-07-15T05:25:00.000-04:00,"2026-7-15 5:25,79.93,79.67,79.92,79.96,0,0,0,-1,-,-,neutral"
2026-07-15T05:30:00.000-04:00,"2026-7-15 5:30,79.89,79.73,79.91,79.96,0,0,0,-1,-,-,neutral"
2026-07-15T05:35:00.000-04:00,"2026-7-15 5:35,79.92,79.79,79.91,79.96,0,0,0,-1,-,-,neutral"
2026-07-15T05:40:00.000-04:00,"2026-7-15 5:40,79.8,79.8,79.91,79.95,0,0,-1,-1,-,-,neutral"
2026-07-15T05:45:00.000-04:00,"2026-7-15 5:45,80.06,79.89,79.92,79.96,3,0,-1,-1,-,-,neutral"
2026-07-15T05:50:00.000-04:00,"2026-7-15 5:50,80.05,79.96,79.93,79.96,5,1,-1,-1,B,-,FIGHT"
2026-07-15T05:55:00.000-04:00,"2026-7-15 5:55,80.12,80.04,79.94,79.97,5,1,0,1,-,-,tide_only"
2026-07-15T06:00:00.000-04:00,"2026-7-15 6:00,80.03,80.06,79.95,79.97,5,1,0,1,-,-,tide_only"
2026-07-15T06:05:00.000-04:00,"2026-7-15 6:05,80.2,80.13,79.97,79.98,7,1,0,1,-,-,tide_only"
2026-07-15T06:10:00.000-04:00,"2026-7-15 6:10,80.21,80.19,79.99,79.99,7,1,1,1,-,-,RIDE_both"
2026-07-15T06:15:00.000-04:00,"2026-7-15 6:15,80.09,80.18,79.99,79.99,0,0,1,1,-,-,neutral"
2026-07-15T06:20:00.000-04:00,"2026-7-15 6:20,80.27,80.24,80.02,80,7,1,1,1,-,-,RIDE_both"
2026-07-15T06:25:00.000-04:00,"2026-7-15 6:25,80.28,80.29,80.04,80.01,7,1,1,1,-,-,RIDE_both"
2026-07-15T06:30:00.000-04:00,"2026-7-15 6:30,80.21,80.29,80.05,80.02,0,0,1,1,-,-,neutral"
2026-07-15T06:35:00.000-04:00,"2026-7-15 6:35,80.08,80.24,80.05,80.02,0,0,1,1,-,-,neutral"
2026-07-15T06:40:00.000-04:00,"2026-7-15 6:40,80.02,80.18,80.05,80.02,0,0,0,1,-,-,neutral"
2026-07-15T06:45:00.000-04:00,"2026-7-15 6:45,80.04,80.14,80.05,80.02,0,0,0,1,-,-,neutral"
2026-07-15T06:50:00.000-04:00,"2026-7-15 6:50,79.95,80.08,80.04,80.02,-3,0,0,1,-,-,neutral"
2026-07-15T06:55:00.000-04:00,"2026-7-15 6:55,79.85,79.99,80.03,80.01,-7,-1,-1,-1,S,SELL,RIDE_both"
2026-07-15T07:00:00.000-04:00,"2026-7-15 7:00,79.93,79.96,80.02,80.01,-5,-1,-1,-1,-,-,RIDE_both"
2026-07-15T07:05:00.000-04:00,"2026-7-15 7:05,79.96,79.95,80.01,80.01,-5,-1,-1,-1,-,-,RIDE_both"
2026-07-15T07:10:00.000-04:00,"2026-7-15 7:10,80.05,79.97,80.02,80.01,0,0,0,-1,-,-,neutral"
2026-07-15T07:15:00.000-04:00,"2026-7-15 7:15,79.87,79.93,80.01,80.01,-5,-1,0,-1,-,-,tide_only"
2026-07-15T07:20:00.000-04:00,"2026-7-15 7:20,79.76,79.85,79.99,80,-7,-1,0,-1,-,-,tide_only"
2026-07-15T07:25:00.000-04:00,"2026-7-15 7:25,79.74,79.79,79.97,79.99,-5,-1,-1,-1,-,-,RIDE_both"
2026-07-15T07:30:00.000-04:00,"2026-7-15 7:30,79.88,79.8,79.96,79.98,0,0,-1,-1,-,-,neutral"
2026-07-15T07:35:00.000-04:00,"2026-7-15 7:35,79.77,79.77,79.95,79.97,-5,-1,-1,-1,-,-,RIDE_both"
2026-07-15T07:40:00.000-04:00,"2026-7-15 7:40,79.8,79.76,79.94,79.97,-3,-1,-1,-1,-,-,RIDE_both"
2026-07-15T07:45:00.000-04:00,"2026-7-15 7:45,79.72,79.73,79.92,79.96,-5,-1,-1,-1,-,-,RIDE_both"
2026-07-15T07:50:00.000-04:00,"2026-7-15 7:50,79.46,79.61,79.88,79.94,-7,-1,-1,-1,-,-,RIDE_both"
2026-07-15T07:55:00.000-04:00,"2026-7-15 7:55,79.55,79.56,79.86,79.92,-7,-1,-1,-1,-,-,RIDE_both"
2026-07-15T08:00:00.000-04:00,"2026-7-15 8:00,79.66,79.56,79.84,79.91,0,0,-1,-1,-,-,neutral"
2026-07-15T08:05:00.000-04:00,"2026-7-15 8:05,79.67,79.58,79.83,79.9,0,0,-1,-1,-,-,neutral"
2026-07-15T08:10:00.000-04:00,"2026-7-15 8:10,79.63,79.57,79.81,79.89,0,0,-1,-1,-,-,neutral"
2026-07-15T08:15:00.000-04:00,"2026-7-15 8:15,79.63,79.58,79.8,79.88,0,0,-1,-1,-,-,neutral"
2026-07-15T08:20:00.000-04:00,"2026-7-15 8:20,79.87,79.67,79.81,79.88,0,0,-1,-1,-,-,neutral"
2026-07-15T08:25:00.000-04:00,"2026-7-15 8:25,79.86,79.73,79.81,79.88,3,0,0,-1,-,-,neutral"
2026-07-15T08:30:00.000-04:00,"2026-7-15 8:30,79.84,79.77,79.81,79.88,3,0,0,-1,-,-,neutral"
2026-07-15T08:35:00.000-04:00,"2026-7-15 8:35,79.82,79.8,79.81,79.88,3,1,0,-1,B,-,FIGHT"
2026-07-15T08:40:00.000-04:00,"2026-7-15 8:40,79.7,79.77,79.8,79.87,-7,-1,-1,-1,S,SELL,RIDE_both"
2026-07-15T08:45:00.000-04:00,"2026-7-15 8:45,79.68,79.74,79.79,79.86,-7,-1,-1,-1,-,-,RIDE_both"
2026-07-15T08:50:00.000-04:00,"2026-7-15 8:50,79.79,79.76,79.79,79.86,3,1,-1,-1,B,-,FIGHT"
2026-07-15T08:55:00.000-04:00,"2026-7-15 8:55,79.78,79.77,79.79,79.86,0,0,0,0,-,-,neutral"
2026-07-15T09:00:00.000-04:00,"2026-7-15 9:00,79.7,79.75,79.79,79.85,-7,-1,0,0,S,-,FIGHT"
2026-07-15T09:05:00.000-04:00,"2026-7-15 9:05,79.97,79.83,79.8,79.85,5,1,0,0,B,-,FIGHT"
2026-07-15T09:10:00.000-04:00,"2026-7-15 9:10,80.23,79.99,79.83,79.87,5,1,0,0,-,-,FIGHT"
2026-07-15T09:15:00.000-04:00,"2026-7-15 9:15,80.18,80.09,79.86,79.88,5,1,0,0,-,-,FIGHT"
2026-07-15T09:20:00.000-04:00,"2026-7-15 9:20,80.2,80.16,79.89,79.89,7,1,0,0,-,-,FIGHT"
2026-07-15T09:25:00.000-04:00,"2026-7-15 9:25,80.37,80.28,79.92,79.91,5,1,1,0,-,-,wave_only"
2026-07-15T09:30:00.000-04:00,"2026-7-15 9:30,80.06,80.24,79.93,79.92,0,0,1,0,-,-,neutral"
2026-07-15T09:35:00.000-04:00,"2026-7-15 9:35,79.88,80.14,79.93,79.92,0,0,1,0,-,-,neutral"
2026-07-15T09:40:00.000-04:00,"2026-7-15 9:40,79.96,80.1,79.93,79.92,0,0,0,0,-,-,neutral"
2026-07-15T09:45:00.000-04:00,"2026-7-15 9:45,79.98,80.07,79.94,79.92,0,0,0,0,-,-,neutral"
2026-07-15T09:50:00.000-04:00,"2026-7-15 9:50,80.14,80.1,79.95,79.93,7,1,0,0,-,-,FIGHT"
2026-07-15T09:55:00.000-04:00,"2026-7-15 9:55,79.8,80,79.94,79.92,0,0,-1,0,-,-,neutral"
2026-07-15T10:00:00.000-04:00,"2026-7-15 10:00,79.71,79.9,79.92,79.92,-7,-1,-1,0,S,-,wave_only"
2026-07-15T10:05:00.000-04:00,"2026-7-15 10:05,79.58,79.77,79.9,79.9,-7,-1,-1,0,-,-,wave_only"
2026-07-15T10:10:00.000-04:00,"2026-7-15 10:10,79.8,79.76,79.89,79.9,-5,-1,0,0,-,-,FIGHT"
2026-07-15T10:15:00.000-04:00,"2026-7-15 10:15,79.66,79.7,79.87,79.89,-5,-1,0,0,-,-,FIGHT"
2026-07-15T10:20:00.000-04:00,"2026-7-15 10:20,79.51,79.61,79.84,79.87,-7,-1,0,0,-,-,FIGHT"
2026-07-15T10:25:00.000-04:00,"2026-7-15 10:25,79.47,79.52,79.81,79.86,-5,-1,-1,0,-,-,wave_only"
2026-07-15T10:30:00.000-04:00,"2026-7-15 10:30,79.26,79.39,79.77,79.84,-7,-1,-1,0,-,-,wave_only"
2026-07-15T10:35:00.000-04:00,"2026-7-15 10:35,79.22,79.28,79.73,79.81,-7,-1,-1,0,-,-,wave_only"
2026-07-15T10:40:00.000-04:00,"2026-7-15 10:40,79.29,79.23,79.7,79.79,-7,-1,-1,0,-,-,wave_only"
2026-07-15T10:45:00.000-04:00,"2026-7-15 10:45,78.85,79.04,79.63,79.75,-7,-1,-1,0,-,-,wave_only"
2026-07-15T10:50:00.000-04:00,"2026-7-15 10:50,78.65,78.83,79.55,79.71,-7,-1,-1,0,-,-,wave_only"
2026-07-15T10:55:00.000-04:00,"2026-7-15 10:55,78.65,78.69,79.49,79.67,-5,-1,-1,-1,-,-,RIDE_both"
2026-07-15T11:00:00.000-04:00,"2026-7-15 11:00,78.83,78.66,79.43,79.64,0,0,-1,-1,-,-,neutral"
2026-07-15T11:05:00.000-04:00,"2026-7-15 11:05,78.71,78.6,79.38,79.6,0,0,-1,-1,-,-,neutral"
2026-07-15T11:10:00.000-04:00,"2026-7-15 11:10,78.87,78.63,79.34,79.57,0,0,-1,-1,-,-,neutral"
2026-07-15T11:15:00.000-04:00,"2026-7-15 11:15,78.67,78.58,79.29,79.54,-3,-1,-1,-1,-,-,RIDE_both"
2026-07-15T11:20:00.000-04:00,"2026-7-15 11:20,78.45,78.48,79.22,79.49,-7,-1,-1,-1,-,-,RIDE_both"
2026-07-15T11:25:00.000-04:00,"2026-7-15 11:25,78.39,78.38,79.16,79.45,-7,-1,-1,-1,-,-,RIDE_both"
2026-07-15T11:30:00.000-04:00,"2026-7-15 11:30,78.32,78.3,79.1,79.41,-7,-1,-1,-1,-,-,RIDE_both"
2026-07-15T11:35:00.000-04:00,"2026-7-15 11:35,78.8,78.42,79.07,79.38,0,0,-1,-1,-,-,neutral"
2026-07-15T11:40:00.000-04:00,"2026-7-15 11:40,78.58,78.44,79.03,79.35,0,0,-1,-1,-,-,neutral"
2026-07-15T11:45:00.000-04:00,"2026-7-15 11:45,78.7,78.5,79.01,79.32,0,0,-1,-1,-,-,neutral"
2026-07-15T11:50:00.000-04:00,"2026-7-15 11:50,78.6,78.51,78.98,79.3,0,0,-1,-1,-,-,neutral"
2026-07-15T11:55:00.000-04:00,"2026-7-15 11:55,78.87,78.63,78.97,79.28,0,0,0,-1,-,-,neutral"
2026-07-15T12:00:00.000-04:00,"2026-7-15 12:00,78.92,78.73,78.97,79.27,3,1,0,-1,B,-,FIGHT"
2026-07-15T12:05:00.000-04:00,"2026-7-15 12:05,79.1,78.88,78.98,79.26,3,1,0,-1,-,-,FIGHT"
2026-07-15T12:10:00.000-04:00,"2026-7-15 12:10,79.01,78.95,78.98,79.25,5,1,0,-1,-,-,FIGHT"
2026-07-15T12:15:00.000-04:00,"2026-7-15 12:15,79.04,79.02,78.98,79.24,5,1,0,-1,-,-,FIGHT"
2026-07-15T12:20:00.000-04:00,"2026-7-15 12:20,79.34,79.17,79.01,79.25,5,1,0,-1,-,-,FIGHT"
2026-07-15T12:25:00.000-04:00,"2026-7-15 12:25,79.2,79.23,79.03,79.24,5,1,0,-1,-,-,FIGHT"
2026-07-15T12:30:00.000-04:00,"2026-7-15 12:30,79.36,79.33,79.05,79.25,5,1,0,-1,-,-,FIGHT"
2026-07-15T12:35:00.000-04:00,"2026-7-15 12:35,79.44,79.42,79.08,79.26,5,1,0,-1,-,-,FIGHT"
2026-07-15T12:40:00.000-04:00,"2026-7-15 12:40,79.49,79.51,79.11,79.26,5,1,0,-1,-,-,FIGHT"
2026-07-15T12:45:00.000-04:00,"2026-7-15 12:45,79.36,79.51,79.13,79.27,0,0,0,-1,-,-,neutral"
2026-07-15T12:50:00.000-04:00,"2026-7-15 12:50,79.59,79.6,79.17,79.28,3,1,0,-1,-,-,FIGHT"
2026-07-15T12:55:00.000-04:00,"2026-7-15 12:55,79.48,79.61,79.19,79.29,0,0,0,0,-,-,neutral"
2026-07-15T13:00:00.000-04:00,"2026-7-15 13:00,79.27,79.54,79.2,79.29,0,0,0,0,-,-,neutral"
2026-07-15T13:05:00.000-04:00,"2026-7-15 13:05,79.25,79.47,79.2,79.29,0,0,0,0,-,-,neutral"
2026-07-15T13:10:00.000-04:00,"2026-7-15 13:10,79.34,79.45,79.21,79.29,0,0,0,0,-,-,neutral"
2026-07-15T13:15:00.000-04:00,"2026-7-15 13:15,79.3,79.42,79.22,79.29,0,0,0,0,-,-,neutral"
2026-07-15T13:20:00.000-04:00,"2026-7-15 13:20,79.33,79.4,79.23,79.29,0,0,0,0,-,-,neutral"
2026-07-15T13:25:00.000-04:00,"2026-7-15 13:25,78.97,79.26,79.21,79.28,0,0,-1,0,-,-,neutral"
2026-07-15T13:30:00.000-04:00,"2026-7-15 13:30,79.09,79.19,79.2,79.27,0,0,-1,0,-,-,neutral"
2026-07-15T13:35:00.000-04:00,"2026-7-15 13:35,79.13,79.16,79.19,79.27,-7,-1,-1,0,S,-,wave_only"
2026-07-15T13:40:00.000-04:00,"2026-7-15 13:40,78.95,79.07,79.17,79.25,-7,-1,-1,0,-,-,wave_only"
2026-07-15T13:45:00.000-04:00,"2026-7-15 13:45,78.9,78.99,79.15,79.24,-7,-1,-1,0,-,-,wave_only"
2026-07-15T13:50:00.000-04:00,"2026-7-15 13:50,78.99,78.96,79.14,79.23,-7,-1,-1,0,-,-,wave_only"
2026-07-15T13:55:00.000-04:00,"2026-7-15 13:55,78.99,78.95,79.13,79.22,-3,-1,-1,-1,-,-,RIDE_both"
2026-07-15T14:00:00.000-04:00,"2026-7-15 14:00,78.85,78.88,79.11,79.21,-7,-1,-1,-1,-,-,RIDE_both"
2026-07-15T14:05:00.000-04:00,"2026-7-15 14:05,79.16,78.96,79.11,79.2,0,0,-1,-1,-,-,neutral"
2026-07-15T14:10:00.000-04:00,"2026-7-15 14:10,79.12,79,79.11,79.2,3,0,0,-1,-,-,neutral"
2026-07-15T14:15:00.000-04:00,"2026-7-15 14:15,79.24,79.08,79.12,79.2,3,1,0,-1,B,-,FIGHT"
2026-07-15T14:20:00.000-04:00,"2026-7-15 14:20,79.39,79.19,79.14,79.21,5,1,0,-1,-,-,FIGHT"
2026-07-15T14:25:00.000-04:00,"2026-7-15 14:25,79.67,79.38,79.18,79.23,5,1,1,-1,-,-,wave_only"
2026-07-15T14:30:00.000-04:00,"2026-7-15 14:30,79.79,79.55,79.23,79.25,5,1,1,-1,-,-,wave_only"
2026-07-15T14:35:00.000-04:00,"2026-7-15 14:35,79.85,79.7,79.28,79.27,5,1,1,-1,-,-,wave_only"
2026-07-15T14:40:00.000-04:00,"2026-7-15 14:40,79.79,79.79,79.32,79.29,7,1,1,-1,-,-,wave_only"
2026-07-15T14:45:00.000-04:00,"2026-7-15 14:45,79.71,79.81,79.35,79.31,0,0,1,-1,-,-,neutral"
2026-07-15T14:50:00.000-04:00,"2026-7-15 14:50,79.73,79.83,79.38,79.33,0,0,1,-1,-,-,neutral"
2026-07-15T14:55:00.000-04:00,"2026-7-15 14:55,79.74,79.85,79.4,79.34,0,0,1,0,-,-,neutral"
2026-07-15T15:00:00.000-04:00,"2026-7-15 15:00,79.69,79.83,79.43,79.36,0,0,1,0,-,-,neutral"
2026-07-15T15:05:00.000-04:00,"2026-7-15 15:05,79.75,79.84,79.45,79.37,0,0,1,0,-,-,neutral"
2026-07-15T15:10:00.000-04:00,"2026-7-15 15:10,79.67,79.81,79.47,79.38,0,0,1,0,-,-,neutral"
2026-07-15T15:15:00.000-04:00,"2026-7-15 15:15,79.75,79.81,79.49,79.4,0,0,1,0,-,-,neutral"
2026-07-15T15:20:00.000-04:00,"2026-7-15 15:20,79.85,79.85,79.52,79.42,3,1,1,0,-,-,wave_only"
2026-07-15T15:25:00.000-04:00,"2026-7-15 15:25,79.91,79.89,79.55,79.43,7,1,1,0,-,-,wave_only"
2026-07-15T15:30:00.000-04:00,"2026-7-15 15:30,80.46,80.13,79.62,79.47,7,1,1,0,-,-,wave_only"
2026-07-15T15:35:00.000-04:00,"2026-7-15 15:35,80.29,80.23,79.67,79.51,7,1,1,0,-,-,wave_only"
2026-07-15T15:40:00.000-04:00,"2026-7-15 15:40,80.24,80.28,79.71,79.54,0,0,1,0,-,-,neutral"
2026-07-15T15:45:00.000-04:00,"2026-7-15 15:45,80.36,80.36,79.76,79.57,7,1,1,0,-,-,wave_only"
2026-07-15T15:50:00.000-04:00,"2026-7-15 15:50,80.3,80.39,79.8,79.6,0,0,1,0,-,-,neutral"
2026-07-15T15:55:00.000-04:00,"2026-7-15 15:55,80.3,80.4,79.84,79.62,0,0,1,0,-,-,neutral"
2026-07-15T16:00:00.000-04:00,"2026-7-15 16:00,80.36,80.43,79.88,79.65,0,0,1,0,-,-,neutral"
2026-07-15T16:05:00.000-04:00,"2026-7-15 16:05,80.45,80.47,79.93,79.68,0,0,1,0,-,-,neutral"
2026-07-15T16:10:00.000-04:00,"2026-7-15 16:10,80.39,80.48,79.96,79.71,0,0,1,0,-,-,neutral"
2026-07-15T16:15:00.000-04:00,"2026-7-15 16:15,80.22,80.42,79.98,79.73,0,0,1,0,-,-,neutral"
2026-07-15T16:20:00.000-04:00,"2026-7-15 16:20,80.28,80.39,80,79.75,0,0,1,0,-,-,neutral"
2026-07-15T16:25:00.000-04:00,"2026-7-15 16:25,80.33,80.38,80.03,79.78,0,0,1,0,-,-,neutral"
2026-07-15T16:30:00.000-04:00,"2026-7-15 16:30,80.4,80.4,80.06,79.8,3,1,1,0,-,-,wave_only"
2026-07-15T16:35:00.000-04:00,"2026-7-15 16:35,80.37,80.4,80.08,79.82,0,0,1,0,-,-,neutral"
2026-07-15T16:40:00.000-04:00,"2026-7-15 16:40,80.42,80.42,80.11,79.85,3,1,1,0,-,-,wave_only"
2026-07-15T16:45:00.000-04:00,"2026-7-15 16:45,80.34,80.4,80.13,79.87,0,0,1,0,-,-,neutral"
2026-07-15T16:50:00.000-04:00,"2026-7-15 16:50,80.2,80.33,80.13,79.88,0,0,1,0,-,-,neutral"
2026-07-15T16:55:00.000-04:00,"2026-7-15 16:55,80.23,80.29,80.14,79.89,-3,0,0,1,-,-,neutral"
2026-07-15T18:00:00.000-04:00,"2026-7-15 18:00,80.16,80.23,80.14,79.9,-3,-1,0,1,S,-,FIGHT"
2026-07-15T18:05:00.000-04:00,"2026-7-15 18:05,80.15,80.19,80.14,79.91,-3,-1,0,1,-,-,FIGHT"
2026-07-15T18:10:00.000-04:00,"2026-7-15 18:10,80.22,80.18,80.15,79.92,-3,-1,0,1,-,-,FIGHT"
2026-07-15T18:15:00.000-04:00,"2026-7-15 18:15,80.24,80.18,80.15,79.94,7,1,0,1,B,-,tide_only"
2026-07-15T18:20:00.000-04:00,"2026-7-15 18:20,80.22,80.18,80.16,79.95,-3,-1,0,1,S,-,FIGHT"
2026-07-15T18:25:00.000-04:00,"2026-7-15 18:25,80.36,80.23,80.18,79.96,7,1,0,1,B,-,tide_only"
2026-07-15T18:30:00.000-04:00,"2026-7-15 18:30,80.45,80.3,80.2,79.98,7,1,0,1,-,-,tide_only"
2026-07-15T18:35:00.000-04:00,"2026-7-15 18:35,80.4,80.34,80.21,80,7,1,0,1,-,-,tide_only"
2026-07-15T18:40:00.000-04:00,"2026-7-15 18:40,80.3,80.32,80.22,80.01,-3,-1,0,1,S,-,FIGHT"
2026-07-15T18:45:00.000-04:00,"2026-7-15 18:45,80.36,80.34,80.23,80.03,7,1,0,1,B,-,tide_only"
2026-07-15T18:50:00.000-04:00,"2026-7-15 18:50,80.38,80.35,80.24,80.04,7,1,0,1,-,-,tide_only"
2026-07-15T18:55:00.000-04:00,"2026-7-15 18:55,80.32,80.34,80.25,80.05,0,0,0,1,-,-,neutral"
2026-07-15T19:00:00.000-04:00,"2026-7-15 19:00,80.31,80.33,80.25,80.06,0,0,0,1,-,-,neutral"
2026-07-15T19:05:00.000-04:00,"2026-7-15 19:05,80.35,80.34,80.26,80.07,7,0,0,1,-,-,neutral"
2026-07-15T19:10:00.000-04:00,"2026-7-15 19:10,80.29,80.32,80.26,80.08,-3,-1,0,1,S,-,FIGHT"
2026-07-15T19:15:00.000-04:00,"2026-7-15 19:15,80.22,80.28,80.26,80.09,-3,-1,0,1,-,-,FIGHT"
2026-07-15T19:20:00.000-04:00,"2026-7-15 19:20,80.21,80.25,80.25,80.09,-5,-1,0,1,-,-,FIGHT"
2026-07-15T19:25:00.000-04:00,"2026-7-15 19:25,80.19,80.22,80.25,80.09,-5,-1,0,1,-,-,FIGHT"
2026-07-15T19:30:00.000-04:00,"2026-7-15 19:30,80.16,80.18,80.24,80.1,-5,-1,0,1,-,-,FIGHT"
2026-07-15T19:35:00.000-04:00,"2026-7-15 19:35,80.23,80.19,80.24,80.1,0,0,0,1,-,-,neutral"
2026-07-15T19:40:00.000-04:00,"2026-7-15 19:40,80.2,80.18,80.24,80.11,-5,-1,0,1,-,-,FIGHT"
2026-07-15T19:45:00.000-04:00,"2026-7-15 19:45,80.19,80.17,80.24,80.11,-5,-1,0,1,-,-,FIGHT"
2026-07-15T19:50:00.000-04:00,"2026-7-15 19:50,80.23,80.18,80.23,80.11,0,0,0,1,-,-,neutral"
2026-07-15T19:55:00.000-04:00,"2026-7-15 19:55,80.16,80.16,80.23,80.12,-5,-1,0,1,-,-,FIGHT"
2026-07-15T20:00:00.000-04:00,"2026-7-15 20:00,80.02,80.1,80.21,80.11,-5,-1,0,1,-,-,FIGHT"
2026-07-15T20:05:00.000-04:00,"2026-7-15 20:05,79.98,80.04,80.19,80.11,-5,-1,0,1,-,-,FIGHT"
2026-07-15T20:10:00.000-04:00,"2026-7-15 20:10,79.96,79.99,80.18,80.1,-5,-1,0,1,-,-,FIGHT"
2026-07-15T20:15:00.000-04:00,"2026-7-15 20:15,79.97,79.96,80.16,80.1,-5,-1,0,1,-,-,FIGHT"
2026-07-15T20:20:00.000-04:00,"2026-7-15 20:20,80,79.95,80.15,80.09,0,0,0,1,-,-,neutral"
2026-07-15T20:25:00.000-04:00,"2026-7-15 20:25,80.01,79.95,80.14,80.09,0,0,0,1,-,-,neutral"
2026-07-15T20:30:00.000-04:00,"2026-7-15 20:30,80.1,79.99,80.13,80.09,0,0,0,1,-,-,neutral"
2026-07-15T20:35:00.000-04:00,"2026-7-15 20:35,80.15,80.04,80.14,80.09,0,0,0,1,-,-,neutral"
2026-07-15T20:40:00.000-04:00,"2026-7-15 20:40,80.14,80.07,80.14,80.09,0,0,0,1,-,-,neutral"
2026-07-15T20:45:00.000-04:00,"2026-7-15 20:45,80.13,80.09,80.14,80.1,0,0,0,1,-,-,neutral"
2026-07-15T20:50:00.000-04:00,"2026-7-15 20:50,80.08,80.09,80.13,80.09,0,0,0,1,-,-,neutral"
2026-07-15T20:55:00.000-04:00,"2026-7-15 20:55,80.14,80.11,80.13,80.1,0,0,0,1,-,-,neutral"
2026-07-15T21:00:00.000-04:00,"2026-7-15 21:00,80.24,80.16,80.14,80.1,7,1,0,1,B,-,tide_only"
2026-07-15T21:05:00.000-04:00,"2026-7-15 21:05,80.3,80.22,80.15,80.11,7,1,0,1,-,-,tide_only"
2026-07-15T21:10:00.000-04:00,"2026-7-15 21:10,80.28,80.25,80.16,80.12,7,1,1,1,-,-,RIDE_both"
2026-07-15T21:15:00.000-04:00,"2026-7-15 21:15,80.16,80.23,80.16,80.12,0,0,1,1,-,-,neutral"
2026-07-15T21:20:00.000-04:00,"2026-7-15 21:20,80.09,80.19,80.16,80.12,-3,0,1,1,-,-,neutral"
2026-07-15T21:25:00.000-04:00,"2026-7-15 21:25,80.15,80.18,80.16,80.12,0,0,0,1,-,-,neutral"
2026-07-15T21:30:00.000-04:00,"2026-7-15 21:30,80.03,80.13,80.15,80.11,-5,-1,0,1,S,-,FIGHT"
2026-07-15T21:35:00.000-04:00,"2026-7-15 21:35,80.04,80.1,80.14,80.11,-5,-1,0,1,-,-,FIGHT"
2026-07-15T21:40:00.000-04:00,"2026-7-15 21:40,80.13,80.11,80.14,80.11,0,0,0,1,-,-,neutral"
2026-07-15T21:45:00.000-04:00,"2026-7-15 21:45,80.21,80.14,80.14,80.12,7,1,0,1,B,-,tide_only"
2026-07-15T21:50:00.000-04:00,"2026-7-15 21:50,80.09,80.12,80.14,80.12,-5,-1,0,1,S,-,FIGHT"
2026-07-15T21:55:00.000-04:00,"2026-7-15 21:55,80.06,80.1,80.13,80.11,-5,-1,0,0,-,-,FIGHT"
2026-07-15T22:00:00.000-04:00,"2026-7-15 22:00,80.12,80.1,80.13,80.11,0,0,0,0,-,-,neutral"
2026-07-15T22:05:00.000-04:00,"2026-7-15 22:05,80.1,80.1,80.13,80.11,0,0,0,0,-,-,neutral"
2026-07-15T22:10:00.000-04:00,"2026-7-15 22:10,80.14,80.11,80.13,80.11,0,0,1,0,-,-,neutral"
2026-07-15T22:15:00.000-04:00,"2026-7-15 22:15,80.1,80.11,80.13,80.11,-5,-1,1,0,-,-,FIGHT"
2026-07-15T22:20:00.000-04:00,"2026-7-15 22:20,80.15,80.12,80.13,80.11,7,0,1,0,-,-,neutral"
2026-07-15T22:25:00.000-04:00,"2026-7-15 22:25,80.21,80.16,80.14,80.12,7,1,1,0,B,-,wave_only"
2026-07-15T22:30:00.000-04:00,"2026-7-15 22:30,80.08,80.13,80.13,80.12,-5,0,1,0,-,-,neutral"
2026-07-15T22:35:00.000-04:00,"2026-7-15 22:35,80.08,80.11,80.13,80.12,-5,-1,1,0,S,-,FIGHT"
2026-07-15T22:40:00.000-04:00,"2026-7-15 22:40,80.16,80.13,80.13,80.12,7,1,1,0,B,-,wave_only"
2026-07-15T22:45:00.000-04:00,"2026-7-15 22:45,80.13,80.13,80.13,80.12,0,0,1,0,-,-,neutral"
2026-07-15T22:50:00.000-04:00,"2026-7-15 22:50,80.08,80.11,80.13,80.12,-5,-1,1,0,S,-,FIGHT"
2026-07-15T22:55:00.000-04:00,"2026-7-15 22:55,80.05,80.09,80.12,80.11,-5,-1,0,0,-,-,FIGHT"
2026-07-15T23:00:00.000-04:00,"2026-7-15 23:00,80,80.05,80.11,80.11,-5,-1,0,0,-,-,FIGHT"
2026-07-15T23:05:00.000-04:00,"2026-7-15 23:05,79.99,80.02,80.1,80.1,-5,-1,0,0,-,-,FIGHT"
2026-07-15T23:10:00.000-04:00,"2026-7-15 23:10,79.9,79.97,80.09,80.1,-7,-1,-1,0,-,-,wave_only"
2026-07-15T23:15:00.000-04:00,"2026-7-15 23:15,79.78,79.89,80.06,80.08,-7,-1,-1,0,-,-,wave_only"
2026-07-15T23:20:00.000-04:00,"2026-7-15 23:20,79.72,79.8,80.04,80.07,-5,-1,-1,0,-,-,wave_only"
2026-07-15T23:25:00.000-04:00,"2026-7-15 23:25,79.71,79.74,80.01,80.06,-7,-1,-1,0,-,-,wave_only"
2026-07-15T23:30:00.000-04:00,"2026-7-15 23:30,79.4,79.59,79.96,80.03,-7,-1,-1,0,-,-,wave_only"
2026-07-15T23:35:00.000-04:00,"2026-7-15 23:35,79.43,79.49,79.92,80.01,-5,-1,-1,0,-,-,wave_only"
2026-07-15T23:40:00.000-04:00,"2026-7-15 23:40,79.38,79.4,79.88,79.98,-5,-1,-1,0,-,-,wave_only"
2026-07-15T23:45:00.000-04:00,"2026-7-15 23:45,79.4,79.35,79.84,79.96,-3,-1,-1,0,-,-,wave_only"
2026-07-15T23:50:00.000-04:00,"2026-7-15 23:50,79.48,79.35,79.82,79.94,0,0,-1,0,-,-,neutral"
2026-07-15T23:55:00.000-04:00,"2026-7-15 23:55,79.53,79.37,79.79,79.92,0,0,-1,-1,-,-,neutral"
2026-07-16T00:00:00.000-04:00,"2026-7-16 0:00,79.58,79.42,79.78,79.91,0,0,-1,-1,-,-,neutral"
2026-07-16T00:05:00.000-04:00,"2026-7-16 0:05,79.57,79.45,79.76,79.9,0,0,-1,-1,-,-,neutral"
2026-07-16T00:10:00.000-04:00,"2026-7-16 0:10,79.5,79.45,79.74,79.88,0,0,-1,-1,-,-,neutral"
2026-07-16T00:15:00.000-04:00,"2026-7-16 0:15,79.47,79.44,79.72,79.87,-3,-1,-1,-1,-,-,RIDE_both"
2026-07-16T00:20:00.000-04:00,"2026-7-16 0:20,79.55,79.46,79.71,79.85,0,0,-1,-1,-,-,neutral"
2026-07-16T00:25:00.000-04:00,"2026-7-16 0:25,79.53,79.48,79.69,79.84,0,0,0,-1,-,-,neutral"
2026-07-16T00:30:00.000-04:00,"2026-7-16 0:30,79.46,79.46,79.68,79.83,-7,-1,0,-1,-,-,tide_only"
2026-07-16T00:35:00.000-04:00,"2026-7-16 0:35,79.42,79.44,79.66,79.81,-7,-1,0,-1,-,-,tide_only"
2026-07-16T00:40:00.000-04:00,"2026-7-16 0:40,79.32,79.39,79.63,79.79,-7,-1,-1,-1,-,-,RIDE_both"
2026-07-16T00:45:00.000-04:00,"2026-7-16 0:45,79.3,79.34,79.61,79.77,-7,-1,-1,-1,-,-,RIDE_both"
2026-07-16T00:50:00.000-04:00,"2026-7-16 0:50,79.28,79.31,79.58,79.75,-7,-1,-1,-1,-,-,RIDE_both"
2026-07-16T00:55:00.000-04:00,"2026-7-16 0:55,79.37,79.32,79.56,79.74,0,0,-1,-1,-,-,neutral"
2026-07-16T01:00:00.000-04:00,"2026-7-16 1:00,79.39,79.33,79.55,79.72,0,0,-1,-1,-,-,neutral"
2026-07-16T01:05:00.000-04:00,"2026-7-16 1:05,79.34,79.33,79.53,79.71,-7,-1,-1,-1,-,-,RIDE_both"
2026-07-16T01:10:00.000-04:00,"2026-7-16 1:10,79.34,79.32,79.52,79.69,-7,0,0,-1,-,-,neutral"
2026-07-16T01:15:00.000-04:00,"2026-7-16 1:15,79.39,79.34,79.51,79.68,0,0,0,-1,-,-,neutral"
2026-07-16T01:20:00.000-04:00,"2026-7-16 1:20,79.38,79.35,79.5,79.67,0,0,0,-1,-,-,neutral"
2026-07-16T01:25:00.000-04:00,"2026-7-16 1:25,79.29,79.33,79.48,79.66,-7,-1,0,-1,-,-,tide_only"
2026-07-16T01:30:00.000-04:00,"2026-7-16 1:30,79.23,79.29,79.46,79.64,-7,-1,0,-1,-,-,tide_only"
2026-07-16T01:35:00.000-04:00,"2026-7-16 1:35,79.38,79.32,79.46,79.63,0,0,0,-1,-,-,neutral"
2026-07-16T01:40:00.000-04:00,"2026-7-16 1:40,79.35,79.33,79.45,79.62,0,0,0,-1,-,-,neutral"
2026-07-16T01:45:00.000-04:00,"2026-7-16 1:45,79.31,79.32,79.44,79.61,-7,-1,0,-1,-,-,tide_only"
2026-07-16T01:50:00.000-04:00,"2026-7-16 1:50,79.46,79.37,79.44,79.6,3,1,0,-1,B,-,FIGHT"
2026-07-16T01:55:00.000-04:00,"2026-7-16 1:55,79.41,79.39,79.44,79.59,3,1,0,-1,-,-,FIGHT"
2026-07-16T02:00:00.000-04:00,"2026-7-16 2:00,79.36,79.39,79.43,79.58,-7,-1,0,-1,S,-,tide_only"
2026-07-16T02:05:00.000-04:00,"2026-7-16 2:05,79.62,79.48,79.45,79.58,5,1,0,-1,B,-,FIGHT"
2026-07-16T02:10:00.000-04:00,"2026-7-16 2:10,79.43,79.48,79.45,79.58,0,0,0,-1,-,-,neutral"
2026-07-16T02:15:00.000-04:00,"2026-7-16 2:15,79.48,79.49,79.45,79.57,5,1,0,-1,-,-,FIGHT"
2026-07-16T02:20:00.000-04:00,"2026-7-16 2:20,79.63,79.56,79.46,79.58,5,1,0,-1,-,-,FIGHT"
2026-07-16T02:25:00.000-04:00,"2026-7-16 2:25,79.57,79.58,79.47,79.58,5,1,0,-1,-,-,FIGHT"
2026-07-16T02:30:00.000-04:00,"2026-7-16 2:30,79.51,79.58,79.47,79.57,0,0,0,-1,-,-,neutral"
2026-07-16T02:35:00.000-04:00,"2026-7-16 2:35,79.43,79.54,79.47,79.57,0,0,0,-1,-,-,neutral"
2026-07-16T02:40:00.000-04:00,"2026-7-16 2:40,79.52,79.54,79.47,79.57,0,0,0,-1,-,-,neutral"
2026-07-16T02:45:00.000-04:00,"2026-7-16 2:45,79.32,79.47,79.46,79.56,0,0,0,-1,-,-,neutral"
2026-07-16T02:50:00.000-04:00,"2026-7-16 2:50,79.37,79.44,79.45,79.55,-7,-1,0,-1,S,-,tide_only"
2026-07-16T02:55:00.000-04:00,"2026-7-16 2:55,79.42,79.43,79.45,79.54,-3,-1,0,-1,-,-,tide_only"
2026-07-16T03:00:00.000-04:00,"2026-7-16 3:00,79.48,79.45,79.45,79.54,5,1,0,-1,B,-,FIGHT"
2026-07-16T03:05:00.000-04:00,"2026-7-16 3:05,79.48,79.46,79.46,79.54,5,0,0,-1,-,-,neutral"
2026-07-16T03:10:00.000-04:00,"2026-7-16 3:10,79.27,79.39,79.44,79.53,-7,-1,-1,-1,S,SELL,RIDE_both"
2026-07-16T03:15:00.000-04:00,"2026-7-16 3:15,79.38,79.38,79.44,79.52,-3,-1,-1,-1,-,-,RIDE_both"
2026-07-16T03:20:00.000-04:00,"2026-7-16 3:20,79.49,79.42,79.44,79.52,5,1,-1,-1,B,-,FIGHT"
2026-07-16T03:25:00.000-04:00,"2026-7-16 3:25,79.67,79.51,79.46,79.53,5,1,0,-1,-,-,FIGHT"
2026-07-16T03:30:00.000-04:00,"2026-7-16 3:30,79.52,79.52,79.46,79.53,0,0,0,-1,-,-,neutral"
2026-07-16T03:35:00.000-04:00,"2026-7-16 3:35,79.7,79.59,79.48,79.53,5,1,0,-1,-,-,FIGHT"
2026-07-16T03:40:00.000-04:00,"2026-7-16 3:40,79.57,79.6,79.49,79.54,0,0,0,-1,-,-,neutral"
2026-07-16T03:45:00.000-04:00,"2026-7-16 3:45,79.62,79.62,79.5,79.54,3,1,0,-1,-,-,FIGHT"
2026-07-16T03:50:00.000-04:00,"2026-7-16 3:50,79.52,79.6,79.5,79.54,0,0,0,-1,-,-,neutral"
2026-07-16T03:55:00.000-04:00,"2026-7-16 3:55,79.54,79.59,79.5,79.54,0,0,0,-1,-,-,neutral"
2026-07-16T04:00:00.000-04:00,"2026-7-16 4:00,79.38,79.52,79.49,79.53,0,0,0,-1,-,-,neutral"
2026-07-16T04:05:00.000-04:00,"2026-7-16 4:05,79.5,79.51,79.49,79.53,-5,0,0,-1,-,-,neutral"
2026-07-16T04:10:00.000-04:00,"2026-7-16 4:10,79.53,79.52,79.5,79.53,0,0,0,-1,-,-,neutral"
2026-07-16T04:15:00.000-04:00,"2026-7-16 4:15,79.5,79.51,79.5,79.53,-5,0,0,-1,-,-,neutral"
2026-07-16T04:20:00.000-04:00,"2026-7-16 4:20,79.47,79.49,79.5,79.53,0,0,0,-1,-,-,neutral"
2026-07-16T04:25:00.000-04:00,"2026-7-16 4:25,79.41,79.46,79.49,79.52,-5,-1,-1,-1,S,SELL,RIDE_both"
2026-07-16T04:30:00.000-04:00,"2026-7-16 4:30,79.58,79.5,79.5,79.52,5,1,-1,-1,B,-,FIGHT"
2026-07-16T04:35:00.000-04:00,"2026-7-16 4:35,79.62,79.54,79.51,79.53,5,1,-1,-1,-,-,FIGHT"
2026-07-16T04:40:00.000-04:00,"2026-7-16 4:40,79.56,79.55,79.51,79.53,7,0,1,-1,-,-,neutral"
2026-07-16T04:45:00.000-04:00,"2026-7-16 4:45,79.41,79.5,79.5,79.53,0,0,1,-1,-,-,neutral"
2026-07-16T04:50:00.000-04:00,"2026-7-16 4:50,79.59,79.53,79.51,79.53,5,1,1,-1,-,-,wave_only"
2026-07-16T04:55:00.000-04:00,"2026-7-16 4:55,79.32,79.46,79.49,79.52,-7,-1,-1,-1,S,SELL,RIDE_both"
2026-07-16T05:00:00.000-04:00,"2026-7-16 5:00,79.16,79.34,79.47,79.51,-7,-1,-1,-1,-,-,RIDE_both"
2026-07-16T05:05:00.000-04:00,"2026-7-16 5:05,79.16,79.26,79.44,79.49,-7,-1,-1,-1,-,-,RIDE_both"
2026-07-16T05:10:00.000-04:00,"2026-7-16 5:10,78.96,79.12,79.41,79.47,-7,-1,-1,-1,-,-,RIDE_both"
2026-07-16T05:15:00.000-04:00,"2026-7-16 5:15,79.25,79.13,79.4,79.46,0,0,-1,-1,-,-,neutral"
2026-07-16T05:20:00.000-04:00,"2026-7-16 5:20,79.31,79.17,79.39,79.46,0,0,-1,-1,-,-,neutral"
2026-07-16T05:25:00.000-04:00,"2026-7-16 5:25,79.08,79.11,79.36,79.44,-7,-1,-1,-1,-,-,RIDE_both"
2026-07-16T05:30:00.000-04:00,"2026-7-16 5:30,79.29,79.15,79.36,79.44,0,0,-1,-1,-,-,neutral"
2026-07-16T05:35:00.000-04:00,"2026-7-16 5:35,79.47,79.25,79.37,79.44,0,0,-1,-1,-,-,neutral"
2026-07-16T05:40:00.000-04:00,"2026-7-16 5:40,79.53,79.35,79.38,79.44,3,1,0,-1,B,-,FIGHT"
2026-07-16T05:45:00.000-04:00,"2026-7-16 5:45,79.61,79.45,79.4,79.45,5,1,0,-1,-,-,FIGHT"
2026-07-16T05:50:00.000-04:00,"2026-7-16 5:50,79.45,79.46,79.4,79.45,7,0,0,-1,-,-,neutral"
2026-07-16T05:55:00.000-04:00,"2026-7-16 5:55,79.54,79.51,79.41,79.45,5,1,1,0,-,-,wave_only"
2026-07-16T06:00:00.000-04:00,"2026-7-16 6:00,79.44,79.5,79.41,79.45,0,0,1,0,-,-,neutral"
2026-07-16T06:05:00.000-04:00,"2026-7-16 6:05,79.53,79.52,79.42,79.45,5,1,1,0,-,-,wave_only"
2026-07-16T06:10:00.000-04:00,"2026-7-16 6:10,79.55,79.55,79.43,79.46,5,1,1,0,-,-,wave_only"
2026-07-16T06:15:00.000-04:00,"2026-7-16 6:15,79.46,79.53,79.44,79.46,0,0,1,0,-,-,neutral"
2026-07-16T06:20:00.000-04:00,"2026-7-16 6:20,79.58,79.56,79.45,79.46,5,1,1,0,-,-,wave_only"
2026-07-16T06:25:00.000-04:00,"2026-7-16 6:25,79.55,79.57,79.45,79.47,0,0,1,0,-,-,neutral"
2026-07-16T06:30:00.000-04:00,"2026-7-16 6:30,79.6,79.6,79.47,79.47,7,1,1,0,-,-,wave_only"
2026-07-16T06:35:00.000-04:00,"2026-7-16 6:35,79.6,79.61,79.48,79.48,3,1,1,0,-,-,wave_only"
2026-07-16T06:40:00.000-04:00,"2026-7-16 6:40,79.6,79.62,79.49,79.48,0,0,1,0,-,-,neutral"
2026-07-16T06:45:00.000-04:00,"2026-7-16 6:45,79.56,79.61,79.49,79.48,0,0,1,0,-,-,neutral"
2026-07-16T06:50:00.000-04:00,"2026-7-16 6:50,79.53,79.59,79.49,79.49,0,0,1,0,-,-,neutral"
2026-07-16T06:55:00.000-04:00,"2026-7-16 6:55,79.61,79.61,79.5,79.49,5,1,1,0,-,-,wave_only"
2026-07-16T07:00:00.000-04:00,"2026-7-16 7:00,79.53,79.59,79.51,79.49,0,0,1,0,-,-,neutral"
2026-07-16T07:05:00.000-04:00,"2026-7-16 7:05,79.34,79.5,79.49,79.49,-3,-1,1,0,S,-,FIGHT"
2026-07-16T07:10:00.000-04:00,"2026-7-16 7:10,79.5,79.5,79.49,79.49,-5,0,0,0,-,-,neutral"
2026-07-16T07:15:00.000-04:00,"2026-7-16 7:15,79.4,79.46,79.49,79.48,-5,-1,0,0,-,-,FIGHT"
2026-07-16T07:20:00.000-04:00,"2026-7-16 7:20,79.38,79.42,79.48,79.48,-5,-1,0,0,-,-,FIGHT"
2026-07-16T07:25:00.000-04:00,"2026-7-16 7:25,79.39,79.4,79.47,79.48,-5,-1,0,0,-,-,FIGHT"
2026-07-16T07:30:00.000-04:00,"2026-7-16 7:30,79.4,79.39,79.47,79.47,-5,-1,0,0,-,-,FIGHT"
2026-07-16T07:35:00.000-04:00,"2026-7-16 7:35,79.43,79.39,79.46,79.47,0,0,0,0,-,-,neutral"
2026-07-16T07:40:00.000-04:00,"2026-7-16 7:40,79.46,79.41,79.46,79.47,0,0,0,0,-,-,neutral"
2026-07-16T07:45:00.000-04:00,"2026-7-16 7:45,79.96,79.6,79.5,79.49,7,1,0,0,B,-,FIGHT"
2026-07-16T07:50:00.000-04:00,"2026-7-16 7:50,79.85,79.71,79.53,79.5,7,1,0,0,-,-,FIGHT"
2026-07-16T07:55:00.000-04:00,"2026-7-16 7:55,79.68,79.72,79.54,79.51,0,0,1,0,-,-,neutral"
2026-07-16T08:00:00.000-04:00,"2026-7-16 8:00,79.94,79.82,79.57,79.53,7,1,1,0,-,-,wave_only"
2026-07-16T08:05:00.000-04:00,"2026-7-16 8:05,80.01,79.92,79.6,79.55,7,1,1,0,-,-,wave_only"
2026-07-16T08:10:00.000-04:00,"2026-7-16 8:10,80.09,80.02,79.64,79.57,7,1,1,0,-,-,wave_only"
2026-07-16T08:15:00.000-04:00,"2026-7-16 8:15,80.17,80.11,79.68,79.59,7,1,1,0,-,-,wave_only"
2026-07-16T08:20:00.000-04:00,"2026-7-16 8:20,80.38,80.26,79.74,79.62,7,1,1,0,-,-,wave_only"
2026-07-16T08:25:00.000-04:00,"2026-7-16 8:25,80.43,80.38,79.79,79.65,7,1,1,0,-,-,wave_only"
2026-07-16T08:30:00.000-04:00,"2026-7-16 8:30,80.49,80.48,79.84,79.69,7,1,1,0,-,-,wave_only"
2026-07-16T08:35:00.000-04:00,"2026-7-16 8:35,80.64,80.6,79.9,79.72,7,1,1,0,-,-,wave_only"
2026-07-16T08:40:00.000-04:00,"2026-7-16 8:40,80.67,80.69,79.96,79.76,7,1,1,0,-,-,wave_only"
2026-07-16T08:45:00.000-04:00,"2026-7-16 8:45,80.4,80.65,80,79.79,0,0,1,0,-,-,neutral"
2026-07-16T08:50:00.000-04:00,"2026-7-16 8:50,80.52,80.66,80.04,79.82,0,0,1,0,-,-,neutral"
2026-07-16T08:55:00.000-04:00,"2026-7-16 8:55,80.5,80.65,80.07,79.84,0,0,1,1,-,-,neutral"
2026-07-16T09:00:00.000-04:00,"2026-7-16 9:00,80.71,80.72,80.12,79.88,7,1,1,1,-,-,RIDE_both"
2026-07-16T09:05:00.000-04:00,"2026-7-16 9:05,80.46,80.66,80.15,79.9,0,0,1,1,-,-,neutral"
2026-07-16T09:10:00.000-04:00,"2026-7-16 9:10,80.37,80.59,80.16,79.92,0,0,0,1,-,-,neutral"
2026-07-16T09:15:00.000-04:00,"2026-7-16 9:15,80.44,80.55,80.19,79.94,0,0,0,1,-,-,neutral"
2026-07-16T09:20:00.000-04:00,"2026-7-16 9:20,80.36,80.49,80.2,79.95,0,0,0,1,-,-,neutral"
2026-07-16T09:25:00.000-04:00,"2026-7-16 9:25,80.14,80.37,80.19,79.96,-3,-1,0,1,S,-,FIGHT"
2026-07-16T09:30:00.000-04:00,"2026-7-16 9:30,80.29,80.33,80.2,79.97,-3,-1,0,1,-,-,FIGHT"
2026-07-16T09:35:00.000-04:00,"2026-7-16 9:35,80.12,80.24,80.2,79.98,-3,-1,0,1,-,-,FIGHT"
2026-07-16T09:40:00.000-04:00,"2026-7-16 9:40,79.99,80.12,80.18,79.98,-5,-1,0,1,-,-,FIGHT"
2026-07-16T09:45:00.000-04:00,"2026-7-16 9:45,79.92,80.02,80.16,79.98,-5,-1,0,1,-,-,FIGHT"
2026-07-16T09:50:00.000-04:00,"2026-7-16 9:50,79.97,79.96,80.15,79.98,-5,-1,0,1,-,-,FIGHT"
2026-07-16T09:55:00.000-04:00,"2026-7-16 9:55,80.08,79.96,80.14,79.98,0,0,0,1,-,-,neutral"
2026-07-16T10:00:00.000-04:00,"2026-7-16 10:00,79.7,79.83,80.11,79.97,-5,-1,0,1,-,-,FIGHT"
2026-07-16T10:05:00.000-04:00,"2026-7-16 10:05,79.88,79.8,80.09,79.97,-5,-1,0,1,-,-,FIGHT"
2026-07-16T10:10:00.000-04:00,"2026-7-16 10:10,79.96,79.81,80.08,79.97,0,0,0,1,-,-,neutral"
2026-07-16T10:15:00.000-04:00,"2026-7-16 10:15,79.92,79.81,80.07,79.97,-5,0,0,1,-,-,neutral"
2026-07-16T10:20:00.000-04:00,"2026-7-16 10:20,80.17,79.91,80.07,79.97,0,0,0,1,-,-,neutral"
2026-07-16T10:25:00.000-04:00,"2026-7-16 10:25,80.04,79.93,80.07,79.98,0,0,0,1,-,-,neutral"
2026-07-16T10:30:00.000-04:00,"2026-7-16 10:30,80.04,79.96,80.07,79.98,0,0,0,1,-,-,neutral"
2026-07-16T10:35:00.000-04:00,"2026-7-16 10:35,79.9,79.92,80.06,79.98,-5,-1,0,1,-,-,FIGHT"
2026-07-16T10:40:00.000-04:00,"2026-7-16 10:40,79.8,79.86,80.04,79.97,-5,-1,0,1,-,-,FIGHT"
2026-07-16T10:45:00.000-04:00,"2026-7-16 10:45,79.73,79.79,80.01,79.96,-5,-1,0,1,-,-,FIGHT"
2026-07-16T10:50:00.000-04:00,"2026-7-16 10:50,79.64,79.71,79.98,79.95,-5,-1,0,1,-,-,FIGHT"
2026-07-16T10:55:00.000-04:00,"2026-7-16 10:55,79.58,79.63,79.95,79.93,-5,-1,-1,-1,-,-,RIDE_both"
2026-07-16T11:00:00.000-04:00,"2026-7-16 11:00,79.73,79.64,79.94,79.92,0,0,-1,-1,-,-,neutral"
2026-07-16T11:05:00.000-04:00,"2026-7-16 11:05,79.57,79.58,79.91,79.91,-5,-1,-1,-1,-,-,RIDE_both"
2026-07-16T11:10:00.000-04:00,"2026-7-16 11:10,79.69,79.59,79.89,79.9,0,0,-1,-1,-,-,neutral"
2026-07-16T11:15:00.000-04:00,"2026-7-16 11:15,79.62,79.58,79.87,79.89,0,0,-1,-1,-,-,neutral"
2026-07-16T11:20:00.000-04:00,"2026-7-16 11:20,79.47,79.51,79.84,79.87,-5,-1,-1,-1,-,-,RIDE_both"
2026-07-16T11:25:00.000-04:00,"2026-7-16 11:25,79.52,79.49,79.82,79.86,-5,0,-1,-1,-,-,neutral"
2026-07-16T11:30:00.000-04:00,"2026-7-16 11:30,79.42,79.44,79.78,79.84,-5,-1,-1,-1,-,-,RIDE_both"
2026-07-16T11:35:00.000-04:00,"2026-7-16 11:35,79.32,79.36,79.75,79.82,-7,-1,-1,-1,-,-,RIDE_both"
2026-07-16T11:40:00.000-04:00,"2026-7-16 11:40,79.34,79.32,79.72,79.8,0,0,-1,-1,-,-,neutral"
2026-07-16T11:45:00.000-04:00,"2026-7-16 11:45,79.36,79.31,79.69,79.79,0,0,-1,-1,-,-,neutral"
2026-07-16T11:50:00.000-04:00,"2026-7-16 11:50,79.35,79.29,79.66,79.77,0,0,-1,-1,-,-,neutral"
2026-07-16T11:55:00.000-04:00,"2026-7-16 11:55,79.35,79.29,79.64,79.75,0,0,-1,-1,-,-,neutral"
2026-07-16T12:00:00.000-04:00,"2026-7-16 12:00,79.56,79.37,79.63,79.75,0,0,-1,-1,-,-,neutral"
2026-07-16T12:05:00.000-04:00,"2026-7-16 12:05,79.53,79.41,79.63,79.74,0,0,-1,-1,-,-,neutral"
2026-07-16T12:10:00.000-04:00,"2026-7-16 12:10,79.43,79.41,79.61,79.72,0,0,-1,-1,-,-,neutral"
2026-07-16T12:15:00.000-04:00,"2026-7-16 12:15,79.54,79.46,79.61,79.72,0,0,-1,-1,-,-,neutral"
2026-07-16T12:20:00.000-04:00,"2026-7-16 12:20,79.68,79.54,79.61,79.72,3,1,-1,-1,B,-,FIGHT"
2026-07-16T12:25:00.000-04:00,"2026-7-16 12:25,79.45,79.52,79.6,79.71,-7,-1,-1,-1,S,SELL,RIDE_both"
2026-07-16T12:30:00.000-04:00,"2026-7-16 12:30,79.31,79.45,79.58,79.69,-7,-1,-1,-1,-,-,RIDE_both"
2026-07-16T12:35:00.000-04:00,"2026-7-16 12:35,79.41,79.44,79.56,79.68,-3,-1,-1,-1,-,-,RIDE_both"
2026-07-16T12:40:00.000-04:00,"2026-7-16 12:40,79.37,79.41,79.55,79.67,-7,-1,-1,-1,-,-,RIDE_both"
2026-07-16T12:45:00.000-04:00,"2026-7-16 12:45,79.31,79.37,79.53,79.65,-7,-1,-1,-1,-,-,RIDE_both"
2026-07-16T12:50:00.000-04:00,"2026-7-16 12:50,79.02,79.24,79.49,79.63,-7,-1,-1,-1,-,-,RIDE_both"
2026-07-16T12:55:00.000-04:00,"2026-7-16 12:55,78.98,79.12,79.45,79.6,-7,-1,-1,-1,-,-,RIDE_both"
2026-07-16T13:00:00.000-04:00,"2026-7-16 13:00,78.97,79.04,79.41,79.58,-7,-1,-1,-1,-,-,RIDE_both"
2026-07-16T13:05:00.000-04:00,"2026-7-16 13:05,79.02,79,79.38,79.56,-7,-1,-1,-1,-,-,RIDE_both"
2026-07-16T13:10:00.000-04:00,"2026-7-16 13:10,79.24,79.06,79.37,79.54,0,0,-1,-1,-,-,neutral"
2026-07-16T13:15:00.000-04:00,"2026-7-16 13:15,79.05,79.03,79.35,79.52,-7,-1,-1,-1,-,-,RIDE_both"
2026-07-16T13:20:00.000-04:00,"2026-7-16 13:20,79.01,79,79.32,79.5,-7,-1,-1,-1,-,-,RIDE_both"
2026-07-16T13:25:00.000-04:00,"2026-7-16 13:25,78.95,78.96,79.29,79.48,-7,-1,-1,-1,-,-,RIDE_both"
2026-07-16T13:30:00.000-04:00,"2026-7-16 13:30,79.1,78.99,79.28,79.47,0,0,-1,-1,-,-,neutral"
2026-07-16T13:35:00.000-04:00,"2026-7-16 13:35,79.04,78.99,79.26,79.45,0,0,-1,-1,-,-,neutral"
2026-07-16T13:40:00.000-04:00,"2026-7-16 13:40,79.06,79.01,79.24,79.44,0,0,0,-1,-,-,neutral"
2026-07-16T13:45:00.000-04:00,"2026-7-16 13:45,78.91,78.96,79.22,79.41,-7,-1,0,-1,-,-,tide_only"
2026-07-16T13:50:00.000-04:00,"2026-7-16 13:50,78.79,78.88,79.19,79.39,-7,-1,0,-1,-,-,tide_only"
2026-07-16T13:55:00.000-04:00,"2026-7-16 13:55,78.76,78.82,79.15,79.37,-7,-1,-1,-1,-,-,RIDE_both"
2026-07-16T14:00:00.000-04:00,"2026-7-16 14:00,78.78,78.78,79.12,79.34,-7,-1,-1,-1,-,-,RIDE_both"
2026-07-16T14:05:00.000-04:00,"2026-7-16 14:05,78.82,78.77,79.1,79.32,-7,-1,-1,-1,-,-,RIDE_both"
2026-07-16T14:10:00.000-04:00,"2026-7-16 14:10,78.66,78.71,79.07,79.3,-7,-1,-1,-1,-,-,RIDE_both"
2026-07-16T14:15:00.000-04:00,"2026-7-16 14:15,78.75,78.7,79.04,79.27,-7,-1,-1,-1,-,-,RIDE_both"
2026-07-16T14:20:00.000-04:00,"2026-7-16 14:20,79.02,78.8,79.04,79.26,0,0,-1,-1,-,-,neutral"
2026-07-16T14:25:00.000-04:00,"2026-7-16 14:25,78.98,78.86,79.04,79.25,0,0,0,-1,-,-,neutral"
2026-07-16T14:30:00.000-04:00,"2026-7-16 14:30,78.88,78.87,79.02,79.24,0,0,0,-1,-,-,neutral"
2026-07-16T14:35:00.000-04:00,"2026-7-16 14:35,78.87,78.87,79.01,79.22,0,0,0,-1,-,-,neutral"
2026-07-16T14:40:00.000-04:00,"2026-7-16 14:40,78.96,78.9,79.01,79.21,3,1,0,-1,B,-,FIGHT"
2026-07-16T14:45:00.000-04:00,"2026-7-16 14:45,79.01,78.95,79.01,79.21,3,1,0,-1,-,-,FIGHT"
2026-07-16T14:50:00.000-04:00,"2026-7-16 14:50,78.91,78.94,79,79.19,-7,0,0,-1,-,-,neutral"
2026-07-16T14:55:00.000-04:00,"2026-7-16 14:55,79,78.97,79,79.19,5,1,0,-1,-,-,FIGHT"
2026-07-16T15:00:00.000-04:00,"2026-7-16 15:00,79.05,79.01,79,79.18,5,1,0,-1,-,-,FIGHT"
2026-07-16T15:05:00.000-04:00,"2026-7-16 15:05,79.03,79.04,79.01,79.18,5,1,0,-1,-,-,FIGHT"
2026-07-16T15:10:00.000-04:00,"2026-7-16 15:10,78.94,79.02,79,79.17,0,0,0,-1,-,-,neutral"
2026-07-16T15:15:00.000-04:00,"2026-7-16 15:15,79.01,79.03,79,79.16,0,0,0,-1,-,-,neutral"
2026-07-16T15:20:00.000-04:00,"2026-7-16 15:20,78.95,79.01,79,79.15,0,0,0,-1,-,-,neutral"
2026-07-16T15:25:00.000-04:00,"2026-7-16 15:25,78.98,79.01,79,79.15,0,0,0,-1,-,-,neutral"
2026-07-16T15:30:00.000-04:00,"2026-7-16 15:30,79.14,79.07,79.01,79.14,5,1,0,-1,-,-,FIGHT"
2026-07-16T15:35:00.000-04:00,"2026-7-16 15:35,79.07,79.08,79.01,79.14,5,1,0,-1,-,-,FIGHT"
2026-07-16T15:40:00.000-04:00,"2026-7-16 15:40,79.08,79.1,79.02,79.14,5,1,0,-1,-,-,FIGHT"
2026-07-16T15:45:00.000-04:00,"2026-7-16 15:45,79.07,79.1,79.02,79.14,0,0,0,-1,-,-,neutral"
2026-07-16T15:50:00.000-04:00,"2026-7-16 15:50,79.1,79.11,79.03,79.14,3,1,0,-1,-,-,FIGHT"
2026-07-16T15:55:00.000-04:00,"2026-7-16 15:55,79.05,79.1,79.03,79.13,0,0,0,-1,-,-,neutral"
2026-07-16T16:00:00.000-04:00,"2026-7-16 16:00,79.03,79.09,79.03,79.13,0,0,0,-1,-,-,neutral"
2026-07-16T16:05:00.000-04:00,"2026-7-16 16:05,78.9,79.03,79.02,79.12,0,0,0,-1,-,-,neutral"
2026-07-16T16:10:00.000-04:00,"2026-7-16 16:10,79.12,79.06,79.03,79.12,5,1,0,-1,-,-,FIGHT"
2026-07-16T16:15:00.000-04:00,"2026-7-16 16:15,79.14,79.09,79.04,79.12,5,1,0,-1,-,-,FIGHT"
2026-07-16T16:20:00.000-04:00,"2026-7-16 16:20,79.09,79.1,79.04,79.12,0,0,0,-1,-,-,neutral"
2026-07-16T16:25:00.000-04:00,"2026-7-16 16:25,79.11,79.11,79.05,79.12,5,1,0,-1,-,-,FIGHT"
2026-07-16T16:30:00.000-04:00,"2026-7-16 16:30,79.41,79.23,79.07,79.13,5,1,0,-1,-,-,FIGHT"
2026-07-16T16:35:00.000-04:00,"2026-7-16 16:35,79.45,79.33,79.1,79.14,5,1,0,-1,-,-,FIGHT"
2026-07-16T16:40:00.000-04:00,"2026-7-16 16:40,79.44,79.4,79.13,79.15,5,1,1,-1,-,-,wave_only"
2026-07-16T16:45:00.000-04:00,"2026-7-16 16:45,79.66,79.52,79.17,79.17,5,1,1,-1,-,-,wave_only"
2026-07-16T16:50:00.000-04:00,"2026-7-16 16:50,79.54,79.57,79.2,79.19,5,0,1,-1,-,-,neutral"
2026-07-16T16:55:00.000-04:00,"2026-7-16 16:55,79.55,79.6,79.22,79.2,0,0,1,0,-,-,neutral"
2026-07-16T18:00:00.000-04:00,"2026-7-16 18:00,78.9,79.38,79.2,79.19,0,0,1,0,-,-,neutral"
2026-07-16T18:05:00.000-04:00,"2026-7-16 18:05,78.94,79.23,79.18,79.18,0,0,1,0,-,-,neutral"
2026-07-16T18:10:00.000-04:00,"2026-7-16 18:10,79.05,79.16,79.17,79.18,-7,-1,0,0,S,-,FIGHT"
2026-07-16T18:15:00.000-04:00,"2026-7-16 18:15,79.04,79.1,79.16,79.17,-5,-1,0,0,-,-,FIGHT"
2026-07-16T18:20:00.000-04:00,"2026-7-16 18:20,78.89,79.01,79.14,79.16,-7,-1,0,0,-,-,FIGHT"
2026-07-16T18:25:00.000-04:00,"2026-7-16 18:25,78.97,78.97,79.13,79.15,-5,-1,-1,0,-,-,wave_only"
2026-07-16T18:30:00.000-04:00,"2026-7-16 18:30,78.96,78.94,79.11,79.14,-5,-1,-1,0,-,-,wave_only"
2026-07-16T18:35:00.000-04:00,"2026-7-16 18:35,78.99,78.93,79.1,79.14,-3,-1,-1,0,-,-,wave_only"
2026-07-16T18:40:00.000-04:00,"2026-7-16 18:40,78.99,78.93,79.1,79.13,0,0,-1,0,-,-,neutral"
2026-07-16T18:45:00.000-04:00,"2026-7-16 18:45,78.99,78.93,79.09,79.13,0,0,-1,0,-,-,neutral"
2026-07-16T18:50:00.000-04:00,"2026-7-16 18:50,78.99,78.93,79.08,79.12,0,0,-1,0,-,-,neutral"
2026-07-16T18:55:00.000-04:00,"2026-7-16 18:55,78.95,78.92,79.07,79.11,-7,-1,-1,-1,-,-,RIDE_both"
2026-07-16T19:00:00.000-04:00,"2026-7-16 19:00,78.95,78.91,79.06,79.11,-3,-1,-1,-1,-,-,RIDE_both"
2026-07-16T19:05:00.000-04:00,"2026-7-16 19:05,78.97,78.92,79.05,79.1,0,0,-1,-1,-,-,neutral"
2026-07-16T19:10:00.000-04:00,"2026-7-16 19:10,79,78.94,79.05,79.1,0,0,-1,-1,-,-,neutral"
2026-07-16T19:15:00.000-04:00,"2026-7-16 19:15,79,78.95,79.05,79.1,0,0,-1,-1,-,-,neutral"
2026-07-16T19:20:00.000-04:00,"2026-7-16 19:20,78.95,78.94,79.04,79.09,-3,-1,-1,-1,-,-,RIDE_both"
2026-07-16T19:25:00.000-04:00,"2026-7-16 19:25,79,78.96,79.04,79.09,0,0,-1,-1,-,-,neutral"
2026-07-16T19:30:00.000-04:00,"2026-7-16 19:30,78.99,78.96,79.03,79.08,0,0,-1,-1,-,-,neutral"
2026-07-16T19:35:00.000-04:00,"2026-7-16 19:35,78.97,78.96,79.03,79.08,0,0,-1,-1,-,-,neutral"
2026-07-16T19:40:00.000-04:00,"2026-7-16 19:40,78.98,78.97,79.02,79.07,0,0,-1,-1,-,-,neutral"
2026-07-16T19:45:00.000-04:00,"2026-7-16 19:45,79.01,78.98,79.02,79.07,3,0,-1,-1,-,-,neutral"
2026-07-16T19:50:00.000-04:00,"2026-7-16 19:50,78.98,78.98,79.02,79.07,0,0,-1,-1,-,-,neutral"
2026-07-16T19:55:00.000-04:00,"2026-7-16 19:55,79.02,79,79.02,79.07,3,0,0,-1,-,-,neutral"
2026-07-16T20:00:00.000-04:00,"2026-7-16 20:00,78.9,78.96,79.01,79.06,-7,-1,0,-1,-,-,tide_only"
2026-07-16T20:05:00.000-04:00,"2026-7-16 20:05,78.86,78.92,79,79.05,-7,-1,0,-1,-,-,tide_only"
2026-07-16T20:10:00.000-04:00,"2026-7-16 20:10,78.83,78.88,78.99,79.04,-7,-1,-1,-1,-,-,RIDE_both"
2026-07-16T20:15:00.000-04:00,"2026-7-16 20:15,78.86,78.87,78.98,79.04,-7,-1,-1,-1,-,-,RIDE_both"
2026-07-16T20:20:00.000-04:00,"2026-7-16 20:20,78.9,78.87,78.97,79.03,0,0,-1,-1,-,-,neutral"
2026-07-16T20:25:00.000-04:00,"2026-7-16 20:25,78.99,78.91,78.97,79.03,0,0,0,-1,-,-,neutral"
2026-07-16T20:30:00.000-04:00,"2026-7-16 20:30,78.93,78.91,78.97,79.02,0,0,0,-1,-,-,neutral"
2026-07-16T20:35:00.000-04:00,"2026-7-16 20:35,78.94,78.92,78.97,79.02,0,0,0,-1,-,-,neutral"
2026-07-16T20:40:00.000-04:00,"2026-7-16 20:40,79.11,78.99,78.98,79.03,5,1,1,-1,B,-,wave_only"
2026-07-16T20:45:00.000-04:00,"2026-7-16 20:45,79.04,79.02,78.98,79.03,5,1,1,-1,-,-,wave_only"
2026-07-16T20:50:00.000-04:00,"2026-7-16 20:50,79.08,79.05,78.99,79.03,5,1,1,-1,-,-,wave_only"
2026-07-16T20:55:00.000-04:00,"2026-7-16 20:55,79.12,79.09,79,79.03,5,1,1,0,-,-,wave_only"
2026-07-16T21:00:00.000-04:00,"2026-7-16 21:00,79.14,79.12,79.01,79.04,5,1,1,0,-,-,wave_only"
2026-07-16T21:05:00.000-04:00,"2026-7-16 21:05,79.26,79.19,79.03,79.04,5,1,1,0,-,-,wave_only"
2026-07-16T21:10:00.000-04:00,"2026-7-16 21:10,79.35,79.27,79.05,79.06,5,1,1,0,-,-,wave_only"
2026-07-16T21:15:00.000-04:00,"2026-7-16 21:15,79.39,79.34,79.08,79.07,5,1,1,0,-,-,wave_only"
2026-07-16T21:20:00.000-04:00,"2026-7-16 21:20,79.43,79.4,79.11,79.08,7,1,1,0,-,-,wave_only"
2026-07-16T21:25:00.000-04:00,"2026-7-16 21:25,79.52,79.48,79.14,79.1,5,1,1,0,-,-,wave_only"
2026-07-16T21:30:00.000-04:00,"2026-7-16 21:30,79.29,79.45,79.15,79.11,0,0,1,0,-,-,neutral"
2026-07-16T21:35:00.000-04:00,"2026-7-16 21:35,79.24,79.4,79.16,79.11,0,0,1,0,-,-,neutral"
2026-07-16T21:40:00.000-04:00,"2026-7-16 21:40,79.26,79.37,79.17,79.12,0,0,0,0,-,-,neutral"
2026-07-16T21:45:00.000-04:00,"2026-7-16 21:45,79.22,79.33,79.17,79.12,0,0,0,0,-,-,neutral"
2026-07-16T21:50:00.000-04:00,"2026-7-16 21:50,79.18,79.29,79.17,79.13,0,0,0,0,-,-,neutral"
2026-07-16T21:55:00.000-04:00,"2026-7-16 21:55,79.17,79.25,79.17,79.13,0,0,0,0,-,-,neutral"
2026-07-16T22:00:00.000-04:00,"2026-7-16 22:00,79.24,79.24,79.18,79.13,0,0,0,0,-,-,neutral"
2026-07-16T22:05:00.000-04:00,"2026-7-16 22:05,79.21,79.23,79.18,79.13,0,0,0,0,-,-,neutral"
2026-07-16T22:10:00.000-04:00,"2026-7-16 22:10,79.18,79.21,79.18,79.14,0,0,0,0,-,-,neutral"
2026-07-16T22:15:00.000-04:00,"2026-7-16 22:15,79.17,79.19,79.18,79.14,-5,-1,0,0,S,-,FIGHT"
2026-07-16T22:20:00.000-04:00,"2026-7-16 22:20,79.14,79.16,79.17,79.14,-5,-1,0,0,-,-,FIGHT"
2026-07-16T22:25:00.000-04:00,"2026-7-16 22:25,79.07,79.12,79.17,79.14,-5,-1,0,0,-,-,FIGHT"
2026-07-16T22:30:00.000-04:00,"2026-7-16 22:30,78.98,79.06,79.15,79.13,-5,-1,0,0,-,-,FIGHT"
2026-07-16T22:35:00.000-04:00,"2026-7-16 22:35,78.97,79.01,79.14,79.12,-5,-1,0,0,-,-,FIGHT"
2026-07-16T22:40:00.000-04:00,"2026-7-16 22:40,79,78.98,79.13,79.12,-5,-1,0,0,-,-,FIGHT"
2026-07-16T22:45:00.000-04:00,"2026-7-16 22:45,78.89,78.93,79.11,79.11,-7,-1,0,0,-,-,FIGHT"
2026-07-16T22:50:00.000-04:00,"2026-7-16 22:50,78.99,78.93,79.1,79.1,0,0,0,0,-,-,neutral"
2026-07-16T22:55:00.000-04:00,"2026-7-16 22:55,79.02,78.94,79.09,79.1,0,0,-1,-1,-,-,neutral"
2026-07-16T23:00:00.000-04:00,"2026-7-16 23:00,79.08,78.97,79.09,79.1,0,0,-1,-1,-,-,neutral"
2026-07-16T23:05:00.000-04:00,"2026-7-16 23:05,79.04,78.98,79.09,79.1,0,0,-1,-1,-,-,neutral"
2026-07-16T23:10:00.000-04:00,"2026-7-16 23:10,79.03,78.99,79.08,79.1,0,0,-1,-1,-,-,neutral"
2026-07-16T23:15:00.000-04:00,"2026-7-16 23:15,78.92,78.96,79.07,79.09,-5,-1,-1,-1,-,-,RIDE_both"
2026-07-16T23:20:00.000-04:00,"2026-7-16 23:20,78.98,78.95,79.06,79.08,-5,0,-1,-1,-,-,neutral"
2026-07-16T23:25:00.000-04:00,"2026-7-16 23:25,79.05,78.98,79.06,79.08,0,0,-1,-1,-,-,neutral"
2026-07-16T23:30:00.000-04:00,"2026-7-16 23:30,78.97,78.97,79.06,79.08,-3,-1,-1,-1,-,-,RIDE_both"
2026-07-16T23:35:00.000-04:00,"2026-7-16 23:35,78.98,78.97,79.05,79.07,0,0,-1,-1,-,-,neutral"
2026-07-16T23:40:00.000-04:00,"2026-7-16 23:40,79.1,79.01,79.05,79.08,3,1,0,-1,B,-,FIGHT"
2026-07-16T23:45:00.000-04:00,"2026-7-16 23:45,79.09,79.04,79.06,79.08,3,1,0,-1,-,-,FIGHT"
2026-07-16T23:50:00.000-04:00,"2026-7-16 23:50,79.09,79.06,79.06,79.08,5,1,0,-1,-,-,FIGHT"
2026-07-16T23:55:00.000-04:00,"2026-7-16 23:55,79.17,79.11,79.07,79.08,5,1,1,0,-,-,wave_only"
2026-07-17T00:00:00.000-04:00,"2026-7-17 0:00,79.15,79.13,79.07,79.08,5,1,1,0,-,-,wave_only"
2026-07-17T00:05:00.000-04:00,"2026-7-17 0:05,79.11,79.13,79.08,79.08,0,0,1,0,-,-,neutral"
2026-07-17T00:10:00.000-04:00,"2026-7-17 0:10,79.19,79.16,79.09,79.09,7,1,1,0,-,-,wave_only"
2026-07-17T00:15:00.000-04:00,"2026-7-17 0:15,79.18,79.18,79.09,79.09,7,1,1,0,-,-,wave_only"
2026-07-17T00:20:00.000-04:00,"2026-7-17 0:20,79.23,79.21,79.1,79.1,7,1,1,0,-,-,wave_only"
2026-07-17T00:25:00.000-04:00,"2026-7-17 0:25,79.25,79.24,79.11,79.1,7,1,1,0,-,-,wave_only"
2026-07-17T00:30:00.000-04:00,"2026-7-17 0:30,79.27,79.27,79.13,79.11,7,1,1,0,-,-,wave_only"
2026-07-17T00:35:00.000-04:00,"2026-7-17 0:35,79.19,79.25,79.13,79.11,0,0,1,0,-,-,neutral"
2026-07-17T00:40:00.000-04:00,"2026-7-17 0:40,79.17,79.24,79.13,79.12,0,0,0,0,-,-,neutral"
2026-07-17T00:45:00.000-04:00,"2026-7-17 0:45,79.12,79.2,79.13,79.12,0,0,0,0,-,-,neutral"
2026-07-17T00:50:00.000-04:00,"2026-7-17 0:50,79.1,79.17,79.13,79.11,0,0,0,0,-,-,neutral"
2026-07-17T00:55:00.000-04:00,"2026-7-17 0:55,79.18,79.18,79.13,79.12,7,0,0,0,-,-,neutral"
2026-07-17T01:00:00.000-04:00,"2026-7-17 1:00,79.18,79.18,79.14,79.12,7,0,0,0,-,-,neutral"
2026-07-17T01:05:00.000-04:00,"2026-7-17 1:05,79.07,79.14,79.13,79.12,-5,-1,0,0,S,-,FIGHT"
2026-07-17T01:10:00.000-04:00,"2026-7-17 1:10,79.07,79.11,79.13,79.12,-5,-1,0,0,-,-,FIGHT"
2026-07-17T01:15:00.000-04:00,"2026-7-17 1:15,79.07,79.09,79.12,79.11,-5,-1,0,0,-,-,FIGHT"
2026-07-17T01:20:00.000-04:00,"2026-7-17 1:20,79.03,79.06,79.12,79.11,-7,-1,0,0,-,-,FIGHT"
2026-07-17T01:25:00.000-04:00,"2026-7-17 1:25,78.99,79.03,79.11,79.11,-7,-1,-1,0,-,-,wave_only"
2026-07-17T01:30:00.000-04:00,"2026-7-17 1:30,79.02,79.01,79.1,79.1,-5,-1,-1,0,-,-,wave_only"
2026-07-17T01:35:00.000-04:00,"2026-7-17 1:35,78.79,78.92,79.08,79.09,-5,-1,-1,0,-,-,wave_only"
2026-07-17T01:40:00.000-04:00,"2026-7-17 1:40,78.36,78.69,79.02,79.06,-7,-1,-1,0,-,-,wave_only"
2026-07-17T01:45:00.000-04:00,"2026-7-17 1:45,78.24,78.48,78.96,79.03,-5,-1,-1,0,-,-,wave_only"
2026-07-17T01:50:00.000-04:00,"2026-7-17 1:50,78.41,78.4,78.92,79.01,-5,-1,-1,0,-,-,wave_only"
2026-07-17T01:55:00.000-04:00,"2026-7-17 1:55,78.42,78.35,78.88,78.98,-3,-1,-1,-1,-,-,RIDE_both"
2026-07-17T02:00:00.000-04:00,"2026-7-17 2:00,78.07,78.19,78.82,78.95,-5,-1,-1,-1,-,-,RIDE_both"
2026-07-17T02:05:00.000-04:00,"2026-7-17 2:05,78,78.05,78.76,78.91,-7,-1,-1,-1,-,-,RIDE_both"
2026-07-17T02:10:00.000-04:00,"2026-7-17 2:10,78.12,78.01,78.71,78.88,-7,0,-1,-1,-,-,neutral"
2026-07-17T02:15:00.000-04:00,"2026-7-17 2:15,78.32,78.05,78.68,78.86,0,0,-1,-1,-,-,neutral"
2026-07-17T02:20:00.000-04:00,"2026-7-17 2:20,78.19,78.05,78.64,78.83,0,0,-1,-1,-,-,neutral"
2026-07-17T02:25:00.000-04:00,"2026-7-17 2:25,78.44,78.14,78.62,78.82,0,0,0,-1,-,-,neutral"
2026-07-17T02:30:00.000-04:00,"2026-7-17 2:30,78.43,78.22,78.61,78.8,0,0,0,-1,-,-,neutral"
2026-07-17T02:35:00.000-04:00,"2026-7-17 2:35,78.78,78.4,78.62,78.8,0,0,0,-1,-,-,neutral"
2026-07-17T02:40:00.000-04:00,"2026-7-17 2:40,78.72,78.52,78.63,78.8,3,0,0,-1,-,-,neutral"
2026-07-17T02:45:00.000-04:00,"2026-7-17 2:45,78.7,78.6,78.63,78.79,3,1,0,-1,B,-,FIGHT"
2026-07-17T02:50:00.000-04:00,"2026-7-17 2:50,78.66,78.64,78.64,78.79,5,1,0,-1,-,-,FIGHT"
2026-07-17T02:55:00.000-04:00,"2026-7-17 2:55,78.66,78.67,78.64,78.78,5,1,0,-1,-,-,FIGHT"
2026-07-17T03:00:00.000-04:00,"2026-7-17 3:00,78.69,78.7,78.64,78.78,5,1,0,-1,-,-,FIGHT"
2026-07-17T03:05:00.000-04:00,"2026-7-17 3:05,78.91,78.81,78.66,78.78,5,1,0,-1,-,-,FIGHT"
2026-07-17T03:10:00.000-04:00,"2026-7-17 3:10,78.86,78.86,78.68,78.79,5,1,0,-1,-,-,FIGHT"
2026-07-17T03:15:00.000-04:00,"2026-7-17 3:15,78.96,78.93,78.7,78.79,5,1,0,-1,-,-,FIGHT"
2026-07-17T03:20:00.000-04:00,"2026-7-17 3:20,79.03,79.01,78.73,78.8,5,1,0,-1,-,-,FIGHT"
2026-07-17T03:25:00.000-04:00,"2026-7-17 3:25,78.99,79.05,78.75,78.81,3,1,0,-1,-,-,FIGHT"
2026-07-17T03:30:00.000-04:00,"2026-7-17 3:30,78.98,79.06,78.76,78.82,0,0,0,-1,-,-,neutral"
2026-07-17T03:35:00.000-04:00,"2026-7-17 3:35,78.92,79.05,78.78,78.82,0,0,0,-1,-,-,neutral"
2026-07-17T03:40:00.000-04:00,"2026-7-17 3:40,78.95,79.05,78.79,78.83,0,0,1,-1,-,-,neutral"
2026-07-17T03:45:00.000-04:00,"2026-7-17 3:45,78.79,78.98,78.79,78.82,0,0,1,-1,-,-,neutral"
2026-07-17T03:50:00.000-04:00,"2026-7-17 3:50,78.79,78.93,78.79,78.82,0,0,1,-1,-,-,neutral"
2026-07-17T03:55:00.000-04:00,"2026-7-17 3:55,78.79,78.89,78.79,78.82,0,0,0,0,-,-,neutral"
2026-07-17T04:00:00.000-04:00,"2026-7-17 4:00,78.57,78.78,78.77,78.81,0,0,0,0,-,-,neutral"
2026-07-17T04:05:00.000-04:00,"2026-7-17 4:05,78.65,78.73,78.76,78.81,-5,-1,0,0,S,-,FIGHT"
2026-07-17T04:10:00.000-04:00,"2026-7-17 4:10,78.84,78.76,78.77,78.81,5,0,0,0,-,-,neutral"
2026-07-17T04:15:00.000-04:00,"2026-7-17 4:15,78.63,78.71,78.76,78.8,-5,-1,0,0,-,-,FIGHT"
2026-07-17T04:20:00.000-04:00,"2026-7-17 4:20,78.9,78.77,78.77,78.8,5,1,0,0,B,-,FIGHT"
2026-07-17T04:25:00.000-04:00,"2026-7-17 4:25,79.08,78.88,78.79,78.81,5,1,1,0,-,-,wave_only"
2026-07-17T04:30:00.000-04:00,"2026-7-17 4:30,79.08,78.96,78.82,78.83,7,1,1,0,-,-,wave_only"
2026-07-17T04:35:00.000-04:00,"2026-7-17 4:35,78.87,78.94,78.82,78.83,0,0,1,0,-,-,neutral"
2026-07-17T04:40:00.000-04:00,"2026-7-17 4:40,78.95,78.96,78.83,78.83,0,0,1,0,-,-,neutral"
2026-07-17T04:45:00.000-04:00,"2026-7-17 4:45,79.06,79.01,78.85,78.84,7,1,1,0,-,-,wave_only"
2026-07-17T04:50:00.000-04:00,"2026-7-17 4:50,79.2,79.09,78.87,78.85,7,1,1,0,-,-,wave_only"
2026-07-17T04:55:00.000-04:00,"2026-7-17 4:55,79.3,79.19,78.91,78.87,7,1,1,0,-,-,wave_only"
2026-07-17T05:00:00.000-04:00,"2026-7-17 5:00,79.44,79.31,78.95,78.89,7,1,1,0,-,-,wave_only"
2026-07-17T05:05:00.000-04:00,"2026-7-17 5:05,79.56,79.44,79,78.92,7,1,1,0,-,-,wave_only"
2026-07-17T05:10:00.000-04:00,"2026-7-17 5:10,79.43,79.48,79.03,78.94,0,0,1,0,-,-,neutral"
2026-07-17T05:15:00.000-04:00,"2026-7-17 5:15,79.54,79.55,79.07,78.96,7,1,1,0,-,-,wave_only"
2026-07-17T05:20:00.000-04:00,"2026-7-17 5:20,79.69,79.65,79.12,78.99,7,1,1,0,-,-,wave_only"
2026-07-17T05:25:00.000-04:00,"2026-7-17 5:25,79.77,79.74,79.17,79.02,7,1,1,0,-,-,wave_only"
2026-07-17T05:30:00.000-04:00,"2026-7-17 5:30,79.74,79.79,79.21,79.05,0,0,1,0,-,-,neutral"
2026-07-17T05:35:00.000-04:00,"2026-7-17 5:35,79.82,79.86,79.26,79.08,7,1,1,0,-,-,wave_only"
2026-07-17T05:40:00.000-04:00,"2026-7-17 5:40,79.72,79.86,79.29,79.11,0,0,1,0,-,-,neutral"
2026-07-17T05:45:00.000-04:00,"2026-7-17 5:45,79.8,79.88,79.33,79.13,0,0,1,0,-,-,neutral"
2026-07-17T05:50:00.000-04:00,"2026-7-17 5:50,79.86,79.92,79.37,79.16,0,0,1,0,-,-,neutral"
2026-07-17T05:55:00.000-04:00,"2026-7-17 5:55,79.75,79.89,79.4,79.19,0,0,1,0,-,-,neutral"
2026-07-17T06:00:00.000-04:00,"2026-7-17 6:00,79.65,79.84,79.42,79.2,0,0,1,0,-,-,neutral"
2026-07-17T06:05:00.000-04:00,"2026-7-17 6:05,79.96,79.9,79.46,79.23,7,1,1,0,-,-,wave_only"
2026-07-17T06:10:00.000-04:00,"2026-7-17 6:10,79.97,79.95,79.5,79.26,3,1,1,0,-,-,wave_only"
2026-07-17T06:15:00.000-04:00,"2026-7-17 6:15,80.05,80.01,79.54,79.29,7,1,1,0,-,-,wave_only"
2026-07-17T06:20:00.000-04:00,"2026-7-17 6:20,80.01,80.04,79.58,79.32,7,0,1,0,-,-,neutral"
2026-07-17T06:25:00.000-04:00,"2026-7-17 6:25,79.84,79.99,79.6,79.34,0,0,0,0,-,-,neutral"
2026-07-17T06:30:00.000-04:00,"2026-7-17 6:30,79.84,79.95,79.62,79.36,0,0,0,0,-,-,neutral"
2026-07-17T06:35:00.000-04:00,"2026-7-17 6:35,79.78,79.9,79.63,79.38,0,0,0,0,-,-,neutral"
2026-07-17T06:40:00.000-04:00,"2026-7-17 6:40,79.79,79.86,79.64,79.39,0,0,0,0,-,-,neutral"
2026-07-17T06:45:00.000-04:00,"2026-7-17 6:45,79.84,79.85,79.66,79.41,0,0,0,0,-,-,neutral"
2026-07-17T06:50:00.000-04:00,"2026-7-17 6:50,79.97,79.89,79.68,79.43,7,1,0,0,-,-,FIGHT"
2026-07-17T06:55:00.000-04:00,"2026-7-17 6:55,79.98,79.92,79.7,79.45,7,1,1,1,-,-,RIDE_both"
2026-07-17T07:00:00.000-04:00,"2026-7-17 7:00,80.01,79.96,79.73,79.48,7,1,1,1,-,-,RIDE_both"
2026-07-17T07:05:00.000-04:00,"2026-7-17 7:05,80.15,80.03,79.76,79.5,7,1,1,1,-,-,RIDE_both"
2026-07-17T07:10:00.000-04:00,"2026-7-17 7:10,80.15,80.09,79.79,79.53,7,1,1,1,-,-,RIDE_both"
2026-07-17T07:15:00.000-04:00,"2026-7-17 7:15,80.2,80.14,79.82,79.55,7,1,1,1,-,-,RIDE_both"
2026-07-17T07:20:00.000-04:00,"2026-7-17 7:20,80.21,80.18,79.85,79.58,7,1,1,1,-,-,RIDE_both"
2026-07-17T07:25:00.000-04:00,"2026-7-17 7:25,80.07,80.16,79.87,79.6,0,0,0,1,-,-,neutral"
2026-07-17T07:30:00.000-04:00,"2026-7-17 7:30,80.19,80.18,79.89,79.62,7,1,0,1,-,-,tide_only"
2026-07-17T07:35:00.000-04:00,"2026-7-17 7:35,79.95,80.11,79.9,79.64,0,0,0,1,-,-,neutral"
2026-07-17T07:40:00.000-04:00,"2026-7-17 7:40,79.98,80.07,79.9,79.65,-3,0,0,1,-,-,neutral"
2026-07-17T07:45:00.000-04:00,"2026-7-17 7:45,80.08,80.07,79.92,79.67,7,0,0,1,-,-,neutral"
2026-07-17T07:50:00.000-04:00,"2026-7-17 7:50,80.16,80.1,79.94,79.69,7,1,0,1,-,-,tide_only"
2026-07-17T07:55:00.000-04:00,"2026-7-17 7:55,80.18,80.13,79.96,79.7,7,1,0,1,-,-,tide_only"
2026-07-17T08:00:00.000-04:00,"2026-7-17 8:00,80.2,80.16,79.97,79.72,7,1,0,1,-,-,tide_only"
2026-07-17T08:05:00.000-04:00,"2026-7-17 8:05,80.07,80.13,79.98,79.74,-3,0,0,1,-,-,neutral"
2026-07-17T08:10:00.000-04:00,"2026-7-17 8:10,80.1,80.12,79.99,79.75,0,0,0,1,-,-,neutral"
2026-07-17T08:15:00.000-04:00,"2026-7-17 8:15,80.25,80.17,80.01,79.77,7,1,0,1,-,-,tide_only"
2026-07-17T08:20:00.000-04:00,"2026-7-17 8:20,80.24,80.2,80.03,79.79,7,1,0,1,-,-,tide_only"
2026-07-17T08:25:00.000-04:00,"2026-7-17 8:25,80.24,80.22,80.04,79.81,7,1,0,1,-,-,tide_only"
2026-07-17T08:30:00.000-04:00,"2026-7-17 8:30,80.4,80.29,80.07,79.83,7,1,0,1,-,-,tide_only"
2026-07-17T08:35:00.000-04:00,"2026-7-17 8:35,80.36,80.33,80.09,79.85,7,1,0,1,-,-,tide_only"
2026-07-17T08:40:00.000-04:00,"2026-7-17 8:40,80.32,80.34,80.11,79.87,7,1,0,1,-,-,tide_only"
2026-07-17T08:45:00.000-04:00,"2026-7-17 8:45,80.16,80.29,80.12,79.88,0,0,0,1,-,-,neutral"
2026-07-17T08:50:00.000-04:00,"2026-7-17 8:50,80.2,80.26,80.12,79.89,0,0,0,1,-,-,neutral"
2026-07-17T08:55:00.000-04:00,"2026-7-17 8:55,80.36,80.3,80.14,79.91,7,1,0,1,-,-,tide_only"
2026-07-17T09:00:00.000-04:00,"2026-7-17 9:00,80.91,80.53,80.2,79.95,7,1,0,1,-,-,tide_only"
2026-07-17T09:05:00.000-04:00,"2026-7-17 9:05,80.67,80.61,80.24,79.98,7,1,0,1,-,-,tide_only"
2026-07-17T09:10:00.000-04:00,"2026-7-17 9:10,80.87,80.74,80.28,80.01,7,1,1,1,-,-,RIDE_both"
2026-07-17T09:15:00.000-04:00,"2026-7-17 9:15,80.81,80.8,80.32,80.05,7,1,1,1,-,-,RIDE_both"
2026-07-17T09:20:00.000-04:00,"2026-7-17 9:20,80.93,80.89,80.37,80.08,7,1,1,1,-,-,RIDE_both"
2026-07-17T09:25:00.000-04:00,"2026-7-17 9:25,80.95,80.96,80.42,80.11,7,1,1,1,-,-,RIDE_both"
2026-07-17T09:30:00.000-04:00,"2026-7-17 9:30,80.86,80.97,80.45,80.14,0,0,1,1,-,-,neutral"
2026-07-17T09:35:00.000-04:00,"2026-7-17 9:35,80.61,80.88,80.46,80.16,0,0,1,1,-,-,neutral"
2026-07-17T09:40:00.000-04:00,"2026-7-17 9:40,80.92,80.92,80.5,80.19,7,1,1,1,-,-,RIDE_both"
2026-07-17T09:45:00.000-04:00,"2026-7-17 9:45,80.97,80.97,80.53,80.22,7,1,1,1,-,-,RIDE_both"
2026-07-17T09:50:00.000-04:00,"2026-7-17 9:50,81.08,81.04,80.58,80.26,7,1,1,1,-,-,RIDE_both"
2026-07-17T09:55:00.000-04:00,"2026-7-17 9:55,81.14,81.11,80.62,80.29,7,1,1,1,-,-,RIDE_both"
2026-07-17T10:00:00.000-04:00,"2026-7-17 10:00,81.22,81.18,80.67,80.33,7,1,1,1,-,-,RIDE_both"
2026-07-17T10:05:00.000-04:00,"2026-7-17 10:05,80.94,81.13,80.69,80.35,0,0,1,1,-,-,neutral"
2026-07-17T10:10:00.000-04:00,"2026-7-17 10:10,81.09,81.14,80.72,80.38,0,0,0,1,-,-,neutral"
2026-07-17T10:15:00.000-04:00,"2026-7-17 10:15,81,81.11,80.74,80.4,0,0,0,1,-,-,neutral"
2026-07-17T10:20:00.000-04:00,"2026-7-17 10:20,80.89,81.05,80.75,80.42,0,0,0,1,-,-,neutral"
2026-07-17T10:25:00.000-04:00,"2026-7-17 10:25,80.9,81,80.76,80.44,0,0,0,1,-,-,neutral"
2026-07-17T10:30:00.000-04:00,"2026-7-17 10:30,80.64,80.87,80.75,80.45,-3,-1,0,1,S,-,FIGHT"
2026-07-17T10:35:00.000-04:00,"2026-7-17 10:35,80.72,80.8,80.75,80.46,-3,-1,0,1,-,-,FIGHT"
2026-07-17T10:40:00.000-04:00,"2026-7-17 10:40,80.8,80.78,80.75,80.47,-3,-1,0,1,-,-,FIGHT"
2026-07-17T10:45:00.000-04:00,"2026-7-17 10:45,80.7,80.73,80.75,80.48,-5,-1,0,1,-,-,FIGHT"
2026-07-17T10:50:00.000-04:00,"2026-7-17 10:50,80.44,80.6,80.73,80.48,-5,-1,0,1,-,-,FIGHT"
2026-07-17T10:55:00.000-04:00,"2026-7-17 10:55,80.22,80.42,80.69,80.47,-5,-1,0,0,-,-,FIGHT"
2026-07-17T11:00:00.000-04:00,"2026-7-17 11:00,80.04,80.23,80.64,80.45,-5,-1,0,0,-,-,FIGHT"
2026-07-17T11:05:00.000-04:00,"2026-7-17 11:05,79.98,80.08,80.59,80.44,-5,-1,0,0,-,-,FIGHT"
2026-07-17T11:10:00.000-04:00,"2026-7-17 11:10,79.99,79.97,80.54,80.42,-5,-1,0,0,-,-,FIGHT"
2026-07-17T11:15:00.000-04:00,"2026-7-17 11:15,80.17,79.97,80.51,80.41,0,0,0,0,-,-,neutral"
2026-07-17T11:20:00.000-04:00,"2026-7-17 11:20,80.43,80.07,80.51,80.41,0,0,0,0,-,-,neutral"
2026-07-17T11:25:00.000-04:00,"2026-7-17 11:25,80.42,80.15,80.5,80.41,0,0,-1,0,-,-,neutral"
2026-07-17T11:30:00.000-04:00,"2026-7-17 11:30,80.7,80.32,80.51,80.42,0,0,-1,0,-,-,neutral"
2026-07-17T11:35:00.000-04:00,"2026-7-17 11:35,80.76,80.47,80.53,80.43,0,0,-1,0,-,-,neutral"
2026-07-17T11:40:00.000-04:00,"2026-7-17 11:40,80.72,80.56,80.55,80.45,7,1,1,0,B,-,wave_only"
2026-07-17T11:45:00.000-04:00,"2026-7-17 11:45,80.65,80.61,80.56,80.45,7,1,1,0,-,-,wave_only"
2026-07-17T11:50:00.000-04:00,"2026-7-17 11:50,80.77,80.68,80.57,80.47,7,1,1,0,-,-,wave_only"
2026-07-17T11:55:00.000-04:00,"2026-7-17 11:55,80.69,80.71,80.58,80.47,7,1,1,1,-,-,RIDE_both"
2026-07-17T12:00:00.000-04:00,"2026-7-17 12:00,81.21,80.91,80.63,80.5,7,1,1,1,-,-,RIDE_both"
2026-07-17T12:05:00.000-04:00,"2026-7-17 12:05,81.38,81.13,80.69,80.54,7,1,1,1,-,-,RIDE_both"
2026-07-17T12:10:00.000-04:00,"2026-7-17 12:10,81.32,81.26,80.74,80.57,7,1,1,1,-,-,RIDE_both"
2026-07-17T12:15:00.000-04:00,"2026-7-17 12:15,81.32,81.34,80.78,80.6,7,1,1,1,-,-,RIDE_both"
2026-07-17T12:20:00.000-04:00,"2026-7-17 12:20,81.46,81.45,80.83,80.63,7,1,1,1,-,-,RIDE_both"
2026-07-17T12:25:00.000-04:00,"2026-7-17 12:25,81.4,81.5,80.88,80.66,0,0,1,1,-,-,neutral"
2026-07-17T12:30:00.000-04:00,"2026-7-17 12:30,81.4,81.53,80.92,80.69,0,0,1,1,-,-,neutral"
2026-07-17T12:35:00.000-04:00,"2026-7-17 12:35,81.29,81.5,80.95,80.71,0,0,1,1,-,-,neutral"
2026-07-17T12:40:00.000-04:00,"2026-7-17 12:40,81.35,81.5,80.98,80.74,0,0,1,1,-,-,neutral"
2026-07-17T12:45:00.000-04:00,"2026-7-17 12:45,81.23,81.44,81,80.76,0,0,1,1,-,-,neutral"
2026-07-17T12:50:00.000-04:00,"2026-7-17 12:50,81.5,81.5,81.04,80.79,7,1,1,1,-,-,RIDE_both"
2026-07-17T12:55:00.000-04:00,"2026-7-17 12:55,81.47,81.52,81.07,80.81,0,0,1,1,-,-,neutral"
2026-07-17T13:00:00.000-04:00,"2026-7-17 13:00,81.37,81.5,81.09,80.84,0,0,1,1,-,-,neutral"
2026-07-17T13:05:00.000-04:00,"2026-7-17 13:05,81.46,81.51,81.12,80.86,0,0,1,1,-,-,neutral"
2026-07-17T13:10:00.000-04:00,"2026-7-17 13:10,81.49,81.53,81.15,80.89,0,0,0,1,-,-,neutral"
2026-07-17T13:15:00.000-04:00,"2026-7-17 13:15,81.57,81.56,81.18,80.91,7,1,0,1,-,-,tide_only"
2026-07-17T13:20:00.000-04:00,"2026-7-17 13:20,81.59,81.59,81.21,80.94,7,1,0,1,-,-,tide_only"
2026-07-17T13:25:00.000-04:00,"2026-7-17 13:25,81.63,81.63,81.24,80.97,7,1,1,1,-,-,RIDE_both"
2026-07-17T13:30:00.000-04:00,"2026-7-17 13:30,81.63,81.65,81.27,80.99,7,1,1,1,-,-,RIDE_both"
2026-07-17T13:35:00.000-04:00,"2026-7-17 13:35,81.58,81.64,81.3,81.01,0,0,1,1,-,-,neutral"
2026-07-17T13:40:00.000-04:00,"2026-7-17 13:40,81.79,81.71,81.34,81.05,7,1,1,1,-,-,RIDE_both"
2026-07-17T13:45:00.000-04:00,"2026-7-17 13:45,81.78,81.76,81.37,81.07,7,1,1,1,-,-,RIDE_both"
2026-07-17T13:50:00.000-04:00,"2026-7-17 13:50,81.69,81.76,81.39,81.1,0,0,1,1,-,-,neutral"
2026-07-17T13:55:00.000-04:00,"2026-7-17 13:55,81.79,81.79,81.42,81.13,7,1,1,1,-,-,RIDE_both"
2026-07-17T14:00:00.000-04:00,"2026-7-17 14:00,81.82,81.82,81.46,81.15,7,1,1,1,-,-,RIDE_both"
2026-07-17T14:05:00.000-04:00,"2026-7-17 14:05,81.9,81.87,81.49,81.18,7,1,1,1,-,-,RIDE_both"
2026-07-17T14:10:00.000-04:00,"2026-7-17 14:10,82.01,81.94,81.53,81.21,7,1,1,1,-,-,RIDE_both"
2026-07-17T14:15:00.000-04:00,"2026-7-17 14:15,81.88,81.94,81.56,81.24,0,0,1,1,-,-,neutral"
2026-07-17T14:20:00.000-04:00,"2026-7-17 14:20,82.01,81.99,81.59,81.27,7,1,1,1,-,-,RIDE_both"
2026-07-17T14:25:00.000-04:00,"2026-7-17 14:25,81.67,81.89,81.6,81.29,0,0,0,1,-,-,neutral"
2026-07-17T14:30:00.000-04:00,"2026-7-17 14:30,81.52,81.76,81.59,81.3,0,0,0,1,-,-,neutral"
2026-07-17T14:35:00.000-04:00,"2026-7-17 14:35,81.56,81.68,81.59,81.31,-3,-1,0,1,S,-,FIGHT"
2026-07-17T14:40:00.000-04:00,"2026-7-17 14:40,81.42,81.57,81.58,81.31,-5,-1,0,1,-,-,FIGHT"
2026-07-17T14:45:00.000-04:00,"2026-7-17 14:45,81.48,81.51,81.57,81.32,-5,-1,0,1,-,-,FIGHT"
2026-07-17T14:50:00.000-04:00,"2026-7-17 14:50,81.46,81.46,81.56,81.32,-5,-1,0,1,-,-,FIGHT"
2026-07-17T14:55:00.000-04:00,"2026-7-17 14:55,81.42,81.42,81.55,81.33,-5,-1,0,0,-,-,FIGHT"
2026-07-17T15:00:00.000-04:00,"2026-7-17 15:00,81.38,81.37,81.54,81.33,-5,-1,0,0,-,-,FIGHT"
2026-07-17T15:05:00.000-04:00,"2026-7-17 15:05,81.36,81.33,81.52,81.33,-5,-1,0,0,-,-,FIGHT"
2026-07-17T15:10:00.000-04:00,"2026-7-17 15:10,81.39,81.32,81.51,81.33,-3,-1,0,0,-,-,FIGHT"
2026-07-17T15:15:00.000-04:00,"2026-7-17 15:15,81.38,81.31,81.5,81.33,-3,-1,0,0,-,-,FIGHT"
2026-07-17T15:20:00.000-04:00,"2026-7-17 15:20,81.38,81.3,81.49,81.34,0,0,0,0,-,-,neutral"
2026-07-17T15:25:00.000-04:00,"2026-7-17 15:25,81.38,81.3,81.48,81.34,-5,0,0,0,-,-,neutral"
2026-07-17T15:30:00.000-04:00,"2026-7-17 15:30,81.17,81.23,81.46,81.33,-5,-1,0,0,-,-,FIGHT"
2026-07-17T15:35:00.000-04:00,"2026-7-17 15:35,81.23,81.2,81.44,81.33,-5,-1,0,0,-,-,FIGHT"
2026-07-17T15:40:00.000-04:00,"2026-7-17 15:40,81.13,81.14,81.42,81.32,-5,-1,0,0,-,-,FIGHT"
2026-07-17T15:45:00.000-04:00,"2026-7-17 15:45,81.18,81.13,81.4,81.31,0,0,0,0,-,-,neutral"
2026-07-17T15:50:00.000-04:00,"2026-7-17 15:50,81.41,81.2,81.4,81.32,0,0,0,0,-,-,neutral"
2026-07-17T15:55:00.000-04:00,"2026-7-17 15:55,81.44,81.27,81.4,81.32,0,0,0,0,-,-,neutral"
2026-07-17T16:00:00.000-04:00,"2026-7-17 16:00,81.5,81.35,81.41,81.33,0,0,0,0,-,-,neutral"
2026-07-17T16:05:00.000-04:00,"2026-7-17 16:05,81.53,81.41,81.42,81.34,7,0,0,0,-,-,neutral"
2026-07-17T16:10:00.000-04:00,"2026-7-17 16:10,81.51,81.46,81.43,81.34,7,1,1,0,B,-,wave_only"
2026-07-17T16:15:00.000-04:00,"2026-7-17 16:15,81.57,81.51,81.44,81.35,7,1,1,0,-,-,wave_only"
2026-07-17T16:20:00.000-04:00,"2026-7-17 16:20,81.68,81.59,81.46,81.37,7,1,1,0,-,-,wave_only"
2026-07-17T16:25:00.000-04:00,"2026-7-17 16:25,81.73,81.66,81.48,81.38,7,1,1,0,-,-,wave_only"
2026-07-17T16:30:00.000-04:00,"2026-7-17 16:30,81.69,81.7,81.49,81.39,7,1,1,0,-,-,wave_only"
2026-07-17T16:35:00.000-04:00,"2026-7-17 16:35,81.78,81.76,81.52,81.41,7,1,1,0,-,-,wave_only"
2026-07-17T16:40:00.000-04:00,"2026-7-17 16:40,81.83,81.81,81.54,81.42,7,1,1,0,-,-,wave_only"
2026-07-17T16:45:00.000-04:00,"2026-7-17 16:45,81.7,81.8,81.55,81.43,0,0,1,0,-,-,neutral"
2026-07-17T16:50:00.000-04:00,"2026-7-17 16:50,81.74,81.81,81.57,81.45,0,0,1,0,-,-,neutral"
2026-07-17T16:55:00.000-04:00,"2026-7-17 16:55,81.79,81.83,81.58,81.46,0,0,1,1,-,-,neutral"
2026-07-19T18:00:00.000-04:00,"2026-7-19 18:00,84.01,82.66,81.77,81.56,7,1,1,1,-,-,RIDE_both"
2026-07-19T18:05:00.000-04:00,"2026-7-19 18:05,83.89,83.22,81.93,81.65,7,1,1,1,-,-,RIDE_both"
2026-07-19T18:10:00.000-04:00,"2026-7-19 18:10,83.88,83.61,82.08,81.74,7,1,1,1,-,-,RIDE_both"
2026-07-19T18:15:00.000-04:00,"2026-7-19 18:15,84.09,83.96,82.24,81.83,7,1,1,1,-,-,RIDE_both"
2026-07-19T18:20:00.000-04:00,"2026-7-19 18:20,84.25,84.25,82.39,81.93,7,1,1,1,-,-,RIDE_both"
2026-07-19T18:25:00.000-04:00,"2026-7-19 18:25,84.6,84.58,82.56,82.03,7,1,1,1,-,-,RIDE_both"
2026-07-19T18:30:00.000-04:00,"2026-7-19 18:30,84.17,84.63,82.69,82.11,0,0,1,1,-,-,neutral"
2026-07-19T18:35:00.000-04:00,"2026-7-19 18:35,84.29,84.69,82.81,82.2,0,0,1,1,-,-,neutral"
2026-07-19T18:40:00.000-04:00,"2026-7-19 18:40,84.11,84.64,82.91,82.27,0,0,1,1,-,-,neutral"
2026-07-19T18:45:00.000-04:00,"2026-7-19 18:45,84.02,84.55,82.99,82.34,0,0,1,1,-,-,neutral"
2026-07-19T18:50:00.000-04:00,"2026-7-19 18:50,84.1,84.5,83.08,82.41,0,0,1,1,-,-,neutral"
2026-07-19T18:55:00.000-04:00,"2026-7-19 18:55,84.03,84.42,83.15,82.48,0,0,1,1,-,-,neutral"
2026-07-19T19:00:00.000-04:00,"2026-7-19 19:00,84.09,84.37,83.23,82.54,0,0,1,1,-,-,neutral"
2026-07-19T19:05:00.000-04:00,"2026-7-19 19:05,84.04,84.31,83.29,82.6,0,0,1,1,-,-,neutral"
2026-07-19T19:10:00.000-04:00,"2026-7-19 19:10,84.1,84.27,83.35,82.66,0,0,1,1,-,-,neutral"
2026-07-19T19:15:00.000-04:00,"2026-7-19 19:15,84.05,84.22,83.4,82.71,0,0,1,1,-,-,neutral"
2026-07-19T19:20:00.000-04:00,"2026-7-19 19:20,83.85,84.1,83.44,82.76,0,0,1,1,-,-,neutral"
2026-07-19T19:25:00.000-04:00,"2026-7-19 19:25,83.96,84.05,83.48,82.8,0,0,0,1,-,-,neutral"
2026-07-19T19:30:00.000-04:00,"2026-7-19 19:30,83.8,83.95,83.5,82.84,0,0,0,1,-,-,neutral"
2026-07-19T19:35:00.000-04:00,"2026-7-19 19:35,83.9,83.91,83.53,82.88,0,0,0,1,-,-,neutral"
2026-07-19T19:40:00.000-04:00,"2026-7-19 19:40,83.96,83.9,83.57,82.93,0,0,0,1,-,-,neutral"
2026-07-19T19:45:00.000-04:00,"2026-7-19 19:45,83.96,83.9,83.6,82.97,-3,0,0,1,-,-,neutral"
2026-07-19T19:50:00.000-04:00,"2026-7-19 19:50,83.89,83.87,83.62,83,-3,0,0,1,-,-,neutral"
2026-07-19T19:55:00.000-04:00,"2026-7-19 19:55,83.87,83.84,83.64,83.04,-3,0,0,1,-,-,neutral"
2026-07-19T20:00:00.000-04:00,"2026-7-19 20:00,83.7,83.76,83.64,83.06,-3,-1,0,1,S,-,FIGHT"
2026-07-19T20:05:00.000-04:00,"2026-7-19 20:05,83.67,83.69,83.65,83.09,-5,-1,0,1,-,-,FIGHT"
2026-07-19T20:10:00.000-04:00,"2026-7-19 20:10,83.62,83.62,83.64,83.11,-5,-1,0,1,-,-,FIGHT"
2026-07-19T20:15:00.000-04:00,"2026-7-19 20:15,83.74,83.62,83.65,83.13,-5,-1,0,1,-,-,FIGHT"
2026-07-19T20:20:00.000-04:00,"2026-7-19 20:20,83.67,83.6,83.65,83.15,-5,-1,0,1,-,-,FIGHT"
2026-07-19T20:25:00.000-04:00,"2026-7-19 20:25,83.7,83.59,83.66,83.17,0,0,0,1,-,-,neutral"
2026-07-19T20:30:00.000-04:00,"2026-7-19 20:30,83.58,83.55,83.65,83.19,-5,-1,0,1,-,-,FIGHT"
2026-07-19T20:35:00.000-04:00,"2026-7-19 20:35,83.77,83.59,83.66,83.21,0,0,0,1,-,-,neutral"
2026-07-19T20:40:00.000-04:00,"2026-7-19 20:40,83.7,83.6,83.66,83.23,0,0,0,1,-,-,neutral"
2026-07-19T20:45:00.000-04:00,"2026-7-19 20:45,83.72,83.62,83.67,83.25,0,0,0,1,-,-,neutral"
2026-07-19T20:50:00.000-04:00,"2026-7-19 20:50,83.66,83.61,83.67,83.27,-5,-1,0,1,-,-,FIGHT"
2026-07-19T20:55:00.000-04:00,"2026-7-19 20:55,83.56,83.57,83.66,83.28,-5,-1,0,1,-,-,FIGHT"
2026-07-19T21:00:00.000-04:00,"2026-7-19 21:00,83.43,83.49,83.64,83.29,-5,-1,0,1,-,-,FIGHT"
2026-07-19T21:05:00.000-04:00,"2026-7-19 21:05,83.42,83.44,83.62,83.29,-5,-1,0,1,-,-,FIGHT"
2026-07-19T21:10:00.000-04:00,"2026-7-19 21:10,83.63,83.48,83.62,83.3,0,0,0,1,-,-,neutral"
2026-07-19T21:15:00.000-04:00,"2026-7-19 21:15,83.55,83.48,83.62,83.31,0,0,0,1,-,-,neutral"
2026-07-19T21:20:00.000-04:00,"2026-7-19 21:20,83.5,83.46,83.61,83.32,-3,-1,0,1,-,-,FIGHT"
2026-07-19T21:25:00.000-04:00,"2026-7-19 21:25,83.59,83.49,83.61,83.33,0,0,0,1,-,-,neutral"
2026-07-19T21:30:00.000-04:00,"2026-7-19 21:30,83.65,83.53,83.61,83.34,0,0,0,1,-,-,neutral"
2026-07-19T21:35:00.000-04:00,"2026-7-19 21:35,83.69,83.58,83.62,83.36,0,0,0,1,-,-,neutral"
2026-07-19T21:40:00.000-04:00,"2026-7-19 21:40,83.79,83.65,83.63,83.37,7,0,1,1,-,-,neutral"
2026-07-19T21:45:00.000-04:00,"2026-7-19 21:45,83.76,83.7,83.64,83.39,7,1,1,1,B,BUY,RIDE_both"
2026-07-19T21:50:00.000-04:00,"2026-7-19 21:50,83.7,83.71,83.65,83.4,7,0,1,1,-,-,neutral"
2026-07-19T21:55:00.000-04:00,"2026-7-19 21:55,83.69,83.71,83.65,83.41,7,0,0,1,-,-,neutral"
2026-07-19T22:00:00.000-04:00,"2026-7-19 22:00,83.59,83.67,83.64,83.42,-3,-1,0,1,S,-,FIGHT"
2026-07-19T22:05:00.000-04:00,"2026-7-19 22:05,83.77,83.71,83.65,83.43,7,1,0,1,B,-,tide_only"
2026-07-19T22:10:00.000-04:00,"2026-7-19 22:10,83.8,83.75,83.66,83.45,7,1,1,1,-,-,RIDE_both"
2026-07-19T22:15:00.000-04:00,"2026-7-19 22:15,83.76,83.76,83.67,83.46,7,1,1,1,-,-,RIDE_both"
2026-07-19T22:20:00.000-04:00,"2026-7-19 22:20,83.73,83.76,83.68,83.47,0,0,1,1,-,-,neutral"
2026-07-19T22:25:00.000-04:00,"2026-7-19 22:25,83.6,83.71,83.67,83.48,-3,-1,0,1,S,-,FIGHT"
2026-07-19T22:30:00.000-04:00,"2026-7-19 22:30,83.59,83.67,83.66,83.48,-5,-1,0,1,-,-,FIGHT"
2026-07-19T22:35:00.000-04:00,"2026-7-19 22:35,83.62,83.65,83.66,83.49,-5,-1,0,1,-,-,FIGHT"
2026-07-19T22:40:00.000-04:00,"2026-7-19 22:40,83.52,83.6,83.65,83.49,-5,-1,0,1,-,-,FIGHT"
2026-07-19T22:45:00.000-04:00,"2026-7-19 22:45,83.56,83.58,83.64,83.49,-5,-1,0,1,-,-,FIGHT"
2026-07-19T22:50:00.000-04:00,"2026-7-19 22:50,83.35,83.48,83.62,83.48,-5,-1,0,1,-,-,FIGHT"
2026-07-19T22:55:00.000-04:00,"2026-7-19 22:55,83.37,83.42,83.6,83.48,-5,-1,-1,0,-,-,wave_only"
2026-07-19T23:00:00.000-04:00,"2026-7-19 23:00,83.43,83.4,83.59,83.48,-5,-1,-1,0,-,-,wave_only"
2026-07-19T23:05:00.000-04:00,"2026-7-19 23:05,83.47,83.41,83.58,83.48,0,0,-1,0,-,-,neutral"
2026-07-19T23:10:00.000-04:00,"2026-7-19 23:10,83.5,83.42,83.57,83.48,0,0,-1,0,-,-,neutral"
2026-07-19T23:15:00.000-04:00,"2026-7-19 23:15,83.51,83.44,83.57,83.48,0,0,-1,0,-,-,neutral"
2026-07-19T23:20:00.000-04:00,"2026-7-19 23:20,83.6,83.49,83.57,83.48,0,0,-1,0,-,-,neutral"
2026-07-19T23:25:00.000-04:00,"2026-7-19 23:25,83.51,83.49,83.57,83.49,0,0,-1,0,-,-,neutral"
2026-07-19T23:30:00.000-04:00,"2026-7-19 23:30,83.6,83.53,83.57,83.49,0,0,-1,0,-,-,neutral"
2026-07-19T23:35:00.000-04:00,"2026-7-19 23:35,83.6,83.55,83.57,83.49,0,0,-1,0,-,-,neutral"
2026-07-19T23:40:00.000-04:00,"2026-7-19 23:40,83.58,83.57,83.57,83.5,3,1,0,0,B,-,FIGHT"
2026-07-19T23:45:00.000-04:00,"2026-7-19 23:45,83.63,83.59,83.58,83.5,7,1,0,0,-,-,FIGHT"
2026-07-19T23:50:00.000-04:00,"2026-7-19 23:50,83.61,83.61,83.58,83.51,7,1,0,0,-,-,FIGHT"
2026-07-19T23:55:00.000-04:00,"2026-7-19 23:55,83.64,83.63,83.58,83.51,7,1,1,0,-,-,wave_only"
2026-07-20T00:00:00.000-04:00,"2026-7-20 0:00,83.72,83.67,83.59,83.52,7,1,1,0,-,-,wave_only"
2026-07-20T00:05:00.000-04:00,"2026-7-20 0:05,83.73,83.7,83.6,83.53,7,1,1,0,-,-,wave_only"
2026-07-20T00:10:00.000-04:00,"2026-7-20 0:10,83.78,83.75,83.62,83.54,7,1,1,0,-,-,wave_only"
2026-07-20T00:15:00.000-04:00,"2026-7-20 0:15,83.73,83.76,83.63,83.55,3,1,1,0,-,-,wave_only"
2026-07-20T00:20:00.000-04:00,"2026-7-20 0:20,83.71,83.76,83.63,83.55,0,0,1,0,-,-,neutral"
2026-07-20T00:25:00.000-04:00,"2026-7-20 0:25,83.68,83.74,83.64,83.56,0,0,1,0,-,-,neutral"
2026-07-20T00:30:00.000-04:00,"2026-7-20 0:30,83.65,83.72,83.64,83.56,0,0,1,0,-,-,neutral"
2026-07-20T00:35:00.000-04:00,"2026-7-20 0:35,83.56,83.67,83.63,83.56,-3,0,1,0,-,-,neutral"
2026-07-20T00:40:00.000-04:00,"2026-7-20 0:40,83.49,83.6,83.62,83.56,-5,-1,-1,0,S,-,wave_only"
2026-07-20T00:45:00.000-04:00,"2026-7-20 0:45,83.56,83.58,83.62,83.56,-5,-1,-1,0,-,-,wave_only"
2026-07-20T00:50:00.000-04:00,"2026-7-20 0:50,83.63,83.59,83.62,83.56,0,0,-1,0,-,-,neutral"
2026-07-20T00:55:00.000-04:00,"2026-7-20 0:55,83.54,83.57,83.61,83.56,-5,-1,-1,0,-,-,wave_only"
2026-07-20T01:00:00.000-04:00,"2026-7-20 1:00,83.56,83.56,83.61,83.56,-5,-1,-1,0,-,-,wave_only"
2026-07-20T01:05:00.000-04:00,"2026-7-20 1:05,83.55,83.55,83.6,83.56,-5,-1,-1,0,-,-,wave_only"
2026-07-20T01:10:00.000-04:00,"2026-7-20 1:10,83.48,83.52,83.59,83.56,-5,-1,-1,0,-,-,wave_only"
2026-07-20T01:15:00.000-04:00,"2026-7-20 1:15,83.55,83.52,83.59,83.56,0,0,-1,0,-,-,neutral"
2026-07-20T01:20:00.000-04:00,"2026-7-20 1:20,83.56,83.53,83.59,83.56,0,0,-1,0,-,-,neutral"
2026-07-20T01:25:00.000-04:00,"2026-7-20 1:25,83.7,83.58,83.6,83.56,0,0,1,0,-,-,neutral"
2026-07-20T01:30:00.000-04:00,"2026-7-20 1:30,83.63,83.6,83.6,83.56,7,1,1,0,B,-,wave_only"
2026-07-20T01:35:00.000-04:00,"2026-7-20 1:35,83.56,83.59,83.6,83.56,-5,-1,1,0,S,-,FIGHT"
2026-07-20T01:40:00.000-04:00,"2026-7-20 1:40,83.74,83.64,83.61,83.57,7,1,1,0,B,-,wave_only"
2026-07-20T01:45:00.000-04:00,"2026-7-20 1:45,83.76,83.69,83.62,83.58,7,1,1,0,-,-,wave_only"
2026-07-20T01:50:00.000-04:00,"2026-7-20 1:50,83.7,83.7,83.63,83.58,7,1,1,0,-,-,wave_only"
2026-07-20T01:55:00.000-04:00,"2026-7-20 1:55,83.83,83.76,83.64,83.59,7,1,1,0,-,-,wave_only"
2026-07-20T02:00:00.000-04:00,"2026-7-20 2:00,83.89,83.82,83.66,83.61,7,1,1,0,-,-,wave_only"
2026-07-20T02:05:00.000-04:00,"2026-7-20 2:05,83.96,83.89,83.68,83.62,7,1,1,0,-,-,wave_only"
2026-07-20T02:10:00.000-04:00,"2026-7-20 2:10,83.96,83.94,83.7,83.63,7,1,1,0,-,-,wave_only"
2026-07-20T02:15:00.000-04:00,"2026-7-20 2:15,84.14,84.04,83.74,83.65,7,1,1,0,-,-,wave_only"
2026-07-20T02:20:00.000-04:00,"2026-7-20 2:20,83.9,84.02,83.75,83.66,0,0,1,0,-,-,neutral"
2026-07-20T02:25:00.000-04:00,"2026-7-20 2:25,83.81,83.97,83.75,83.67,0,0,1,0,-,-,neutral"
2026-07-20T02:30:00.000-04:00,"2026-7-20 2:30,83.91,83.97,83.77,83.68,0,0,1,0,-,-,neutral"
2026-07-20T02:35:00.000-04:00,"2026-7-20 2:35,84.06,84.02,83.79,83.69,7,1,1,0,-,-,wave_only"
2026-07-20T02:40:00.000-04:00,"2026-7-20 2:40,83.87,83.98,83.8,83.7,0,0,1,0,-,-,neutral"
2026-07-20T02:45:00.000-04:00,"2026-7-20 2:45,83.81,83.93,83.8,83.7,0,0,1,0,-,-,neutral"
2026-07-20T02:50:00.000-04:00,"2026-7-20 2:50,83.8,83.89,83.8,83.71,0,0,1,0,-,-,neutral"
2026-07-20T02:55:00.000-04:00,"2026-7-20 2:55,83.9,83.89,83.8,83.71,7,1,1,0,-,-,wave_only"
2026-07-20T03:00:00.000-04:00,"2026-7-20 3:00,83.83,83.87,83.81,83.72,0,0,1,0,-,-,neutral"
2026-07-20T03:05:00.000-04:00,"2026-7-20 3:05,84.08,83.95,83.83,83.73,7,1,1,0,-,-,wave_only"
2026-07-20T03:10:00.000-04:00,"2026-7-20 3:10,83.98,83.96,83.84,83.74,7,1,1,0,-,-,wave_only"
2026-07-20T03:15:00.000-04:00,"2026-7-20 3:15,83.78,83.9,83.83,83.74,-3,0,1,0,-,-,neutral"
2026-07-20T03:20:00.000-04:00,"2026-7-20 3:20,83.32,83.69,83.8,83.73,-5,-1,1,0,S,-,FIGHT"
2026-07-20T03:25:00.000-04:00,"2026-7-20 3:25,83.2,83.48,83.75,83.71,-5,-1,-1,0,-,-,wave_only"
2026-07-20T03:30:00.000-04:00,"2026-7-20 3:30,82.96,83.25,83.69,83.68,-5,-1,-1,0,-,-,wave_only"
2026-07-20T03:35:00.000-04:00,"2026-7-20 3:35,82.62,82.96,83.61,83.64,-5,-1,-1,0,-,-,wave_only"
2026-07-20T03:40:00.000-04:00,"2026-7-20 3:40,82.21,82.6,83.5,83.58,-5,-1,-1,0,-,-,wave_only"
2026-07-20T03:45:00.000-04:00,"2026-7-20 3:45,82.43,82.43,83.42,83.54,-5,-1,-1,0,-,-,wave_only"
2026-07-20T03:50:00.000-04:00,"2026-7-20 3:50,82.41,82.31,83.34,83.49,-3,-1,-1,0,-,-,wave_only"
2026-07-20T03:55:00.000-04:00,"2026-7-20 3:55,82.22,82.16,83.25,83.44,-3,-1,-1,0,-,-,wave_only"
2026-07-20T04:00:00.000-04:00,"2026-7-20 4:00,81.98,81.98,83.16,83.38,-5,-1,-1,0,-,-,wave_only"
2026-07-20T04:05:00.000-04:00,"2026-7-20 4:05,81.94,81.84,83.06,83.33,-7,-1,-1,0,-,-,wave_only"
2026-07-20T04:10:00.000-04:00,"2026-7-20 4:10,81.75,81.69,82.96,83.27,-7,-1,-1,0,-,-,wave_only"
2026-07-20T04:15:00.000-04:00,"2026-7-20 4:15,81.58,81.53,82.85,83.2,-7,-1,-1,0,-,-,wave_only"
2026-07-20T04:20:00.000-04:00,"2026-7-20 4:20,81.47,81.39,82.75,83.13,-7,-1,-1,0,-,-,wave_only"
2026-07-20T04:25:00.000-04:00,"2026-7-20 4:25,81.63,81.36,82.66,83.07,0,0,0,0,-,-,neutral"
2026-07-20T04:30:00.000-04:00,"2026-7-20 4:30,81.38,81.26,82.56,83.01,-7,0,0,0,-,-,neutral"
2026-07-20T04:35:00.000-04:00,"2026-7-20 4:35,81.51,81.25,82.48,82.95,0,0,0,0,-,-,neutral"
2026-07-20T04:40:00.000-04:00,"2026-7-20 4:40,81.66,81.31,82.42,82.9,0,0,0,0,-,-,neutral"
2026-07-20T04:45:00.000-04:00,"2026-7-20 4:45,81.37,81.26,82.34,82.84,0,0,0,0,-,-,neutral"
2026-07-20T04:50:00.000-04:00,"2026-7-20 4:50,81.47,81.27,82.27,82.78,0,0,0,0,-,-,neutral"
2026-07-20T04:55:00.000-04:00,"2026-7-20 4:55,81.57,81.32,82.22,82.74,0,0,0,0,-,-,neutral"
2026-07-20T05:00:00.000-04:00,"2026-7-20 5:00,81.61,81.39,82.17,82.69,0,0,0,0,-,-,neutral"
2026-07-20T05:05:00.000-04:00,"2026-7-20 5:05,81.55,81.42,82.12,82.65,0,0,0,0,-,-,neutral"
2026-07-20T05:10:00.000-04:00,"2026-7-20 5:10,81.5,81.43,82.08,82.6,0,0,0,0,-,-,neutral"
2026-07-20T05:15:00.000-04:00,"2026-7-20 5:15,81.44,81.42,82.03,82.56,-3,-1,0,0,-,-,FIGHT"
2026-07-20T05:20:00.000-04:00,"2026-7-20 5:20,81.24,81.34,81.97,82.51,-7,-1,0,0,-,-,FIGHT"
2026-07-20T05:25:00.000-04:00,"2026-7-20 5:25,81.34,81.33,81.92,82.46,-3,-1,0,0,-,-,FIGHT"
2026-07-20T05:30:00.000-04:00,"2026-7-20 5:30,81.12,81.24,81.86,82.41,-7,-1,0,0,-,-,FIGHT"
2026-07-20T05:35:00.000-04:00,"2026-7-20 5:35,81.03,81.14,81.79,82.35,-7,-1,0,0,-,-,FIGHT"
2026-07-20T05:40:00.000-04:00,"2026-7-20 5:40,81.17,81.13,81.74,82.31,-3,-1,0,0,-,-,FIGHT"
2026-07-20T05:45:00.000-04:00,"2026-7-20 5:45,81.29,81.17,81.71,82.27,0,0,0,0,-,-,neutral"
2026-07-20T05:50:00.000-04:00,"2026-7-20 5:50,81.18,81.16,81.67,82.22,-3,-1,0,0,-,-,FIGHT"
2026-07-20T05:55:00.000-04:00,"2026-7-20 5:55,81.17,81.16,81.63,82.18,-7,0,0,-1,-,-,neutral"
2026-07-20T06:00:00.000-04:00,"2026-7-20 6:00,81.4,81.24,81.61,82.15,0,0,0,-1,-,-,neutral"
2026-07-20T06:05:00.000-04:00,"2026-7-20 6:05,81.5,81.34,81.6,82.13,3,1,0,-1,B,-,FIGHT"
2026-07-20T06:10:00.000-04:00,"2026-7-20 6:10,81.41,81.38,81.59,82.1,3,1,0,-1,-,-,FIGHT"
2026-07-20T06:15:00.000-04:00,"2026-7-20 6:15,81.28,81.36,81.57,82.07,-7,-1,0,-1,S,-,tide_only"
2026-07-20T06:20:00.000-04:00,"2026-7-20 6:20,81.43,81.41,81.56,82.04,3,1,0,-1,B,-,FIGHT"
2026-07-20T06:25:00.000-04:00,"2026-7-20 6:25,81.46,81.45,81.55,82.02,3,1,0,-1,-,-,FIGHT"
2026-07-20T06:30:00.000-04:00,"2026-7-20 6:30,81.51,81.5,81.54,82,3,1,0,-1,-,-,FIGHT"
2026-07-20T06:35:00.000-04:00,"2026-7-20 6:35,81.7,81.6,81.56,81.99,5,1,0,-1,-,-,FIGHT"
2026-07-20T06:40:00.000-04:00,"2026-7-20 6:40,81.68,81.67,81.57,81.97,5,1,0,-1,-,-,FIGHT"
2026-07-20T06:45:00.000-04:00,"2026-7-20 6:45,81.81,81.76,81.59,81.97,5,1,0,-1,-,-,FIGHT"
2026-07-20T06:50:00.000-04:00,"2026-7-20 6:50,81.7,81.78,81.59,81.96,5,1,0,-1,-,-,FIGHT"
2026-07-20T06:55:00.000-04:00,"2026-7-20 6:55,81.64,81.77,81.6,81.95,0,0,0,-1,-,-,neutral"
2026-07-20T07:00:00.000-04:00,"2026-7-20 7:00,81.43,81.69,81.58,81.93,0,0,0,-1,-,-,neutral"
2026-07-20T07:05:00.000-04:00,"2026-7-20 7:05,81.63,81.69,81.59,81.91,0,0,0,-1,-,-,neutral"
2026-07-20T07:10:00.000-04:00,"2026-7-20 7:10,81.71,81.72,81.6,81.91,5,1,0,-1,-,-,FIGHT"
2026-07-20T07:15:00.000-04:00,"2026-7-20 7:15,81.59,81.7,81.6,81.89,0,0,0,-1,-,-,neutral"
2026-07-20T07:20:00.000-04:00,"2026-7-20 7:20,81.58,81.67,81.6,81.88,0,0,0,-1,-,-,neutral"
2026-07-20T07:25:00.000-04:00,"2026-7-20 7:25,81.61,81.67,81.6,81.87,0,0,0,-1,-,-,neutral"
2026-07-20T07:30:00.000-04:00,"2026-7-20 7:30,80.06,81.08,81.48,81.8,-7,-1,0,-1,S,-,tide_only"
2026-07-20T07:35:00.000-04:00,"2026-7-20 7:35,79.81,80.57,81.35,81.72,-7,-1,0,-1,-,-,tide_only"
2026-07-20T07:40:00.000-04:00,"2026-7-20 7:40,79.78,80.18,81.23,81.65,-7,-1,-1,-1,-,-,RIDE_both"
2026-07-20T07:45:00.000-04:00,"2026-7-20 7:45,80.31,80.11,81.16,81.59,-7,0,-1,-1,-,-,neutral"
2026-07-20T07:50:00.000-04:00,"2026-7-20 7:50,80.32,80.07,81.09,81.54,0,0,-1,-1,-,-,neutral"
2026-07-20T07:55:00.000-04:00,"2026-7-20 7:55,80.25,80.03,81.03,81.49,0,0,-1,-1,-,-,neutral"
2026-07-20T08:00:00.000-04:00,"2026-7-20 8:00,81.32,80.41,81.05,81.49,0,0,-1,-1,-,-,neutral"
2026-07-20T08:05:00.000-04:00,"2026-7-20 8:05,81.58,80.8,81.09,81.49,3,1,-1,-1,B,-,FIGHT"
2026-07-20T08:10:00.000-04:00,"2026-7-20 8:10,81.43,81.03,81.12,81.49,3,1,0,-1,-,-,FIGHT"
2026-07-20T08:15:00.000-04:00,"2026-7-20 8:15,81.55,81.24,81.15,81.49,5,1,0,-1,-,-,FIGHT"
2026-07-20T08:20:00.000-04:00,"2026-7-20 8:20,81.74,81.47,81.2,81.5,5,1,0,-1,-,-,FIGHT"
2026-07-20T08:25:00.000-04:00,"2026-7-20 8:25,81.84,81.67,81.25,81.51,5,1,0,-1,-,-,FIGHT"
2026-07-20T08:30:00.000-04:00,"2026-7-20 8:30,81.96,81.85,81.3,81.53,5,1,0,-1,-,-,FIGHT"
2026-07-20T08:35:00.000-04:00,"2026-7-20 8:35,81.89,81.95,81.35,81.54,3,1,0,-1,-,-,FIGHT"
2026-07-20T08:40:00.000-04:00,"2026-7-20 8:40,82.03,82.07,81.4,81.56,5,1,0,-1,-,-,FIGHT"
2026-07-20T08:45:00.000-04:00,"2026-7-20 8:45,81.69,82.02,81.42,81.57,0,0,0,-1,-,-,neutral"
2026-07-20T08:50:00.000-04:00,"2026-7-20 8:50,82.09,82.12,81.47,81.59,3,1,0,-1,-,-,FIGHT"
2026-07-20T08:55:00.000-04:00,"2026-7-20 8:55,81.86,82.1,81.5,81.6,0,0,0,0,-,-,neutral"
2026-07-20T09:00:00.000-04:00,"2026-7-20 9:00,81.6,81.98,81.51,81.6,0,0,0,0,-,-,neutral"
2026-07-20T09:05:00.000-04:00,"2026-7-20 9:05,81.71,81.93,81.53,81.6,0,0,0,0,-,-,neutral"
2026-07-20T09:10:00.000-04:00,"2026-7-20 9:10,81.77,81.91,81.54,81.61,0,0,0,0,-,-,neutral"
2026-07-20T09:15:00.000-04:00,"2026-7-20 9:15,81.66,81.84,81.55,81.61,0,0,0,0,-,-,neutral"
2026-07-20T09:20:00.000-04:00,"2026-7-20 9:20,81.32,81.67,81.54,81.6,0,0,0,0,-,-,neutral"
2026-07-20T09:25:00.000-04:00,"2026-7-20 9:25,81.34,81.55,81.52,81.59,0,0,-1,0,-,-,neutral"
2026-07-20T09:30:00.000-04:00,"2026-7-20 9:30,81.21,81.41,81.5,81.58,-7,-1,-1,0,S,-,wave_only"
2026-07-20T09:35:00.000-04:00,"2026-7-20 9:35,81.22,81.31,81.48,81.56,-5,-1,-1,0,-,-,wave_only"
2026-07-20T09:40:00.000-04:00,"2026-7-20 9:40,81.44,81.32,81.47,81.56,0,0,-1,0,-,-,neutral"
2026-07-20T09:45:00.000-04:00,"2026-7-20 9:45,81.49,81.36,81.47,81.55,0,0,-1,0,-,-,neutral"
2026-07-20T09:50:00.000-04:00,"2026-7-20 9:50,81.73,81.47,81.49,81.56,3,0,-1,0,-,-,neutral"
2026-07-20T09:55:00.000-04:00,"2026-7-20 9:55,81.69,81.54,81.51,81.57,5,1,1,0,B,-,wave_only"
2026-07-20T10:00:00.000-04:00,"2026-7-20 10:00,81.75,81.62,81.53,81.57,5,1,1,0,-,-,wave_only"
2026-07-20T10:05:00.000-04:00,"2026-7-20 10:05,81.75,81.67,81.54,81.58,5,1,1,0,-,-,wave_only"
2026-07-20T10:10:00.000-04:00,"2026-7-20 10:10,81.98,81.79,81.58,81.6,7,1,1,0,-,-,wave_only"
2026-07-20T10:15:00.000-04:00,"2026-7-20 10:15,81.66,81.76,81.58,81.6,0,0,1,0,-,-,neutral"
2026-07-20T10:20:00.000-04:00,"2026-7-20 10:20,81.65,81.74,81.59,81.6,0,0,1,0,-,-,neutral"
2026-07-20T10:25:00.000-04:00,"2026-7-20 10:25,81.53,81.67,81.58,81.6,0,0,0,0,-,-,neutral"
2026-07-20T10:30:00.000-04:00,"2026-7-20 10:30,81.49,81.61,81.58,81.59,0,0,0,0,-,-,neutral"
2026-07-20T10:35:00.000-04:00,"2026-7-20 10:35,81.34,81.5,81.56,81.58,-7,-1,0,0,S,-,FIGHT"
2026-07-20T10:40:00.000-04:00,"2026-7-20 10:40,81.46,81.47,81.55,81.58,-5,-1,-1,0,-,-,wave_only"
2026-07-20T10:45:00.000-04:00,"2026-7-20 10:45,81.65,81.52,81.56,81.58,3,0,-1,0,-,-,neutral"
2026-07-20T10:50:00.000-04:00,"2026-7-20 10:50,81.79,81.61,81.58,81.59,7,1,-1,0,B,-,FIGHT"
2026-07-20T10:55:00.000-04:00,"2026-7-20 10:55,81.99,81.75,81.61,81.61,7,1,1,0,-,-,wave_only"
2026-07-20T11:00:00.000-04:00,"2026-7-20 11:00,81.67,81.73,81.61,81.61,0,0,1,0,-,-,neutral"
2026-07-20T11:05:00.000-04:00,"2026-7-20 11:05,81.29,81.58,81.59,81.6,0,0,1,0,-,-,neutral"
2026-07-20T11:10:00.000-04:00,"2026-7-20 11:10,81.46,81.53,81.58,81.59,-5,-1,0,0,S,-,FIGHT"
2026-07-20T11:15:00.000-04:00,"2026-7-20 11:15,81.63,81.56,81.58,81.59,0,0,0,0,-,-,neutral"
2026-07-20T11:20:00.000-04:00,"2026-7-20 11:20,81.6,81.56,81.58,81.59,0,0,0,0,-,-,neutral"
2026-07-20T11:25:00.000-04:00,"2026-7-20 11:25,81.4,81.5,81.57,81.58,-5,-1,-1,0,-,-,wave_only"
2026-07-20T11:30:00.000-04:00,"2026-7-20 11:30,81.54,81.5,81.57,81.58,0,0,-1,0,-,-,neutral"
2026-07-20T11:35:00.000-04:00,"2026-7-20 11:35,81.48,81.48,81.56,81.58,-5,-1,-1,0,-,-,wave_only"
2026-07-20T11:40:00.000-04:00,"2026-7-20 11:40,81.49,81.47,81.56,81.58,-5,-1,-1,0,-,-,wave_only"
2026-07-20T11:45:00.000-04:00,"2026-7-20 11:45,81.52,81.48,81.55,81.57,0,0,-1,0,-,-,neutral"
2026-07-20T11:50:00.000-04:00,"2026-7-20 11:50,81.51,81.48,81.55,81.57,0,0,-1,0,-,-,neutral"
2026-07-20T11:55:00.000-04:00,"2026-7-20 11:55,81.57,81.51,81.55,81.57,0,0,0,-1,-,-,neutral"
2026-07-20T12:00:00.000-04:00,"2026-7-20 12:00,81.33,81.44,81.53,81.56,-5,-1,0,-1,-,-,tide_only"
2026-07-20T12:05:00.000-04:00,"2026-7-20 12:05,81.35,81.39,81.52,81.55,-5,-1,0,-1,-,-,tide_only"
2026-07-20T12:10:00.000-04:00,"2026-7-20 12:10,81.39,81.38,81.51,81.55,-5,-1,-1,-1,-,-,RIDE_both"
2026-07-20T12:15:00.000-04:00,"2026-7-20 12:15,81.39,81.37,81.5,81.54,-5,-1,-1,-1,-,-,RIDE_both"
2026-07-20T12:20:00.000-04:00,"2026-7-20 12:20,81.46,81.39,81.5,81.54,0,0,-1,-1,-,-,neutral"
2026-07-20T12:25:00.000-04:00,"2026-7-20 12:25,81.59,81.45,81.5,81.54,3,1,0,-1,B,-,FIGHT"
2026-07-20T12:30:00.000-04:00,"2026-7-20 12:30,81.79,81.58,81.53,81.55,5,1,0,-1,-,-,FIGHT"
2026-07-20T12:35:00.000-04:00,"2026-7-20 12:35,81.68,81.63,81.54,81.55,7,1,0,-1,-,-,FIGHT"
2026-07-20T12:40:00.000-04:00,"2026-7-20 12:40,81.84,81.72,81.56,81.57,7,1,1,-1,-,-,wave_only"
2026-07-20T12:45:00.000-04:00,"2026-7-20 12:45,81.59,81.69,81.56,81.57,0,0,1,-1,-,-,neutral"
2026-07-20T12:50:00.000-04:00,"2026-7-20 12:50,81.92,81.8,81.59,81.58,7,1,1,-1,-,-,wave_only"
2026-07-20T12:55:00.000-04:00,"2026-7-20 12:55,81.9,81.86,81.61,81.59,7,1,1,0,-,-,wave_only"
2026-07-20T13:00:00.000-04:00,"2026-7-20 13:00,81.84,81.88,81.63,81.6,3,1,1,0,-,-,wave_only"
2026-07-20T13:05:00.000-04:00,"2026-7-20 13:05,81.74,81.86,81.64,81.61,0,0,1,0,-,-,neutral"
2026-07-20T13:10:00.000-04:00,"2026-7-20 13:10,81.79,81.86,81.65,81.62,0,0,0,0,-,-,neutral"
2026-07-20T13:15:00.000-04:00,"2026-7-20 13:15,81.76,81.84,81.66,81.62,0,0,0,0,-,-,neutral"
2026-07-20T13:20:00.000-04:00,"2026-7-20 13:20,81.91,81.88,81.68,81.63,7,1,0,0,-,-,FIGHT"
2026-07-20T13:25:00.000-04:00,"2026-7-20 13:25,81.75,81.85,81.68,81.64,0,0,0,0,-,-,neutral"
2026-07-20T13:30:00.000-04:00,"2026-7-20 13:30,82.05,81.94,81.71,81.65,7,1,0,0,-,-,FIGHT"
2026-07-20T13:35:00.000-04:00,"2026-7-20 13:35,82.15,82.04,81.75,81.67,7,1,0,0,-,-,FIGHT"
2026-07-20T13:40:00.000-04:00,"2026-7-20 13:40,82.03,82.06,81.77,81.69,3,1,1,0,-,-,wave_only"
2026-07-20T13:45:00.000-04:00,"2026-7-20 13:45,82.21,82.14,81.8,81.71,7,1,1,0,-,-,wave_only"
2026-07-20T13:50:00.000-04:00,"2026-7-20 13:50,82.05,82.14,81.82,81.72,0,0,1,0,-,-,neutral"
2026-07-20T13:55:00.000-04:00,"2026-7-20 13:55,82.16,82.17,81.85,81.74,0,0,1,0,-,-,neutral"
2026-07-20T14:00:00.000-04:00,"2026-7-20 14:00,82.06,82.16,81.86,81.75,0,0,1,0,-,-,neutral"
2026-07-20T14:05:00.000-04:00,"2026-7-20 14:05,81.89,82.08,81.87,81.76,0,0,1,0,-,-,neutral"
2026-07-20T14:10:00.000-04:00,"2026-7-20 14:10,81.93,82.04,81.87,81.76,0,0,0,0,-,-,neutral"
2026-07-20T14:15:00.000-04:00,"2026-7-20 14:15,82.12,82.07,81.89,81.78,7,1,0,0,-,-,FIGHT"
2026-07-20T14:20:00.000-04:00,"2026-7-20 14:20,82.34,82.18,81.92,81.8,7,1,0,0,-,-,FIGHT"
2026-07-20T14:25:00.000-04:00,"2026-7-20 14:25,82.58,82.34,81.97,81.83,7,1,1,0,-,-,wave_only"
2026-07-20T14:30:00.000-04:00,"2026-7-20 14:30,82.76,82.53,82.04,81.87,7,1,1,0,-,-,wave_only"
2026-07-20T14:35:00.000-04:00,"2026-7-20 14:35,82.69,82.63,82.09,81.9,7,1,1,0,-,-,wave_only"
2026-07-20T14:40:00.000-04:00,"2026-7-20 14:40,82.91,82.79,82.15,81.94,7,1,1,0,-,-,wave_only"
2026-07-20T14:45:00.000-04:00,"2026-7-20 14:45,83.1,82.96,82.22,81.98,7,1,1,0,-,-,wave_only"
2026-07-20T14:50:00.000-04:00,"2026-7-20 14:50,82.8,82.97,82.27,82.02,0,0,1,0,-,-,neutral"
2026-07-20T14:55:00.000-04:00,"2026-7-20 14:55,82.85,82.99,82.31,82.05,0,0,1,1,-,-,neutral"
2026-07-20T15:00:00.000-04:00,"2026-7-20 15:00,82.97,83.04,82.36,82.08,0,0,1,1,-,-,neutral"
2026-07-20T15:05:00.000-04:00,"2026-7-20 15:05,82.87,83.03,82.4,82.12,0,0,1,1,-,-,neutral"
2026-07-20T15:10:00.000-04:00,"2026-7-20 15:10,82.77,82.98,82.43,82.14,0,0,1,1,-,-,neutral"
2026-07-20T15:15:00.000-04:00,"2026-7-20 15:15,82.77,82.94,82.46,82.17,0,0,1,1,-,-,neutral"
2026-07-20T15:20:00.000-04:00,"2026-7-20 15:20,82.74,82.89,82.48,82.19,0,0,1,1,-,-,neutral"
2026-07-20T15:25:00.000-04:00,"2026-7-20 15:25,82.52,82.77,82.48,82.2,0,0,0,1,-,-,neutral"
2026-07-20T15:30:00.000-04:00,"2026-7-20 15:30,82.21,82.56,82.46,82.2,-3,-1,0,1,S,-,FIGHT"
2026-07-20T15:35:00.000-04:00,"2026-7-20 15:35,82.45,82.5,82.46,82.21,-3,-1,0,1,-,-,FIGHT"
2026-07-20T15:40:00.000-04:00,"2026-7-20 15:40,82.45,82.46,82.46,82.22,-5,-1,0,1,-,-,FIGHT"
2026-07-20T15:45:00.000-04:00,"2026-7-20 15:45,82.43,82.42,82.46,82.23,-5,-1,0,1,-,-,FIGHT"
2026-07-20T15:50:00.000-04:00,"2026-7-20 15:50,82.41,82.38,82.45,82.24,-5,-1,0,1,-,-,FIGHT"
2026-07-20T15:55:00.000-04:00,"2026-7-20 15:55,82.43,82.37,82.45,82.24,-5,-1,0,1,-,-,FIGHT"
2026-07-20T16:00:00.000-04:00,"2026-7-20 16:00,82.42,82.36,82.45,82.25,-5,-1,0,1,-,-,FIGHT"
2026-07-20T16:05:00.000-04:00,"2026-7-20 16:05,82.46,82.37,82.45,82.26,0,0,0,1,-,-,neutral"
2026-07-20T16:10:00.000-04:00,"2026-7-20 16:10,82.4,82.35,82.45,82.26,-5,-1,0,1,-,-,FIGHT"
2026-07-20T16:15:00.000-04:00,"2026-7-20 16:15,82.44,82.36,82.45,82.27,0,0,0,1,-,-,neutral"
2026-07-20T16:20:00.000-04:00,"2026-7-20 16:20,82.44,82.37,82.44,82.28,0,0,0,1,-,-,neutral"
2026-07-20T16:25:00.000-04:00,"2026-7-20 16:25,82.49,82.4,82.45,82.29,0,0,0,1,-,-,neutral"
2026-07-20T16:30:00.000-04:00,"2026-7-20 16:30,82.48,82.41,82.45,82.29,0,0,0,1,-,-,neutral"
2026-07-20T16:35:00.000-04:00,"2026-7-20 16:35,82.52,82.44,82.46,82.3,0,0,0,1,-,-,neutral"
2026-07-20T16:40:00.000-04:00,"2026-7-20 16:40,82.48,82.45,82.46,82.31,0,0,0,1,-,-,neutral"
2026-07-20T16:45:00.000-04:00,"2026-7-20 16:45,82.49,82.46,82.46,82.32,0,0,0,1,-,-,neutral"
2026-07-20T16:50:00.000-04:00,"2026-7-20 16:50,82.42,82.44,82.46,82.32,-5,-1,0,1,-,-,FIGHT"
2026-07-20T16:55:00.000-04:00,"2026-7-20 16:55,82.44,82.43,82.46,82.33,-5,-1,0,1,-,-,FIGHT"
2026-07-20T18:00:00.000-04:00,"2026-7-20 18:00,82.62,82.5,82.47,82.34,7,1,0,1,B,-,tide_only"
2026-07-20T18:05:00.000-04:00,"2026-7-20 18:05,82.49,82.5,82.47,82.34,0,0,0,1,-,-,neutral"
2026-07-20T18:10:00.000-04:00,"2026-7-20 18:10,82.54,82.51,82.48,82.35,7,1,0,1,-,-,tide_only"
2026-07-20T18:15:00.000-04:00,"2026-7-20 18:15,82.58,82.54,82.48,82.36,7,1,0,1,-,-,tide_only"
2026-07-20T18:20:00.000-04:00,"2026-7-20 18:20,82.6,82.57,82.49,82.37,7,1,0,1,-,-,tide_only"
2026-07-20T18:25:00.000-04:00,"2026-7-20 18:25,82.6,82.59,82.5,82.38,7,1,1,1,-,-,RIDE_both"
2026-07-20T18:30:00.000-04:00,"2026-7-20 18:30,82.65,82.62,82.51,82.39,7,1,1,1,-,-,RIDE_both"
2026-07-20T18:35:00.000-04:00,"2026-7-20 18:35,82.63,82.63,82.52,82.4,7,1,1,1,-,-,RIDE_both"
2026-07-20T18:40:00.000-04:00,"2026-7-20 18:40,82.61,82.64,82.53,82.41,7,0,1,1,-,-,neutral"
2026-07-20T18:45:00.000-04:00,"2026-7-20 18:45,82.67,82.66,82.54,82.42,7,1,1,1,-,-,RIDE_both"
2026-07-20T18:50:00.000-04:00,"2026-7-20 18:50,82.66,82.67,82.55,82.43,7,1,1,1,-,-,RIDE_both"
2026-07-20T18:55:00.000-04:00,"2026-7-20 18:55,82.63,82.67,82.55,82.43,0,0,1,1,-,-,neutral"
2026-07-20T19:00:00.000-04:00,"2026-7-20 19:00,82.68,82.68,82.56,82.44,7,1,1,1,-,-,RIDE_both"
2026-07-20T19:05:00.000-04:00,"2026-7-20 19:05,82.58,82.65,82.57,82.45,0,0,1,1,-,-,neutral"
2026-07-20T19:10:00.000-04:00,"2026-7-20 19:10,82.59,82.63,82.57,82.45,-3,-1,0,1,S,-,FIGHT"
2026-07-20T19:15:00.000-04:00,"2026-7-20 19:15,82.56,82.61,82.57,82.46,-3,-1,0,1,-,-,FIGHT"
2026-07-20T19:20:00.000-04:00,"2026-7-20 19:20,82.54,82.58,82.56,82.46,-3,-1,0,1,-,-,FIGHT"
2026-07-20T19:25:00.000-04:00,"2026-7-20 19:25,82.52,82.56,82.56,82.46,-5,-1,0,1,-,-,FIGHT"
2026-07-20T19:30:00.000-04:00,"2026-7-20 19:30,82.55,82.55,82.56,82.47,-5,-1,0,1,-,-,FIGHT"
2026-07-20T19:35:00.000-04:00,"2026-7-20 19:35,82.61,82.57,82.56,82.47,0,0,0,1,-,-,neutral"
2026-07-20T19:40:00.000-04:00,"2026-7-20 19:40,82.57,82.56,82.56,82.48,0,0,0,1,-,-,neutral"
2026-07-20T19:45:00.000-04:00,"2026-7-20 19:45,82.58,82.57,82.57,82.48,0,0,0,1,-,-,neutral"
2026-07-20T19:50:00.000-04:00,"2026-7-20 19:50,82.52,82.55,82.56,82.48,-5,-1,0,1,-,-,FIGHT"
2026-07-20T19:55:00.000-04:00,"2026-7-20 19:55,82.48,82.52,82.56,82.48,-5,-1,0,1,-,-,FIGHT"
2026-07-20T20:00:00.000-04:00,"2026-7-20 20:00,82.42,82.47,82.55,82.48,-5,-1,0,1,-,-,FIGHT"
2026-07-20T20:05:00.000-04:00,"2026-7-20 20:05,82.36,82.42,82.53,82.48,-5,-1,0,1,-,-,FIGHT"
2026-07-20T20:10:00.000-04:00,"2026-7-20 20:10,82.44,82.41,82.52,82.47,-3,-1,0,1,-,-,FIGHT"
2026-07-20T20:15:00.000-04:00,"2026-7-20 20:15,82.41,82.4,82.52,82.47,-5,-1,0,1,-,-,FIGHT"
2026-07-20T20:20:00.000-04:00,"2026-7-20 20:20,82.45,82.4,82.51,82.47,0,0,0,1,-,-,neutral"
2026-07-20T20:25:00.000-04:00,"2026-7-20 20:25,82.54,82.44,82.51,82.47,0,0,1,1,-,-,neutral"
2026-07-20T20:30:00.000-04:00,"2026-7-20 20:30,82.49,82.45,82.51,82.47,0,0,1,1,-,-,neutral"
2026-07-20T20:35:00.000-04:00,"2026-7-20 20:35,82.42,82.44,82.5,82.47,-5,-1,1,1,-,-,FIGHT"
2026-07-20T20:40:00.000-04:00,"2026-7-20 20:40,82.45,82.44,82.5,82.47,0,0,0,1,-,-,neutral"
2026-07-20T20:45:00.000-04:00,"2026-7-20 20:45,82.45,82.44,82.5,82.47,0,0,0,1,-,-,neutral"
2026-07-20T20:50:00.000-04:00,"2026-7-20 20:50,82.41,82.42,82.49,82.47,-5,-1,0,1,-,-,FIGHT"
2026-07-20T20:55:00.000-04:00,"2026-7-20 20:55,82.49,82.44,82.49,82.47,0,0,0,1,-,-,neutral"
2026-07-20T21:00:00.000-04:00,"2026-7-20 21:00,82.18,82.34,82.47,82.46,-7,-1,0,1,-,-,FIGHT"
2026-07-20T21:05:00.000-04:00,"2026-7-20 21:05,82.15,82.26,82.44,82.45,-7,-1,0,1,-,-,FIGHT"
2026-07-20T21:10:00.000-04:00,"2026-7-20 21:10,82.13,82.19,82.42,82.43,-5,-1,-1,1,-,-,wave_only"
2026-07-20T21:15:00.000-04:00,"2026-7-20 21:15,82.03,82.11,82.39,82.42,-5,-1,-1,1,-,-,wave_only"
2026-07-20T21:20:00.000-04:00,"2026-7-20 21:20,82.11,82.08,82.37,82.41,-7,-1,-1,1,-,-,wave_only"
2026-07-20T21:25:00.000-04:00,"2026-7-20 21:25,82.16,82.08,82.35,82.4,0,0,-1,1,-,-,neutral"
2026-07-20T21:30:00.000-04:00,"2026-7-20 21:30,82.17,82.09,82.34,82.39,0,0,-1,1,-,-,neutral"
2026-07-20T21:35:00.000-04:00,"2026-7-20 21:35,82.21,82.11,82.33,82.38,0,0,-1,1,-,-,neutral"
2026-07-20T21:40:00.000-04:00,"2026-7-20 21:40,82.2,82.13,82.32,82.37,0,0,-1,1,-,-,neutral"
2026-07-20T21:45:00.000-04:00,"2026-7-20 21:45,82.27,82.17,82.31,82.37,0,0,-1,1,-,-,neutral"
2026-07-20T21:50:00.000-04:00,"2026-7-20 21:50,82.33,82.22,82.31,82.37,0,0,-1,1,-,-,neutral"
2026-07-20T21:55:00.000-04:00,"2026-7-20 21:55,82.42,82.3,82.32,82.37,3,1,0,0,B,-,FIGHT"
2026-07-20T22:00:00.000-04:00,"2026-7-20 22:00,82.36,82.33,82.33,82.37,5,1,0,0,-,-,FIGHT"
2026-07-20T22:05:00.000-04:00,"2026-7-20 22:05,82.27,82.32,82.32,82.36,-7,-1,0,0,S,-,FIGHT"
2026-07-20T22:10:00.000-04:00,"2026-7-20 22:10,82.3,82.32,82.32,82.36,0,0,0,0,-,-,neutral"
2026-07-20T22:15:00.000-04:00,"2026-7-20 22:15,82.3,82.32,82.32,82.36,0,0,0,0,-,-,neutral"
2026-07-20T22:20:00.000-04:00,"2026-7-20 22:20,82.25,82.3,82.31,82.36,-3,-1,0,0,-,-,FIGHT"
2026-07-20T22:25:00.000-04:00,"2026-7-20 22:25,82.34,82.32,82.32,82.36,5,1,0,0,B,-,FIGHT"
2026-07-20T22:30:00.000-04:00,"2026-7-20 22:30,82.34,82.34,82.32,82.35,5,1,0,0,-,-,FIGHT"
2026-07-20T22:35:00.000-04:00,"2026-7-20 22:35,82.44,82.38,82.33,82.36,5,1,0,0,-,-,FIGHT"
2026-07-20T22:40:00.000-04:00,"2026-7-20 22:40,82.45,82.42,82.34,82.36,5,1,0,0,-,-,FIGHT"
2026-07-20T22:45:00.000-04:00,"2026-7-20 22:45,82.4,82.43,82.34,82.36,0,0,0,0,-,-,neutral"
2026-07-20T22:50:00.000-04:00,"2026-7-20 22:50,82.23,82.37,82.33,82.36,0,0,0,0,-,-,neutral"
2026-07-20T22:55:00.000-04:00,"2026-7-20 22:55,82.16,82.3,82.32,82.35,-7,-1,-1,-1,S,SELL,RIDE_both"
2026-07-20T23:00:00.000-04:00,"2026-7-20 23:00,82.26,82.28,82.31,82.35,-5,-1,-1,-1,-,-,RIDE_both"
2026-07-20T23:05:00.000-04:00,"2026-7-20 23:05,82.32,82.29,82.31,82.35,3,1,-1,-1,B,-,FIGHT"
2026-07-20T23:10:00.000-04:00,"2026-7-20 23:10,82.37,82.32,82.32,82.35,5,1,0,-1,-,-,FIGHT"
2026-07-20T23:15:00.000-04:00,"2026-7-20 23:15,82.31,82.32,82.32,82.34,0,0,0,-1,-,-,neutral"
2026-07-20T23:20:00.000-04:00,"2026-7-20 23:20,82.3,82.31,82.32,82.34,-5,-1,0,-1,S,-,tide_only"
2026-07-20T23:25:00.000-04:00,"2026-7-20 23:25,82.28,82.3,82.31,82.34,-5,-1,-1,-1,-,-,RIDE_both"
2026-07-20T23:30:00.000-04:00,"2026-7-20 23:30,82.2,82.26,82.31,82.34,-5,-1,-1,-1,-,-,RIDE_both"
2026-07-20T23:35:00.000-04:00,"2026-7-20 23:35,82.23,82.25,82.3,82.33,-7,-1,-1,-1,-,-,RIDE_both"
2026-07-20T23:40:00.000-04:00,"2026-7-20 23:40,82.22,82.23,82.29,82.33,-7,-1,-1,-1,-,-,RIDE_both"
2026-07-20T23:45:00.000-04:00,"2026-7-20 23:45,82.25,82.23,82.29,82.32,0,0,-1,-1,-,-,neutral"
2026-07-20T23:50:00.000-04:00,"2026-7-20 23:50,82.19,82.21,82.28,82.32,-7,-1,-1,-1,-,-,RIDE_both"
2026-07-20T23:55:00.000-04:00,"2026-7-20 23:55,82.16,82.19,82.27,82.31,-7,-1,-1,-1,-,-,RIDE_both"
2026-07-21T00:00:00.000-04:00,"2026-7-21 0:00,82.08,82.14,82.26,82.3,-7,-1,-1,-1,-,-,RIDE_both"
2026-07-21T00:05:00.000-04:00,"2026-7-21 0:05,82.08,82.1,82.24,82.29,-7,-1,-1,-1,-,-,RIDE_both"
2026-07-21T00:10:00.000-04:00,"2026-7-21 0:10,82.05,82.07,82.23,82.28,-7,-1,-1,-1,-,-,RIDE_both"
2026-07-21T00:15:00.000-04:00,"2026-7-21 0:15,82.11,82.07,82.22,82.28,0,0,-1,-1,-,-,neutral"
2026-07-21T00:20:00.000-04:00,"2026-7-21 0:20,82.11,82.07,82.21,82.27,0,0,-1,-1,-,-,neutral"
2026-07-21T00:25:00.000-04:00,"2026-7-21 0:25,82.16,82.09,82.21,82.27,0,0,-1,-1,-,-,neutral"
2026-07-21T00:30:00.000-04:00,"2026-7-21 0:30,82.23,82.13,82.21,82.27,0,0,-1,-1,-,-,neutral"
2026-07-21T00:35:00.000-04:00,"2026-7-21 0:35,82.12,82.13,82.2,82.26,-7,-1,-1,-1,-,-,RIDE_both"
2026-07-21T00:40:00.000-04:00,"2026-7-21 0:40,82.14,82.13,82.2,82.26,0,0,-1,-1,-,-,neutral"
2026-07-21T00:45:00.000-04:00,"2026-7-21 0:45,82.14,82.13,82.19,82.25,0,0,-1,-1,-,-,neutral"
2026-07-21T00:50:00.000-04:00,"2026-7-21 0:50,82.09,82.11,82.19,82.24,-7,-1,-1,-1,-,-,RIDE_both"
2026-07-21T00:55:00.000-04:00,"2026-7-21 0:55,82.14,82.12,82.18,82.24,0,0,0,-1,-,-,neutral"
2026-07-21T01:00:00.000-04:00,"2026-7-21 1:00,82.22,82.15,82.18,82.24,3,1,0,-1,B,-,FIGHT"
2026-07-21T01:05:00.000-04:00,"2026-7-21 1:05,82.37,82.24,82.2,82.24,5,1,0,-1,-,-,FIGHT"
2026-07-21T01:10:00.000-04:00,"2026-7-21 1:10,82.29,82.27,82.21,82.25,5,1,0,-1,-,-,FIGHT"
2026-07-21T01:15:00.000-04:00,"2026-7-21 1:15,82.27,82.28,82.21,82.25,5,1,0,-1,-,-,FIGHT"
2026-07-21T01:20:00.000-04:00,"2026-7-21 1:20,82.31,82.3,82.22,82.25,5,1,0,-1,-,-,FIGHT"
2026-07-21T01:25:00.000-04:00,"2026-7-21 1:25,82.33,82.33,82.23,82.25,5,1,0,-1,-,-,FIGHT"
2026-07-21T01:30:00.000-04:00,"2026-7-21 1:30,82.28,82.32,82.23,82.25,0,0,0,-1,-,-,neutral"
2026-07-21T01:35:00.000-04:00,"2026-7-21 1:35,82.25,82.31,82.23,82.25,0,0,0,-1,-,-,neutral"
2026-07-21T01:40:00.000-04:00,"2026-7-21 1:40,82.07,82.23,82.22,82.25,0,0,-1,-1,-,-,neutral"
2026-07-21T01:45:00.000-04:00,"2026-7-21 1:45,81.91,82.11,82.2,82.23,-7,-1,-1,-1,S,SELL,RIDE_both"
2026-07-21T01:50:00.000-04:00,"2026-7-21 1:50,81.9,82.02,82.17,82.22,-7,-1,-1,-1,-,-,RIDE_both"
2026-07-21T01:55:00.000-04:00,"2026-7-21 1:55,82.05,82.01,82.16,82.21,-3,-1,-1,-1,-,-,RIDE_both"
2026-07-21T02:00:00.000-04:00,"2026-7-21 2:00,82.04,82.01,82.15,82.21,-3,-1,-1,-1,-,-,RIDE_both"
2026-07-21T02:05:00.000-04:00,"2026-7-21 2:05,82.08,82.02,82.15,82.2,0,0,-1,-1,-,-,neutral"
2026-07-21T02:10:00.000-04:00,"2026-7-21 2:10,82.14,82.05,82.15,82.2,0,0,0,-1,-,-,neutral"
2026-07-21T02:15:00.000-04:00,"2026-7-21 2:15,82.1,82.06,82.14,82.2,0,0,0,-1,-,-,neutral"
2026-07-21T02:20:00.000-04:00,"2026-7-21 2:20,82.08,82.06,82.14,82.19,0,0,0,-1,-,-,neutral"
2026-07-21T02:25:00.000-04:00,"2026-7-21 2:25,81.92,82,82.12,82.18,-7,-1,-1,-1,-,-,RIDE_both"
2026-07-21T02:30:00.000-04:00,"2026-7-21 2:30,82.07,82.02,82.12,82.18,0,0,-1,-1,-,-,neutral"
2026-07-21T02:35:00.000-04:00,"2026-7-21 2:35,82.03,82.01,82.11,82.17,0,0,-1,-1,-,-,neutral"
2026-07-21T02:40:00.000-04:00,"2026-7-21 2:40,82.02,82.01,82.1,82.16,-3,-1,-1,-1,-,-,RIDE_both"
2026-07-21T02:45:00.000-04:00,"2026-7-21 2:45,82.11,82.04,82.11,82.16,3,0,-1,-1,-,-,neutral"
2026-07-21T02:50:00.000-04:00,"2026-7-21 2:50,82.11,82.06,82.11,82.16,3,0,-1,-1,-,-,neutral"
2026-07-21T02:55:00.000-04:00,"2026-7-21 2:55,82.3,82.15,82.12,82.17,5,1,0,0,B,-,FIGHT"
2026-07-21T03:00:00.000-04:00,"2026-7-21 3:00,82.35,82.23,82.14,82.17,5,1,0,0,-,-,FIGHT"
2026-07-21T03:05:00.000-04:00,"2026-7-21 3:05,82.42,82.32,82.16,82.18,5,1,0,0,-,-,FIGHT"
2026-07-21T03:10:00.000-04:00,"2026-7-21 3:10,82.6,82.45,82.19,82.2,5,1,1,0,-,-,wave_only"
2026-07-21T03:15:00.000-04:00,"2026-7-21 3:15,82.72,82.58,82.23,82.22,7,1,1,0,-,-,wave_only"
2026-07-21T03:20:00.000-04:00,"2026-7-21 3:20,82.81,82.71,82.28,82.24,5,1,1,0,-,-,wave_only"
2026-07-21T03:25:00.000-04:00,"2026-7-21 3:25,82.87,82.82,82.32,82.27,5,1,1,0,-,-,wave_only"
2026-07-21T03:30:00.000-04:00,"2026-7-21 3:30,82.53,82.77,82.34,82.28,0,0,1,0,-,-,neutral"
2026-07-21T03:35:00.000-04:00,"2026-7-21 3:35,82.35,82.66,82.34,82.28,0,0,1,0,-,-,neutral"
2026-07-21T03:40:00.000-04:00,"2026-7-21 3:40,82.25,82.54,82.33,82.28,0,0,0,0,-,-,neutral"
2026-07-21T03:45:00.000-04:00,"2026-7-21 3:45,82.05,82.37,82.31,82.27,0,0,0,0,-,-,neutral"
2026-07-21T03:50:00.000-04:00,"2026-7-21 3:50,82.02,82.24,82.29,82.26,-5,-1,0,0,S,-,FIGHT"
2026-07-21T03:55:00.000-04:00,"2026-7-21 3:55,81.9,82.09,82.26,82.25,-7,-1,-1,-1,-,-,RIDE_both"
2026-07-21T04:00:00.000-04:00,"2026-7-21 4:00,81.69,81.91,82.22,82.22,-7,-1,-1,-1,-,-,RIDE_both"
2026-07-21T04:05:00.000-04:00,"2026-7-21 4:05,81.59,81.75,82.17,82.2,-5,-1,-1,-1,-,-,RIDE_both"
2026-07-21T04:10:00.000-04:00,"2026-7-21 4:10,81.52,81.61,82.12,82.17,-5,-1,-1,-1,-,-,RIDE_both"
2026-07-21T04:15:00.000-04:00,"2026-7-21 4:15,81.66,81.56,82.08,82.15,-3,-1,-1,-1,-,-,RIDE_both"
2026-07-21T04:20:00.000-04:00,"2026-7-21 4:20,81.77,81.57,82.06,82.14,0,0,-1,-1,-,-,neutral"
2026-07-21T04:25:00.000-04:00,"2026-7-21 4:25,81.97,81.67,82.05,82.13,0,0,-1,-1,-,-,neutral"
2026-07-21T04:30:00.000-04:00,"2026-7-21 4:30,82.04,81.76,82.05,82.13,0,0,-1,-1,-,-,neutral"
2026-07-21T04:35:00.000-04:00,"2026-7-21 4:35,82.05,81.84,82.05,82.12,0,0,-1,-1,-,-,neutral"
2026-07-21T04:40:00.000-04:00,"2026-7-21 4:40,81.96,81.87,82.04,82.12,0,0,-1,-1,-,-,neutral"
2026-07-21T04:45:00.000-04:00,"2026-7-21 4:45,82.18,81.98,82.05,82.12,3,1,-1,-1,B,-,FIGHT"
2026-07-21T04:50:00.000-04:00,"2026-7-21 4:50,82.27,82.09,82.07,82.13,5,1,-1,-1,-,-,FIGHT"
2026-07-21T04:55:00.000-04:00,"2026-7-21 4:55,82.25,82.16,82.08,82.13,5,1,0,0,-,-,FIGHT"
2026-07-21T05:00:00.000-04:00,"2026-7-21 5:00,82.05,82.14,82.08,82.13,0,0,0,0,-,-,neutral"
2026-07-21T05:05:00.000-04:00,"2026-7-21 5:05,82.08,82.13,82.08,82.13,0,0,0,0,-,-,neutral"
2026-07-21T05:10:00.000-04:00,"2026-7-21 5:10,82.15,82.15,82.09,82.13,3,1,0,0,-,-,FIGHT"
2026-07-21T05:15:00.000-04:00,"2026-7-21 5:15,82.22,82.19,82.1,82.13,5,1,0,0,-,-,FIGHT"
2026-07-21T05:20:00.000-04:00,"2026-7-21 5:20,82.4,82.29,82.12,82.14,5,1,0,0,-,-,FIGHT"
2026-07-21T05:25:00.000-04:00,"2026-7-21 5:25,82.9,82.54,82.18,82.17,7,1,1,0,-,-,wave_only"
2026-07-21T05:30:00.000-04:00,"2026-7-21 5:30,82.68,82.64,82.22,82.19,7,1,1,0,-,-,wave_only"
2026-07-21T05:35:00.000-04:00,"2026-7-21 5:35,82.93,82.8,82.27,82.22,7,1,1,0,-,-,wave_only"
2026-07-21T05:40:00.000-04:00,"2026-7-21 5:40,82.98,82.93,82.33,82.25,7,1,1,0,-,-,wave_only"
2026-07-21T05:45:00.000-04:00,"2026-7-21 5:45,82.82,82.96,82.37,82.27,0,0,1,0,-,-,neutral"
2026-07-21T05:50:00.000-04:00,"2026-7-21 5:50,83.17,83.1,82.43,82.31,5,1,1,0,-,-,wave_only"
2026-07-21T05:55:00.000-04:00,"2026-7-21 5:55,83.24,83.22,82.49,82.34,7,1,1,1,-,-,RIDE_both"
2026-07-21T06:00:00.000-04:00,"2026-7-21 6:00,83.06,83.24,82.53,82.37,0,0,1,1,-,-,neutral"
2026-07-21T06:05:00.000-04:00,"2026-7-21 6:05,83.15,83.27,82.58,82.4,0,0,1,1,-,-,neutral"
2026-07-21T06:10:00.000-04:00,"2026-7-21 6:10,82.7,83.12,82.59,82.41,0,0,0,1,-,-,neutral"
2026-07-21T06:15:00.000-04:00,"2026-7-21 6:15,83.03,83.13,82.62,82.44,0,0,0,1,-,-,neutral"
2026-07-21T06:20:00.000-04:00,"2026-7-21 6:20,82.99,83.11,82.65,82.46,0,0,0,1,-,-,neutral"
2026-07-21T06:25:00.000-04:00,"2026-7-21 6:25,82.87,83.05,82.67,82.48,0,0,0,1,-,-,neutral"
2026-07-21T06:30:00.000-04:00,"2026-7-21 6:30,82.82,82.98,82.68,82.49,0,0,0,1,-,-,neutral"
2026-07-21T06:35:00.000-04:00,"2026-7-21 6:35,82.91,82.96,82.7,82.51,0,0,0,1,-,-,neutral"
2026-07-21T06:40:00.000-04:00,"2026-7-21 6:40,82.89,82.94,82.71,82.52,0,0,0,1,-,-,neutral"
2026-07-21T06:45:00.000-04:00,"2026-7-21 6:45,83.16,83.02,82.75,82.55,7,1,0,1,-,-,tide_only"
2026-07-21T06:50:00.000-04:00,"2026-7-21 6:50,83.2,83.1,82.78,82.57,7,1,0,1,-,-,tide_only"
2026-07-21T06:55:00.000-04:00,"2026-7-21 6:55,83.27,83.17,82.82,82.6,7,1,1,1,-,-,RIDE_both"
2026-07-21T07:00:00.000-04:00,"2026-7-21 7:00,83.33,83.25,82.86,82.63,7,1,1,1,-,-,RIDE_both"
2026-07-21T07:05:00.000-04:00,"2026-7-21 7:05,83.46,83.35,82.91,82.66,7,1,1,1,-,-,RIDE_both"
2026-07-21T07:10:00.000-04:00,"2026-7-21 7:10,83.49,83.43,82.95,82.69,7,1,1,1,-,-,RIDE_both"
2026-07-21T07:15:00.000-04:00,"2026-7-21 7:15,83.66,83.55,83,82.73,7,1,1,1,-,-,RIDE_both"
2026-07-21T07:20:00.000-04:00,"2026-7-21 7:20,83.63,83.62,83.05,82.77,7,0,1,1,-,-,neutral"
2026-07-21T07:25:00.000-04:00,"2026-7-21 7:25,83.63,83.66,83.1,82.8,0,0,1,1,-,-,neutral"
2026-07-21T07:30:00.000-04:00,"2026-7-21 7:30,83.58,83.67,83.13,82.83,0,0,1,1,-,-,neutral"
2026-07-21T07:35:00.000-04:00,"2026-7-21 7:35,83.72,83.73,83.18,82.87,7,1,1,1,-,-,RIDE_both"
2026-07-21T07:40:00.000-04:00,"2026-7-21 7:40,83.72,83.76,83.22,82.9,7,1,1,1,-,-,RIDE_both"
2026-07-21T07:45:00.000-04:00,"2026-7-21 7:45,83.85,83.83,83.27,82.94,7,1,1,1,-,-,RIDE_both"
2026-07-21T07:50:00.000-04:00,"2026-7-21 7:50,83.91,83.89,83.32,82.97,7,1,1,1,-,-,RIDE_both"
2026-07-21T07:55:00.000-04:00,"2026-7-21 7:55,83.84,83.91,83.36,83.01,0,0,1,1,-,-,neutral"
2026-07-21T08:00:00.000-04:00,"2026-7-21 8:00,83.48,83.79,83.37,83.03,0,0,1,1,-,-,neutral"
2026-07-21T08:05:00.000-04:00,"2026-7-21 8:05,83.49,83.69,83.38,83.05,0,0,1,1,-,-,neutral"
2026-07-21T08:10:00.000-04:00,"2026-7-21 8:10,83.57,83.65,83.39,83.07,0,0,0,1,-,-,neutral"
2026-07-21T08:15:00.000-04:00,"2026-7-21 8:15,83.87,83.73,83.43,83.1,7,1,0,1,-,-,tide_only"
2026-07-21T08:20:00.000-04:00,"2026-7-21 8:20,83.81,83.77,83.46,83.13,7,1,0,1,-,-,tide_only"
2026-07-21T08:25:00.000-04:00,"2026-7-21 8:25,84.1,83.9,83.51,83.16,7,1,1,1,-,-,RIDE_both"
2026-07-21T08:30:00.000-04:00,"2026-7-21 8:30,83.99,83.95,83.54,83.2,7,1,1,1,-,-,RIDE_both"
2026-07-21T08:35:00.000-04:00,"2026-7-21 8:35,83.99,83.98,83.58,83.23,7,1,1,1,-,-,RIDE_both"
2026-07-21T08:40:00.000-04:00,"2026-7-21 8:40,84.11,84.05,83.62,83.26,7,0,0,1,-,-,neutral"
2026-07-21T08:45:00.000-04:00,"2026-7-21 8:45,83.97,84.04,83.65,83.29,0,0,0,1,-,-,neutral"
2026-07-21T08:50:00.000-04:00,"2026-7-21 8:50,84.06,84.07,83.68,83.32,7,1,0,1,-,-,tide_only"
2026-07-21T08:55:00.000-04:00,"2026-7-21 8:55,84.11,84.1,83.71,83.35,7,1,0,1,-,-,tide_only"
2026-07-21T09:00:00.000-04:00,"2026-7-21 9:00,84.42,84.24,83.77,83.39,7,1,0,1,-,-,tide_only"
2026-07-21T09:05:00.000-04:00,"2026-7-21 9:05,84.54,84.38,83.83,83.44,7,1,0,1,-,-,tide_only"
2026-07-21T09:10:00.000-04:00,"2026-7-21 9:10,84.4,84.43,83.87,83.48,7,1,1,1,-,-,RIDE_both"
2026-07-21T09:15:00.000-04:00,"2026-7-21 9:15,84.22,84.39,83.9,83.5,0,0,1,1,-,-,neutral"
2026-07-21T09:20:00.000-04:00,"2026-7-21 9:20,84.46,84.44,83.94,83.54,7,1,1,1,-,-,RIDE_both"
2026-07-21T09:25:00.000-04:00,"2026-7-21 9:25,84.62,84.54,83.99,83.58,7,1,1,1,-,-,RIDE_both"
2026-07-21T09:30:00.000-04:00,"2026-7-21 9:30,84.45,84.54,84.03,83.62,0,0,1,1,-,-,neutral"
2026-07-21T09:35:00.000-04:00,"2026-7-21 9:35,84.6,84.59,84.07,83.66,7,1,1,1,-,-,RIDE_both"
2026-07-21T09:40:00.000-04:00,"2026-7-21 9:40,84.83,84.71,84.13,83.7,7,1,1,1,-,-,RIDE_both"
2026-07-21T09:45:00.000-04:00,"2026-7-21 9:45,84.75,84.77,84.18,83.74,7,1,1,1,-,-,RIDE_both"
2026-07-21T09:50:00.000-04:00,"2026-7-21 9:50,84.45,84.69,84.2,83.77,0,0,1,1,-,-,neutral"
2026-07-21T09:55:00.000-04:00,"2026-7-21 9:55,84.36,84.59,84.21,83.79,0,0,0,1,-,-,neutral"
2026-07-21T10:00:00.000-04:00,"2026-7-21 10:00,84.24,84.47,84.21,83.81,0,0,0,1,-,-,neutral"
2026-07-21T10:05:00.000-04:00,"2026-7-21 10:05,84.49,84.48,84.23,83.84,7,0,0,1,-,-,neutral"
2026-07-21T10:10:00.000-04:00,"2026-7-21 10:10,84.48,84.47,84.25,83.86,0,0,0,1,-,-,neutral"
2026-07-21T10:15:00.000-04:00,"2026-7-21 10:15,84.38,84.43,84.26,83.88,-3,-1,0,1,S,-,FIGHT"
2026-07-21T10:20:00.000-04:00,"2026-7-21 10:20,84.36,84.4,84.27,83.9,-3,-1,0,1,-,-,FIGHT"
2026-07-21T10:25:00.000-04:00,"2026-7-21 10:25,84.63,84.47,84.3,83.93,7,1,0,1,B,-,tide_only"
2026-07-21T10:30:00.000-04:00,"2026-7-21 10:30,84.94,84.64,84.35,83.97,7,1,0,1,-,-,tide_only"
2026-07-21T10:35:00.000-04:00,"2026-7-21 10:35,84.87,84.74,84.39,84.01,7,1,0,1,-,-,tide_only"
2026-07-21T10:40:00.000-04:00,"2026-7-21 10:40,84.55,84.69,84.4,84.03,0,0,0,1,-,-,neutral"
2026-07-21T10:45:00.000-04:00,"2026-7-21 10:45,84.43,84.6,84.4,84.04,-3,-1,0,1,S,-,FIGHT"
2026-07-21T10:50:00.000-04:00,"2026-7-21 10:50,84.38,84.52,84.4,84.06,-3,-1,0,1,-,-,FIGHT"
2026-07-21T10:55:00.000-04:00,"2026-7-21 10:55,84.71,84.58,84.42,84.08,7,1,0,1,B,-,tide_only"
2026-07-21T11:00:00.000-04:00,"2026-7-21 11:00,84.8,84.66,84.45,84.11,7,1,0,1,-,-,tide_only"
2026-07-21T11:05:00.000-04:00,"2026-7-21 11:05,84.57,84.63,84.46,84.13,-3,-1,0,1,S,-,FIGHT"
2026-07-21T11:10:00.000-04:00,"2026-7-21 11:10,84.2,84.47,84.44,84.13,-5,-1,0,1,-,-,FIGHT"
2026-07-21T11:15:00.000-04:00,"2026-7-21 11:15,84.08,84.31,84.41,84.13,-5,-1,0,1,-,-,FIGHT"
2026-07-21T11:20:00.000-04:00,"2026-7-21 11:20,84.4,84.31,84.41,84.14,0,0,0,1,-,-,neutral"
2026-07-21T11:25:00.000-04:00,"2026-7-21 11:25,84.56,84.38,84.42,84.16,0,0,0,1,-,-,neutral"
2026-07-21T11:30:00.000-04:00,"2026-7-21 11:30,84.4,84.37,84.42,84.17,-5,-1,0,1,-,-,FIGHT"
2026-07-21T11:35:00.000-04:00,"2026-7-21 11:35,84.56,84.42,84.43,84.18,0,0,0,1,-,-,neutral"
2026-07-21T11:40:00.000-04:00,"2026-7-21 11:40,84.73,84.52,84.46,84.2,7,1,0,1,B,-,tide_only"
2026-07-21T11:45:00.000-04:00,"2026-7-21 11:45,84.66,84.57,84.47,84.22,7,1,0,1,-,-,tide_only"
2026-07-21T11:50:00.000-04:00,"2026-7-21 11:50,84.59,84.58,84.48,84.24,7,1,0,1,-,-,tide_only"
2026-07-21T11:55:00.000-04:00,"2026-7-21 11:55,84.51,84.56,84.48,84.25,-3,-1,0,0,S,-,FIGHT"
2026-07-21T12:00:00.000-04:00,"2026-7-21 12:00,84.31,84.47,84.47,84.25,-5,-1,0,0,-,-,FIGHT"
2026-07-21T12:05:00.000-04:00,"2026-7-21 12:05,84.21,84.37,84.45,84.25,-5,-1,0,0,-,-,FIGHT"
2026-07-21T12:10:00.000-04:00,"2026-7-21 12:10,84.29,84.32,84.44,84.25,-5,-1,0,0,-,-,FIGHT"
2026-07-21T12:15:00.000-04:00,"2026-7-21 12:15,84.3,84.29,84.43,84.25,-5,-1,0,0,-,-,FIGHT"
2026-07-21T12:20:00.000-04:00,"2026-7-21 12:20,84.24,84.25,84.41,84.25,-5,-1,0,0,-,-,FIGHT"
2026-07-21T12:25:00.000-04:00,"2026-7-21 12:25,84.31,84.25,84.4,84.25,0,0,0,0,-,-,neutral"
2026-07-21T12:30:00.000-04:00,"2026-7-21 12:30,84.26,84.23,84.39,84.25,-3,-1,0,0,-,-,FIGHT"
2026-07-21T12:35:00.000-04:00,"2026-7-21 12:35,84.32,84.25,84.39,84.26,0,0,0,0,-,-,neutral"
2026-07-21T12:40:00.000-04:00,"2026-7-21 12:40,84.46,84.31,84.39,84.26,0,0,0,0,-,-,neutral"
2026-07-21T12:45:00.000-04:00,"2026-7-21 12:45,84.47,84.36,84.4,84.27,0,0,0,0,-,-,neutral"
2026-07-21T12:50:00.000-04:00,"2026-7-21 12:50,84.39,84.37,84.4,84.28,0,0,0,0,-,-,neutral"
2026-07-21T12:55:00.000-04:00,"2026-7-21 12:55,84.39,84.38,84.4,84.28,0,0,-1,0,-,-,neutral"
2026-07-21T13:00:00.000-04:00,"2026-7-21 13:00,84.41,84.39,84.4,84.29,0,0,-1,0,-,-,neutral"
2026-07-21T13:05:00.000-04:00,"2026-7-21 13:05,84.37,84.38,84.4,84.29,0,0,-1,0,-,-,neutral"
2026-07-21T13:10:00.000-04:00,"2026-7-21 13:10,84.08,84.27,84.37,84.28,-5,-1,-1,0,-,-,wave_only"
2026-07-21T13:15:00.000-04:00,"2026-7-21 13:15,84.24,84.25,84.36,84.28,-5,-1,-1,0,-,-,wave_only"
2026-07-21T13:20:00.000-04:00,"2026-7-21 13:20,84.2,84.22,84.35,84.28,-5,-1,-1,0,-,-,wave_only"
2026-07-21T13:25:00.000-04:00,"2026-7-21 13:25,84.2,84.2,84.34,84.27,-5,-1,-1,0,-,-,wave_only"
2026-07-21T13:30:00.000-04:00,"2026-7-21 13:30,84.41,84.27,84.34,84.28,0,0,-1,0,-,-,neutral"
2026-07-21T13:35:00.000-04:00,"2026-7-21 13:35,84.39,84.31,84.35,84.28,0,0,-1,0,-,-,neutral"
2026-07-21T13:40:00.000-04:00,"2026-7-21 13:40,84.43,84.35,84.35,84.29,7,1,1,0,B,-,wave_only"
2026-07-21T13:45:00.000-04:00,"2026-7-21 13:45,84.33,84.35,84.35,84.29,0,0,1,0,-,-,neutral"
2026-07-21T13:50:00.000-04:00,"2026-7-21 13:50,84.42,84.38,84.36,84.3,7,1,1,0,-,-,wave_only"
2026-07-21T13:55:00.000-04:00,"2026-7-21 13:55,84.36,84.38,84.36,84.3,0,0,1,0,-,-,neutral"
2026-07-21T14:00:00.000-04:00,"2026-7-21 14:00,84.21,84.32,84.35,84.29,-5,-1,1,0,S,-,FIGHT"
2026-07-21T14:05:00.000-04:00,"2026-7-21 14:05,84.07,84.23,84.32,84.29,-5,-1,1,0,-,-,FIGHT"
2026-07-21T14:10:00.000-04:00,"2026-7-21 14:10,84.21,84.21,84.32,84.28,-5,-1,-1,0,-,-,wave_only"
2026-07-21T14:15:00.000-04:00,"2026-7-21 14:15,84.29,84.23,84.31,84.28,0,0,-1,0,-,-,neutral"
2026-07-21T14:20:00.000-04:00,"2026-7-21 14:20,84.26,84.24,84.31,84.28,0,0,-1,0,-,-,neutral"
2026-07-21T14:25:00.000-04:00,"2026-7-21 14:25,84.37,84.28,84.31,84.29,0,0,1,0,-,-,neutral"
2026-07-21T14:30:00.000-04:00,"2026-7-21 14:30,84.39,84.32,84.32,84.29,7,1,1,0,B,-,wave_only"
2026-07-21T14:35:00.000-04:00,"2026-7-21 14:35,84.27,84.31,84.32,84.29,-5,-1,1,0,S,-,FIGHT"
2026-07-21T14:40:00.000-04:00,"2026-7-21 14:40,84.13,84.24,84.3,84.28,-5,-1,-1,0,-,-,wave_only"
2026-07-21T14:45:00.000-04:00,"2026-7-21 14:45,84.36,84.28,84.31,84.29,0,0,-1,0,-,-,neutral"
2026-07-21T14:50:00.000-04:00,"2026-7-21 14:50,84.46,84.35,84.32,84.29,7,1,-1,0,B,-,FIGHT"
2026-07-21T14:55:00.000-04:00,"2026-7-21 14:55,84.52,84.42,84.33,84.3,7,1,1,0,-,-,wave_only"
2026-07-21T15:00:00.000-04:00,"2026-7-21 15:00,84.49,84.46,84.35,84.31,7,1,1,0,-,-,wave_only"
2026-07-21T15:05:00.000-04:00,"2026-7-21 15:05,84.56,84.51,84.36,84.32,7,1,1,0,-,-,wave_only"
2026-07-21T15:10:00.000-04:00,"2026-7-21 15:10,84.64,84.58,84.38,84.33,7,1,1,0,-,-,wave_only"
2026-07-21T15:15:00.000-04:00,"2026-7-21 15:15,84.62,84.62,84.4,84.34,5,1,1,0,-,-,wave_only"
2026-07-21T15:20:00.000-04:00,"2026-7-21 15:20,84.56,84.62,84.41,84.35,0,0,1,0,-,-,neutral"
2026-07-21T15:25:00.000-04:00,"2026-7-21 15:25,84.63,84.65,84.43,84.36,3,1,1,0,-,-,wave_only"
2026-07-21T15:30:00.000-04:00,"2026-7-21 15:30,84.55,84.63,84.44,84.37,0,0,1,0,-,-,neutral"
2026-07-21T15:35:00.000-04:00,"2026-7-21 15:35,84.72,84.69,84.46,84.38,7,1,1,0,-,-,wave_only"
2026-07-21T15:40:00.000-04:00,"2026-7-21 15:40,84.66,84.7,84.48,84.39,0,0,1,0,-,-,neutral"
2026-07-21T15:45:00.000-04:00,"2026-7-21 15:45,84.68,84.71,84.49,84.41,0,0,1,0,-,-,neutral"
2026-07-21T15:50:00.000-04:00,"2026-7-21 15:50,84.66,84.71,84.51,84.42,0,0,1,0,-,-,neutral"
2026-07-21T15:55:00.000-04:00,"2026-7-21 15:55,84.67,84.71,84.52,84.43,0,0,1,0,-,-,neutral"
2026-07-21T16:00:00.000-04:00,"2026-7-21 16:00,84.58,84.68,84.52,84.43,0,0,1,0,-,-,neutral"
2026-07-21T16:05:00.000-04:00,"2026-7-21 16:05,84.55,84.64,84.52,84.44,0,0,1,0,-,-,neutral"
2026-07-21T16:10:00.000-04:00,"2026-7-21 16:10,84.51,84.6,84.52,84.44,0,0,0,0,-,-,neutral"
2026-07-21T16:15:00.000-04:00,"2026-7-21 16:15,84.48,84.55,84.52,84.44,-3,-1,0,0,S,-,FIGHT"
2026-07-21T16:20:00.000-04:00,"2026-7-21 16:20,84.54,84.54,84.52,84.44,-3,0,0,0,-,-,neutral"
2026-07-21T16:25:00.000-04:00,"2026-7-21 16:25,84.51,84.52,84.52,84.45,-5,0,0,0,-,-,neutral"
2026-07-21T16:30:00.000-04:00,"2026-7-21 16:30,84.43,84.48,84.51,84.45,-5,-1,0,0,-,-,FIGHT"
2026-07-21T16:35:00.000-04:00,"2026-7-21 16:35,84.4,84.44,84.51,84.44,-5,-1,0,0,-,-,FIGHT"
2026-07-21T16:40:00.000-04:00,"2026-7-21 16:40,84.36,84.39,84.49,84.44,-5,-1,-1,0,-,-,wave_only"
2026-07-21T16:45:00.000-04:00,"2026-7-21 16:45,84.44,84.39,84.49,84.44,0,0,-1,0,-,-,neutral"
2026-07-21T16:50:00.000-04:00,"2026-7-21 16:50,84.52,84.42,84.49,84.44,0,0,-1,0,-,-,neutral"
2026-07-21T16:55:00.000-04:00,"2026-7-21 16:55,84.56,84.46,84.5,84.45,0,0,0,0,-,-,neutral"
2026-07-21T18:00:00.000-04:00,"2026-7-21 18:00,84.61,84.51,84.51,84.46,7,1,0,0,B,-,FIGHT"
2026-07-21T18:05:00.000-04:00,"2026-7-21 18:05,84.64,84.56,84.52,84.46,7,1,0,0,-,-,FIGHT"
2026-07-21T18:10:00.000-04:00,"2026-7-21 18:10,84.63,84.59,84.53,84.47,7,1,1,0,-,-,wave_only"
2026-07-21T18:15:00.000-04:00,"2026-7-21 18:15,84.61,84.6,84.53,84.47,7,1,1,0,-,-,wave_only"
2026-07-21T18:20:00.000-04:00,"2026-7-21 18:20,84.67,84.63,84.54,84.48,7,1,1,0,-,-,wave_only"
2026-07-21T18:25:00.000-04:00,"2026-7-21 18:25,84.65,84.65,84.55,84.49,7,1,1,0,-,-,wave_only"
2026-07-21T18:30:00.000-04:00,"2026-7-21 18:30,84.67,84.67,84.56,84.5,7,0,1,0,-,-,neutral"
2026-07-21T18:35:00.000-04:00,"2026-7-21 18:35,84.73,84.7,84.57,84.5,7,1,1,0,-,-,wave_only"
2026-07-21T18:40:00.000-04:00,"2026-7-21 18:40,84.73,84.72,84.58,84.51,7,1,1,0,-,-,wave_only"
2026-07-21T18:45:00.000-04:00,"2026-7-21 18:45,84.74,84.74,84.6,84.52,7,1,1,0,-,-,wave_only"
2026-07-21T18:50:00.000-04:00,"2026-7-21 18:50,84.71,84.74,84.61,84.53,0,0,1,0,-,-,neutral"
2026-07-21T18:55:00.000-04:00,"2026-7-21 18:55,84.72,84.75,84.61,84.54,0,0,1,0,-,-,neutral"
2026-07-21T19:00:00.000-04:00,"2026-7-21 19:00,84.69,84.74,84.62,84.54,0,0,1,0,-,-,neutral"
2026-07-21T19:05:00.000-04:00,"2026-7-21 19:05,84.68,84.72,84.62,84.55,0,0,1,0,-,-,neutral"
2026-07-21T19:10:00.000-04:00,"2026-7-21 19:10,84.72,84.73,84.63,84.56,7,0,1,0,-,-,neutral"
2026-07-21T19:15:00.000-04:00,"2026-7-21 19:15,84.68,84.72,84.64,84.56,0,0,1,0,-,-,neutral"
2026-07-21T19:20:00.000-04:00,"2026-7-21 19:20,84.65,84.7,84.64,84.56,0,0,1,0,-,-,neutral"
2026-07-21T19:25:00.000-04:00,"2026-7-21 19:25,84.68,84.69,84.64,84.57,0,0,0,0,-,-,neutral"
2026-07-21T19:30:00.000-04:00,"2026-7-21 19:30,84.71,84.7,84.65,84.57,7,1,0,0,-,-,FIGHT"
2026-07-21T19:35:00.000-04:00,"2026-7-21 19:35,84.79,84.73,84.66,84.58,7,1,0,0,-,-,FIGHT"
2026-07-21T19:40:00.000-04:00,"2026-7-21 19:40,84.84,84.78,84.67,84.59,7,1,1,0,-,-,wave_only"
2026-07-21T19:45:00.000-04:00,"2026-7-21 19:45,84.89,84.83,84.69,84.6,7,1,1,0,-,-,wave_only"
2026-07-21T19:50:00.000-04:00,"2026-7-21 19:50,84.81,84.83,84.7,84.61,0,0,1,0,-,-,neutral"
2026-07-21T19:55:00.000-04:00,"2026-7-21 19:55,84.79,84.83,84.7,84.62,0,0,1,0,-,-,neutral"
2026-07-21T20:00:00.000-04:00,"2026-7-21 20:00,84.65,84.77,84.7,84.62,0,0,1,0,-,-,neutral"
2026-07-21T20:05:00.000-04:00,"2026-7-21 20:05,84.7,84.75,84.7,84.62,0,0,1,0,-,-,neutral"
2026-07-21T20:10:00.000-04:00,"2026-7-21 20:10,84.69,84.72,84.7,84.63,-3,-1,0,0,S,-,FIGHT"
2026-07-21T20:15:00.000-04:00,"2026-7-21 20:15,84.66,84.7,84.7,84.63,-5,-1,0,0,-,-,FIGHT"
2026-07-21T20:20:00.000-04:00,"2026-7-21 20:20,84.73,84.7,84.7,84.63,0,0,0,0,-,-,neutral"
2026-07-21T20:25:00.000-04:00,"2026-7-21 20:25,84.71,84.7,84.7,84.63,0,0,0,0,-,-,neutral"
2026-07-21T20:30:00.000-04:00,"2026-7-21 20:30,84.7,84.7,84.7,84.64,-5,-1,0,0,-,-,FIGHT"
2026-07-21T20:35:00.000-04:00,"2026-7-21 20:35,84.6,84.66,84.69,84.64,-5,-1,0,0,-,-,FIGHT"
2026-07-21T20:40:00.000-04:00,"2026-7-21 20:40,84.69,84.66,84.69,84.64,0,0,0,0,-,-,neutral"
2026-07-21T20:45:00.000-04:00,"2026-7-21 20:45,84.63,84.64,84.69,84.64,-5,-1,0,0,-,-,FIGHT"
2026-07-21T20:50:00.000-04:00,"2026-7-21 20:50,84.69,84.65,84.69,84.64,0,0,0,0,-,-,neutral"
2026-07-21T20:55:00.000-04:00,"2026-7-21 20:55,84.65,84.64,84.68,84.64,-5,-1,-1,0,-,-,wave_only"
2026-07-21T21:00:00.000-04:00,"2026-7-21 21:00,85.12,84.81,84.72,84.66,7,1,-1,0,B,-,FIGHT"
2026-07-21T21:05:00.000-04:00,"2026-7-21 21:05,85.01,84.9,84.74,84.67,7,1,-1,0,-,-,FIGHT"
2026-07-21T21:10:00.000-04:00,"2026-7-21 21:10,85.26,85.05,84.78,84.7,7,1,1,0,-,-,wave_only"
2026-07-21T21:15:00.000-04:00,"2026-7-21 21:15,85.2,85.14,84.81,84.72,7,1,1,0,-,-,wave_only"
2026-07-21T21:20:00.000-04:00,"2026-7-21 21:20,85.71,85.38,84.88,84.75,7,1,1,0,-,-,wave_only"
2026-07-21T21:25:00.000-04:00,"2026-7-21 21:25,85.47,85.47,84.93,84.78,7,1,1,0,-,-,wave_only"
2026-07-21T21:30:00.000-04:00,"2026-7-21 21:30,85.56,85.56,84.98,84.81,7,1,1,0,-,-,wave_only"
2026-07-21T21:35:00.000-04:00,"2026-7-21 21:35,85.59,85.64,85.02,84.84,7,1,1,0,-,-,wave_only"
2026-07-21T21:40:00.000-04:00,"2026-7-21 21:40,85.64,85.7,85.07,84.87,7,1,1,0,-,-,wave_only"
2026-07-21T21:45:00.000-04:00,"2026-7-21 21:45,85.52,85.69,85.1,84.9,0,0,1,0,-,-,neutral"
2026-07-21T21:50:00.000-04:00,"2026-7-21 21:50,85.66,85.73,85.15,84.93,0,0,1,0,-,-,neutral"
2026-07-21T21:55:00.000-04:00,"2026-7-21 21:55,85.58,85.73,85.18,84.96,0,0,1,1,-,-,neutral"
2026-07-21T22:00:00.000-04:00,"2026-7-21 22:00,85.55,85.7,85.21,84.98,0,0,1,1,-,-,neutral"
2026-07-21T22:05:00.000-04:00,"2026-7-21 22:05,85.45,85.65,85.23,85,0,0,1,1,-,-,neutral"
2026-07-21T22:10:00.000-04:00,"2026-7-21 22:10,85.26,85.53,85.23,85.01,0,0,0,1,-,-,neutral"
2026-07-21T22:15:00.000-04:00,"2026-7-21 22:15,85.22,85.42,85.23,85.02,0,0,0,1,-,-,neutral"
2026-07-21T22:20:00.000-04:00,"2026-7-21 22:20,85.23,85.35,85.23,85.02,-3,-1,0,1,S,-,FIGHT"
2026-07-21T22:25:00.000-04:00,"2026-7-21 22:25,85.28,85.31,85.23,85.03,-3,-1,0,1,-,-,FIGHT"
2026-07-21T22:30:00.000-04:00,"2026-7-21 22:30,85.16,85.24,85.23,85.04,-5,-1,0,1,-,-,FIGHT"
2026-07-21T22:35:00.000-04:00,"2026-7-21 22:35,85.12,85.17,85.22,85.04,-5,-1,0,1,-,-,FIGHT"
2026-07-21T22:40:00.000-04:00,"2026-7-21 22:40,85.03,85.09,85.2,85.04,-5,-1,0,1,-,-,FIGHT"
2026-07-21T22:45:00.000-04:00,"2026-7-21 22:45,85.18,85.09,85.2,85.05,0,0,0,1,-,-,neutral"
2026-07-21T22:50:00.000-04:00,"2026-7-21 22:50,85.19,85.1,85.2,85.05,0,0,0,1,-,-,neutral"
2026-07-21T22:55:00.000-04:00,"2026-7-21 22:55,85.07,85.06,85.19,85.05,-5,-1,0,0,-,-,FIGHT"
2026-07-21T23:00:00.000-04:00,"2026-7-21 23:00,85.15,85.07,85.19,85.06,0,0,0,0,-,-,neutral"
2026-07-21T23:05:00.000-04:00,"2026-7-21 23:05,85.22,85.1,85.19,85.06,0,0,0,0,-,-,neutral"
2026-07-21T23:10:00.000-04:00,"2026-7-21 23:10,85.24,85.13,85.19,85.07,0,0,0,0,-,-,neutral"
2026-07-21T23:15:00.000-04:00,"2026-7-21 23:15,85.25,85.16,85.2,85.08,0,0,0,0,-,-,neutral"
2026-07-21T23:20:00.000-04:00,"2026-7-21 23:20,85.19,85.16,85.2,85.08,0,0,0,0,-,-,neutral"
2026-07-21T23:25:00.000-04:00,"2026-7-21 23:25,85.18,85.16,85.2,85.09,0,0,0,0,-,-,neutral"
2026-07-21T23:30:00.000-04:00,"2026-7-21 23:30,85.2,85.17,85.2,85.09,0,0,0,0,-,-,neutral"
2026-07-21T23:35:00.000-04:00,"2026-7-21 23:35,85.22,85.18,85.2,85.1,0,0,0,0,-,-,neutral"
2026-07-21T23:40:00.000-04:00,"2026-7-21 23:40,85.19,85.18,85.2,85.1,0,0,0,0,-,-,neutral"
2026-07-21T23:45:00.000-04:00,"2026-7-21 23:45,85.27,85.21,85.2,85.11,0,0,0,0,-,-,neutral"
2026-07-21T23:50:00.000-04:00,"2026-7-21 23:50,85.29,85.24,85.21,85.11,7,1,0,0,B,-,FIGHT"
2026-07-21T23:55:00.000-04:00,"2026-7-21 23:55,85.35,85.28,85.22,85.12,7,1,1,1,-,-,RIDE_both"
2026-07-22T00:00:00.000-04:00,"2026-7-22 0:00,85.27,85.28,85.22,85.13,7,1,1,1,-,-,RIDE_both"
2026-07-22T00:05:00.000-04:00,"2026-7-22 0:05,85.26,85.28,85.23,85.13,0,0,1,1,-,-,neutral"
2026-07-22T00:10:00.000-04:00,"2026-7-22 0:10,85.38,85.32,85.24,85.14,7,1,1,1,-,-,RIDE_both"
2026-07-22T00:15:00.000-04:00,"2026-7-22 0:15,85.4,85.36,85.25,85.15,7,1,1,1,-,-,RIDE_both"
2026-07-22T00:20:00.000-04:00,"2026-7-22 0:20,85.37,85.37,85.26,85.16,7,1,1,1,-,-,RIDE_both"
2026-07-22T00:25:00.000-04:00,"2026-7-22 0:25,85.27,85.35,85.26,85.17,0,0,0,1,-,-,neutral"
2026-07-22T00:30:00.000-04:00,"2026-7-22 0:30,85.36,85.36,85.27,85.17,3,1,0,1,-,-,tide_only"
2026-07-22T00:35:00.000-04:00,"2026-7-22 0:35,85.38,85.37,85.28,85.18,7,1,0,1,-,-,tide_only"
2026-07-22T00:40:00.000-04:00,"2026-7-22 0:40,85.39,85.39,85.29,85.19,7,1,1,1,-,-,RIDE_both"
2026-07-22T00:45:00.000-04:00,"2026-7-22 0:45,85.37,85.39,85.29,85.2,7,0,1,1,-,-,neutral"
2026-07-22T00:50:00.000-04:00,"2026-7-22 0:50,85.4,85.4,85.3,85.2,7,1,1,1,-,-,RIDE_both"
2026-07-22T00:55:00.000-04:00,"2026-7-22 0:55,85.43,85.42,85.31,85.21,7,1,1,1,-,-,RIDE_both"
2026-07-22T01:00:00.000-04:00,"2026-7-22 1:00,85.43,85.43,85.32,85.22,7,1,1,1,-,-,RIDE_both"
2026-07-22T01:05:00.000-04:00,"2026-7-22 1:05,85.45,85.45,85.33,85.23,7,1,1,1,-,-,RIDE_both"
2026-07-22T01:10:00.000-04:00,"2026-7-22 1:10,85.52,85.48,85.34,85.24,7,1,1,1,-,-,RIDE_both"
2026-07-22T01:15:00.000-04:00,"2026-7-22 1:15,85.52,85.51,85.36,85.25,7,1,1,1,-,-,RIDE_both"
2026-07-22T01:20:00.000-04:00,"2026-7-22 1:20,85.41,85.48,85.36,85.26,0,0,1,1,-,-,neutral"
2026-07-22T01:25:00.000-04:00,"2026-7-22 1:25,85.39,85.46,85.36,85.26,0,0,0,1,-,-,neutral"
2026-07-22T01:30:00.000-04:00,"2026-7-22 1:30,85.33,85.42,85.36,85.27,0,0,0,1,-,-,neutral"
2026-07-22T01:35:00.000-04:00,"2026-7-22 1:35,85.2,85.34,85.35,85.26,-5,-1,0,1,S,-,FIGHT"
2026-07-22T01:40:00.000-04:00,"2026-7-22 1:40,85.13,85.25,85.33,85.26,-5,-1,0,1,-,-,FIGHT"
2026-07-22T01:45:00.000-04:00,"2026-7-22 1:45,85.15,85.2,85.32,85.25,-5,-1,0,1,-,-,FIGHT"
2026-07-22T01:50:00.000-04:00,"2026-7-22 1:50,85.08,85.13,85.3,85.25,-5,-1,0,1,-,-,FIGHT"
2026-07-22T01:55:00.000-04:00,"2026-7-22 1:55,85.15,85.12,85.29,85.24,-5,-1,-1,0,-,-,wave_only"
2026-07-22T02:00:00.000-04:00,"2026-7-22 2:00,85.29,85.16,85.29,85.25,0,0,-1,0,-,-,neutral"
2026-07-22T02:05:00.000-04:00,"2026-7-22 2:05,85.33,85.2,85.29,85.25,0,0,-1,0,-,-,neutral"
2026-07-22T02:10:00.000-04:00,"2026-7-22 2:10,85.23,85.2,85.29,85.25,0,0,-1,0,-,-,neutral"
2026-07-22T02:15:00.000-04:00,"2026-7-22 2:15,85.79,85.41,85.33,85.27,7,1,-1,0,B,-,FIGHT"
2026-07-22T02:20:00.000-04:00,"2026-7-22 2:20,86.05,85.66,85.38,85.3,7,1,-1,0,-,-,FIGHT"
2026-07-22T02:25:00.000-04:00,"2026-7-22 2:25,86.03,85.83,85.43,85.33,7,1,1,0,-,-,wave_only"
2026-07-22T02:30:00.000-04:00,"2026-7-22 2:30,85.98,85.94,85.47,85.35,7,1,1,0,-,-,wave_only"
2026-07-22T02:35:00.000-04:00,"2026-7-22 2:35,86.06,86.04,85.52,85.38,7,1,1,0,-,-,wave_only"
2026-07-22T02:40:00.000-04:00,"2026-7-22 2:40,86.01,86.08,85.56,85.41,3,1,1,0,-,-,wave_only"
2026-07-22T02:45:00.000-04:00,"2026-7-22 2:45,86.31,86.22,85.61,85.44,7,1,1,0,-,-,wave_only"
2026-07-22T02:50:00.000-04:00,"2026-7-22 2:50,86.23,86.29,85.66,85.47,7,1,1,0,-,-,wave_only"
2026-07-22T02:55:00.000-04:00,"2026-7-22 2:55,86.11,86.29,85.7,85.5,0,0,1,1,-,-,neutral"
2026-07-22T03:00:00.000-04:00,"2026-7-22 3:00,86.5,86.42,85.76,85.54,7,1,1,1,-,-,RIDE_both"
2026-07-22T03:05:00.000-04:00,"2026-7-22 3:05,86.66,86.57,85.83,85.58,7,1,1,1,-,-,RIDE_both"
2026-07-22T03:10:00.000-04:00,"2026-7-22 3:10,86.47,86.6,85.88,85.62,0,0,1,1,-,-,neutral"
2026-07-22T03:15:00.000-04:00,"2026-7-22 3:15,86.54,86.64,85.93,85.65,7,0,1,1,-,-,neutral"
2026-07-22T03:20:00.000-04:00,"2026-7-22 3:20,86.58,86.68,85.98,85.69,0,0,1,1,-,-,neutral"
2026-07-22T03:25:00.000-04:00,"2026-7-22 3:25,86.75,86.76,86.04,85.73,7,1,1,1,-,-,RIDE_both"
2026-07-22T03:30:00.000-04:00,"2026-7-22 3:30,86.97,86.9,86.11,85.78,7,1,1,1,-,-,RIDE_both"
2026-07-22T03:35:00.000-04:00,"2026-7-22 3:35,87.7,87.26,86.23,85.85,7,1,1,1,-,-,RIDE_both"
2026-07-22T03:40:00.000-04:00,"2026-7-22 3:40,87.53,87.45,86.33,85.92,7,1,1,1,-,-,RIDE_both"
2026-07-22T03:45:00.000-04:00,"2026-7-22 3:45,87.8,87.68,86.44,85.99,7,1,1,1,-,-,RIDE_both"
2026-07-22T03:50:00.000-04:00,"2026-7-22 3:50,87.58,87.75,86.53,86.06,7,1,1,1,-,-,RIDE_both"
2026-07-22T03:55:00.000-04:00,"2026-7-22 3:55,87.7,87.83,86.62,86.12,7,1,1,1,-,-,RIDE_both"
2026-07-22T04:00:00.000-04:00,"2026-7-22 4:00,87.28,87.73,86.67,86.17,0,0,1,1,-,-,neutral"
2026-07-22T04:05:00.000-04:00,"2026-7-22 4:05,87.23,87.62,86.72,86.21,0,0,1,1,-,-,neutral"
2026-07-22T04:10:00.000-04:00,"2026-7-22 4:10,87.4,87.59,86.77,86.25,0,0,1,1,-,-,neutral"
2026-07-22T04:15:00.000-04:00,"2026-7-22 4:15,87.28,87.52,86.81,86.29,0,0,1,1,-,-,neutral"
2026-07-22T04:20:00.000-04:00,"2026-7-22 4:20,87.27,87.45,86.84,86.33,0,0,1,1,-,-,neutral"
2026-07-22T04:25:00.000-04:00,"2026-7-22 4:25,87.37,87.44,86.88,86.37,0,0,1,1,-,-,neutral"
2026-07-22T04:30:00.000-04:00,"2026-7-22 4:30,87.31,87.4,86.92,86.41,0,0,1,1,-,-,neutral"
2026-07-22T04:35:00.000-04:00,"2026-7-22 4:35,87.43,87.42,86.96,86.45,3,1,1,1,-,-,RIDE_both"
2026-07-22T04:40:00.000-04:00,"2026-7-22 4:40,87.6,87.49,87.01,86.5,7,1,1,1,-,-,RIDE_both"
2026-07-22T04:45:00.000-04:00,"2026-7-22 4:45,87.65,87.55,87.05,86.54,7,1,1,1,-,-,RIDE_both"
2026-07-22T04:50:00.000-04:00,"2026-7-22 4:50,87.65,87.6,87.1,86.58,7,1,1,1,-,-,RIDE_both"
2026-07-22T04:55:00.000-04:00,"2026-7-22 4:55,87.62,87.62,87.14,86.62,3,1,0,1,-,-,tide_only"
2026-07-22T05:00:00.000-04:00,"2026-7-22 5:00,87.49,87.58,87.17,86.66,0,0,0,1,-,-,neutral"
2026-07-22T05:05:00.000-04:00,"2026-7-22 5:05,87.73,87.64,87.21,86.7,7,1,0,1,-,-,tide_only"
2026-07-22T05:10:00.000-04:00,"2026-7-22 5:10,87.89,87.74,87.26,86.75,7,1,1,1,-,-,RIDE_both"
2026-07-22T05:15:00.000-04:00,"2026-7-22 5:15,88,87.85,87.32,86.8,7,1,1,1,-,-,RIDE_both"
2026-07-22T05:20:00.000-04:00,"2026-7-22 5:20,87.87,87.88,87.36,86.84,7,1,1,1,-,-,RIDE_both"
2026-07-22T05:25:00.000-04:00,"2026-7-22 5:25,88.01,87.95,87.41,86.88,7,1,1,1,-,-,RIDE_both"
2026-07-22T05:30:00.000-04:00,"2026-7-22 5:30,88.17,88.06,87.47,86.93,7,1,1,1,-,-,RIDE_both"
2026-07-22T05:35:00.000-04:00,"2026-7-22 5:35,88,88.07,87.51,86.98,7,1,1,1,-,-,RIDE_both"
2026-07-22T05:40:00.000-04:00,"2026-7-22 5:40,88,88.07,87.55,87.02,7,1,0,1,-,-,tide_only"
2026-07-22T05:45:00.000-04:00,"2026-7-22 5:45,88.2,88.14,87.6,87.06,7,1,0,1,-,-,tide_only"
2026-07-22T05:50:00.000-04:00,"2026-7-22 5:50,88.53,88.31,87.67,87.12,7,1,0,1,-,-,tide_only"
2026-07-22T05:55:00.000-04:00,"2026-7-22 5:55,88.43,88.4,87.73,87.17,7,1,1,1,-,-,RIDE_both"
2026-07-22T06:00:00.000-04:00,"2026-7-22 6:00,88.17,88.35,87.76,87.21,0,0,1,1,-,-,neutral"
2026-07-22T06:05:00.000-04:00,"2026-7-22 6:05,88.08,88.28,87.79,87.25,0,0,1,1,-,-,neutral"
2026-07-22T06:10:00.000-04:00,"2026-7-22 6:10,87.84,88.14,87.79,87.27,0,0,0,1,-,-,neutral"
2026-07-22T06:15:00.000-04:00,"2026-7-22 6:15,87.55,87.92,87.77,87.28,-3,-1,0,1,S,-,FIGHT"
2026-07-22T06:20:00.000-04:00,"2026-7-22 6:20,87.15,87.62,87.72,87.27,-5,-1,0,1,-,-,FIGHT"
2026-07-22T06:25:00.000-04:00,"2026-7-22 6:25,87,87.34,87.67,87.26,-5,-1,0,1,-,-,FIGHT"
2026-07-22T06:30:00.000-04:00,"2026-7-22 6:30,87.14,87.19,87.63,87.26,-5,-1,0,1,-,-,FIGHT"
2026-07-22T06:35:00.000-04:00,"2026-7-22 6:35,87.21,87.11,87.6,87.26,-5,-1,0,1,-,-,FIGHT"
2026-07-22T06:40:00.000-04:00,"2026-7-22 6:40,87.34,87.12,87.58,87.26,0,0,0,1,-,-,neutral"
2026-07-22T06:45:00.000-04:00,"2026-7-22 6:45,87.15,87.06,87.54,87.26,-5,-1,0,1,-,-,FIGHT"
2026-07-22T06:50:00.000-04:00,"2026-7-22 6:50,87.12,87.01,87.51,87.25,-5,-1,0,1,-,-,FIGHT"
2026-07-22T06:55:00.000-04:00,"2026-7-22 6:55,87.18,87,87.49,87.25,0,0,0,0,-,-,neutral"
2026-07-22T07:00:00.000-04:00,"2026-7-22 7:00,87.39,87.08,87.48,87.25,0,0,0,0,-,-,neutral"
2026-07-22T07:05:00.000-04:00,"2026-7-22 7:05,87.22,87.09,87.46,87.25,0,0,0,0,-,-,neutral"
2026-07-22T07:10:00.000-04:00,"2026-7-22 7:10,87.24,87.1,87.44,87.25,0,0,0,0,-,-,neutral"
2026-07-22T07:15:00.000-04:00,"2026-7-22 7:15,87.45,87.2,87.44,87.26,0,0,0,0,-,-,neutral"
2026-07-22T07:20:00.000-04:00,"2026-7-22 7:20,87.35,87.23,87.44,87.26,0,0,0,0,-,-,neutral"
2026-07-22T07:25:00.000-04:00,"2026-7-22 7:25,87.4,87.28,87.43,87.27,0,0,0,0,-,-,neutral"
2026-07-22T07:30:00.000-04:00,"2026-7-22 7:30,87.15,87.22,87.41,87.26,-5,-1,0,0,-,-,FIGHT"
2026-07-22T07:35:00.000-04:00,"2026-7-22 7:35,87.32,87.25,87.4,87.27,0,0,0,0,-,-,neutral"
2026-07-22T07:40:00.000-04:00,"2026-7-22 7:40,87.65,87.39,87.42,87.28,0,0,1,0,-,-,neutral"
2026-07-22T07:45:00.000-04:00,"2026-7-22 7:45,87.29,87.36,87.41,87.28,-5,-1,1,0,-,-,FIGHT"
2026-07-22T07:50:00.000-04:00,"2026-7-22 7:50,87.27,87.33,87.4,87.28,-5,-1,1,0,-,-,FIGHT"
2026-07-22T07:55:00.000-04:00,"2026-7-22 7:55,87.34,87.34,87.4,87.28,0,0,-1,0,-,-,neutral"
2026-07-22T08:00:00.000-04:00,"2026-7-22 8:00,87.48,87.39,87.4,87.29,7,0,-1,0,-,-,neutral"
2026-07-22T08:05:00.000-04:00,"2026-7-22 8:05,87.19,87.33,87.39,87.29,-5,-1,-1,0,-,-,wave_only"
2026-07-22T08:10:00.000-04:00,"2026-7-22 8:10,87.01,87.21,87.36,87.28,-5,-1,-1,0,-,-,wave_only"
2026-07-22T08:15:00.000-04:00,"2026-7-22 8:15,87.03,87.13,87.33,87.27,-5,-1,-1,0,-,-,wave_only"
2026-07-22T08:20:00.000-04:00,"2026-7-22 8:20,87.04,87.08,87.31,87.26,-5,-1,-1,0,-,-,wave_only"
2026-07-22T08:25:00.000-04:00,"2026-7-22 8:25,86.77,86.95,87.27,87.24,-5,-1,-1,0,-,-,wave_only"
2026-07-22T08:30:00.000-04:00,"2026-7-22 8:30,86.73,86.84,87.23,87.22,-7,-1,-1,0,-,-,wave_only"
2026-07-22T08:35:00.000-04:00,"2026-7-22 8:35,86.63,86.72,87.18,87.2,-5,-1,-1,0,-,-,wave_only"
2026-07-22T08:40:00.000-04:00,"2026-7-22 8:40,86.73,86.68,87.15,87.18,-5,0,-1,0,-,-,neutral"
2026-07-22T08:45:00.000-04:00,"2026-7-22 8:45,87.05,86.78,87.14,87.17,0,0,-1,0,-,-,neutral"
2026-07-22T08:50:00.000-04:00,"2026-7-22 8:50,86.74,86.73,87.11,87.16,-5,0,-1,0,-,-,neutral"
2026-07-22T08:55:00.000-04:00,"2026-7-22 8:55,87.22,86.89,87.12,87.16,0,0,0,0,-,-,neutral"
2026-07-22T09:00:00.000-04:00,"2026-7-22 9:00,87.16,86.98,87.12,87.16,0,0,0,0,-,-,neutral"
2026-07-22T09:05:00.000-04:00,"2026-7-22 9:05,87.28,87.09,87.13,87.16,3,0,0,0,-,-,neutral"
2026-07-22T09:10:00.000-04:00,"2026-7-22 9:10,87.05,87.09,87.13,87.16,0,0,0,0,-,-,neutral"
2026-07-22T09:15:00.000-04:00,"2026-7-22 9:15,86.29,86.8,87.06,87.12,-7,-1,0,0,-,-,FIGHT"
2026-07-22T09:20:00.000-04:00,"2026-7-22 9:20,86.23,86.58,87,87.09,-7,-1,0,0,-,-,FIGHT"
2026-07-22T09:25:00.000-04:00,"2026-7-22 9:25,86.35,86.45,86.95,87.06,-7,-1,-1,0,-,-,wave_only"
2026-07-22T09:30:00.000-04:00,"2026-7-22 9:30,86.19,86.31,86.89,87.03,-7,-1,-1,0,-,-,wave_only"
2026-07-22T09:35:00.000-04:00,"2026-7-22 9:35,86.32,86.26,86.85,87,0,0,-1,0,-,-,neutral"
2026-07-22T09:40:00.000-04:00,"2026-7-22 9:40,86.84,86.42,86.85,86.99,0,0,0,0,-,-,neutral"
2026-07-22T09:45:00.000-04:00,"2026-7-22 9:45,86.57,86.45,86.82,86.98,0,0,0,0,-,-,neutral"
2026-07-22T09:50:00.000-04:00,"2026-7-22 9:50,86.61,86.49,86.81,86.96,0,0,0,0,-,-,neutral"
2026-07-22T09:55:00.000-04:00,"2026-7-22 9:55,86.95,86.64,86.82,86.96,3,0,0,0,-,-,neutral"
2026-07-22T10:00:00.000-04:00,"2026-7-22 10:00,86.77,86.69,86.81,86.95,3,0,0,0,-,-,neutral"
2026-07-22T10:05:00.000-04:00,"2026-7-22 10:05,86.76,86.73,86.81,86.95,3,0,0,0,-,-,neutral"
2026-07-22T10:10:00.000-04:00,"2026-7-22 10:10,87.11,86.88,86.83,86.95,5,1,0,0,B,-,FIGHT"
2026-07-22T10:15:00.000-04:00,"2026-7-22 10:15,86.93,86.92,86.84,86.95,5,1,0,0,-,-,FIGHT"
2026-07-22T10:20:00.000-04:00,"2026-7-22 10:20,87.01,86.98,86.85,86.95,5,1,0,0,-,-,FIGHT"
2026-07-22T10:25:00.000-04:00,"2026-7-22 10:25,87.13,87.07,86.88,86.96,5,1,0,0,-,-,FIGHT"
2026-07-22T10:30:00.000-04:00,"2026-7-22 10:30,87.07,87.11,86.89,86.96,5,1,0,0,-,-,FIGHT"
2026-07-22T10:35:00.000-04:00,"2026-7-22 10:35,86.62,86.97,86.87,86.95,0,0,0,0,-,-,neutral"
2026-07-22T10:40:00.000-04:00,"2026-7-22 10:40,86.56,86.84,86.85,86.94,-3,-1,-1,0,S,-,wave_only"
2026-07-22T10:45:00.000-04:00,"2026-7-22 10:45,86.78,86.82,86.84,86.93,-3,-1,-1,0,-,-,wave_only"
2026-07-22T10:50:00.000-04:00,"2026-7-22 10:50,86.8,86.82,86.84,86.92,0,0,-1,0,-,-,neutral"
2026-07-22T10:55:00.000-04:00,"2026-7-22 10:55,86.7,86.78,86.83,86.92,-7,-1,-1,0,-,-,wave_only"
2026-07-22T11:00:00.000-04:00,"2026-7-22 11:00,86.72,86.75,86.82,86.91,-3,-1,-1,0,-,-,wave_only"
2026-07-22T11:05:00.000-04:00,"2026-7-22 11:05,87.12,86.89,86.84,86.92,5,1,-1,0,B,-,FIGHT"
2026-07-22T11:10:00.000-04:00,"2026-7-22 11:10,87.03,86.95,86.86,86.92,5,1,0,0,-,-,FIGHT"
2026-07-22T11:15:00.000-04:00,"2026-7-22 11:15,86.77,86.9,86.85,86.92,0,0,0,0,-,-,neutral"
2026-07-22T11:20:00.000-04:00,"2026-7-22 11:20,86.64,86.81,86.83,86.9,-5,-1,0,0,S,-,FIGHT"
2026-07-22T11:25:00.000-04:00,"2026-7-22 11:25,86.79,86.8,86.83,86.9,-5,-1,-1,0,-,-,wave_only"
2026-07-22T11:30:00.000-04:00,"2026-7-22 11:30,86.68,86.76,86.82,86.89,-5,-1,-1,0,-,-,wave_only"
2026-07-22T11:35:00.000-04:00,"2026-7-22 11:35,86.41,86.62,86.79,86.87,-7,-1,-1,0,-,-,wave_only"
2026-07-22T11:40:00.000-04:00,"2026-7-22 11:40,86.23,86.46,86.74,86.85,-7,-1,-1,0,-,-,wave_only"
2026-07-22T11:45:00.000-04:00,"2026-7-22 11:45,85.88,86.21,86.68,86.81,-7,-1,-1,0,-,-,wave_only"
2026-07-22T11:50:00.000-04:00,"2026-7-22 11:50,85.98,86.07,86.62,86.78,-7,-1,-1,0,-,-,wave_only"
2026-07-22T11:55:00.000-04:00,"2026-7-22 11:55,86.02,85.99,86.58,86.75,-7,-1,-1,0,-,-,wave_only"
2026-07-22T12:00:00.000-04:00,"2026-7-22 12:00,86,85.93,86.53,86.72,-3,-1,-1,0,-,-,wave_only"
2026-07-22T12:05:00.000-04:00,"2026-7-22 12:05,86.06,85.92,86.5,86.69,-3,-1,-1,0,-,-,wave_only"
2026-07-22T12:10:00.000-04:00,"2026-7-22 12:10,86.28,86,86.48,86.68,0,0,-1,0,-,-,neutral"
2026-07-22T12:15:00.000-04:00,"2026-7-22 12:15,86.14,86.01,86.45,86.65,0,0,-1,0,-,-,neutral"
2026-07-22T12:20:00.000-04:00,"2026-7-22 12:20,86.32,86.09,86.44,86.64,0,0,-1,0,-,-,neutral"
2026-07-22T12:25:00.000-04:00,"2026-7-22 12:25,86.4,86.18,86.44,86.63,0,0,0,0,-,-,neutral"
2026-07-22T12:30:00.000-04:00,"2026-7-22 12:30,86.49,86.29,86.44,86.63,0,0,0,0,-,-,neutral"
2026-07-22T12:35:00.000-04:00,"2026-7-22 12:35,86.45,86.35,86.44,86.62,3,1,0,0,B,-,FIGHT"
2026-07-22T12:40:00.000-04:00,"2026-7-22 12:40,86.4,86.38,86.44,86.61,3,1,0,0,-,-,FIGHT"
2026-07-22T12:45:00.000-04:00,"2026-7-22 12:45,86.14,86.3,86.42,86.59,-7,-1,0,0,S,-,FIGHT"
2026-07-22T12:50:00.000-04:00,"2026-7-22 12:50,86.17,86.26,86.4,86.58,-7,-1,0,0,-,-,FIGHT"
2026-07-22T12:55:00.000-04:00,"2026-7-22 12:55,86.31,86.28,86.39,86.57,0,0,-1,0,-,-,neutral"
2026-07-22T13:00:00.000-04:00,"2026-7-22 13:00,86.55,86.38,86.4,86.56,5,1,-1,0,B,-,FIGHT"
2026-07-22T13:05:00.000-04:00,"2026-7-22 13:05,86.55,86.46,86.42,86.56,5,1,-1,0,-,-,FIGHT"
2026-07-22T13:10:00.000-04:00,"2026-7-22 13:10,86.67,86.56,86.44,86.57,5,1,0,0,-,-,FIGHT"
2026-07-22T13:15:00.000-04:00,"2026-7-22 13:15,86.81,86.68,86.46,86.58,5,1,0,0,-,-,FIGHT"
2026-07-22T13:20:00.000-04:00,"2026-7-22 13:20,86.9,86.8,86.5,86.59,5,1,0,0,-,-,FIGHT"
2026-07-22T13:25:00.000-04:00,"2026-7-22 13:25,86.73,86.82,86.52,86.6,0,0,0,0,-,-,neutral"
2026-07-22T13:30:00.000-04:00,"2026-7-22 13:30,86.77,86.84,86.53,86.6,0,0,0,0,-,-,neutral"
2026-07-22T13:35:00.000-04:00,"2026-7-22 13:35,86.85,86.89,86.56,86.61,5,1,0,0,-,-,FIGHT"
2026-07-22T13:40:00.000-04:00,"2026-7-22 13:40,86.78,86.89,86.58,86.62,0,0,0,0,-,-,neutral"
2026-07-22T13:45:00.000-04:00,"2026-7-22 13:45,86.8,86.89,86.59,86.63,0,0,0,0,-,-,neutral"
2026-07-22T13:50:00.000-04:00,"2026-7-22 13:50,86.87,86.92,86.61,86.64,0,0,0,0,-,-,neutral"
2026-07-22T13:55:00.000-04:00,"2026-7-22 13:55,86.81,86.91,86.63,86.64,0,0,0,0,-,-,neutral"
2026-07-22T14:00:00.000-04:00,"2026-7-22 14:00,86.95,86.95,86.65,86.65,7,1,0,0,-,-,FIGHT"
2026-07-22T14:05:00.000-04:00,"2026-7-22 14:05,86.84,86.94,86.67,86.66,0,0,0,0,-,-,neutral"
2026-07-22T14:10:00.000-04:00,"2026-7-22 14:10,86.78,86.9,86.68,86.67,0,0,1,0,-,-,neutral"
2026-07-22T14:15:00.000-04:00,"2026-7-22 14:15,87.02,86.96,86.7,86.68,7,1,1,0,-,-,wave_only"
2026-07-22T14:20:00.000-04:00,"2026-7-22 14:20,86.94,86.97,86.72,86.69,0,0,1,0,-,-,neutral"
2026-07-22T14:25:00.000-04:00,"2026-7-22 14:25,86.86,86.95,86.73,86.7,0,0,1,0,-,-,neutral"
2026-07-22T14:30:00.000-04:00,"2026-7-22 14:30,86.94,86.96,86.75,86.71,0,0,1,0,-,-,neutral"
2026-07-22T14:35:00.000-04:00,"2026-7-22 14:35,86.93,86.96,86.76,86.72,0,0,1,0,-,-,neutral"
2026-07-22T14:40:00.000-04:00,"2026-7-22 14:40,87.06,87.01,86.79,86.73,7,1,1,0,-,-,wave_only"
2026-07-22T14:45:00.000-04:00,"2026-7-22 14:45,86.95,87,86.8,86.74,0,0,1,0,-,-,neutral"
2026-07-22T14:50:00.000-04:00,"2026-7-22 14:50,87.07,87.04,86.82,86.75,5,1,1,0,-,-,wave_only"
2026-07-22T14:55:00.000-04:00,"2026-7-22 14:55,87.05,87.05,86.84,86.76,0,0,1,1,-,-,neutral"
2026-07-22T15:00:00.000-04:00,"2026-7-22 15:00,87.1,87.08,86.86,86.78,3,1,1,1,-,-,RIDE_both"
2026-07-22T15:05:00.000-04:00,"2026-7-22 15:05,87.14,87.12,86.88,86.79,7,1,1,1,-,-,RIDE_both"
2026-07-22T15:10:00.000-04:00,"2026-7-22 15:10,87.16,87.15,86.9,86.8,3,1,1,1,-,-,RIDE_both"
2026-07-22T15:15:00.000-04:00,"2026-7-22 15:15,87.1,87.15,86.92,86.82,0,0,1,1,-,-,neutral"
2026-07-22T15:20:00.000-04:00,"2026-7-22 15:20,87.06,87.13,86.93,86.83,0,0,1,1,-,-,neutral"
2026-07-22T15:25:00.000-04:00,"2026-7-22 15:25,86.87,87.04,86.92,86.83,0,0,0,1,-,-,neutral"
2026-07-22T15:30:00.000-04:00,"2026-7-22 15:30,86.81,86.95,86.91,86.83,-3,-1,0,1,S,-,FIGHT"
2026-07-22T15:35:00.000-04:00,"2026-7-22 15:35,86.79,86.88,86.9,86.83,-5,-1,0,1,-,-,FIGHT"
2026-07-22T15:40:00.000-04:00,"2026-7-22 15:40,86.71,86.8,86.89,86.82,-5,-1,0,1,-,-,FIGHT"
2026-07-22T15:45:00.000-04:00,"2026-7-22 15:45,86.63,86.72,86.87,86.81,-5,-1,0,1,-,-,FIGHT"
2026-07-22T15:50:00.000-04:00,"2026-7-22 15:50,86.61,86.65,86.85,86.81,-5,-1,0,1,-,-,FIGHT"
2026-07-22T15:55:00.000-04:00,"2026-7-22 15:55,86.53,86.57,86.82,86.79,-5,-1,0,0,-,-,FIGHT"
2026-07-22T16:00:00.000-04:00,"2026-7-22 16:00,86.33,86.44,86.79,86.78,-5,-1,0,0,-,-,FIGHT"
2026-07-22T16:05:00.000-04:00,"2026-7-22 16:05,86.39,86.38,86.76,86.76,-3,-1,0,0,-,-,FIGHT"
2026-07-22T16:10:00.000-04:00,"2026-7-22 16:10,86.44,86.35,86.73,86.75,0,0,-1,0,-,-,neutral"
2026-07-22T16:15:00.000-04:00,"2026-7-22 16:15,86.42,86.33,86.71,86.74,0,0,-1,0,-,-,neutral"
2026-07-22T16:20:00.000-04:00,"2026-7-22 16:20,86.46,86.34,86.69,86.72,0,0,-1,0,-,-,neutral"
2026-07-22T16:25:00.000-04:00,"2026-7-22 16:25,86.41,86.33,86.67,86.71,0,0,-1,0,-,-,neutral"
2026-07-22T16:30:00.000-04:00,"2026-7-22 16:30,86.52,86.36,86.66,86.7,0,0,-1,0,-,-,neutral"
2026-07-22T16:35:00.000-04:00,"2026-7-22 16:35,86.44,86.37,86.64,86.69,0,0,-1,0,-,-,neutral"
2026-07-22T16:40:00.000-04:00,"2026-7-22 16:40,86.53,86.4,86.63,86.69,0,0,-1,0,-,-,neutral"
2026-07-22T16:45:00.000-04:00,"2026-7-22 16:45,86.48,86.42,86.62,86.68,0,0,-1,0,-,-,neutral"
2026-07-22T16:50:00.000-04:00,"2026-7-22 16:50,86.42,86.41,86.6,86.67,0,0,-1,0,-,-,neutral"
2026-07-22T16:55:00.000-04:00,"2026-7-22 16:55,86.49,86.43,86.6,86.66,0,0,-1,-1,-,-,neutral"
2026-07-22T18:00:00.000-04:00,"2026-7-22 18:00,87.76,86.91,86.68,86.71,5,1,-1,-1,B,-,FIGHT"
2026-07-22T18:05:00.000-04:00,"2026-7-22 18:05,88.11,87.4,86.79,86.76,7,1,-1,-1,-,-,FIGHT"
2026-07-22T18:10:00.000-04:00,"2026-7-22 18:10,88.21,87.78,86.9,86.82,5,1,1,-1,-,-,wave_only"
2026-07-22T18:15:00.000-04:00,"2026-7-22 18:15,88.21,88.06,87,86.87,5,1,1,-1,-,-,wave_only"
2026-07-22T18:20:00.000-04:00,"2026-7-22 18:20,88.12,88.21,87.09,86.92,7,1,1,-1,-,-,wave_only"
2026-07-22T18:25:00.000-04:00,"2026-7-22 18:25,88.17,88.33,87.17,86.97,7,1,1,-1,-,-,wave_only"
2026-07-22T18:30:00.000-04:00,"2026-7-22 18:30,88.28,88.44,87.26,87.02,7,1,1,-1,-,-,wave_only"
2026-07-22T18:35:00.000-04:00,"2026-7-22 18:35,88.18,88.47,87.33,87.07,0,0,1,-1,-,-,neutral"
2026-07-22T18:40:00.000-04:00,"2026-7-22 18:40,88.08,88.44,87.39,87.11,0,0,1,-1,-,-,neutral"
2026-07-22T18:45:00.000-04:00,"2026-7-22 18:45,87.95,88.35,87.43,87.14,0,0,1,-1,-,-,neutral"
2026-07-22T18:50:00.000-04:00,"2026-7-22 18:50,87.88,88.26,87.46,87.17,0,0,1,-1,-,-,neutral"
2026-07-22T18:55:00.000-04:00,"2026-7-22 18:55,87.96,88.2,87.5,87.2,0,0,1,1,-,-,neutral"
2026-07-22T19:00:00.000-04:00,"2026-7-22 19:00,87.91,88.14,87.53,87.23,0,0,1,1,-,-,neutral"
2026-07-22T19:05:00.000-04:00,"2026-7-22 19:05,87.99,88.11,87.57,87.26,0,0,1,1,-,-,neutral"
2026-07-22T19:10:00.000-04:00,"2026-7-22 19:10,87.91,88.06,87.6,87.28,0,0,0,1,-,-,neutral"
2026-07-22T19:15:00.000-04:00,"2026-7-22 19:15,87.91,88.02,87.62,87.31,0,0,0,1,-,-,neutral"
2026-07-22T19:20:00.000-04:00,"2026-7-22 19:20,87.9,87.98,87.64,87.33,0,0,0,1,-,-,neutral"
2026-07-22T19:25:00.000-04:00,"2026-7-22 19:25,87.78,87.91,87.65,87.35,0,0,0,1,-,-,neutral"
2026-07-22T19:30:00.000-04:00,"2026-7-22 19:30,87.88,87.89,87.67,87.37,0,0,0,1,-,-,neutral"
2026-07-22T19:35:00.000-04:00,"2026-7-22 19:35,87.93,87.89,87.69,87.39,7,0,0,1,-,-,neutral"
2026-07-22T19:40:00.000-04:00,"2026-7-22 19:40,87.87,87.87,87.7,87.41,0,0,0,1,-,-,neutral"
2026-07-22T19:45:00.000-04:00,"2026-7-22 19:45,87.89,87.87,87.72,87.43,0,0,0,1,-,-,neutral"
2026-07-22T19:50:00.000-04:00,"2026-7-22 19:50,87.74,87.81,87.72,87.44,-3,-1,0,1,S,-,FIGHT"
2026-07-22T19:55:00.000-04:00,"2026-7-22 19:55,87.81,87.79,87.73,87.46,-3,-1,0,1,-,-,FIGHT"
2026-07-22T20:00:00.000-04:00,"2026-7-22 20:00,87.87,87.8,87.74,87.47,7,0,0,1,-,-,neutral"
2026-07-22T20:05:00.000-04:00,"2026-7-22 20:05,88.23,87.94,87.78,87.5,7,1,0,1,B,-,tide_only"
2026-07-22T20:10:00.000-04:00,"2026-7-22 20:10,88.15,88.01,87.8,87.53,7,1,0,1,-,-,tide_only"
2026-07-22T20:15:00.000-04:00,"2026-7-22 20:15,88.09,88.05,87.83,87.55,7,1,0,1,-,-,tide_only"
2026-07-22T20:20:00.000-04:00,"2026-7-22 20:20,87.94,88.01,87.83,87.56,0,0,0,1,-,-,neutral"
2026-07-22T20:25:00.000-04:00,"2026-7-22 20:25,88.04,88.02,87.85,87.58,7,0,0,1,-,-,neutral"
2026-07-22T20:30:00.000-04:00,"2026-7-22 20:30,88.05,88.04,87.87,87.6,7,0,0,1,-,-,neutral"
2026-07-22T20:35:00.000-04:00,"2026-7-22 20:35,88.04,88.04,87.88,87.62,7,0,0,1,-,-,neutral"
2026-07-22T20:40:00.000-04:00,"2026-7-22 20:40,88.08,88.06,87.89,87.64,7,1,0,1,-,-,tide_only"
2026-07-22T20:45:00.000-04:00,"2026-7-22 20:45,88.09,88.07,87.91,87.65,7,1,0,1,-,-,tide_only"
2026-07-22T20:50:00.000-04:00,"2026-7-22 20:50,87.84,87.99,87.9,87.66,-3,-1,0,1,S,-,FIGHT"
2026-07-22T20:55:00.000-04:00,"2026-7-22 20:55,87.98,87.98,87.91,87.67,-3,-1,0,1,-,-,FIGHT"
2026-07-22T21:00:00.000-04:00,"2026-7-22 21:00,87.96,87.96,87.91,87.69,-3,-1,0,1,-,-,FIGHT"
2026-07-22T21:05:00.000-04:00,"2026-7-22 21:05,87.95,87.95,87.92,87.7,-3,-1,0,1,-,-,FIGHT"
2026-07-22T21:10:00.000-04:00,"2026-7-22 21:10,87.95,87.94,87.92,87.71,-3,-1,0,1,-,-,FIGHT"
2026-07-22T21:15:00.000-04:00,"2026-7-22 21:15,88.14,88.01,87.94,87.72,7,1,0,1,B,-,tide_only"
2026-07-22T21:20:00.000-04:00,"2026-7-22 21:20,88.26,88.1,87.96,87.74,7,1,0,1,-,-,tide_only"
2026-07-22T21:25:00.000-04:00,"2026-7-22 21:25,88.48,88.25,88,87.77,7,1,1,1,-,-,RIDE_both"
2026-07-22T21:30:00.000-04:00,"2026-7-22 21:30,88.25,88.27,88.02,87.79,7,1,1,1,-,-,RIDE_both"
2026-07-22T21:35:00.000-04:00,"2026-7-22 21:35,88.03,88.2,88.02,87.8,0,0,1,1,-,-,neutral"
2026-07-22T21:40:00.000-04:00,"2026-7-22 21:40,88.02,88.14,88.02,87.81,-3,-1,0,1,S,-,FIGHT"
2026-07-22T21:45:00.000-04:00,"2026-7-22 21:45,88.05,88.11,88.02,87.82,-3,-1,0,1,-,-,FIGHT"
2026-07-22T21:50:00.000-04:00,"2026-7-22 21:50,88.21,88.15,88.04,87.83,7,1,0,1,B,-,tide_only"
2026-07-22T21:55:00.000-04:00,"2026-7-22 21:55,88.1,88.13,88.04,87.84,0,0,0,1,-,-,neutral"
2026-07-22T22:00:00.000-04:00,"2026-7-22 22:00,88.15,88.14,88.05,87.86,7,1,0,1,-,-,tide_only"
2026-07-22T22:05:00.000-04:00,"2026-7-22 22:05,88.13,88.14,88.06,87.87,0,0,0,1,-,-,neutral"
2026-07-22T22:10:00.000-04:00,"2026-7-22 22:10,88.09,88.12,88.06,87.88,-3,-1,0,1,S,-,FIGHT"
2026-07-22T22:15:00.000-04:00,"2026-7-22 22:15,88.17,88.14,88.07,87.89,7,1,0,1,B,-,tide_only"
2026-07-22T22:20:00.000-04:00,"2026-7-22 22:20,88.18,88.15,88.08,87.9,7,1,0,1,-,-,tide_only"
2026-07-22T22:25:00.000-04:00,"2026-7-22 22:25,88.21,88.18,88.09,87.91,7,1,0,1,-,-,tide_only"
2026-07-22T22:30:00.000-04:00,"2026-7-22 22:30,88.2,88.19,88.1,87.92,7,1,0,1,-,-,tide_only"
2026-07-22T22:35:00.000-04:00,"2026-7-22 22:35,88.18,88.19,88.1,87.93,7,1,0,1,-,-,tide_only"
2026-07-22T22:40:00.000-04:00,"2026-7-22 22:40,88.24,88.21,88.11,87.94,7,1,0,1,-,-,tide_only"
2026-07-22T22:45:00.000-04:00,"2026-7-22 22:45,88.45,88.3,88.14,87.96,7,1,0,1,-,-,tide_only"
2026-07-22T22:50:00.000-04:00,"2026-7-22 22:50,88.4,88.35,88.16,87.98,7,1,0,1,-,-,tide_only"
2026-07-22T22:55:00.000-04:00,"2026-7-22 22:55,88.25,88.33,88.17,87.99,0,0,0,0,-,-,neutral"
2026-07-22T23:00:00.000-04:00,"2026-7-22 23:00,88.29,88.33,88.18,88,0,0,0,0,-,-,neutral"
2026-07-22T23:05:00.000-04:00,"2026-7-22 23:05,88.38,88.36,88.19,88.02,7,1,0,0,-,-,FIGHT"
2026-07-22T23:10:00.000-04:00,"2026-7-22 23:10,88.55,88.44,88.22,88.04,7,1,1,0,-,-,wave_only"
2026-07-22T23:15:00.000-04:00,"2026-7-22 23:15,88.59,88.51,88.25,88.06,7,1,1,0,-,-,wave_only"
2026-07-22T23:20:00.000-04:00,"2026-7-22 23:20,88.57,88.56,88.27,88.08,7,0,1,0,-,-,neutral"
2026-07-22T23:25:00.000-04:00,"2026-7-22 23:25,88.48,88.55,88.29,88.1,0,0,0,0,-,-,neutral"
2026-07-22T23:30:00.000-04:00,"2026-7-22 23:30,88.43,88.53,88.3,88.11,0,0,0,0,-,-,neutral"
2026-07-22T23:35:00.000-04:00,"2026-7-22 23:35,88.42,88.51,88.31,88.12,0,0,0,0,-,-,neutral"
2026-07-22T23:40:00.000-04:00,"2026-7-22 23:40,88.35,88.46,88.31,88.13,0,0,0,0,-,-,neutral"
2026-07-22T23:45:00.000-04:00,"2026-7-22 23:45,88.48,88.47,88.32,88.14,7,1,0,0,-,-,FIGHT"
2026-07-22T23:50:00.000-04:00,"2026-7-22 23:50,88.46,88.47,88.33,88.16,7,0,0,0,-,-,neutral"
2026-07-22T23:55:00.000-04:00,"2026-7-22 23:55,88.4,88.45,88.34,88.17,0,0,0,0,-,-,neutral"
2026-07-23T00:00:00.000-04:00,"2026-7-23 0:00,88.41,88.44,88.35,88.18,-3,-1,0,0,S,-,FIGHT"
2026-07-23T00:05:00.000-04:00,"2026-7-23 0:05,88.37,88.41,88.35,88.18,-3,-1,0,0,-,-,FIGHT"
2026-07-23T00:10:00.000-04:00,"2026-7-23 0:10,88.36,88.39,88.35,88.19,-3,-1,0,0,-,-,FIGHT"
2026-07-23T00:15:00.000-04:00,"2026-7-23 0:15,88.37,88.38,88.35,88.2,-3,-1,0,0,-,-,FIGHT"
2026-07-23T00:20:00.000-04:00,"2026-7-23 0:20,88.28,88.33,88.34,88.2,-5,-1,0,0,-,-,FIGHT"
2026-07-23T00:25:00.000-04:00,"2026-7-23 0:25,88.13,88.25,88.33,88.2,-5,-1,0,0,-,-,FIGHT"
2026-07-23T00:30:00.000-04:00,"2026-7-23 0:30,88.11,88.18,88.31,88.19,-5,-1,0,0,-,-,FIGHT"
2026-07-23T00:35:00.000-04:00,"2026-7-23 0:35,88.09,88.12,88.29,88.19,-5,-1,0,0,-,-,FIGHT"
2026-07-23T00:40:00.000-04:00,"2026-7-23 0:40,88.14,88.1,88.28,88.19,-5,-1,0,0,-,-,FIGHT"
2026-07-23T00:45:00.000-04:00,"2026-7-23 0:45,88.22,88.12,88.28,88.19,0,0,0,0,-,-,neutral"
2026-07-23T00:50:00.000-04:00,"2026-7-23 0:50,88.2,88.13,88.27,88.19,0,0,0,0,-,-,neutral"
2026-07-23T00:55:00.000-04:00,"2026-7-23 0:55,88.13,88.11,88.26,88.19,-5,-1,-1,0,-,-,wave_only"
2026-07-23T01:00:00.000-04:00,"2026-7-23 1:00,88.19,88.12,88.26,88.19,0,0,-1,0,-,-,neutral"
2026-07-23T01:05:00.000-04:00,"2026-7-23 1:05,88.24,88.15,88.25,88.19,0,0,-1,0,-,-,neutral"
2026-07-23T01:10:00.000-04:00,"2026-7-23 1:10,88.25,88.18,88.25,88.19,0,0,0,0,-,-,neutral"
2026-07-23T01:15:00.000-04:00,"2026-7-23 1:15,88.21,88.18,88.25,88.19,0,0,0,0,-,-,neutral"
2026-07-23T01:20:00.000-04:00,"2026-7-23 1:20,88.18,88.18,88.24,88.19,-5,-1,0,0,-,-,FIGHT"
2026-07-23T01:25:00.000-04:00,"2026-7-23 1:25,88,88.11,88.23,88.18,-5,-1,-1,0,-,-,wave_only"
2026-07-23T01:30:00.000-04:00,"2026-7-23 1:30,87.76,87.97,88.19,88.17,-5,-1,-1,0,-,-,wave_only"
2026-07-23T01:35:00.000-04:00,"2026-7-23 1:35,87.96,87.94,88.17,88.16,-5,-1,-1,0,-,-,wave_only"
2026-07-23T01:40:00.000-04:00,"2026-7-23 1:40,87.99,87.94,88.16,88.15,0,0,-1,0,-,-,neutral"
2026-07-23T01:45:00.000-04:00,"2026-7-23 1:45,88.18,88,88.16,88.15,0,0,-1,0,-,-,neutral"
2026-07-23T01:50:00.000-04:00,"2026-7-23 1:50,88.29,88.1,88.17,88.16,0,0,-1,0,-,-,neutral"
2026-07-23T01:55:00.000-04:00,"2026-7-23 1:55,88.28,88.17,88.18,88.16,0,0,0,1,-,-,neutral"
2026-07-23T02:00:00.000-04:00,"2026-7-23 2:00,88.15,88.17,88.18,88.16,0,0,0,1,-,-,neutral"
2026-07-23T02:05:00.000-04:00,"2026-7-23 2:05,88.18,88.18,88.18,88.16,7,0,0,1,-,-,neutral"
2026-07-23T02:10:00.000-04:00,"2026-7-23 2:10,88.05,88.14,88.17,88.16,-5,-1,-1,1,-,-,wave_only"
2026-07-23T02:15:00.000-04:00,"2026-7-23 2:15,88.08,88.12,88.16,88.16,-5,-1,-1,1,-,-,wave_only"
2026-07-23T02:20:00.000-04:00,"2026-7-23 2:20,88.16,88.13,88.16,88.16,0,0,-1,1,-,-,neutral"
2026-07-23T02:25:00.000-04:00,"2026-7-23 2:25,88.25,88.18,88.17,88.16,7,1,0,1,B,-,tide_only"
2026-07-23T02:30:00.000-04:00,"2026-7-23 2:30,88.36,88.25,88.18,88.17,7,1,0,1,-,-,tide_only"
2026-07-23T02:35:00.000-04:00,"2026-7-23 2:35,88.43,88.33,88.2,88.18,7,1,0,1,-,-,tide_only"
2026-07-23T02:40:00.000-04:00,"2026-7-23 2:40,88.55,88.43,88.23,88.19,7,1,1,1,-,-,RIDE_both"
2026-07-23T02:45:00.000-04:00,"2026-7-23 2:45,88.52,88.49,88.25,88.21,7,1,1,1,-,-,RIDE_both"
2026-07-23T02:50:00.000-04:00,"2026-7-23 2:50,88.73,88.61,88.29,88.23,7,1,1,1,-,-,RIDE_both"
2026-07-23T02:55:00.000-04:00,"2026-7-23 2:55,88.62,88.65,88.31,88.24,5,1,1,1,-,-,RIDE_both"
2026-07-23T03:00:00.000-04:00,"2026-7-23 3:00,88.94,88.8,88.36,88.27,7,1,1,1,-,-,RIDE_both"
2026-07-23T03:05:00.000-04:00,"2026-7-23 3:05,89.18,88.99,88.42,88.31,7,1,1,1,-,-,RIDE_both"
2026-07-23T03:10:00.000-04:00,"2026-7-23 3:10,89.21,89.13,88.48,88.34,7,1,1,1,-,-,RIDE_both"
2026-07-23T03:15:00.000-04:00,"2026-7-23 3:15,89.5,89.34,88.56,88.39,7,1,1,1,-,-,RIDE_both"
2026-07-23T03:20:00.000-04:00,"2026-7-23 3:20,89.46,89.47,88.63,88.43,7,1,1,1,-,-,RIDE_both"
2026-07-23T03:25:00.000-04:00,"2026-7-23 3:25,89.24,89.47,88.68,88.46,0,0,1,1,-,-,neutral"
2026-07-23T03:30:00.000-04:00,"2026-7-23 3:30,89.52,89.56,88.74,88.5,7,1,1,1,-,-,RIDE_both"
2026-07-23T03:35:00.000-04:00,"2026-7-23 3:35,89.6,89.65,88.81,88.54,7,1,1,1,-,-,RIDE_both"
2026-07-23T03:40:00.000-04:00,"2026-7-23 3:40,89.64,89.72,88.87,88.59,0,0,1,1,-,-,neutral"
2026-07-23T03:45:00.000-04:00,"2026-7-23 3:45,89.58,89.74,88.93,88.63,0,0,1,1,-,-,neutral"
2026-07-23T03:50:00.000-04:00,"2026-7-23 3:50,89.29,89.64,88.96,88.65,0,0,1,1,-,-,neutral"
2026-07-23T03:55:00.000-04:00,"2026-7-23 3:55,89.33,89.57,88.98,88.68,0,0,0,1,-,-,neutral"
2026-07-23T04:00:00.000-04:00,"2026-7-23 4:00,89.4,89.54,89.02,88.71,0,0,0,1,-,-,neutral"
2026-07-23T04:05:00.000-04:00,"2026-7-23 4:05,88.95,89.35,89.01,88.72,0,0,0,1,-,-,neutral"
2026-07-23T04:10:00.000-04:00,"2026-7-23 4:10,89.27,89.32,89.03,88.74,0,0,0,1,-,-,neutral"
2026-07-23T04:15:00.000-04:00,"2026-7-23 4:15,89.21,89.28,89.04,88.76,0,0,0,1,-,-,neutral"
2026-07-23T04:20:00.000-04:00,"2026-7-23 4:20,89.46,89.34,89.08,88.78,7,1,0,1,-,-,tide_only"
2026-07-23T04:25:00.000-04:00,"2026-7-23 4:25,89.25,89.3,89.09,88.8,0,0,0,1,-,-,neutral"
2026-07-23T04:30:00.000-04:00,"2026-7-23 4:30,89.62,89.41,89.13,88.83,7,1,0,1,-,-,tide_only"
2026-07-23T04:35:00.000-04:00,"2026-7-23 4:35,89.58,89.48,89.17,88.86,7,1,0,1,-,-,tide_only"
2026-07-23T04:40:00.000-04:00,"2026-7-23 4:40,89.65,89.55,89.2,88.89,7,1,1,1,-,-,RIDE_both"
2026-07-23T04:45:00.000-04:00,"2026-7-23 4:45,89.29,89.47,89.21,88.91,0,0,1,1,-,-,neutral"
2026-07-23T04:50:00.000-04:00,"2026-7-23 4:50,89.42,89.45,89.23,88.93,0,0,1,1,-,-,neutral"
2026-07-23T04:55:00.000-04:00,"2026-7-23 4:55,89.51,89.47,89.25,88.95,7,1,0,1,-,-,tide_only"
2026-07-23T05:00:00.000-04:00,"2026-7-23 5:00,89.36,89.43,89.26,88.97,-3,-1,0,1,S,-,FIGHT"
2026-07-23T05:05:00.000-04:00,"2026-7-23 5:05,89.76,89.55,89.29,89,7,1,0,1,B,-,tide_only"
2026-07-23T05:10:00.000-04:00,"2026-7-23 5:10,90.04,89.74,89.35,89.04,7,1,1,1,-,-,RIDE_both"
2026-07-23T05:15:00.000-04:00,"2026-7-23 5:15,90.01,89.86,89.4,89.08,7,1,1,1,-,-,RIDE_both"
2026-07-23T05:20:00.000-04:00,"2026-7-23 5:20,90.24,90.03,89.47,89.12,7,1,1,1,-,-,RIDE_both"
2026-07-23T05:25:00.000-04:00,"2026-7-23 5:25,90.15,90.12,89.52,89.16,7,1,1,1,-,-,RIDE_both"
2026-07-23T05:30:00.000-04:00,"2026-7-23 5:30,90.22,90.21,89.57,89.21,7,1,1,1,-,-,RIDE_both"
2026-07-23T05:35:00.000-04:00,"2026-7-23 5:35,90.1,90.22,89.61,89.24,0,0,1,1,-,-,neutral"
2026-07-23T05:40:00.000-04:00,"2026-7-23 5:40,89.9,90.15,89.64,89.27,0,0,0,1,-,-,neutral"
2026-07-23T05:45:00.000-04:00,"2026-7-23 5:45,89.92,90.09,89.66,89.29,0,0,0,1,-,-,neutral"
2026-07-23T05:50:00.000-04:00,"2026-7-23 5:50,89.96,90.07,89.68,89.32,0,0,0,1,-,-,neutral"
2026-07-23T05:55:00.000-04:00,"2026-7-23 5:55,90.21,90.14,89.72,89.35,7,1,1,1,-,-,RIDE_both"
2026-07-23T06:00:00.000-04:00,"2026-7-23 6:00,89.98,90.1,89.74,89.38,0,0,1,1,-,-,neutral"
2026-07-23T06:05:00.000-04:00,"2026-7-23 6:05,89.9,90.04,89.75,89.4,0,0,1,1,-,-,neutral"
2026-07-23T06:10:00.000-04:00,"2026-7-23 6:10,90.08,90.06,89.78,89.43,7,1,0,1,-,-,tide_only"
2026-07-23T06:15:00.000-04:00,"2026-7-23 6:15,90.44,90.2,89.83,89.47,7,1,0,1,-,-,tide_only"
2026-07-23T06:20:00.000-04:00,"2026-7-23 6:20,90.51,90.33,89.88,89.51,7,1,0,1,-,-,tide_only"
2026-07-23T06:25:00.000-04:00,"2026-7-23 6:25,90.56,90.45,89.93,89.55,7,1,1,1,-,-,RIDE_both"
2026-07-23T06:30:00.000-04:00,"2026-7-23 6:30,90.44,90.48,89.97,89.58,7,1,1,1,-,-,RIDE_both"
2026-07-23T06:35:00.000-04:00,"2026-7-23 6:35,90.63,90.57,90.02,89.62,7,1,1,1,-,-,RIDE_both"
2026-07-23T06:40:00.000-04:00,"2026-7-23 6:40,90.25,90.49,90.04,89.65,0,0,0,1,-,-,neutral"
2026-07-23T06:45:00.000-04:00,"2026-7-23 6:45,90.31,90.45,90.06,89.67,0,0,0,1,-,-,neutral"
2026-07-23T06:50:00.000-04:00,"2026-7-23 6:50,90.15,90.35,90.07,89.69,0,0,0,1,-,-,neutral"
2026-07-23T06:55:00.000-04:00,"2026-7-23 6:55,90.17,90.29,90.08,89.71,0,0,0,1,-,-,neutral"
2026-07-23T07:00:00.000-04:00,"2026-7-23 7:00,90.28,90.28,90.09,89.73,0,0,0,1,-,-,neutral"
2026-07-23T07:05:00.000-04:00,"2026-7-23 7:05,90.5,90.36,90.12,89.76,7,1,0,1,-,-,tide_only"
2026-07-23T07:10:00.000-04:00,"2026-7-23 7:10,90.37,90.36,90.14,89.79,7,0,0,1,-,-,neutral"
2026-07-23T07:15:00.000-04:00,"2026-7-23 7:15,90.83,90.54,90.2,89.83,7,1,0,1,-,-,tide_only"
2026-07-23T07:20:00.000-04:00,"2026-7-23 7:20,90.77,90.64,90.24,89.87,7,1,0,1,-,-,tide_only"
2026-07-23T07:25:00.000-04:00,"2026-7-23 7:25,90.7,90.69,90.27,89.9,7,1,1,1,-,-,RIDE_both"
2026-07-23T07:30:00.000-04:00,"2026-7-23 7:30,90.92,90.8,90.32,89.94,7,1,1,1,-,-,RIDE_both"
2026-07-23T07:35:00.000-04:00,"2026-7-23 7:35,91.07,90.93,90.38,89.98,7,1,1,1,-,-,RIDE_both"
2026-07-23T07:40:00.000-04:00,"2026-7-23 7:40,90.92,90.97,90.42,90.02,7,1,1,1,-,-,RIDE_both"
2026-07-23T07:45:00.000-04:00,"2026-7-23 7:45,90.58,90.87,90.44,90.04,0,0,1,1,-,-,neutral"
2026-07-23T07:50:00.000-04:00,"2026-7-23 7:50,90.66,90.81,90.45,90.07,0,0,1,1,-,-,neutral"
2026-07-23T07:55:00.000-04:00,"2026-7-23 7:55,90.69,90.78,90.47,90.09,0,0,0,1,-,-,neutral"
2026-07-23T08:00:00.000-04:00,"2026-7-23 8:00,90.57,90.72,90.48,90.11,0,0,0,1,-,-,neutral"
2026-07-23T08:05:00.000-04:00,"2026-7-23 8:05,90.71,90.71,90.5,90.13,0,0,0,1,-,-,neutral"
2026-07-23T08:10:00.000-04:00,"2026-7-23 8:10,90.93,90.79,90.53,90.16,7,1,1,1,-,-,RIDE_both"
2026-07-23T08:15:00.000-04:00,"2026-7-23 8:15,90.85,90.82,90.55,90.19,7,1,1,1,-,-,RIDE_both"
2026-07-23T08:20:00.000-04:00,"2026-7-23 8:20,90.93,90.87,90.58,90.22,7,1,1,1,-,-,RIDE_both"
2026-07-23T08:25:00.000-04:00,"2026-7-23 8:25,90.84,90.87,90.6,90.24,0,0,0,1,-,-,neutral"
2026-07-23T08:30:00.000-04:00,"2026-7-23 8:30,90.64,90.79,90.61,90.26,-3,-1,0,1,S,-,FIGHT"
2026-07-23T08:35:00.000-04:00,"2026-7-23 8:35,90.56,90.71,90.6,90.27,-3,-1,0,1,-,-,FIGHT"
2026-07-23T08:40:00.000-04:00,"2026-7-23 8:40,90.92,90.78,90.63,90.3,7,1,0,1,B,-,tide_only"
2026-07-23T08:45:00.000-04:00,"2026-7-23 8:45,90.86,90.8,90.64,90.32,7,1,0,1,-,-,tide_only"
2026-07-23T08:50:00.000-04:00,"2026-7-23 8:50,91.07,90.9,90.68,90.35,7,1,0,1,-,-,tide_only"
2026-07-23T08:55:00.000-04:00,"2026-7-23 8:55,90.84,90.89,90.69,90.37,0,0,0,1,-,-,neutral"
2026-07-23T09:00:00.000-04:00,"2026-7-23 9:00,91.15,90.99,90.73,90.4,7,1,0,1,-,-,tide_only"
2026-07-23T09:05:00.000-04:00,"2026-7-23 9:05,91.21,91.09,90.76,90.43,7,1,0,1,-,-,tide_only"
2026-07-23T09:10:00.000-04:00,"2026-7-23 9:10,91.36,91.21,90.81,90.47,7,1,1,1,-,-,RIDE_both"
2026-07-23T09:15:00.000-04:00,"2026-7-23 9:15,90.75,91.07,90.8,90.48,0,0,1,1,-,-,neutral"
2026-07-23T09:20:00.000-04:00,"2026-7-23 9:20,91.14,91.11,90.83,90.5,7,1,1,1,-,-,RIDE_both"
2026-07-23T09:25:00.000-04:00,"2026-7-23 9:25,90.96,91.07,90.84,90.52,0,0,0,1,-,-,neutral"
2026-07-23T09:30:00.000-04:00,"2026-7-23 9:30,90.89,91.01,90.84,90.54,0,0,0,1,-,-,neutral"
2026-07-23T09:35:00.000-04:00,"2026-7-23 9:35,91.27,91.11,90.88,90.56,7,1,0,1,-,-,tide_only"
2026-07-23T09:40:00.000-04:00,"2026-7-23 9:40,91.54,91.28,90.93,90.6,7,1,1,1,-,-,RIDE_both"
2026-07-23T09:45:00.000-04:00,"2026-7-23 9:45,91.56,91.41,90.98,90.64,7,1,1,1,-,-,RIDE_both"
2026-07-23T09:50:00.000-04:00,"2026-7-23 9:50,91.83,91.6,91.04,90.69,7,1,1,1,-,-,RIDE_both"
2026-07-23T09:55:00.000-04:00,"2026-7-23 9:55,91.74,91.7,91.1,90.73,7,1,1,1,-,-,RIDE_both"
2026-07-23T10:00:00.000-04:00,"2026-7-23 10:00,91.68,91.75,91.14,90.77,0,0,1,1,-,-,neutral"
2026-07-23T10:05:00.000-04:00,"2026-7-23 10:05,91.72,91.79,91.19,90.8,0,0,1,1,-,-,neutral"
2026-07-23T10:10:00.000-04:00,"2026-7-23 10:10,91.47,91.72,91.21,90.83,0,0,0,1,-,-,neutral"
2026-07-23T10:15:00.000-04:00,"2026-7-23 10:15,91.28,91.59,91.21,90.85,0,0,0,1,-,-,neutral"
2026-07-23T10:20:00.000-04:00,"2026-7-23 10:20,91.5,91.58,91.23,90.87,0,0,0,1,-,-,neutral"
2026-07-23T10:25:00.000-04:00,"2026-7-23 10:25,91.74,91.65,91.27,90.91,7,1,1,1,-,-,RIDE_both"
2026-07-23T10:30:00.000-04:00,"2026-7-23 10:30,91.84,91.74,91.32,90.94,7,1,1,1,-,-,RIDE_both"
2026-07-23T10:35:00.000-04:00,"2026-7-23 10:35,91.48,91.67,91.33,90.96,0,0,1,1,-,-,neutral"
2026-07-23T10:40:00.000-04:00,"2026-7-23 10:40,91.66,91.68,91.36,90.99,7,0,0,1,-,-,neutral"
2026-07-23T10:45:00.000-04:00,"2026-7-23 10:45,92.07,91.84,91.41,91.03,7,1,0,1,-,-,tide_only"
2026-07-23T10:50:00.000-04:00,"2026-7-23 10:50,92.1,91.96,91.46,91.08,7,1,0,1,-,-,tide_only"
2026-07-23T10:55:00.000-04:00,"2026-7-23 10:55,91.88,91.96,91.5,91.11,0,0,1,1,-,-,neutral"
2026-07-23T11:00:00.000-04:00,"2026-7-23 11:00,91.94,91.98,91.53,91.14,7,0,1,1,-,-,neutral"
2026-07-23T11:05:00.000-04:00,"2026-7-23 11:05,92.25,92.11,91.58,91.18,7,1,1,1,-,-,RIDE_both"
2026-07-23T11:10:00.000-04:00,"2026-7-23 11:10,92.1,92.14,91.62,91.22,0,0,0,1,-,-,neutral"
2026-07-23T11:15:00.000-04:00,"2026-7-23 11:15,92.31,92.24,91.68,91.26,7,1,0,1,-,-,tide_only"
2026-07-23T11:20:00.000-04:00,"2026-7-23 11:20,92.65,92.43,91.75,91.32,7,1,0,1,-,-,tide_only"
2026-07-23T11:25:00.000-04:00,"2026-7-23 11:25,92.47,92.5,91.81,91.36,0,0,1,1,-,-,neutral"
2026-07-23T11:30:00.000-04:00,"2026-7-23 11:30,92.48,92.54,91.86,91.41,0,0,1,1,-,-,neutral"
2026-07-23T11:35:00.000-04:00,"2026-7-23 11:35,92.3,92.5,91.89,91.44,0,0,1,1,-,-,neutral"
2026-07-23T11:40:00.000-04:00,"2026-7-23 11:40,92.06,92.38,91.91,91.47,0,0,0,1,-,-,neutral"
2026-07-23T11:45:00.000-04:00,"2026-7-23 11:45,91.89,92.22,91.9,91.48,0,0,0,1,-,-,neutral"
2026-07-23T11:50:00.000-04:00,"2026-7-23 11:50,91.96,92.12,91.91,91.5,-3,-1,0,1,S,-,FIGHT"
2026-07-23T11:55:00.000-04:00,"2026-7-23 11:55,91.86,92.02,91.91,91.51,-3,-1,0,1,-,-,FIGHT"
2026-07-23T12:00:00.000-04:00,"2026-7-23 12:00,92.08,92.02,91.92,91.54,7,1,0,1,B,-,tide_only"
2026-07-23T12:05:00.000-04:00,"2026-7-23 12:05,92.2,92.07,91.94,91.56,7,1,0,1,-,-,tide_only"
2026-07-23T12:10:00.000-04:00,"2026-7-23 12:10,91.8,91.96,91.93,91.57,-5,-1,0,1,S,-,FIGHT"
2026-07-23T12:15:00.000-04:00,"2026-7-23 12:15,92.08,91.98,91.94,91.59,0,0,0,1,-,-,neutral"
2026-07-23T12:20:00.000-04:00,"2026-7-23 12:20,92.02,91.97,91.95,91.61,0,0,0,1,-,-,neutral"
2026-07-23T12:25:00.000-04:00,"2026-7-23 12:25,91.89,91.92,91.94,91.62,-5,-1,0,1,-,-,FIGHT"
2026-07-23T12:30:00.000-04:00,"2026-7-23 12:30,92.36,92.06,91.97,91.65,7,1,0,1,B,-,tide_only"
2026-07-23T12:35:00.000-04:00,"2026-7-23 12:35,92.49,92.21,92.01,91.68,7,1,0,1,-,-,tide_only"
2026-07-23T12:40:00.000-04:00,"2026-7-23 12:40,92.38,92.28,92.04,91.71,7,1,1,1,-,-,RIDE_both"
2026-07-23T12:45:00.000-04:00,"2026-7-23 12:45,92.42,92.35,92.07,91.74,7,1,1,1,-,-,RIDE_both"
2026-07-23T12:50:00.000-04:00,"2026-7-23 12:50,92.39,92.38,92.1,91.76,7,1,1,1,-,-,RIDE_both"
2026-07-23T12:55:00.000-04:00,"2026-7-23 12:55,92.33,92.38,92.11,91.78,0,0,1,1,-,-,neutral"
2026-07-23T13:00:00.000-04:00,"2026-7-23 13:00,92.41,92.41,92.14,91.81,7,1,1,1,-,-,RIDE_both"
2026-07-23T13:05:00.000-04:00,"2026-7-23 13:05,92.49,92.45,92.16,91.84,7,1,1,1,-,-,RIDE_both"
2026-07-23T13:10:00.000-04:00,"2026-7-23 13:10,92.55,92.51,92.19,91.86,7,1,1,1,-,-,RIDE_both"
2026-07-23T13:15:00.000-04:00,"2026-7-23 13:15,92.71,92.6,92.23,91.9,7,1,1,1,-,-,RIDE_both"
2026-07-23T13:20:00.000-04:00,"2026-7-23 13:20,92.67,92.66,92.27,91.93,7,1,1,1,-,-,RIDE_both"
2026-07-23T13:25:00.000-04:00,"2026-7-23 13:25,92.57,92.65,92.29,91.95,0,0,1,1,-,-,neutral"
2026-07-23T13:30:00.000-04:00,"2026-7-23 13:30,92.63,92.67,92.32,91.98,7,0,1,1,-,-,neutral"
2026-07-23T13:35:00.000-04:00,"2026-7-23 13:35,92.66,92.69,92.34,92.01,7,0,1,1,-,-,neutral"
2026-07-23T13:40:00.000-04:00,"2026-7-23 13:40,93.11,92.87,92.4,92.05,7,1,1,1,-,-,RIDE_both"
2026-07-23T13:45:00.000-04:00,"2026-7-23 13:45,93.02,92.96,92.45,92.09,7,1,1,1,-,-,RIDE_both"
2026-07-23T13:50:00.000-04:00,"2026-7-23 13:50,93.21,93.09,92.51,92.13,7,1,1,1,-,-,RIDE_both"
2026-07-23T13:55:00.000-04:00,"2026-7-23 13:55,93.23,93.19,92.56,92.17,7,1,1,1,-,-,RIDE_both"
2026-07-23T14:00:00.000-04:00,"2026-7-23 14:00,93.29,93.28,92.62,92.22,7,1,1,1,-,-,RIDE_both"
2026-07-23T14:05:00.000-04:00,"2026-7-23 14:05,93.4,93.38,92.68,92.26,7,1,1,1,-,-,RIDE_both"
2026-07-23T14:10:00.000-04:00,"2026-7-23 14:10,93.2,93.37,92.72,92.3,0,0,1,1,-,-,neutral"
2026-07-23T14:15:00.000-04:00,"2026-7-23 14:15,92.68,93.17,92.72,92.32,0,0,1,1,-,-,neutral"
2026-07-23T14:20:00.000-04:00,"2026-7-23 14:20,92.5,92.94,92.7,92.32,0,0,1,1,-,-,neutral"
2026-07-23T14:25:00.000-04:00,"2026-7-23 14:25,92.1,92.63,92.65,92.31,-5,-1,0,1,S,-,FIGHT"
2026-07-23T14:30:00.000-04:00,"2026-7-23 14:30,92.13,92.41,92.61,92.31,-5,-1,0,1,-,-,FIGHT"
2026-07-23T14:35:00.000-04:00,"2026-7-23 14:35,92.14,92.25,92.58,92.3,-5,-1,0,1,-,-,FIGHT"
2026-07-23T14:40:00.000-04:00,"2026-7-23 14:40,92.01,92.1,92.53,92.29,-5,-1,0,1,-,-,FIGHT"
2026-07-23T14:45:00.000-04:00,"2026-7-23 14:45,92.17,92.05,92.51,92.28,-5,-1,0,1,-,-,FIGHT"
2026-07-23T14:50:00.000-04:00,"2026-7-23 14:50,92.29,92.07,92.49,92.28,0,0,0,1,-,-,neutral"
2026-07-23T14:55:00.000-04:00,"2026-7-23 14:55,92.06,92,92.46,92.28,-5,-1,0,0,-,-,FIGHT"
2026-07-23T15:00:00.000-04:00,"2026-7-23 15:00,91.87,91.89,92.41,92.26,-5,-1,0,0,-,-,FIGHT"
2026-07-23T15:05:00.000-04:00,"2026-7-23 15:05,91.75,91.77,92.36,92.24,-5,-1,0,0,-,-,FIGHT"
2026-07-23T15:10:00.000-04:00,"2026-7-23 15:10,91.7,91.67,92.31,92.22,-5,-1,-1,0,-,-,wave_only"
2026-07-23T15:15:00.000-04:00,"2026-7-23 15:15,91.74,91.62,92.27,92.2,0,0,-1,0,-,-,neutral"
2026-07-23T15:20:00.000-04:00,"2026-7-23 15:20,91.88,91.65,92.24,92.19,0,0,-1,0,-,-,neutral"
2026-07-23T15:25:00.000-04:00,"2026-7-23 15:25,91.61,91.58,92.19,92.16,-3,-1,-1,0,-,-,wave_only"
2026-07-23T15:30:00.000-04:00,"2026-7-23 15:30,91.54,91.5,92.14,92.14,-3,-1,-1,0,-,-,wave_only"
2026-07-23T15:35:00.000-04:00,"2026-7-23 15:35,91.75,91.53,92.11,92.13,0,0,-1,0,-,-,neutral"
2026-07-23T15:40:00.000-04:00,"2026-7-23 15:40,91.73,91.56,92.08,92.11,0,0,-1,0,-,-,neutral"
2026-07-23T15:45:00.000-04:00,"2026-7-23 15:45,91.87,91.63,92.06,92.1,0,0,-1,0,-,-,neutral"
2026-07-23T15:50:00.000-04:00,"2026-7-23 15:50,91.48,91.55,92.02,92.08,-3,-1,-1,0,-,-,wave_only"
2026-07-23T15:55:00.000-04:00,"2026-7-23 15:55,91.6,91.54,91.99,92.06,0,0,-1,0,-,-,neutral"
2026-07-23T16:00:00.000-04:00,"2026-7-23 16:00,91.61,91.53,91.96,92.04,0,0,-1,0,-,-,neutral"
2026-07-23T16:05:00.000-04:00,"2026-7-23 16:05,91.54,91.51,91.92,92.02,0,0,-1,0,-,-,neutral"
2026-07-23T16:10:00.000-04:00,"2026-7-23 16:10,91.59,91.52,91.9,92,0,0,-1,0,-,-,neutral"
2026-07-23T16:15:00.000-04:00,"2026-7-23 16:15,91.86,91.63,91.9,92,0,0,-1,0,-,-,neutral"
2026-07-23T16:20:00.000-04:00,"2026-7-23 16:20,92.01,91.76,91.9,92,3,0,-1,0,-,-,neutral"
2026-07-23T16:25:00.000-04:00,"2026-7-23 16:25,91.91,91.83,91.91,91.99,3,1,0,0,B,-,FIGHT"
2026-07-23T16:30:00.000-04:00,"2026-7-23 16:30,91.91,91.88,91.91,91.99,3,1,0,0,-,-,FIGHT"
2026-07-23T16:35:00.000-04:00,"2026-7-23 16:35,91.96,91.93,91.91,91.99,5,1,0,0,-,-,FIGHT"
2026-07-23T16:40:00.000-04:00,"2026-7-23 16:40,92.2,92.05,91.93,92,5,1,0,0,-,-,FIGHT"
2026-07-23T16:45:00.000-04:00,"2026-7-23 16:45,92.22,92.15,91.95,92.01,5,1,0,0,-,-,FIGHT"
2026-07-23T16:50:00.000-04:00,"2026-7-23 16:50,92.33,92.26,91.98,92.02,5,1,0,0,-,-,FIGHT"
2026-07-23T16:55:00.000-04:00,"2026-7-23 16:55,92.39,92.36,92.01,92.03,5,1,0,0,-,-,FIGHT"
2026-07-23T18:00:00.000-04:00,"2026-7-23 18:00,92.56,92.49,92.06,92.05,5,1,0,0,-,-,FIGHT"
2026-07-23T18:05:00.000-04:00,"2026-7-23 18:05,92.17,92.43,92.07,92.06,0,0,0,0,-,-,neutral"
2026-07-23T18:10:00.000-04:00,"2026-7-23 18:10,92.25,92.41,92.08,92.07,0,0,1,0,-,-,neutral"
2026-07-23T18:15:00.000-04:00,"2026-7-23 18:15,92.17,92.37,92.09,92.07,0,0,1,0,-,-,neutral"
2026-07-23T18:20:00.000-04:00,"2026-7-23 18:20,92.14,92.31,92.09,92.07,0,0,1,0,-,-,neutral"
2026-07-23T18:25:00.000-04:00,"2026-7-23 18:25,92.19,92.29,92.1,92.08,0,0,1,0,-,-,neutral"
2026-07-23T18:30:00.000-04:00,"2026-7-23 18:30,92.09,92.24,92.1,92.08,0,0,1,0,-,-,neutral"
2026-07-23T18:35:00.000-04:00,"2026-7-23 18:35,92.13,92.21,92.1,92.08,0,0,1,0,-,-,neutral"
2026-07-23T18:40:00.000-04:00,"2026-7-23 18:40,92.05,92.16,92.1,92.08,0,0,-1,0,-,-,neutral"
2026-07-23T18:45:00.000-04:00,"2026-7-23 18:45,92.09,92.13,92.1,92.08,0,0,-1,0,-,-,neutral"
2026-07-23T18:50:00.000-04:00,"2026-7-23 18:50,92.11,92.12,92.1,92.08,0,0,-1,0,-,-,neutral"
2026-07-23T18:55:00.000-04:00,"2026-7-23 18:55,92.08,92.1,92.1,92.08,0,0,0,0,-,-,neutral"
2026-07-23T19:00:00.000-04:00,"2026-7-23 19:00,92.21,92.14,92.1,92.09,7,1,0,0,-,-,FIGHT"
2026-07-23T19:05:00.000-04:00,"2026-7-23 19:05,92.18,92.15,92.11,92.09,7,1,0,0,-,-,FIGHT"
2026-07-23T19:10:00.000-04:00,"2026-7-23 19:10,92.18,92.16,92.12,92.09,7,0,1,0,-,-,neutral"
2026-07-23T19:15:00.000-04:00,"2026-7-23 19:15,92.19,92.17,92.12,92.1,7,1,1,0,-,-,wave_only"
2026-07-23T19:20:00.000-04:00,"2026-7-23 19:20,92.2,92.18,92.13,92.1,7,1,1,0,-,-,wave_only"
2026-07-23T19:25:00.000-04:00,"2026-7-23 19:25,92.16,92.18,92.13,92.1,0,0,0,0,-,-,neutral"
2026-07-23T19:30:00.000-04:00,"2026-7-23 19:30,92.11,92.15,92.13,92.1,-3,0,0,0,-,-,neutral"
2026-07-23T19:35:00.000-04:00,"2026-7-23 19:35,92.19,92.17,92.13,92.11,7,1,0,0,-,-,FIGHT"
2026-07-23T19:40:00.000-04:00,"2026-7-23 19:40,92.2,92.18,92.14,92.11,7,1,1,0,-,-,wave_only"
2026-07-23T19:45:00.000-04:00,"2026-7-23 19:45,92.14,92.16,92.14,92.11,0,0,1,0,-,-,neutral"
2026-07-23T19:50:00.000-04:00,"2026-7-23 19:50,92.26,92.2,92.15,92.12,7,1,1,0,-,-,wave_only"
2026-07-23T19:55:00.000-04:00,"2026-7-23 19:55,92.28,92.23,92.16,92.12,7,1,1,0,-,-,wave_only"
2026-07-23T20:00:00.000-04:00,"2026-7-23 20:00,92.45,92.32,92.18,92.14,7,1,1,0,-,-,wave_only"
2026-07-23T20:05:00.000-04:00,"2026-7-23 20:05,92.56,92.42,92.21,92.15,7,1,1,0,-,-,wave_only"
2026-07-23T20:10:00.000-04:00,"2026-7-23 20:10,92.7,92.55,92.25,92.17,7,1,1,0,-,-,wave_only"
2026-07-23T20:15:00.000-04:00,"2026-7-23 20:15,92.68,92.63,92.28,92.19,7,1,1,0,-,-,wave_only"
2026-07-23T20:20:00.000-04:00,"2026-7-23 20:20,92.33,92.55,92.28,92.2,0,0,1,0,-,-,neutral"
2026-07-23T20:25:00.000-04:00,"2026-7-23 20:25,92.27,92.47,92.28,92.2,0,0,0,0,-,-,neutral"
2026-07-23T20:30:00.000-04:00,"2026-7-23 20:30,92.26,92.41,92.28,92.2,0,0,0,0,-,-,neutral"
2026-07-23T20:35:00.000-04:00,"2026-7-23 20:35,92.2,92.34,92.28,92.2,0,0,0,0,-,-,neutral"
2026-07-23T20:40:00.000-04:00,"2026-7-23 20:40,92.15,92.26,92.27,92.2,-5,-1,-1,0,S,-,wave_only"
2026-07-23T20:45:00.000-04:00,"2026-7-23 20:45,92.18,92.22,92.26,92.2,-5,-1,-1,0,-,-,wave_only"
2026-07-23T20:50:00.000-04:00,"2026-7-23 20:50,92.17,92.19,92.25,92.2,-5,-1,-1,0,-,-,wave_only"
2026-07-23T20:55:00.000-04:00,"2026-7-23 20:55,91.9,92.07,92.23,92.19,-5,-1,-1,0,-,-,wave_only"
2026-07-23T21:00:00.000-04:00,"2026-7-23 21:00,91.6,91.87,92.18,92.17,-7,-1,-1,0,-,-,wave_only"
2026-07-23T21:05:00.000-04:00,"2026-7-23 21:05,91.65,91.74,92.14,92.15,-5,-1,-1,0,-,-,wave_only"
2026-07-23T21:10:00.000-04:00,"2026-7-23 21:10,91.55,91.62,92.09,92.12,-5,-1,-1,0,-,-,wave_only"
2026-07-23T21:15:00.000-04:00,"2026-7-23 21:15,91.49,91.51,92.05,92.1,-5,-1,-1,0,-,-,wave_only"
2026-07-23T21:20:00.000-04:00,"2026-7-23 21:20,91.48,91.44,92,92.07,0,0,-1,0,-,-,neutral"
2026-07-23T21:25:00.000-04:00,"2026-7-23 21:25,91.52,91.41,91.96,92.05,0,0,-1,0,-,-,neutral"
2026-07-23T21:30:00.000-04:00,"2026-7-23 21:30,91.53,91.39,91.93,92.03,0,0,-1,0,-,-,neutral"
2026-07-23T21:35:00.000-04:00,"2026-7-23 21:35,91.39,91.34,91.89,92.01,-3,-1,-1,0,-,-,wave_only"
2026-07-23T21:40:00.000-04:00,"2026-7-23 21:40,91.31,91.28,91.84,91.98,-3,-1,-1,0,-,-,wave_only"
2026-07-23T21:45:00.000-04:00,"2026-7-23 21:45,91.52,91.31,91.82,91.96,0,0,-1,0,-,-,neutral"
2026-07-23T21:50:00.000-04:00,"2026-7-23 21:50,91.53,91.35,91.8,91.94,0,0,-1,0,-,-,neutral"
2026-07-23T21:55:00.000-04:00,"2026-7-23 21:55,91.65,91.43,91.79,91.93,0,0,-1,0,-,-,neutral"
2026-07-23T22:00:00.000-04:00,"2026-7-23 22:00,91.68,91.5,91.78,91.92,0,0,-1,0,-,-,neutral"
2026-07-23T22:05:00.000-04:00,"2026-7-23 22:05,91.66,91.55,91.77,91.91,0,0,-1,0,-,-,neutral"
2026-07-23T22:10:00.000-04:00,"2026-7-23 22:10,91.65,91.58,91.76,91.9,0,0,0,0,-,-,neutral"
2026-07-23T22:15:00.000-04:00,"2026-7-23 22:15,91.72,91.64,91.76,91.89,0,0,0,0,-,-,neutral"
2026-07-23T22:20:00.000-04:00,"2026-7-23 22:20,91.89,91.74,91.77,91.89,3,1,0,0,B,-,FIGHT"
2026-07-23T22:25:00.000-04:00,"2026-7-23 22:25,91.85,91.8,91.77,91.89,5,1,0,0,-,-,FIGHT"
2026-07-23T22:30:00.000-04:00,"2026-7-23 22:30,91.77,91.81,91.77,91.89,5,0,0,0,-,-,neutral"
2026-07-23T22:35:00.000-04:00,"2026-7-23 22:35,91.69,91.79,91.77,91.88,0,0,0,0,-,-,neutral"
2026-07-23T22:40:00.000-04:00,"2026-7-23 22:40,91.82,91.82,91.77,91.88,5,1,0,0,-,-,FIGHT"
2026-07-23T22:45:00.000-04:00,"2026-7-23 22:45,91.93,91.88,91.78,91.88,5,1,0,0,-,-,FIGHT"
2026-07-23T22:50:00.000-04:00,"2026-7-23 22:50,91.89,91.91,91.79,91.88,5,1,0,0,-,-,FIGHT"
2026-07-23T22:55:00.000-04:00,"2026-7-23 22:55,91.91,91.93,91.8,91.88,5,1,0,0,-,-,FIGHT"
2026-07-23T23:00:00.000-04:00,"2026-7-23 23:00,92.05,92,91.82,91.89,5,1,0,0,-,-,FIGHT"
2026-07-23T23:05:00.000-04:00,"2026-7-23 23:05,92.13,92.08,91.84,91.9,5,1,0,0,-,-,FIGHT"
2026-07-23T23:10:00.000-04:00,"2026-7-23 23:10,92.1,92.12,91.86,91.91,5,1,0,0,-,-,FIGHT"
2026-07-23T23:15:00.000-04:00,"2026-7-23 23:15,92.03,92.12,91.88,91.91,0,0,0,0,-,-,neutral"
2026-07-23T23:20:00.000-04:00,"2026-7-23 23:20,92.05,92.13,91.89,91.92,0,0,0,0,-,-,neutral"
2026-07-23T23:25:00.000-04:00,"2026-7-23 23:25,92.22,92.19,91.91,91.93,7,1,1,0,-,-,wave_only"
2026-07-23T23:30:00.000-04:00,"2026-7-23 23:30,92.26,92.25,91.94,91.94,5,1,1,0,-,-,wave_only"
2026-07-23T23:35:00.000-04:00,"2026-7-23 23:35,92.13,92.24,91.96,91.95,0,0,1,0,-,-,neutral"
2026-07-23T23:40:00.000-04:00,"2026-7-23 23:40,92.08,92.21,91.97,91.95,0,0,1,0,-,-,neutral"
2026-07-23T23:45:00.000-04:00,"2026-7-23 23:45,92,92.15,91.97,91.96,0,0,1,0,-,-,neutral"
2026-07-23T23:50:00.000-04:00,"2026-7-23 23:50,91.96,92.1,91.97,91.96,0,0,1,0,-,-,neutral"
2026-07-23T23:55:00.000-04:00,"2026-7-23 23:55,91.9,92.03,91.96,91.95,0,0,0,0,-,-,neutral"
2026-07-24T00:00:00.000-04:00,"2026-7-24 0:00,91.88,91.97,91.96,91.95,-3,-1,0,0,S,-,FIGHT"
2026-07-24T00:05:00.000-04:00,"2026-7-24 0:05,91.69,91.86,91.94,91.94,-7,-1,0,0,-,-,FIGHT"
2026-07-24T00:10:00.000-04:00,"2026-7-24 0:10,91.8,91.82,91.93,91.93,-5,-1,0,0,-,-,FIGHT"
2026-07-24T00:15:00.000-04:00,"2026-7-24 0:15,91.75,91.77,91.91,91.93,-5,-1,0,0,-,-,FIGHT"
2026-07-24T00:20:00.000-04:00,"2026-7-24 0:20,91.72,91.73,91.9,91.92,-5,-1,0,0,-,-,FIGHT"
2026-07-24T00:25:00.000-04:00,"2026-7-24 0:25,91.66,91.68,91.88,91.91,-5,-1,-1,0,-,-,wave_only"
2026-07-24T00:30:00.000-04:00,"2026-7-24 0:30,91.7,91.66,91.86,91.9,-5,0,-1,0,-,-,neutral"
2026-07-24T00:35:00.000-04:00,"2026-7-24 0:35,91.73,91.66,91.85,91.89,0,0,-1,0,-,-,neutral"
2026-07-24T00:40:00.000-04:00,"2026-7-24 0:40,91.69,91.65,91.84,91.89,0,0,-1,0,-,-,neutral"
2026-07-24T00:45:00.000-04:00,"2026-7-24 0:45,91.75,91.66,91.83,91.88,0,0,-1,0,-,-,neutral"
2026-07-24T00:50:00.000-04:00,"2026-7-24 0:50,91.63,91.63,91.82,91.87,-7,-1,-1,0,-,-,wave_only"
2026-07-24T00:55:00.000-04:00,"2026-7-24 0:55,91.66,91.62,91.81,91.86,0,0,-1,0,-,-,neutral"
2026-07-24T01:00:00.000-04:00,"2026-7-24 1:00,91.62,91.6,91.79,91.85,0,0,-1,0,-,-,neutral"
2026-07-24T01:05:00.000-04:00,"2026-7-24 1:05,91.72,91.63,91.79,91.85,0,0,-1,0,-,-,neutral"
2026-07-24T01:10:00.000-04:00,"2026-7-24 1:10,91.76,91.66,91.78,91.84,0,0,0,0,-,-,neutral"
2026-07-24T01:15:00.000-04:00,"2026-7-24 1:15,91.83,91.72,91.79,91.84,3,0,0,0,-,-,neutral"
2026-07-24T01:20:00.000-04:00,"2026-7-24 1:20,91.79,91.74,91.79,91.84,3,0,0,0,-,-,neutral"
2026-07-24T01:25:00.000-04:00,"2026-7-24 1:25,91.73,91.74,91.78,91.84,0,0,-1,0,-,-,neutral"
2026-07-24T01:30:00.000-04:00,"2026-7-24 1:30,91.77,91.75,91.78,91.83,3,0,-1,0,-,-,neutral"
2026-07-24T01:35:00.000-04:00,"2026-7-24 1:35,91.66,91.72,91.77,91.83,-7,-1,-1,0,-,-,wave_only"
2026-07-24T01:40:00.000-04:00,"2026-7-24 1:40,91.44,91.62,91.75,91.81,-7,-1,-1,0,-,-,wave_only"
2026-07-24T01:45:00.000-04:00,"2026-7-24 1:45,91.29,91.49,91.71,91.79,-7,-1,-1,0,-,-,wave_only"
2026-07-24T01:50:00.000-04:00,"2026-7-24 1:50,91.58,91.5,91.7,91.78,0,0,-1,0,-,-,neutral"
2026-07-24T01:55:00.000-04:00,"2026-7-24 1:55,91.51,91.48,91.69,91.77,-3,-1,-1,0,-,-,wave_only"
2026-07-24T02:00:00.000-04:00,"2026-7-24 2:00,91.45,91.45,91.67,91.76,-7,-1,-1,0,-,-,wave_only"
2026-07-24T02:05:00.000-04:00,"2026-7-24 2:05,91.35,91.4,91.64,91.74,-7,-1,-1,0,-,-,wave_only"
2026-07-24T02:10:00.000-04:00,"2026-7-24 2:10,91.25,91.32,91.61,91.73,-7,-1,-1,0,-,-,wave_only"
2026-07-24T02:15:00.000-04:00,"2026-7-24 2:15,91.21,91.25,91.58,91.7,-7,-1,-1,0,-,-,wave_only"
2026-07-24T02:20:00.000-04:00,"2026-7-24 2:20,91.21,91.21,91.55,91.69,-7,-1,-1,0,-,-,wave_only"
2026-07-24T02:25:00.000-04:00,"2026-7-24 2:25,91.32,91.22,91.54,91.67,0,0,-1,0,-,-,neutral"
2026-07-24T02:30:00.000-04:00,"2026-7-24 2:30,90.95,91.09,91.49,91.64,-7,-1,-1,0,-,-,wave_only"
2026-07-24T02:35:00.000-04:00,"2026-7-24 2:35,91.19,91.09,91.47,91.63,0,0,-1,0,-,-,neutral"
2026-07-24T02:40:00.000-04:00,"2026-7-24 2:40,91.15,91.08,91.44,91.61,-3,-1,-1,0,-,-,wave_only"
2026-07-24T02:45:00.000-04:00,"2026-7-24 2:45,90.96,91.01,91.41,91.58,-7,-1,-1,0,-,-,wave_only"
2026-07-24T02:50:00.000-04:00,"2026-7-24 2:50,90.8,90.9,91.36,91.55,-7,-1,-1,0,-,-,wave_only"
2026-07-24T02:55:00.000-04:00,"2026-7-24 2:55,90.57,90.74,91.3,91.51,-7,-1,-1,-1,-,-,RIDE_both"
2026-07-24T03:00:00.000-04:00,"2026-7-24 3:00,90.58,90.63,91.24,91.48,-7,-1,-1,-1,-,-,RIDE_both"
2026-07-24T03:05:00.000-04:00,"2026-7-24 3:05,90.72,90.61,91.2,91.45,-3,-1,-1,-1,-,-,RIDE_both"
2026-07-24T03:10:00.000-04:00,"2026-7-24 3:10,90.55,90.54,91.15,91.41,-7,-1,-1,-1,-,-,RIDE_both"
2026-07-24T03:15:00.000-04:00,"2026-7-24 3:15,90.41,90.44,91.1,91.37,-7,-1,-1,-1,-,-,RIDE_both"
2026-07-24T03:20:00.000-04:00,"2026-7-24 3:20,90.5,90.41,91.05,91.34,-3,-1,-1,-1,-,-,RIDE_both"
2026-07-24T03:25:00.000-04:00,"2026-7-24 3:25,90.33,90.33,90.99,91.3,-7,-1,-1,-1,-,-,RIDE_both"
2026-07-24T03:30:00.000-04:00,"2026-7-24 3:30,90.39,90.3,90.95,91.26,-3,-1,-1,-1,-,-,RIDE_both"
2026-07-24T03:35:00.000-04:00,"2026-7-24 3:35,90.58,90.36,90.92,91.24,0,0,-1,-1,-,-,neutral"
2026-07-24T03:40:00.000-04:00,"2026-7-24 3:40,90.53,90.39,90.89,91.21,0,0,0,-1,-,-,neutral"
2026-07-24T03:45:00.000-04:00,"2026-7-24 3:45,90.37,90.35,90.85,91.17,-7,-1,0,-1,-,-,tide_only"
2026-07-24T03:50:00.000-04:00,"2026-7-24 3:50,90.33,90.32,90.81,91.14,-7,-1,0,-1,-,-,tide_only"
2026-07-24T03:55:00.000-04:00,"2026-7-24 3:55,90.45,90.34,90.78,91.11,0,0,0,-1,-,-,neutral"
2026-07-24T04:00:00.000-04:00,"2026-7-24 4:00,90.6,90.42,90.77,91.09,0,0,0,-1,-,-,neutral"
2026-07-24T04:05:00.000-04:00,"2026-7-24 4:05,90.6,90.48,90.76,91.08,0,0,0,-1,-,-,neutral"
2026-07-24T04:10:00.000-04:00,"2026-7-24 4:10,90.51,90.49,90.74,91.05,0,0,0,-1,-,-,neutral"
2026-07-24T04:15:00.000-04:00,"2026-7-24 4:15,90.63,90.54,90.73,91.04,3,1,0,-1,B,-,FIGHT"
2026-07-24T04:20:00.000-04:00,"2026-7-24 4:20,90.61,90.58,90.72,91.02,3,1,0,-1,-,-,FIGHT"
2026-07-24T04:25:00.000-04:00,"2026-7-24 4:25,90.09,90.41,90.67,90.98,-7,-1,-1,-1,S,SELL,RIDE_both"
2026-07-24T04:30:00.000-04:00,"2026-7-24 4:30,90.06,90.28,90.62,90.95,-7,-1,-1,-1,-,-,RIDE_both"
2026-07-24T04:35:00.000-04:00,"2026-7-24 4:35,89.9,90.12,90.57,90.91,-7,-1,-1,-1,-,-,RIDE_both"
2026-07-24T04:40:00.000-04:00,"2026-7-24 4:40,89.7,89.94,90.5,90.86,-7,-1,-1,-1,-,-,RIDE_both"
2026-07-24T04:45:00.000-04:00,"2026-7-24 4:45,89.62,89.78,90.43,90.81,-7,-1,-1,-1,-,-,RIDE_both"
2026-07-24T04:50:00.000-04:00,"2026-7-24 4:50,89.62,89.67,90.37,90.76,-7,-1,-1,-1,-,-,RIDE_both"
2026-07-24T04:55:00.000-04:00,"2026-7-24 4:55,89.6,89.58,90.31,90.72,-7,-1,-1,-1,-,-,RIDE_both"
2026-07-24T05:00:00.000-04:00,"2026-7-24 5:00,89.38,89.45,90.24,90.67,-7,-1,-1,-1,-,-,RIDE_both"
2026-07-24T05:05:00.000-04:00,"2026-7-24 5:05,89.02,89.23,90.15,90.6,-7,-1,-1,-1,-,-,RIDE_both"
2026-07-24T05:10:00.000-04:00,"2026-7-24 5:10,89.15,89.12,90.07,90.54,-7,-1,-1,-1,-,-,RIDE_both"
2026-07-24T05:15:00.000-04:00,"2026-7-24 5:15,88.97,88.99,89.98,90.48,-7,-1,-1,-1,-,-,RIDE_both"
2026-07-24T05:20:00.000-04:00,"2026-7-24 5:20,88.95,88.89,89.91,90.42,-7,-1,-1,-1,-,-,RIDE_both"
2026-07-24T05:25:00.000-04:00,"2026-7-24 5:25,89.06,88.87,89.84,90.37,0,0,-1,-1,-,-,neutral"
2026-07-24T05:30:00.000-04:00,"2026-7-24 5:30,88.86,88.8,89.76,90.31,-7,0,-1,-1,-,-,neutral"
2026-07-24T05:35:00.000-04:00,"2026-7-24 5:35,88.92,88.77,89.7,90.25,0,0,-1,-1,-,-,neutral"
2026-07-24T05:40:00.000-04:00,"2026-7-24 5:40,89.04,88.81,89.65,90.21,0,0,-1,-1,-,-,neutral"
2026-07-24T05:45:00.000-04:00,"2026-7-24 5:45,88.96,88.81,89.6,90.16,0,0,-1,-1,-,-,neutral"
2026-07-24T05:50:00.000-04:00,"2026-7-24 5:50,89.2,88.91,89.57,90.12,0,0,-1,-1,-,-,neutral"
2026-07-24T05:55:00.000-04:00,"2026-7-24 5:55,89.03,88.93,89.52,90.08,0,0,0,-1,-,-,neutral"
2026-07-24T06:00:00.000-04:00,"2026-7-24 6:00,89.21,89.01,89.5,90.04,0,0,0,-1,-,-,neutral"
2026-07-24T06:05:00.000-04:00,"2026-7-24 6:05,89.39,89.15,89.49,90.02,0,0,0,-1,-,-,neutral"
2026-07-24T06:10:00.000-04:00,"2026-7-24 6:10,89.53,89.3,89.49,90,3,1,0,-1,B,-,FIGHT"
2026-07-24T06:15:00.000-04:00,"2026-7-24 6:15,89.69,89.47,89.51,89.99,5,1,0,-1,-,-,FIGHT"
2026-07-24T06:20:00.000-04:00,"2026-7-24 6:20,89.56,89.54,89.51,89.97,5,1,0,-1,-,-,FIGHT"
2026-07-24T06:25:00.000-04:00,"2026-7-24 6:25,89.62,89.62,89.52,89.96,5,1,0,-1,-,-,FIGHT"
2026-07-24T06:30:00.000-04:00,"2026-7-24 6:30,89.96,89.79,89.56,89.96,5,1,0,-1,-,-,FIGHT"
2026-07-24T06:35:00.000-04:00,"2026-7-24 6:35,89.97,89.92,89.59,89.96,5,1,0,-1,-,-,FIGHT"
2026-07-24T06:40:00.000-04:00,"2026-7-24 6:40,89.89,89.98,89.61,89.95,5,1,0,-1,-,-,FIGHT"
2026-07-24T06:45:00.000-04:00,"2026-7-24 6:45,89.78,89.98,89.62,89.95,0,0,0,-1,-,-,neutral"
2026-07-24T06:50:00.000-04:00,"2026-7-24 6:50,90.16,90.11,89.66,89.96,5,1,0,-1,-,-,FIGHT"
2026-07-24T06:55:00.000-04:00,"2026-7-24 6:55,89.91,90.1,89.68,89.95,0,0,0,-1,-,-,neutral"
2026-07-24T07:00:00.000-04:00,"2026-7-24 7:00,89.77,90.04,89.69,89.95,0,0,0,-1,-,-,neutral"
2026-07-24T07:05:00.000-04:00,"2026-7-24 7:05,89.99,90.07,89.71,89.95,0,0,0,-1,-,-,neutral"
2026-07-24T07:10:00.000-04:00,"2026-7-24 7:10,89.94,90.07,89.73,89.95,0,0,0,-1,-,-,neutral"
2026-07-24T07:15:00.000-04:00,"2026-7-24 7:15,89.87,90.04,89.74,89.95,0,0,0,-1,-,-,neutral"
2026-07-24T07:20:00.000-04:00,"2026-7-24 7:20,89.83,89.99,89.75,89.94,0,0,0,-1,-,-,neutral"
2026-07-24T07:25:00.000-04:00,"2026-7-24 7:25,89.83,89.96,89.75,89.94,0,0,0,-1,-,-,neutral"
2026-07-24T07:30:00.000-04:00,"2026-7-24 7:30,89.96,89.98,89.77,89.94,5,1,0,-1,-,-,FIGHT"
2026-07-24T07:35:00.000-04:00,"2026-7-24 7:35,89.69,89.89,89.76,89.93,0,0,0,-1,-,-,neutral"
2026-07-24T07:40:00.000-04:00,"2026-7-24 7:40,89.96,89.92,89.78,89.93,5,1,1,-1,-,-,wave_only"
2026-07-24T07:45:00.000-04:00,"2026-7-24 7:45,89.92,89.93,89.79,89.93,0,0,1,-1,-,-,neutral"
2026-07-24T07:50:00.000-04:00,"2026-7-24 7:50,90.03,89.97,89.81,89.93,5,1,1,-1,-,-,wave_only"
2026-07-24T07:55:00.000-04:00,"2026-7-24 7:55,89.4,89.77,89.78,89.91,0,0,-1,-1,-,-,neutral"
2026-07-24T08:00:00.000-04:00,"2026-7-24 8:00,89.61,89.7,89.76,89.9,-7,-1,-1,-1,S,SELL,RIDE_both"
2026-07-24T08:05:00.000-04:00,"2026-7-24 8:05,89.89,89.75,89.77,89.9,5,1,-1,-1,B,-,FIGHT"
2026-07-24T08:10:00.000-04:00,"2026-7-24 8:10,89.75,89.74,89.77,89.89,-3,-1,0,-1,S,-,tide_only"
2026-07-24T08:15:00.000-04:00,"2026-7-24 8:15,89.57,89.67,89.76,89.88,-7,-1,0,-1,-,-,tide_only"
2026-07-24T08:20:00.000-04:00,"2026-7-24 8:20,89.58,89.62,89.74,89.87,-7,-1,0,-1,-,-,tide_only"
2026-07-24T08:25:00.000-04:00,"2026-7-24 8:25,89.49,89.55,89.72,89.85,-7,-1,-1,-1,-,-,RIDE_both"
2026-07-24T08:30:00.000-04:00,"2026-7-24 8:30,89.45,89.49,89.7,89.84,-7,-1,-1,-1,-,-,RIDE_both"
2026-07-24T08:35:00.000-04:00,"2026-7-24 8:35,89.08,89.31,89.65,89.81,-7,-1,-1,-1,-,-,RIDE_both"
2026-07-24T08:40:00.000-04:00,"2026-7-24 8:40,89.16,89.21,89.62,89.78,-7,-1,-1,-1,-,-,RIDE_both"
2026-07-24T08:45:00.000-04:00,"2026-7-24 8:45,89.34,89.21,89.6,89.77,0,0,-1,-1,-,-,neutral"
2026-07-24T08:50:00.000-04:00,"2026-7-24 8:50,89.39,89.23,89.58,89.75,0,0,-1,-1,-,-,neutral"
2026-07-24T08:55:00.000-04:00,"2026-7-24 8:55,89.37,89.25,89.56,89.74,0,0,-1,-1,-,-,neutral"
2026-07-24T09:00:00.000-04:00,"2026-7-24 9:00,89.63,89.36,89.57,89.73,0,0,-1,-1,-,-,neutral"
2026-07-24T09:05:00.000-04:00,"2026-7-24 9:05,89.88,89.53,89.59,89.74,3,1,-1,-1,B,-,FIGHT"
2026-07-24T09:10:00.000-04:00,"2026-7-24 9:10,90.02,89.72,89.63,89.75,5,1,0,-1,-,-,FIGHT"
2026-07-24T09:15:00.000-04:00,"2026-7-24 9:15,90.12,89.89,89.66,89.76,5,1,0,-1,-,-,FIGHT"
2026-07-24T09:20:00.000-04:00,"2026-7-24 9:20,90.5,90.15,89.73,89.79,5,1,0,-1,-,-,FIGHT"
2026-07-24T09:25:00.000-04:00,"2026-7-24 9:25,90.47,90.33,89.78,89.82,5,1,1,-1,-,-,wave_only"
2026-07-24T09:30:00.000-04:00,"2026-7-24 9:30,90.26,90.37,89.82,89.84,0,0,1,-1,-,-,neutral"
2026-07-24T09:35:00.000-04:00,"2026-7-24 9:35,90.3,90.41,89.86,89.85,0,0,1,-1,-,-,neutral"
2026-07-24T09:40:00.000-04:00,"2026-7-24 9:40,90.4,90.47,89.9,89.88,5,1,1,-1,-,-,wave_only"
2026-07-24T09:45:00.000-04:00,"2026-7-24 9:45,89.84,90.3,89.9,89.87,0,0,1,-1,-,-,neutral"
2026-07-24T09:50:00.000-04:00,"2026-7-24 9:50,90.1,90.27,89.91,89.88,0,0,1,-1,-,-,neutral"
2026-07-24T09:55:00.000-04:00,"2026-7-24 9:55,89.93,90.17,89.91,89.89,0,0,0,0,-,-,neutral"
2026-07-24T10:00:00.000-04:00,"2026-7-24 10:00,89.93,90.1,89.91,89.89,0,0,0,0,-,-,neutral"
2026-07-24T10:05:00.000-04:00,"2026-7-24 10:05,89.72,89.97,89.9,89.88,0,0,0,0,-,-,neutral"
2026-07-24T10:10:00.000-04:00,"2026-7-24 10:10,89.87,89.92,89.9,89.88,0,0,0,0,-,-,neutral"
2026-07-24T10:15:00.000-04:00,"2026-7-24 10:15,89.59,89.79,89.87,89.87,-7,-1,0,0,S,-,FIGHT"
2026-07-24T10:20:00.000-04:00,"2026-7-24 10:20,89.78,89.76,89.87,89.87,-5,-1,0,0,-,-,FIGHT"
2026-07-24T10:25:00.000-04:00,"2026-7-24 10:25,89.48,89.63,89.84,89.85,-7,-1,-1,0,-,-,wave_only"
2026-07-24T10:30:00.000-04:00,"2026-7-24 10:30,89.5,89.55,89.81,89.84,-5,-1,-1,0,-,-,wave_only"
2026-07-24T10:35:00.000-04:00,"2026-7-24 10:35,89.89,89.63,89.82,89.84,0,0,-1,0,-,-,neutral"
2026-07-24T10:40:00.000-04:00,"2026-7-24 10:40,89.5,89.56,89.79,89.83,-5,-1,-1,0,-,-,wave_only"
2026-07-24T10:45:00.000-04:00,"2026-7-24 10:45,89.56,89.53,89.77,89.81,-3,-1,-1,0,-,-,wave_only"
2026-07-24T10:50:00.000-04:00,"2026-7-24 10:50,89.6,89.52,89.76,89.81,0,0,-1,0,-,-,neutral"
2026-07-24T10:55:00.000-04:00,"2026-7-24 10:55,89.68,89.55,89.75,89.8,0,0,-1,0,-,-,neutral"
2026-07-24T11:00:00.000-04:00,"2026-7-24 11:00,89.84,89.63,89.76,89.8,0,0,-1,0,-,-,neutral"
2026-07-24T11:05:00.000-04:00,"2026-7-24 11:05,89.88,89.71,89.77,89.81,3,0,-1,0,-,-,neutral"
2026-07-24T11:10:00.000-04:00,"2026-7-24 11:10,88.96,89.43,89.71,89.77,-7,-1,-1,0,-,-,wave_only"
2026-07-24T11:15:00.000-04:00,"2026-7-24 11:15,88.55,89.08,89.62,89.72,-7,-1,-1,0,-,-,wave_only"
2026-07-24T11:20:00.000-04:00,"2026-7-24 11:20,88.4,88.76,89.53,89.67,-7,-1,-1,0,-,-,wave_only"
2026-07-24T11:25:00.000-04:00,"2026-7-24 11:25,88.07,88.42,89.41,89.61,-7,-1,-1,0,-,-,wave_only"
2026-07-24T11:30:00.000-04:00,"2026-7-24 11:30,88.29,88.26,89.33,89.56,-7,-1,-1,0,-,-,wave_only"
2026-07-24T11:35:00.000-04:00,"2026-7-24 11:35,87.93,88.03,89.22,89.49,-5,-1,-1,0,-,-,wave_only"
2026-07-24T11:40:00.000-04:00,"2026-7-24 11:40,88.31,88.01,89.15,89.45,-3,-1,-1,0,-,-,wave_only"
2026-07-24T11:45:00.000-04:00,"2026-7-24 11:45,88.65,88.13,89.11,89.42,0,0,-1,0,-,-,neutral"
2026-07-24T11:50:00.000-04:00,"2026-7-24 11:50,88.42,88.15,89.06,89.38,0,0,-1,0,-,-,neutral"
2026-07-24T11:55:00.000-04:00,"2026-7-24 11:55,88.4,88.17,89.01,89.34,0,0,-1,-1,-,-,neutral"
2026-07-24T12:00:00.000-04:00,"2026-7-24 12:00,88.39,88.19,88.96,89.3,0,0,-1,-1,-,-,neutral"
2026-07-24T12:05:00.000-04:00,"2026-7-24 12:05,88.49,88.25,88.92,89.27,0,0,-1,-1,-,-,neutral"
2026-07-24T12:10:00.000-04:00,"2026-7-24 12:10,88.59,88.34,88.9,89.24,0,0,-1,-1,-,-,neutral"
2026-07-24T12:15:00.000-04:00,"2026-7-24 12:15,88.45,88.36,88.86,89.21,0,0,-1,-1,-,-,neutral"
2026-07-24T12:20:00.000-04:00,"2026-7-24 12:20,88.57,88.42,88.84,89.19,0,0,-1,-1,-,-,neutral"
2026-07-24T12:25:00.000-04:00,"2026-7-24 12:25,88.34,88.38,88.8,89.15,-7,-1,-1,-1,-,-,RIDE_both"
2026-07-24T12:30:00.000-04:00,"2026-7-24 12:30,88.36,88.37,88.77,89.12,-7,-1,-1,-1,-,-,RIDE_both"
2026-07-24T12:35:00.000-04:00,"2026-7-24 12:35,88.44,88.39,88.74,89.1,0,0,-1,-1,-,-,neutral"
2026-07-24T12:40:00.000-04:00,"2026-7-24 12:40,88.21,88.32,88.7,89.06,-7,-1,-1,-1,-,-,RIDE_both"
2026-07-24T12:45:00.000-04:00,"2026-7-24 12:45,88.21,88.27,88.66,89.03,-7,-1,-1,-1,-,-,RIDE_both"
2026-07-24T12:50:00.000-04:00,"2026-7-24 12:50,88.35,88.29,88.64,89,0,0,-1,-1,-,-,neutral"
2026-07-24T12:55:00.000-04:00,"2026-7-24 12:55,88.38,88.32,88.62,88.98,0,0,0,-1,-,-,neutral"
2026-07-24T13:00:00.000-04:00,"2026-7-24 13:00,88.26,88.3,88.59,88.95,-7,-1,0,-1,-,-,tide_only"
2026-07-24T13:05:00.000-04:00,"2026-7-24 13:05,88.41,88.34,88.58,88.93,3,1,0,-1,B,-,FIGHT"
2026-07-24T13:10:00.000-04:00,"2026-7-24 13:10,88.55,88.42,88.58,88.91,3,1,0,-1,-,-,FIGHT"
2026-07-24T13:15:00.000-04:00,"2026-7-24 13:15,88.71,88.54,88.59,88.9,5,1,0,-1,-,-,FIGHT"
2026-07-24T13:20:00.000-04:00,"2026-7-24 13:20,88.87,88.69,88.61,88.9,5,1,0,-1,-,-,FIGHT"
2026-07-24T13:25:00.000-04:00,"2026-7-24 13:25,88.86,88.79,88.63,88.9,5,1,0,-1,-,-,FIGHT"
2026-07-24T13:30:00.000-04:00,"2026-7-24 13:30,88.89,88.87,88.65,88.9,5,1,0,-1,-,-,FIGHT"
2026-07-24T13:35:00.000-04:00,"2026-7-24 13:35,89.08,89,88.68,88.91,5,1,0,-1,-,-,FIGHT"
2026-07-24T13:40:00.000-04:00,"2026-7-24 13:40,88.92,89.03,88.7,88.91,0,0,0,-1,-,-,neutral"
2026-07-24T13:45:00.000-04:00,"2026-7-24 13:45,88.99,89.07,88.72,88.91,5,0,0,-1,-,-,neutral"
2026-07-24T13:50:00.000-04:00,"2026-7-24 13:50,89.19,89.16,88.76,88.92,5,1,0,-1,-,-,FIGHT"
2026-07-24T13:55:00.000-04:00,"2026-7-24 13:55,89.07,89.19,88.78,88.93,0,0,1,0,-,-,neutral"
2026-07-24T14:00:00.000-04:00,"2026-7-24 14:00,88.89,89.13,88.79,88.93,0,0,1,0,-,-,neutral"
2026-07-24T14:05:00.000-04:00,"2026-7-24 14:05,88.82,89.06,88.79,88.92,0,0,1,0,-,-,neutral"
2026-07-24T14:10:00.000-04:00,"2026-7-24 14:10,88.77,88.98,88.79,88.92,0,0,0,0,-,-,neutral"
2026-07-24T14:15:00.000-04:00,"2026-7-24 14:15,89.13,89.05,88.82,88.93,5,1,0,0,-,-,FIGHT"
2026-07-24T14:20:00.000-04:00,"2026-7-24 14:20,89.17,89.12,88.84,88.93,5,1,0,0,-,-,FIGHT"
2026-07-24T14:25:00.000-04:00,"2026-7-24 14:25,89.33,89.23,88.88,88.95,5,1,1,0,-,-,wave_only"
2026-07-24T14:30:00.000-04:00,"2026-7-24 14:30,89.3,89.29,88.91,88.96,5,1,1,0,-,-,wave_only"
2026-07-24T14:35:00.000-04:00,"2026-7-24 14:35,89.16,89.28,88.93,88.97,0,0,1,0,-,-,neutral"
2026-07-24T14:40:00.000-04:00,"2026-7-24 14:40,89.29,89.31,88.96,88.98,0,0,1,0,-,-,neutral"
2026-07-24T14:45:00.000-04:00,"2026-7-24 14:45,89.23,89.31,88.98,88.99,0,0,1,0,-,-,neutral"
2026-07-24T14:50:00.000-04:00,"2026-7-24 14:50,89.29,89.33,89,89.01,0,0,1,0,-,-,neutral"
2026-07-24T14:55:00.000-04:00,"2026-7-24 14:55,89.36,89.37,89.03,89.02,0,0,1,0,-,-,neutral"
2026-07-24T15:00:00.000-04:00,"2026-7-24 15:00,89.47,89.43,89.07,89.04,3,1,1,0,-,-,wave_only"
2026-07-24T15:05:00.000-04:00,"2026-7-24 15:05,89.5,89.48,89.1,89.06,3,1,1,0,-,-,wave_only"
2026-07-24T15:10:00.000-04:00,"2026-7-24 15:10,89.54,89.53,89.13,89.07,5,1,1,0,-,-,wave_only"
2026-07-24T15:15:00.000-04:00,"2026-7-24 15:15,89.59,89.58,89.17,89.09,5,1,1,0,-,-,wave_only"
2026-07-24T15:20:00.000-04:00,"2026-7-24 15:20,89.54,89.6,89.2,89.11,0,0,1,0,-,-,neutral"
2026-07-24T15:25:00.000-04:00,"2026-7-24 15:25,89.72,89.67,89.24,89.14,5,1,1,0,-,-,wave_only"
2026-07-24T15:30:00.000-04:00,"2026-7-24 15:30,89.46,89.63,89.25,89.15,0,0,1,0,-,-,neutral"
2026-07-24T15:35:00.000-04:00,"2026-7-24 15:35,89.24,89.51,89.25,89.15,0,0,1,0,-,-,neutral"
2026-07-24T15:40:00.000-04:00,"2026-7-24 15:40,89.34,89.45,89.26,89.16,0,0,0,0,-,-,neutral"
2026-07-24T15:45:00.000-04:00,"2026-7-24 15:45,89.34,89.41,89.27,89.17,0,0,0,0,-,-,neutral"
2026-07-24T15:50:00.000-04:00,"2026-7-24 15:50,89.25,89.35,89.26,89.17,0,0,0,0,-,-,neutral"
2026-07-24T15:55:00.000-04:00,"2026-7-24 15:55,89.77,89.49,89.3,89.19,7,1,1,0,-,-,wave_only"
2026-07-24T16:00:00.000-04:00,"2026-7-24 16:00,89.92,89.65,89.35,89.22,7,1,1,0,-,-,wave_only"
2026-07-24T16:05:00.000-04:00,"2026-7-24 16:05,90.04,89.81,89.4,89.25,7,1,1,0,-,-,wave_only"
2026-07-24T16:10:00.000-04:00,"2026-7-24 16:10,90.21,89.99,89.47,89.29,7,1,1,0,-,-,wave_only"
2026-07-24T16:15:00.000-04:00,"2026-7-24 16:15,90.09,90.07,89.51,89.32,7,1,1,0,-,-,wave_only"
2026-07-24T16:20:00.000-04:00,"2026-7-24 16:20,90.3,90.2,89.57,89.36,7,1,1,0,-,-,wave_only"
2026-07-24T16:25:00.000-04:00,"2026-7-24 16:25,90.4,90.33,89.64,89.4,7,1,1,0,-,-,wave_only"
2026-07-24T16:30:00.000-04:00,"2026-7-24 16:30,90.48,90.45,89.7,89.44,7,1,1,0,-,-,wave_only"
2026-07-24T16:35:00.000-04:00,"2026-7-24 16:35,90.43,90.5,89.76,89.48,0,0,1,0,-,-,neutral"
2026-07-24T16:40:00.000-04:00,"2026-7-24 16:40,90.42,90.54,89.81,89.52,0,0,1,0,-,-,neutral"
2026-07-24T16:45:00.000-04:00,"2026-7-24 16:45,90.5,90.58,89.86,89.56,7,0,1,0,-,-,neutral"
2026-07-24T16:50:00.000-04:00,"2026-7-24 16:50,90.53,90.61,89.91,89.6,0,0,1,0,-,-,neutral"
2026-07-24T16:55:00.000-04:00,"2026-7-24 16:55,90.44,90.6,89.95,89.63,0,0,1,0,-,-,neutral"
2026-07-26T18:00:00.000-04:00,"2026-7-26 18:00,84.83,88.51,89.56,89.44,-3,-1,1,0,S,-,FIGHT"
2026-07-26T18:05:00.000-04:00,"2026-7-26 18:05,84.62,86.9,89.18,89.25,-5,-1,1,0,-,-,FIGHT"
2026-07-26T18:10:00.000-04:00,"2026-7-26 18:10,84.74,85.78,88.84,89.07,-5,-1,-1,0,-,-,wave_only"
2026-07-26T18:15:00.000-04:00,"2026-7-26 18:15,83.97,84.72,88.46,88.87,-5,-1,-1,0,-,-,wave_only"
2026-07-26T18:20:00.000-04:00,"2026-7-26 18:20,84.26,84.09,88.14,88.69,-5,-1,-1,0,-,-,wave_only"
2026-07-26T18:25:00.000-04:00,"2026-7-26 18:25,84.37,83.73,87.85,88.52,-3,-1,-1,0,-,-,wave_only"
2026-07-26T18:30:00.000-04:00,"2026-7-26 18:30,84.45,83.54,87.59,88.36,0,0,-1,0,-,-,neutral"
2026-07-26T18:35:00.000-04:00,"2026-7-26 18:35,84.53,83.49,87.35,88.21,0,0,-1,0,-,-,neutral"
2026-07-26T18:40:00.000-04:00,"2026-7-26 18:40,84.7,83.56,87.15,88.08,0,0,-1,0,-,-,neutral"
2026-07-26T18:45:00.000-04:00,"2026-7-26 18:45,84.6,83.62,86.95,87.94,0,0,-1,0,-,-,neutral"
2026-07-26T18:50:00.000-04:00,"2026-7-26 18:50,84.8,83.78,86.79,87.82,0,0,-1,0,-,-,neutral"
2026-07-26T18:55:00.000-04:00,"2026-7-26 18:55,84.8,83.93,86.63,87.7,0,0,-1,-1,-,-,neutral"
2026-07-26T19:00:00.000-04:00,"2026-7-26 19:00,84.99,84.15,86.51,87.59,0,0,-1,-1,-,-,neutral"
2026-07-26T19:05:00.000-04:00,"2026-7-26 19:05,85.03,84.34,86.39,87.49,0,0,-1,-1,-,-,neutral"
2026-07-26T19:10:00.000-04:00,"2026-7-26 19:10,85.06,84.51,86.29,87.4,0,0,-1,-1,-,-,neutral"
2026-07-26T19:15:00.000-04:00,"2026-7-26 19:15,84.95,84.62,86.19,87.3,0,0,-1,-1,-,-,neutral"
2026-07-26T19:20:00.000-04:00,"2026-7-26 19:20,84.99,84.72,86.1,87.21,0,0,-1,-1,-,-,neutral"
2026-07-26T19:25:00.000-04:00,"2026-7-26 19:25,84.92,84.78,86.01,87.12,0,0,-1,-1,-,-,neutral"
2026-07-26T19:30:00.000-04:00,"2026-7-26 19:30,84.89,84.82,85.92,87.03,0,0,-1,-1,-,-,neutral"
2026-07-26T19:35:00.000-04:00,"2026-7-26 19:35,84.85,84.84,85.84,86.95,0,0,-1,-1,-,-,neutral"
2026-07-26T19:40:00.000-04:00,"2026-7-26 19:40,84.73,84.81,85.75,86.86,-7,-1,0,-1,-,-,tide_only"
2026-07-26T19:45:00.000-04:00,"2026-7-26 19:45,84.72,84.8,85.67,86.78,-7,-1,0,-1,-,-,tide_only"
2026-07-26T19:50:00.000-04:00,"2026-7-26 19:50,84.68,84.77,85.6,86.69,-7,-1,0,-1,-,-,tide_only"
2026-07-26T19:55:00.000-04:00,"2026-7-26 19:55,84.61,84.73,85.52,86.61,-7,-1,0,-1,-,-,tide_only"
2026-07-26T20:00:00.000-04:00,"2026-7-26 20:00,84.73,84.75,85.46,86.54,0,0,0,-1,-,-,neutral"
2026-07-26T20:05:00.000-04:00,"2026-7-26 20:05,84.66,84.74,85.4,86.46,-7,-1,0,-1,-,-,tide_only"
2026-07-26T20:10:00.000-04:00,"2026-7-26 20:10,84.38,84.63,85.32,86.38,-7,-1,0,-1,-,-,tide_only"
2026-07-26T20:15:00.000-04:00,"2026-7-26 20:15,84.21,84.48,85.23,86.3,-7,-1,0,-1,-,-,tide_only"
2026-07-26T20:20:00.000-04:00,"2026-7-26 20:20,84.15,84.36,85.15,86.21,-7,-1,0,-1,-,-,tide_only"
2026-07-26T20:25:00.000-04:00,"2026-7-26 20:25,84.48,84.4,85.1,86.15,0,0,0,-1,-,-,neutral"
2026-07-26T20:30:00.000-04:00,"2026-7-26 20:30,84.59,84.47,85.06,86.08,0,0,0,-1,-,-,neutral"
2026-07-26T20:35:00.000-04:00,"2026-7-26 20:35,84.53,84.5,85.02,86.02,0,0,0,-1,-,-,neutral"
2026-07-26T20:40:00.000-04:00,"2026-7-26 20:40,84.54,84.53,84.98,85.97,0,0,0,-1,-,-,neutral"
2026-07-26T20:45:00.000-04:00,"2026-7-26 20:45,84.76,84.63,84.97,85.92,3,1,0,-1,B,-,FIGHT"
2026-07-26T20:50:00.000-04:00,"2026-7-26 20:50,84.68,84.68,84.94,85.87,3,1,0,-1,-,-,FIGHT"
2026-07-26T20:55:00.000-04:00,"2026-7-26 20:55,84.78,84.75,84.93,85.83,3,1,0,-1,-,-,FIGHT"
2026-07-26T21:00:00.000-04:00,"2026-7-26 21:00,85.2,84.95,84.95,85.8,5,1,0,-1,-,-,FIGHT"
2026-07-26T21:05:00.000-04:00,"2026-7-26 21:05,85.22,85.11,84.97,85.78,5,1,0,-1,-,-,FIGHT"
2026-07-26T21:10:00.000-04:00,"2026-7-26 21:10,85.26,85.23,84.99,85.76,5,1,0,-1,-,-,FIGHT"
2026-07-26T21:15:00.000-04:00,"2026-7-26 21:15,85.22,85.3,85.01,85.74,5,1,0,-1,-,-,FIGHT"
2026-07-26T21:20:00.000-04:00,"2026-7-26 21:20,85.21,85.34,85.03,85.72,5,1,0,-1,-,-,FIGHT"
2026-07-26T21:25:00.000-04:00,"2026-7-26 21:25,85.12,85.33,85.03,85.69,0,0,0,-1,-,-,neutral"
2026-07-26T21:30:00.000-04:00,"2026-7-26 21:30,85,85.27,85.03,85.67,0,0,0,-1,-,-,neutral"
2026-07-26T21:35:00.000-04:00,"2026-7-26 21:35,84.98,85.21,85.03,85.64,0,0,0,-1,-,-,neutral"
2026-07-26T21:40:00.000-04:00,"2026-7-26 21:40,85.15,85.23,85.04,85.62,0,0,0,-1,-,-,neutral"
2026-07-26T21:45:00.000-04:00,"2026-7-26 21:45,85.26,85.28,85.05,85.61,5,1,0,-1,-,-,FIGHT"
2026-07-26T21:50:00.000-04:00,"2026-7-26 21:50,85.22,85.3,85.07,85.59,0,0,0,-1,-,-,neutral"
2026-07-26T21:55:00.000-04:00,"2026-7-26 21:55,85.27,85.32,85.08,85.58,0,0,0,0,-,-,neutral"
2026-07-26T22:00:00.000-04:00,"2026-7-26 22:00,85.38,85.38,85.11,85.57,5,1,0,0,-,-,FIGHT"
2026-07-26T22:05:00.000-04:00,"2026-7-26 22:05,85.38,85.42,85.13,85.56,5,1,0,0,-,-,FIGHT"
2026-07-26T22:10:00.000-04:00,"2026-7-26 22:10,85.45,85.46,85.15,85.56,5,1,0,0,-,-,FIGHT"
2026-07-26T22:15:00.000-04:00,"2026-7-26 22:15,85.4,85.48,85.17,85.55,0,0,0,0,-,-,neutral"
2026-07-26T22:20:00.000-04:00,"2026-7-26 22:20,85.56,85.54,85.2,85.55,5,1,0,0,-,-,FIGHT"
2026-07-26T22:25:00.000-04:00,"2026-7-26 22:25,85.63,85.61,85.23,85.56,5,1,0,0,-,-,FIGHT"
2026-07-26T22:30:00.000-04:00,"2026-7-26 22:30,85.61,85.65,85.26,85.56,0,0,0,0,-,-,neutral"
2026-07-26T22:35:00.000-04:00,"2026-7-26 22:35,85.41,85.6,85.27,85.55,0,0,0,0,-,-,neutral"
2026-07-26T22:40:00.000-04:00,"2026-7-26 22:40,85.54,85.6,85.29,85.55,0,0,1,0,-,-,neutral"
2026-07-26T22:45:00.000-04:00,"2026-7-26 22:45,85.51,85.59,85.31,85.55,0,0,1,0,-,-,neutral"
2026-07-26T22:50:00.000-04:00,"2026-7-26 22:50,85.53,85.59,85.33,85.55,0,0,1,0,-,-,neutral"
2026-07-26T22:55:00.000-04:00,"2026-7-26 22:55,85.58,85.6,85.35,85.55,0,0,1,0,-,-,neutral"
2026-07-26T23:00:00.000-04:00,"2026-7-26 23:00,85.38,85.54,85.35,85.54,0,0,1,0,-,-,neutral"
2026-07-26T23:05:00.000-04:00,"2026-7-26 23:05,85.28,85.45,85.34,85.53,0,0,1,0,-,-,neutral"
2026-07-26T23:10:00.000-04:00,"2026-7-26 23:10,85.42,85.43,85.35,85.53,0,0,1,0,-,-,neutral"
2026-07-26T23:15:00.000-04:00,"2026-7-26 23:15,85.29,85.38,85.35,85.52,0,0,1,0,-,-,neutral"
2026-07-26T23:20:00.000-04:00,"2026-7-26 23:20,85.32,85.34,85.34,85.51,0,0,1,0,-,-,neutral"
2026-07-26T23:25:00.000-04:00,"2026-7-26 23:25,85.29,85.31,85.34,85.5,-7,-1,-1,0,S,-,wave_only"
2026-07-26T23:30:00.000-04:00,"2026-7-26 23:30,85.15,85.23,85.32,85.49,-7,-1,-1,0,-,-,wave_only"
2026-07-26T23:35:00.000-04:00,"2026-7-26 23:35,85.11,85.17,85.31,85.47,-7,-1,-1,0,-,-,wave_only"
2026-07-26T23:40:00.000-04:00,"2026-7-26 23:40,85.13,85.12,85.29,85.46,-7,-1,-1,0,-,-,wave_only"
2026-07-26T23:45:00.000-04:00,"2026-7-26 23:45,85.25,85.14,85.29,85.45,0,0,-1,0,-,-,neutral"
2026-07-26T23:50:00.000-04:00,"2026-7-26 23:50,85.37,85.2,85.3,85.45,3,0,-1,0,-,-,neutral"
2026-07-26T23:55:00.000-04:00,"2026-7-26 23:55,85.22,85.19,85.29,85.44,-7,-1,-1,0,-,-,wave_only"
2026-07-27T00:00:00.000-04:00,"2026-7-27 0:00,84.95,85.09,85.27,85.42,-7,-1,-1,0,-,-,wave_only"
2026-07-27T00:05:00.000-04:00,"2026-7-27 0:05,85.08,85.06,85.25,85.41,-7,-1,-1,0,-,-,wave_only"
2026-07-27T00:10:00.000-04:00,"2026-7-27 0:10,85.09,85.05,85.24,85.4,-7,-1,-1,0,-,-,wave_only"
2026-07-27T00:15:00.000-04:00,"2026-7-27 0:15,85.01,85.01,85.22,85.38,-7,-1,-1,0,-,-,wave_only"
2026-07-27T00:20:00.000-04:00,"2026-7-27 0:20,84.95,84.96,85.2,85.36,-7,-1,-1,0,-,-,wave_only"
2026-07-27T00:25:00.000-04:00,"2026-7-27 0:25,84.85,84.9,85.17,85.34,-7,-1,-1,0,-,-,wave_only"
2026-07-27T00:30:00.000-04:00,"2026-7-27 0:30,84.81,84.83,85.15,85.32,-7,-1,-1,0,-,-,wave_only"
2026-07-27T00:35:00.000-04:00,"2026-7-27 0:35,84.68,84.74,85.11,85.3,-7,-1,-1,0,-,-,wave_only"
2026-07-27T00:40:00.000-04:00,"2026-7-27 0:40,84.56,84.64,85.07,85.27,-7,-1,-1,0,-,-,wave_only"
2026-07-27T00:45:00.000-04:00,"2026-7-27 0:45,84.68,84.61,85.04,85.25,-7,-1,-1,0,-,-,wave_only"
2026-07-27T00:50:00.000-04:00,"2026-7-27 0:50,84.74,84.62,85.01,85.23,0,0,-1,0,-,-,neutral"
2026-07-27T00:55:00.000-04:00,"2026-7-27 0:55,84.85,84.67,85,85.21,0,0,-1,0,-,-,neutral"
2026-07-27T01:00:00.000-04:00,"2026-7-27 1:00,84.93,84.74,85,85.2,0,0,-1,0,-,-,neutral"
2026-07-27T01:05:00.000-04:00,"2026-7-27 1:05,84.78,84.74,84.98,85.18,-7,0,-1,0,-,-,neutral"
2026-07-27T01:10:00.000-04:00,"2026-7-27 1:10,84.8,84.75,84.97,85.17,0,0,-1,0,-,-,neutral"
2026-07-27T01:15:00.000-04:00,"2026-7-27 1:15,84.97,84.82,84.97,85.16,0,0,-1,0,-,-,neutral"
2026-07-27T01:20:00.000-04:00,"2026-7-27 1:20,84.63,84.75,84.94,85.14,-7,-1,-1,0,-,-,wave_only"
2026-07-27T01:25:00.000-04:00,"2026-7-27 1:25,84.67,84.71,84.92,85.12,-7,-1,-1,0,-,-,wave_only"
2026-07-27T01:30:00.000-04:00,"2026-7-27 1:30,84.8,84.73,84.91,85.11,0,0,-1,0,-,-,neutral"
2026-07-27T01:35:00.000-04:00,"2026-7-27 1:35,84.72,84.72,84.9,85.09,-7,-1,-1,0,-,-,wave_only"
2026-07-27T01:40:00.000-04:00,"2026-7-27 1:40,84.64,84.69,84.88,85.08,-7,-1,-1,0,-,-,wave_only"
2026-07-27T01:45:00.000-04:00,"2026-7-27 1:45,84.49,84.61,84.85,85.05,-7,-1,-1,0,-,-,wave_only"
2026-07-27T01:50:00.000-04:00,"2026-7-27 1:50,84.43,84.53,84.81,85.03,-7,-1,-1,0,-,-,wave_only"
2026-07-27T01:55:00.000-04:00,"2026-7-27 1:55,84.58,84.53,84.8,85.01,-7,0,-1,0,-,-,neutral"
2026-07-27T02:00:00.000-04:00,"2026-7-27 2:00,84.16,84.37,84.75,84.98,-7,-1,-1,0,-,-,wave_only"
2026-07-27T02:05:00.000-04:00,"2026-7-27 2:05,84.03,84.22,84.69,84.94,-7,-1,-1,0,-,-,wave_only"
2026-07-27T02:10:00.000-04:00,"2026-7-27 2:10,83.78,84.01,84.62,84.89,-7,-1,-1,0,-,-,wave_only"
2026-07-27T02:15:00.000-04:00,"2026-7-27 2:15,83.57,83.79,84.54,84.84,-7,-1,-1,0,-,-,wave_only"
2026-07-27T02:20:00.000-04:00,"2026-7-27 2:20,83.93,83.77,84.49,84.81,0,0,-1,0,-,-,neutral"
2026-07-27T02:25:00.000-04:00,"2026-7-27 2:25,83.86,83.74,84.45,84.77,0,0,-1,0,-,-,neutral"
2026-07-27T02:30:00.000-04:00,"2026-7-27 2:30,83.85,83.72,84.4,84.73,0,0,-1,0,-,-,neutral"
2026-07-27T02:35:00.000-04:00,"2026-7-27 2:35,83.84,83.71,84.36,84.7,0,0,-1,0,-,-,neutral"
2026-07-27T02:40:00.000-04:00,"2026-7-27 2:40,83.74,83.67,84.31,84.66,-3,-1,-1,0,-,-,wave_only"
2026-07-27T02:45:00.000-04:00,"2026-7-27 2:45,83.65,83.62,84.26,84.62,-7,-1,-1,0,-,-,wave_only"
2026-07-27T02:50:00.000-04:00,"2026-7-27 2:50,83.57,83.55,84.21,84.58,-7,-1,-1,0,-,-,wave_only"
2026-07-27T02:55:00.000-04:00,"2026-7-27 2:55,83.48,83.48,84.15,84.54,-7,-1,-1,-1,-,-,RIDE_both"
2026-07-27T03:00:00.000-04:00,"2026-7-27 3:00,83.88,83.58,84.13,84.51,0,0,-1,-1,-,-,neutral"
2026-07-27T03:05:00.000-04:00,"2026-7-27 3:05,83.9,83.67,84.11,84.49,0,0,-1,-1,-,-,neutral"
2026-07-27T03:10:00.000-04:00,"2026-7-27 3:10,83.69,83.66,84.08,84.46,-7,-1,-1,-1,-,-,RIDE_both"
2026-07-27T03:15:00.000-04:00,"2026-7-27 3:15,83.65,83.64,84.05,84.42,-7,-1,-1,-1,-,-,RIDE_both"
2026-07-27T03:20:00.000-04:00,"2026-7-27 3:20,83.89,83.72,84.03,84.4,0,0,-1,-1,-,-,neutral"
2026-07-27T03:25:00.000-04:00,"2026-7-27 3:25,84.18,83.89,84.05,84.39,3,1,0,-1,B,-,FIGHT"
2026-07-27T03:30:00.000-04:00,"2026-7-27 3:30,84.25,84.04,84.06,84.39,5,1,0,-1,-,-,FIGHT"
2026-07-27T03:35:00.000-04:00,"2026-7-27 3:35,84.21,84.13,84.07,84.38,5,1,0,-1,-,-,FIGHT"
2026-07-27T03:40:00.000-04:00,"2026-7-27 3:40,84.32,84.24,84.09,84.38,5,1,0,-1,-,-,FIGHT"
2026-07-27T03:45:00.000-04:00,"2026-7-27 3:45,84.22,84.28,84.1,84.37,5,1,0,-1,-,-,FIGHT"
2026-07-27T03:50:00.000-04:00,"2026-7-27 3:50,84.18,84.29,84.11,84.37,0,0,0,-1,-,-,neutral"
2026-07-27T03:55:00.000-04:00,"2026-7-27 3:55,84.59,84.44,84.14,84.37,5,1,1,0,-,-,wave_only"
2026-07-27T04:00:00.000-04:00,"2026-7-27 4:00,84.79,84.62,84.19,84.39,5,1,1,0,-,-,wave_only"
2026-07-27T04:05:00.000-04:00,"2026-7-27 4:05,84.32,84.58,84.2,84.39,0,0,1,0,-,-,neutral"
2026-07-27T04:10:00.000-04:00,"2026-7-27 4:10,84.29,84.53,84.21,84.38,0,0,1,0,-,-,neutral"
2026-07-27T04:15:00.000-04:00,"2026-7-27 4:15,84.01,84.38,84.2,84.37,0,0,1,0,-,-,neutral"
2026-07-27T04:20:00.000-04:00,"2026-7-27 4:20,84.02,84.27,84.18,84.36,0,0,1,0,-,-,neutral"
2026-07-27T04:25:00.000-04:00,"2026-7-27 4:25,83.71,84.07,84.15,84.33,-7,-1,-1,0,S,-,wave_only"
2026-07-27T04:30:00.000-04:00,"2026-7-27 4:30,83.8,83.96,84.12,84.31,-7,-1,-1,0,-,-,wave_only"
2026-07-27T04:35:00.000-04:00,"2026-7-27 4:35,83.83,83.89,84.1,84.29,-7,-1,-1,0,-,-,wave_only"
2026-07-27T04:40:00.000-04:00,"2026-7-27 4:40,83.47,83.71,84.05,84.26,-7,-1,-1,0,-,-,wave_only"
2026-07-27T04:45:00.000-04:00,"2026-7-27 4:45,83.47,83.58,84,84.23,-7,-1,-1,0,-,-,wave_only"
2026-07-27T04:50:00.000-04:00,"2026-7-27 4:50,82.95,83.3,83.92,84.18,-7,-1,-1,0,-,-,wave_only"
2026-07-27T04:55:00.000-04:00,"2026-7-27 4:55,82.94,83.1,83.85,84.13,-7,-1,-1,-1,-,-,RIDE_both"
2026-07-27T05:00:00.000-04:00,"2026-7-27 5:00,83.2,83.05,83.8,84.09,-3,-1,-1,-1,-,-,RIDE_both"
2026-07-27T05:05:00.000-04:00,"2026-7-27 5:05,83.19,83.02,83.75,84.06,-3,-1,-1,-1,-,-,RIDE_both"
2026-07-27T05:10:00.000-04:00,"2026-7-27 5:10,83.2,83.02,83.71,84.02,0,0,-1,-1,-,-,neutral"
2026-07-27T05:15:00.000-04:00,"2026-7-27 5:15,83.22,83.03,83.67,83.99,0,0,-1,-1,-,-,neutral"
2026-07-27T05:20:00.000-04:00,"2026-7-27 5:20,83.05,82.98,83.62,83.96,-7,-1,-1,-1,-,-,RIDE_both"
2026-07-27T05:25:00.000-04:00,"2026-7-27 5:25,82.76,82.84,83.56,83.91,-7,-1,-1,-1,-,-,RIDE_both"
2026-07-27T05:30:00.000-04:00,"2026-7-27 5:30,82.67,82.72,83.49,83.86,-7,-1,-1,-1,-,-,RIDE_both"
2026-07-27T05:35:00.000-04:00,"2026-7-27 5:35,82.86,82.71,83.44,83.82,-3,-1,-1,-1,-,-,RIDE_both"
2026-07-27T05:40:00.000-04:00,"2026-7-27 5:40,82.62,82.62,83.38,83.77,-7,-1,-1,-1,-,-,RIDE_both"
2026-07-27T05:45:00.000-04:00,"2026-7-27 5:45,82.55,82.53,83.31,83.73,-7,-1,-1,-1,-,-,RIDE_both"
2026-07-27T05:50:00.000-04:00,"2026-7-27 5:50,82.29,82.38,83.23,83.67,-7,-1,-1,-1,-,-,RIDE_both"
2026-07-27T05:55:00.000-04:00,"2026-7-27 5:55,82.35,82.3,83.17,83.62,-7,0,-1,-1,-,-,neutral"
2026-07-27T06:00:00.000-04:00,"2026-7-27 6:00,82.46,82.3,83.11,83.57,0,0,-1,-1,-,-,neutral"
2026-07-27T06:05:00.000-04:00,"2026-7-27 6:05,82.92,82.47,83.1,83.55,0,0,-1,-1,-,-,neutral"
2026-07-27T06:10:00.000-04:00,"2026-7-27 6:10,83.27,82.73,83.11,83.54,0,0,0,-1,-,-,neutral"
2026-07-27T06:15:00.000-04:00,"2026-7-27 6:15,82.97,82.82,83.1,83.51,3,1,0,-1,B,-,FIGHT"
2026-07-27T06:20:00.000-04:00,"2026-7-27 6:20,83.15,82.95,83.1,83.5,3,1,0,-1,-,-,FIGHT"
2026-07-27T06:25:00.000-04:00,"2026-7-27 6:25,83.02,83,83.1,83.48,3,1,0,-1,-,-,FIGHT"
2026-07-27T06:30:00.000-04:00,"2026-7-27 6:30,83.1,83.06,83.1,83.47,5,1,0,-1,-,-,FIGHT"
2026-07-27T06:35:00.000-04:00,"2026-7-27 6:35,82.99,83.07,83.09,83.45,0,0,0,-1,-,-,neutral"
2026-07-27T06:40:00.000-04:00,"2026-7-27 6:40,83.05,83.09,83.09,83.43,5,1,0,-1,-,-,FIGHT"
2026-07-27T06:45:00.000-04:00,"2026-7-27 6:45,83.09,83.12,83.09,83.42,5,1,0,-1,-,-,FIGHT"
2026-07-27T06:50:00.000-04:00,"2026-7-27 6:50,83.07,83.13,83.09,83.4,0,0,0,-1,-,-,neutral"
2026-07-27T06:55:00.000-04:00,"2026-7-27 6:55,83.27,83.21,83.1,83.4,5,1,0,0,-,-,FIGHT"
2026-07-27T07:00:00.000-04:00,"2026-7-27 7:00,83.32,83.29,83.12,83.4,5,1,0,0,-,-,FIGHT"
2026-07-27T07:05:00.000-04:00,"2026-7-27 7:05,83.22,83.3,83.12,83.39,0,0,0,0,-,-,neutral"
2026-07-27T07:10:00.000-04:00,"2026-7-27 7:10,83.42,83.38,83.15,83.39,5,1,1,0,-,-,wave_only"
2026-07-27T07:15:00.000-04:00,"2026-7-27 7:15,83.46,83.45,83.17,83.39,5,1,1,0,-,-,wave_only"
2026-07-27T07:20:00.000-04:00,"2026-7-27 7:20,83.36,83.46,83.19,83.39,0,0,1,0,-,-,neutral"
2026-07-27T07:25:00.000-04:00,"2026-7-27 7:25,83.78,83.62,83.23,83.41,5,1,1,0,-,-,wave_only"
2026-07-27T07:30:00.000-04:00,"2026-7-27 7:30,83.14,83.5,83.22,83.4,0,0,1,0,-,-,neutral"
2026-07-27T07:35:00.000-04:00,"2026-7-27 7:35,83.22,83.43,83.22,83.39,0,0,1,0,-,-,neutral"
2026-07-27T07:40:00.000-04:00,"2026-7-27 7:40,83.24,83.38,83.23,83.38,0,0,0,0,-,-,neutral"
2026-07-27T07:45:00.000-04:00,"2026-7-27 7:45,83.25,83.35,83.23,83.38,0,0,0,0,-,-,neutral"
2026-07-27T07:50:00.000-04:00,"2026-7-27 7:50,83.26,83.33,83.23,83.37,0,0,0,0,-,-,neutral"
2026-07-27T07:55:00.000-04:00,"2026-7-27 7:55,83.36,83.35,83.24,83.37,0,0,0,0,-,-,neutral"
2026-07-27T08:00:00.000-04:00,"2026-7-27 8:00,83.55,83.43,83.26,83.38,5,1,0,0,-,-,FIGHT"
2026-07-27T08:05:00.000-04:00,"2026-7-27 8:05,83.76,83.57,83.3,83.4,5,1,0,0,-,-,FIGHT"
2026-07-27T08:10:00.000-04:00,"2026-7-27 8:10,84.1,83.79,83.36,83.42,5,1,1,0,-,-,wave_only"
2026-07-27T08:15:00.000-04:00,"2026-7-27 8:15,84.14,83.97,83.42,83.45,5,1,1,0,-,-,wave_only"
2026-07-27T08:20:00.000-04:00,"2026-7-27 8:20,84.04,84.05,83.47,83.47,5,1,1,0,-,-,wave_only"
2026-07-27T08:25:00.000-04:00,"2026-7-27 8:25,84.09,84.13,83.52,83.5,5,1,1,0,-,-,wave_only"
2026-07-27T08:30:00.000-04:00,"2026-7-27 8:30,83.93,84.11,83.55,83.52,0,0,1,0,-,-,neutral"
2026-07-27T08:35:00.000-04:00,"2026-7-27 8:35,83.97,84.11,83.58,83.53,0,0,1,0,-,-,neutral"
2026-07-27T08:40:00.000-04:00,"2026-7-27 8:40,84.02,84.12,83.62,83.55,0,0,1,0,-,-,neutral"
2026-07-27T08:45:00.000-04:00,"2026-7-27 8:45,83.9,84.08,83.64,83.57,0,0,1,0,-,-,neutral"
2026-07-27T08:50:00.000-04:00,"2026-7-27 8:50,84.29,84.19,83.69,83.59,7,1,1,0,-,-,wave_only"
2026-07-27T08:55:00.000-04:00,"2026-7-27 8:55,84.03,84.17,83.71,83.61,0,0,1,0,-,-,neutral"
2026-07-27T09:00:00.000-04:00,"2026-7-27 9:00,84.01,84.14,83.74,83.63,0,0,1,0,-,-,neutral"
2026-07-27T09:05:00.000-04:00,"2026-7-27 9:05,84.29,84.22,83.78,83.65,5,1,1,0,-,-,wave_only"
2026-07-27T09:10:00.000-04:00,"2026-7-27 9:10,84.23,84.25,83.81,83.68,0,0,1,0,-,-,neutral"
2026-07-27T09:15:00.000-04:00,"2026-7-27 9:15,84.46,84.35,83.86,83.71,7,1,1,0,-,-,wave_only"
2026-07-27T09:20:00.000-04:00,"2026-7-27 9:20,84.3,84.37,83.9,83.73,0,0,1,0,-,-,neutral"
2026-07-27T09:25:00.000-04:00,"2026-7-27 9:25,84.49,84.44,83.94,83.76,7,1,1,0,-,-,wave_only"
2026-07-27T09:30:00.000-04:00,"2026-7-27 9:30,84.09,84.34,83.95,83.77,0,0,1,0,-,-,neutral"
2026-07-27T09:35:00.000-04:00,"2026-7-27 9:35,83.68,84.12,83.93,83.77,0,0,1,0,-,-,neutral"
2026-07-27T09:40:00.000-04:00,"2026-7-27 9:40,83.88,84.02,83.93,83.77,-3,-1,0,0,S,-,FIGHT"
2026-07-27T09:45:00.000-04:00,"2026-7-27 9:45,83.78,83.91,83.92,83.77,-5,-1,0,0,-,-,FIGHT"
2026-07-27T09:50:00.000-04:00,"2026-7-27 9:50,84.18,83.99,83.94,83.79,7,1,0,0,B,-,FIGHT"
2026-07-27T09:55:00.000-04:00,"2026-7-27 9:55,84.22,84.05,83.96,83.81,7,1,1,0,-,-,wave_only"
2026-07-27T10:00:00.000-04:00,"2026-7-27 10:00,83.85,83.97,83.95,83.81,-5,-1,1,0,S,-,FIGHT"
2026-07-27T10:05:00.000-04:00,"2026-7-27 10:05,83.74,83.86,83.93,83.81,-5,-1,1,0,-,-,FIGHT"
2026-07-27T10:10:00.000-04:00,"2026-7-27 10:10,83.5,83.7,83.9,83.79,-5,-1,0,0,-,-,FIGHT"
2026-07-27T10:15:00.000-04:00,"2026-7-27 10:15,83.65,83.64,83.88,83.79,-5,-1,0,0,-,-,FIGHT"
2026-07-27T10:20:00.000-04:00,"2026-7-27 10:20,83.54,83.56,83.86,83.78,-5,-1,0,0,-,-,FIGHT"
2026-07-27T10:25:00.000-04:00,"2026-7-27 10:25,83.65,83.55,83.84,83.77,-3,-1,0,0,-,-,FIGHT"
2026-07-27T10:30:00.000-04:00,"2026-7-27 10:30,83.7,83.56,83.83,83.77,0,0,0,0,-,-,neutral"
2026-07-27T10:35:00.000-04:00,"2026-7-27 10:35,83.63,83.55,83.81,83.76,-3,-1,0,0,-,-,FIGHT"
2026-07-27T10:40:00.000-04:00,"2026-7-27 10:40,83.64,83.55,83.8,83.76,0,0,0,0,-,-,neutral"
2026-07-27T10:45:00.000-04:00,"2026-7-27 10:45,83.69,83.57,83.79,83.76,0,0,0,0,-,-,neutral"
2026-07-27T10:50:00.000-04:00,"2026-7-27 10:50,83.75,83.61,83.79,83.76,0,0,0,0,-,-,neutral"
2026-07-27T10:55:00.000-04:00,"2026-7-27 10:55,83.56,83.57,83.77,83.75,-5,-1,-1,0,-,-,wave_only"
2026-07-27T11:00:00.000-04:00,"2026-7-27 11:00,83.42,83.5,83.74,83.74,-5,-1,-1,0,-,-,wave_only"
2026-07-27T11:05:00.000-04:00,"2026-7-27 11:05,83.39,83.43,83.72,83.72,-5,-1,-1,0,-,-,wave_only"
2026-07-27T11:10:00.000-04:00,"2026-7-27 11:10,83.23,83.33,83.68,83.7,-7,-1,-1,0,-,-,wave_only"
2026-07-27T11:15:00.000-04:00,"2026-7-27 11:15,83.18,83.24,83.64,83.68,-5,-1,-1,0,-,-,wave_only"
2026-07-27T11:20:00.000-04:00,"2026-7-27 11:20,83.34,83.24,83.62,83.67,0,0,-1,0,-,-,neutral"
2026-07-27T11:25:00.000-04:00,"2026-7-27 11:25,83.17,83.18,83.58,83.65,-5,-1,-1,0,-,-,wave_only"
2026-07-27T11:30:00.000-04:00,"2026-7-27 11:30,83.29,83.18,83.56,83.64,0,0,-1,0,-,-,neutral"
2026-07-27T11:35:00.000-04:00,"2026-7-27 11:35,83.27,83.18,83.54,83.62,0,0,-1,0,-,-,neutral"
2026-07-27T11:40:00.000-04:00,"2026-7-27 11:40,83.13,83.14,83.51,83.6,-3,-1,-1,0,-,-,wave_only"
2026-07-27T11:45:00.000-04:00,"2026-7-27 11:45,83.28,83.16,83.49,83.59,0,0,-1,0,-,-,neutral"
2026-07-27T11:50:00.000-04:00,"2026-7-27 11:50,83.19,83.15,83.47,83.57,-3,-1,-1,0,-,-,wave_only"
2026-07-27T11:55:00.000-04:00,"2026-7-27 11:55,83.4,83.22,83.46,83.57,0,0,0,0,-,-,neutral"
2026-07-27T12:00:00.000-04:00,"2026-7-27 12:00,83.32,83.25,83.45,83.56,0,0,0,0,-,-,neutral"
2026-07-27T12:05:00.000-04:00,"2026-7-27 12:05,83.33,83.27,83.44,83.55,0,0,0,0,-,-,neutral"
2026-07-27T12:10:00.000-04:00,"2026-7-27 12:10,83.23,83.26,83.43,83.54,-3,-1,-1,0,-,-,wave_only"
2026-07-27T12:15:00.000-04:00,"2026-7-27 12:15,83.71,83.42,83.45,83.54,3,1,-1,0,B,-,FIGHT"
2026-07-27T12:20:00.000-04:00,"2026-7-27 12:20,83.73,83.55,83.47,83.55,5,1,-1,0,-,-,FIGHT"
2026-07-27T12:25:00.000-04:00,"2026-7-27 12:25,83.03,83.38,83.43,83.53,-7,-1,-1,0,S,-,wave_only"
2026-07-27T12:30:00.000-04:00,"2026-7-27 12:30,82.37,83.02,83.35,83.48,-7,-1,-1,0,-,-,wave_only"
2026-07-27T12:35:00.000-04:00,"2026-7-27 12:35,82.66,82.86,83.3,83.45,-7,-1,-1,0,-,-,wave_only"
2026-07-27T12:40:00.000-04:00,"2026-7-27 12:40,82.77,82.78,83.26,83.43,-7,-1,-1,0,-,-,wave_only"
2026-07-27T12:45:00.000-04:00,"2026-7-27 12:45,82.95,82.8,83.24,83.41,0,0,-1,0,-,-,neutral"
2026-07-27T12:50:00.000-04:00,"2026-7-27 12:50,83.08,82.87,83.22,83.39,0,0,-1,0,-,-,neutral"
2026-07-27T12:55:00.000-04:00,"2026-7-27 12:55,82.83,82.83,83.19,83.37,-3,-1,-1,-1,-,-,RIDE_both"
2026-07-27T13:00:00.000-04:00,"2026-7-27 13:00,82.74,82.77,83.16,83.35,-7,-1,-1,-1,-,-,RIDE_both"
2026-07-27T13:05:00.000-04:00,"2026-7-27 13:05,82.73,82.73,83.13,83.32,0,0,-1,-1,-,-,neutral"
2026-07-27T13:10:00.000-04:00,"2026-7-27 13:10,82.62,82.66,83.09,83.29,-7,-1,-1,-1,-,-,RIDE_both"
2026-07-27T13:15:00.000-04:00,"2026-7-27 13:15,82.67,82.63,83.05,83.27,-3,-1,-1,-1,-,-,RIDE_both"
2026-07-27T13:20:00.000-04:00,"2026-7-27 13:20,82.65,82.61,83.02,83.25,-7,-1,-1,-1,-,-,RIDE_both"
2026-07-27T13:25:00.000-04:00,"2026-7-27 13:25,82.67,82.6,83,83.22,-7,0,-1,-1,-,-,neutral"
2026-07-27T13:30:00.000-04:00,"2026-7-27 13:30,82.58,82.57,82.96,83.2,-7,-1,-1,-1,-,-,RIDE_both"
2026-07-27T13:35:00.000-04:00,"2026-7-27 13:35,82.9,82.67,82.96,83.19,0,0,-1,-1,-,-,neutral"
2026-07-27T13:40:00.000-04:00,"2026-7-27 13:40,82.95,82.76,82.96,83.18,0,0,0,-1,-,-,neutral"
2026-07-27T13:45:00.000-04:00,"2026-7-27 13:45,82.86,82.8,82.95,83.16,0,0,0,-1,-,-,neutral"
2026-07-27T13:50:00.000-04:00,"2026-7-27 13:50,82.78,82.8,82.94,83.15,-7,0,0,-1,-,-,neutral"
2026-07-27T13:55:00.000-04:00,"2026-7-27 13:55,82.62,82.74,82.91,83.13,-7,-1,-1,-1,-,-,RIDE_both"
2026-07-27T14:00:00.000-04:00,"2026-7-27 14:00,82.5,82.65,82.88,83.1,-7,-1,-1,-1,-,-,RIDE_both"
2026-07-27T14:05:00.000-04:00,"2026-7-27 14:05,82.26,82.5,82.83,83.07,-7,-1,-1,-1,-,-,RIDE_both"
2026-07-27T14:10:00.000-04:00,"2026-7-27 14:10,82.36,82.42,82.8,83.04,-7,-1,-1,-1,-,-,RIDE_both"
2026-07-27T14:15:00.000-04:00,"2026-7-27 14:15,82.06,82.26,82.74,83,-7,-1,-1,-1,-,-,RIDE_both"
2026-07-27T14:20:00.000-04:00,"2026-7-27 14:20,82.36,82.26,82.71,82.98,-7,0,-1,-1,-,-,neutral"
2026-07-27T14:25:00.000-04:00,"2026-7-27 14:25,82.64,82.37,82.71,82.97,0,0,0,-1,-,-,neutral"
2026-07-27T14:30:00.000-04:00,"2026-7-27 14:30,82.9,82.55,82.72,82.96,0,0,0,-1,-,-,neutral"
2026-07-27T14:35:00.000-04:00,"2026-7-27 14:35,82.74,82.62,82.72,82.95,3,1,0,-1,B,-,FIGHT"
2026-07-27T14:40:00.000-04:00,"2026-7-27 14:40,82.38,82.54,82.7,82.93,-7,-1,-1,-1,S,SELL,RIDE_both"
2026-07-27T14:45:00.000-04:00,"2026-7-27 14:45,82.32,82.46,82.67,82.91,-7,-1,-1,-1,-,-,RIDE_both"
2026-07-27T14:50:00.000-04:00,"2026-7-27 14:50,82.25,82.38,82.63,82.88,-7,-1,-1,-1,-,-,RIDE_both"
2026-07-27T14:55:00.000-04:00,"2026-7-27 14:55,82.1,82.26,82.59,82.85,-7,-1,-1,-1,-,-,RIDE_both"
2026-07-27T15:00:00.000-04:00,"2026-7-27 15:00,82.29,82.25,82.57,82.83,-7,-1,-1,-1,-,-,RIDE_both"
2026-07-27T15:05:00.000-04:00,"2026-7-27 15:05,82.27,82.24,82.55,82.81,-7,-1,-1,-1,-,-,RIDE_both"
2026-07-27T15:10:00.000-04:00,"2026-7-27 15:10,82.41,82.28,82.54,82.79,0,0,0,-1,-,-,neutral"
2026-07-27T15:15:00.000-04:00,"2026-7-27 15:15,82.4,82.32,82.53,82.78,0,0,0,-1,-,-,neutral"
2026-07-27T15:20:00.000-04:00,"2026-7-27 15:20,82.28,82.3,82.51,82.76,-7,-1,0,-1,-,-,tide_only"
2026-07-27T15:25:00.000-04:00,"2026-7-27 15:25,82.32,82.3,82.49,82.74,0,0,-1,-1,-,-,neutral"
2026-07-27T15:30:00.000-04:00,"2026-7-27 15:30,82.31,82.3,82.48,82.72,-7,0,-1,-1,-,-,neutral"
2026-07-27T15:35:00.000-04:00,"2026-7-27 15:35,82.3,82.29,82.47,82.71,-7,0,-1,-1,-,-,neutral"
2026-07-27T15:40:00.000-04:00,"2026-7-27 15:40,82.23,82.27,82.45,82.69,-7,-1,-1,-1,-,-,RIDE_both"
2026-07-27T15:45:00.000-04:00,"2026-7-27 15:45,82.05,82.18,82.42,82.66,-7,-1,-1,-1,-,-,RIDE_both"
2026-07-27T15:50:00.000-04:00,"2026-7-27 15:50,81.96,82.09,82.38,82.64,-7,-1,-1,-1,-,-,RIDE_both"
2026-07-27T15:55:00.000-04:00,"2026-7-27 15:55,81.95,82.02,82.35,82.61,-7,-1,-1,-1,-,-,RIDE_both"
2026-07-27T16:00:00.000-04:00,"2026-7-27 16:00,82.01,81.99,82.32,82.59,-7,-1,-1,-1,-,-,RIDE_both"
2026-07-27T16:05:00.000-04:00,"2026-7-27 16:05,81.75,81.88,82.28,82.55,-7,-1,-1,-1,-,-,RIDE_both"
2026-07-27T16:10:00.000-04:00,"2026-7-27 16:10,81.73,81.79,82.24,82.52,-7,-1,-1,-1,-,-,RIDE_both"
2026-07-27T16:15:00.000-04:00,"2026-7-27 16:15,81.89,81.79,82.21,82.5,0,0,-1,-1,-,-,neutral"
2026-07-27T16:20:00.000-04:00,"2026-7-27 16:20,81.79,81.76,82.18,82.47,-7,-1,-1,-1,-,-,RIDE_both"
2026-07-27T16:25:00.000-04:00,"2026-7-27 16:25,81.87,81.77,82.15,82.44,0,0,-1,-1,-,-,neutral"
2026-07-27T16:30:00.000-04:00,"2026-7-27 16:30,81.93,81.8,82.14,82.42,0,0,-1,-1,-,-,neutral"
2026-07-27T16:35:00.000-04:00,"2026-7-27 16:35,82.03,81.87,82.13,82.41,0,0,-1,-1,-,-,neutral"
2026-07-27T16:40:00.000-04:00,"2026-7-27 16:40,82.04,81.92,82.12,82.39,0,0,0,-1,-,-,neutral"
2026-07-27T16:45:00.000-04:00,"2026-7-27 16:45,81.95,81.93,82.11,82.38,0,0,0,-1,-,-,neutral"
2026-07-27T16:50:00.000-04:00,"2026-7-27 16:50,81.74,81.86,82.08,82.35,-7,-1,0,-1,-,-,tide_only"
2026-07-27T16:55:00.000-04:00,"2026-7-27 16:55,81.91,81.87,82.07,82.33,0,0,-1,-1,-,-,neutral"
2026-07-27T18:00:00.000-04:00,"2026-7-27 18:00,81.93,81.89,82.06,82.32,3,1,-1,-1,B,-,FIGHT"
2026-07-27T18:05:00.000-04:00,"2026-7-27 18:05,82.04,81.95,82.05,82.31,3,1,-1,-1,-,-,FIGHT"
2026-07-27T18:10:00.000-04:00,"2026-7-27 18:10,81.92,81.94,82.04,82.29,-7,0,0,-1,-,-,neutral"
2026-07-27T18:15:00.000-04:00,"2026-7-27 18:15,81.95,81.95,82.04,82.28,3,0,0,-1,-,-,neutral"
2026-07-27T18:20:00.000-04:00,"2026-7-27 18:20,81.94,81.95,82.03,82.27,0,0,0,-1,-,-,neutral"
2026-07-27T18:25:00.000-04:00,"2026-7-27 18:25,81.98,81.97,82.03,82.25,3,1,0,-1,-,-,FIGHT"
2026-07-27T18:30:00.000-04:00,"2026-7-27 18:30,81.9,81.95,82.02,82.24,-7,-1,0,-1,S,-,tide_only"
2026-07-27T18:35:00.000-04:00,"2026-7-27 18:35,81.87,81.93,82.01,82.23,-7,-1,0,-1,-,-,tide_only"
2026-07-27T18:40:00.000-04:00,"2026-7-27 18:40,81.93,81.93,82,82.21,0,0,0,-1,-,-,neutral"
2026-07-27T18:45:00.000-04:00,"2026-7-27 18:45,81.93,81.93,81.99,82.2,0,0,0,-1,-,-,neutral"
2026-07-27T18:50:00.000-04:00,"2026-7-27 18:50,82.14,82.01,82.01,82.2,5,1,0,-1,B,-,FIGHT"
2026-07-27T18:55:00.000-04:00,"2026-7-27 18:55,82.15,82.08,82.02,82.2,5,1,0,-1,-,-,FIGHT"
2026-07-27T19:00:00.000-04:00,"2026-7-27 19:00,82.11,82.11,82.02,82.2,5,1,0,-1,-,-,FIGHT"
2026-07-27T19:05:00.000-04:00,"2026-7-27 19:05,82.11,82.13,82.03,82.19,5,1,0,-1,-,-,FIGHT"
2026-07-27T19:10:00.000-04:00,"2026-7-27 19:10,82.02,82.11,82.03,82.19,0,0,0,-1,-,-,neutral"
2026-07-27T19:15:00.000-04:00,"2026-7-27 19:15,82.06,82.1,82.03,82.18,0,0,0,-1,-,-,neutral"
2026-07-27T19:20:00.000-04:00,"2026-7-27 19:20,82.08,82.11,82.04,82.18,0,0,0,-1,-,-,neutral"
2026-07-27T19:25:00.000-04:00,"2026-7-27 19:25,82.05,82.1,82.04,82.17,0,0,0,-1,-,-,neutral"
2026-07-27T19:30:00.000-04:00,"2026-7-27 19:30,82.08,82.1,82.04,82.17,0,0,0,-1,-,-,neutral"
2026-07-27T19:35:00.000-04:00,"2026-7-27 19:35,82.13,82.12,82.05,82.17,5,1,0,-1,-,-,FIGHT"
2026-07-27T19:40:00.000-04:00,"2026-7-27 19:40,82.15,82.14,82.05,82.17,5,1,0,-1,-,-,FIGHT"
2026-07-27T19:45:00.000-04:00,"2026-7-27 19:45,82.16,82.16,82.06,82.17,5,1,0,-1,-,-,FIGHT"
2026-07-27T19:50:00.000-04:00,"2026-7-27 19:50,82.11,82.15,82.07,82.16,0,0,0,-1,-,-,neutral"
2026-07-27T19:55:00.000-04:00,"2026-7-27 19:55,82.04,82.12,82.06,82.16,0,0,0,-1,-,-,neutral"
2026-07-27T20:00:00.000-04:00,"2026-7-27 20:00,81.89,82.04,82.05,82.15,-3,-1,0,-1,S,-,tide_only"
2026-07-27T20:05:00.000-04:00,"2026-7-27 20:05,81.94,82,82.04,82.14,-7,-1,0,-1,-,-,tide_only"
2026-07-27T20:10:00.000-04:00,"2026-7-27 20:10,81.85,81.94,82.03,82.13,-7,-1,-1,-1,-,-,RIDE_both"
2026-07-27T20:15:00.000-04:00,"2026-7-27 20:15,81.54,81.78,81.99,82.11,-7,-1,-1,-1,-,-,RIDE_both"
2026-07-27T20:20:00.000-04:00,"2026-7-27 20:20,81.57,81.67,81.96,82.08,-7,-1,-1,-1,-,-,RIDE_both"
2026-07-27T20:25:00.000-04:00,"2026-7-27 20:25,81.66,81.63,81.93,82.07,-7,-1,-1,-1,-,-,RIDE_both"
2026-07-27T20:30:00.000-04:00,"2026-7-27 20:30,81.69,81.62,81.92,82.05,-7,-1,-1,-1,-,-,RIDE_both"
2026-07-27T20:35:00.000-04:00,"2026-7-27 20:35,81.8,81.65,81.91,82.04,0,0,-1,-1,-,-,neutral"
2026-07-27T20:40:00.000-04:00,"2026-7-27 20:40,81.94,81.73,81.91,82.04,0,0,0,-1,-,-,neutral"
2026-07-27T20:45:00.000-04:00,"2026-7-27 20:45,81.97,81.81,81.91,82.04,0,0,0,-1,-,-,neutral"
2026-07-27T20:50:00.000-04:00,"2026-7-27 20:50,82.15,81.93,81.93,82.04,5,1,0,-1,B,-,FIGHT"
2026-07-27T20:55:00.000-04:00,"2026-7-27 20:55,82.11,82,81.95,82.04,5,1,1,0,-,-,wave_only"
2026-07-27T21:00:00.000-04:00,"2026-7-27 21:00,81.91,81.98,81.94,82.04,0,0,1,0,-,-,neutral"
2026-07-27T21:05:00.000-04:00,"2026-7-27 21:05,81.74,81.9,81.93,82.03,-7,-1,1,0,S,-,FIGHT"
2026-07-27T21:10:00.000-04:00,"2026-7-27 21:10,81.71,81.83,81.91,82.01,-7,-1,-1,0,-,-,wave_only"
2026-07-27T21:15:00.000-04:00,"2026-7-27 21:15,81.78,81.81,81.9,82,-7,-1,-1,0,-,-,wave_only"
2026-07-27T21:20:00.000-04:00,"2026-7-27 21:20,81.64,81.74,81.88,81.99,-7,-1,-1,0,-,-,wave_only"
2026-07-27T21:25:00.000-04:00,"2026-7-27 21:25,81.58,81.67,81.86,81.97,-7,-1,-1,0,-,-,wave_only"
2026-07-27T21:30:00.000-04:00,"2026-7-27 21:30,81.76,81.68,81.85,81.97,0,0,-1,0,-,-,neutral"
2026-07-27T21:35:00.000-04:00,"2026-7-27 21:35,81.72,81.68,81.84,81.96,0,0,-1,0,-,-,neutral"
2026-07-27T21:40:00.000-04:00,"2026-7-27 21:40,81.82,81.72,81.84,81.95,0,0,0,0,-,-,neutral"
2026-07-27T21:45:00.000-04:00,"2026-7-27 21:45,81.92,81.79,81.84,81.95,3,1,0,0,B,-,FIGHT"
2026-07-27T21:50:00.000-04:00,"2026-7-27 21:50,82.03,81.88,81.86,81.95,5,1,0,0,-,-,FIGHT"
2026-07-27T21:55:00.000-04:00,"2026-7-27 21:55,81.63,81.8,81.84,81.94,-7,-1,-1,-1,S,SELL,RIDE_both"
2026-07-27T22:00:00.000-04:00,"2026-7-27 22:00,81.58,81.72,81.82,81.93,-7,-1,-1,-1,-,-,RIDE_both"
2026-07-27T22:05:00.000-04:00,"2026-7-27 22:05,81.55,81.65,81.8,81.91,-7,-1,-1,-1,-,-,RIDE_both"
2026-07-27T22:10:00.000-04:00,"2026-7-27 22:10,81.52,81.59,81.78,81.9,-7,-1,-1,-1,-,-,RIDE_both"
2026-07-27T22:15:00.000-04:00,"2026-7-27 22:15,81.23,81.44,81.74,81.87,-7,-1,-1,-1,-,-,RIDE_both"
2026-07-27T22:20:00.000-04:00,"2026-7-27 22:20,81.39,81.39,81.71,81.85,-7,-1,-1,-1,-,-,RIDE_both"
2026-07-27T22:25:00.000-04:00,"2026-7-27 22:25,81.29,81.32,81.68,81.83,-7,-1,-1,-1,-,-,RIDE_both"
2026-07-27T22:30:00.000-04:00,"2026-7-27 22:30,81.23,81.25,81.64,81.81,-7,-1,-1,-1,-,-,RIDE_both"
2026-07-27T22:35:00.000-04:00,"2026-7-27 22:35,81.28,81.23,81.62,81.79,-7,-1,-1,-1,-,-,RIDE_both"
2026-07-27T22:40:00.000-04:00,"2026-7-27 22:40,81.03,81.12,81.57,81.76,-7,-1,-1,-1,-,-,RIDE_both"
2026-07-27T22:45:00.000-04:00,"2026-7-27 22:45,80.97,81.02,81.52,81.72,-7,-1,-1,-1,-,-,RIDE_both"
2026-07-27T22:50:00.000-04:00,"2026-7-27 22:50,80.78,80.89,81.47,81.69,-7,-1,-1,-1,-,-,RIDE_both"
2026-07-27T22:55:00.000-04:00,"2026-7-27 22:55,80.82,80.81,81.42,81.65,-7,-1,-1,-1,-,-,RIDE_both"
2026-07-27T23:00:00.000-04:00,"2026-7-27 23:00,80.71,80.72,81.36,81.62,-7,-1,-1,-1,-,-,RIDE_both"
2026-07-27T23:05:00.000-04:00,"2026-7-27 23:05,80.91,80.73,81.33,81.59,0,0,-1,-1,-,-,neutral"
2026-07-27T23:10:00.000-04:00,"2026-7-27 23:10,80.94,80.76,81.3,81.56,0,0,-1,-1,-,-,neutral"
2026-07-27T23:15:00.000-04:00,"2026-7-27 23:15,81.19,80.88,81.29,81.55,0,0,-1,-1,-,-,neutral"
2026-07-27T23:20:00.000-04:00,"2026-7-27 23:20,81.2,80.98,81.28,81.54,0,0,-1,-1,-,-,neutral"
2026-07-27T23:25:00.000-04:00,"2026-7-27 23:25,81.36,81.11,81.29,81.53,3,1,0,-1,B,-,FIGHT"
2026-07-27T23:30:00.000-04:00,"2026-7-27 23:30,81.43,81.23,81.3,81.52,3,1,0,-1,-,-,FIGHT"
2026-07-27T23:35:00.000-04:00,"2026-7-27 23:35,81.53,81.36,81.32,81.52,5,1,0,-1,-,-,FIGHT"
2026-07-27T23:40:00.000-04:00,"2026-7-27 23:40,81.43,81.42,81.33,81.52,5,1,0,-1,-,-,FIGHT"
2026-07-27T23:45:00.000-04:00,"2026-7-27 23:45,81.45,81.46,81.34,81.52,5,1,0,-1,-,-,FIGHT"
2026-07-27T23:50:00.000-04:00,"2026-7-27 23:50,81.52,81.52,81.35,81.52,5,1,0,-1,-,-,FIGHT"
2026-07-27T23:55:00.000-04:00,"2026-7-27 23:55,81.57,81.58,81.37,81.52,5,1,0,0,-,-,FIGHT"
2026-07-28T00:00:00.000-04:00,"2026-7-28 0:00,81.56,81.61,81.38,81.52,5,1,0,0,-,-,FIGHT"
2026-07-28T00:05:00.000-04:00,"2026-7-28 0:05,81.64,81.66,81.4,81.53,5,1,0,0,-,-,FIGHT"
2026-07-28T00:10:00.000-04:00,"2026-7-28 0:10,81.85,81.77,81.44,81.54,5,1,1,0,-,-,wave_only"
2026-07-28T00:15:00.000-04:00,"2026-7-28 0:15,81.64,81.77,81.45,81.54,0,0,1,0,-,-,neutral"
2026-07-28T00:20:00.000-04:00,"2026-7-28 0:20,81.65,81.77,81.47,81.55,0,0,1,0,-,-,neutral"
2026-07-28T00:25:00.000-04:00,"2026-7-28 0:25,81.64,81.76,81.48,81.55,0,0,1,0,-,-,neutral"
2026-07-28T00:30:00.000-04:00,"2026-7-28 0:30,81.69,81.77,81.5,81.56,0,0,1,0,-,-,neutral"
2026-07-28T00:35:00.000-04:00,"2026-7-28 0:35,81.66,81.76,81.51,81.56,0,0,1,0,-,-,neutral"
2026-07-28T00:40:00.000-04:00,"2026-7-28 0:40,81.66,81.75,81.52,81.56,0,0,1,0,-,-,neutral"
2026-07-28T00:45:00.000-04:00,"2026-7-28 0:45,81.6,81.71,81.53,81.57,0,0,1,0,-,-,neutral"
2026-07-28T00:50:00.000-04:00,"2026-7-28 0:50,81.66,81.71,81.54,81.57,0,0,1,0,-,-,neutral"
2026-07-28T00:55:00.000-04:00,"2026-7-28 0:55,81.61,81.68,81.54,81.57,0,0,1,0,-,-,neutral"
2026-07-28T01:00:00.000-04:00,"2026-7-28 1:00,81.6,81.66,81.55,81.57,0,0,1,0,-,-,neutral"
2026-07-28T01:05:00.000-04:00,"2026-7-28 1:05,81.58,81.64,81.55,81.57,0,0,1,0,-,-,neutral"
2026-07-28T01:10:00.000-04:00,"2026-7-28 1:10,81.61,81.63,81.55,81.57,0,0,0,0,-,-,neutral"
2026-07-28T01:15:00.000-04:00,"2026-7-28 1:15,81.63,81.63,81.56,81.58,0,0,0,0,-,-,neutral"
2026-07-28T01:20:00.000-04:00,"2026-7-28 1:20,81.5,81.58,81.56,81.57,0,0,0,0,-,-,neutral"
2026-07-28T01:25:00.000-04:00,"2026-7-28 1:25,81.65,81.6,81.56,81.58,5,1,1,0,-,-,wave_only"
2026-07-28T01:30:00.000-04:00,"2026-7-28 1:30,82.05,81.76,81.6,81.59,7,1,1,0,-,-,wave_only"
2026-07-28T01:35:00.000-04:00,"2026-7-28 1:35,82.29,81.97,81.65,81.62,7,1,1,0,-,-,wave_only"
2026-07-28T01:40:00.000-04:00,"2026-7-28 1:40,82.1,82.05,81.69,81.64,7,1,1,0,-,-,wave_only"
2026-07-28T01:45:00.000-04:00,"2026-7-28 1:45,82.02,82.08,81.71,81.66,0,0,1,0,-,-,neutral"
2026-07-28T01:50:00.000-04:00,"2026-7-28 1:50,82.06,82.1,81.74,81.67,0,0,1,0,-,-,neutral"
2026-07-28T01:55:00.000-04:00,"2026-7-28 1:55,82.13,82.15,81.77,81.69,5,1,1,0,-,-,wave_only"
2026-07-28T02:00:00.000-04:00,"2026-7-28 2:00,82.21,82.2,81.8,81.71,5,1,1,0,-,-,wave_only"
2026-07-28T02:05:00.000-04:00,"2026-7-28 2:05,82.23,82.25,81.84,81.73,3,1,1,0,-,-,wave_only"
2026-07-28T02:10:00.000-04:00,"2026-7-28 2:10,82.15,82.25,81.86,81.75,0,0,1,0,-,-,neutral"
2026-07-28T02:15:00.000-04:00,"2026-7-28 2:15,82.02,82.19,81.87,81.76,0,0,1,0,-,-,neutral"
2026-07-28T02:20:00.000-04:00,"2026-7-28 2:20,81.97,82.13,81.88,81.77,0,0,1,0,-,-,neutral"
2026-07-28T02:25:00.000-04:00,"2026-7-28 2:25,81.81,82.02,81.87,81.77,0,0,0,0,-,-,neutral"
2026-07-28T02:30:00.000-04:00,"2026-7-28 2:30,81.47,81.82,81.84,81.76,-5,-1,0,0,S,-,FIGHT"
2026-07-28T02:35:00.000-04:00,"2026-7-28 2:35,81.32,81.61,81.8,81.74,-5,-1,0,0,-,-,FIGHT"
2026-07-28T02:40:00.000-04:00,"2026-7-28 2:40,81.02,81.35,81.74,81.71,-5,-1,0,0,-,-,FIGHT"
2026-07-28T02:45:00.000-04:00,"2026-7-28 2:45,80.99,81.15,81.69,81.68,-5,-1,0,0,-,-,FIGHT"
2026-07-28T02:50:00.000-04:00,"2026-7-28 2:50,80.74,80.92,81.61,81.65,-5,-1,0,0,-,-,FIGHT"
2026-07-28T02:55:00.000-04:00,"2026-7-28 2:55,80.82,80.79,81.55,81.61,-5,-1,-1,-1,-,-,RIDE_both"
2026-07-28T03:00:00.000-04:00,"2026-7-28 3:00,81.09,80.81,81.52,81.59,0,0,-1,-1,-,-,neutral"
2026-07-28T03:05:00.000-04:00,"2026-7-28 3:05,80.95,80.78,81.47,81.57,0,0,-1,-1,-,-,neutral"
2026-07-28T03:10:00.000-04:00,"2026-7-28 3:10,81.38,80.93,81.47,81.56,0,0,-1,-1,-,-,neutral"
2026-07-28T03:15:00.000-04:00,"2026-7-28 3:15,81.16,80.96,81.44,81.54,0,0,-1,-1,-,-,neutral"
2026-07-28T03:20:00.000-04:00,"2026-7-28 3:20,81.04,80.95,81.41,81.52,0,0,-1,-1,-,-,neutral"
2026-07-28T03:25:00.000-04:00,"2026-7-28 3:25,81.25,81.02,81.4,81.51,0,0,-1,-1,-,-,neutral"
2026-07-28T03:30:00.000-04:00,"2026-7-28 3:30,81.33,81.11,81.39,81.51,0,0,-1,-1,-,-,neutral"
2026-07-28T03:35:00.000-04:00,"2026-7-28 3:35,81.35,81.18,81.39,81.5,0,0,-1,-1,-,-,neutral"
2026-07-28T03:40:00.000-04:00,"2026-7-28 3:40,81.42,81.27,81.39,81.5,3,0,0,-1,-,-,neutral"
2026-07-28T03:45:00.000-04:00,"2026-7-28 3:45,81.33,81.3,81.39,81.49,3,0,0,-1,-,-,neutral"
2026-07-28T03:50:00.000-04:00,"2026-7-28 3:50,80.6,81.05,81.33,81.46,-7,-1,0,-1,-,-,tide_only"
2026-07-28T03:55:00.000-04:00,"2026-7-28 3:55,80.79,80.94,81.29,81.43,-7,-1,-1,-1,-,-,RIDE_both"
2026-07-28T04:00:00.000-04:00,"2026-7-28 4:00,80.78,80.85,81.25,81.4,-7,-1,-1,-1,-,-,RIDE_both"
2026-07-28T04:05:00.000-04:00,"2026-7-28 4:05,80.57,80.72,81.19,81.37,-7,-1,-1,-1,-,-,RIDE_both"
2026-07-28T04:10:00.000-04:00,"2026-7-28 4:10,80.61,80.64,81.15,81.34,-7,-1,-1,-1,-,-,RIDE_both"
2026-07-28T04:15:00.000-04:00,"2026-7-28 4:15,80.69,80.62,81.11,81.32,0,0,-1,-1,-,-,neutral"
2026-07-28T04:20:00.000-04:00,"2026-7-28 4:20,80.41,80.5,81.06,81.28,-7,-1,-1,-1,-,-,RIDE_both"
2026-07-28T04:25:00.000-04:00,"2026-7-28 4:25,80.28,80.37,81,81.24,-7,-1,-1,-1,-,-,RIDE_both"
2026-07-28T04:30:00.000-04:00,"2026-7-28 4:30,80.25,80.28,80.94,81.2,-7,-1,-1,-1,-,-,RIDE_both"
2026-07-28T04:35:00.000-04:00,"2026-7-28 4:35,80.37,80.26,80.9,81.17,-3,-1,-1,-1,-,-,RIDE_both"
2026-07-28T04:40:00.000-04:00,"2026-7-28 4:40,80.24,80.2,80.85,81.13,-3,-1,-1,-1,-,-,RIDE_both"
2026-07-28T04:45:00.000-04:00,"2026-7-28 4:45,80.11,80.12,80.79,81.09,-7,-1,-1,-1,-,-,RIDE_both"
2026-07-28T04:50:00.000-04:00,"2026-7-28 4:50,80.16,80.08,80.74,81.06,-3,-1,-1,-1,-,-,RIDE_both"
2026-07-28T04:55:00.000-04:00,"2026-7-28 4:55,80.21,80.08,80.7,81.02,-7,0,-1,-1,-,-,neutral"
2026-07-28T05:00:00.000-04:00,"2026-7-28 5:00,80.6,80.23,80.69,81.01,0,0,-1,-1,-,-,neutral"
2026-07-28T05:05:00.000-04:00,"2026-7-28 5:05,80.75,80.41,80.7,81,0,0,-1,-1,-,-,neutral"
2026-07-28T05:10:00.000-04:00,"2026-7-28 5:10,81.11,80.67,80.73,81,3,1,0,-1,B,-,FIGHT"
2026-07-28T05:15:00.000-04:00,"2026-7-28 5:15,80.92,80.79,80.74,81,5,1,0,-1,-,-,FIGHT"
2026-07-28T05:20:00.000-04:00,"2026-7-28 5:20,80.64,80.77,80.74,80.98,0,0,0,-1,-,-,neutral"
2026-07-28T05:25:00.000-04:00,"2026-7-28 5:25,80.47,80.69,80.72,80.96,-3,-1,-1,-1,S,SELL,RIDE_both"
2026-07-28T05:30:00.000-04:00,"2026-7-28 5:30,80.6,80.68,80.71,80.95,-3,-1,-1,-1,-,-,RIDE_both"
2026-07-28T05:35:00.000-04:00,"2026-7-28 5:35,80.85,80.77,80.72,80.95,5,1,-1,-1,B,-,FIGHT"
2026-07-28T05:40:00.000-04:00,"2026-7-28 5:40,80.72,80.78,80.72,80.94,0,0,0,-1,-,-,neutral"
2026-07-28T05:45:00.000-04:00,"2026-7-28 5:45,80.82,80.82,80.73,80.93,5,1,0,-1,-,-,FIGHT"
2026-07-28T05:50:00.000-04:00,"2026-7-28 5:50,80.56,80.75,80.71,80.92,0,0,0,-1,-,-,neutral"
2026-07-28T05:55:00.000-04:00,"2026-7-28 5:55,80.62,80.72,80.71,80.91,0,0,0,-1,-,-,neutral"
2026-07-28T06:00:00.000-04:00,"2026-7-28 6:00,80.76,80.75,80.71,80.9,5,1,0,-1,-,-,FIGHT"
2026-07-28T06:05:00.000-04:00,"2026-7-28 6:05,80.82,80.79,80.72,80.9,5,1,0,-1,-,-,FIGHT"
2026-07-28T06:10:00.000-04:00,"2026-7-28 6:10,80.77,80.8,80.72,80.89,0,0,0,-1,-,-,neutral"
2026-07-28T06:15:00.000-04:00,"2026-7-28 6:15,81.04,80.91,80.75,80.9,5,1,0,-1,-,-,FIGHT"
2026-07-28T06:20:00.000-04:00,"2026-7-28 6:20,81.09,81,80.77,80.91,5,1,0,-1,-,-,FIGHT"
2026-07-28T06:25:00.000-04:00,"2026-7-28 6:25,81.16,81.1,80.8,80.92,5,1,0,-1,-,-,FIGHT"
2026-07-28T06:30:00.000-04:00,"2026-7-28 6:30,81.09,81.13,80.83,80.92,0,0,0,-1,-,-,neutral"
2026-07-28T06:35:00.000-04:00,"2026-7-28 6:35,81,81.12,80.84,80.93,0,0,0,-1,-,-,neutral"
2026-07-28T06:40:00.000-04:00,"2026-7-28 6:40,81.12,81.15,80.86,80.93,0,0,1,-1,-,-,neutral"
2026-07-28T06:45:00.000-04:00,"2026-7-28 6:45,81.06,81.15,80.88,80.94,0,0,1,-1,-,-,neutral"
2026-07-28T06:50:00.000-04:00,"2026-7-28 6:50,80.98,81.12,80.88,80.94,0,0,1,-1,-,-,neutral"
2026-07-28T06:55:00.000-04:00,"2026-7-28 6:55,81.14,81.15,80.9,80.95,0,0,1,0,-,-,neutral"
2026-07-28T07:00:00.000-04:00,"2026-7-28 7:00,81.04,81.13,80.91,80.95,0,0,1,0,-,-,neutral"
2026-07-28T07:05:00.000-04:00,"2026-7-28 7:05,81.38,81.24,80.95,80.97,7,1,1,0,-,-,wave_only"
2026-07-28T07:10:00.000-04:00,"2026-7-28 7:10,81.24,81.27,80.97,80.98,0,0,1,0,-,-,neutral"
2026-07-28T07:15:00.000-04:00,"2026-7-28 7:15,81.03,81.2,80.98,80.98,0,0,1,0,-,-,neutral"
2026-07-28T07:20:00.000-04:00,"2026-7-28 7:20,81.16,81.2,80.99,80.99,0,0,1,0,-,-,neutral"
2026-07-28T07:25:00.000-04:00,"2026-7-28 7:25,81.39,81.29,81.02,81,7,1,1,0,-,-,wave_only"
2026-07-28T07:30:00.000-04:00,"2026-7-28 7:30,81.49,81.38,81.06,81.02,7,1,1,0,-,-,wave_only"
2026-07-28T07:35:00.000-04:00,"2026-7-28 7:35,81.74,81.54,81.11,81.05,7,1,1,0,-,-,wave_only"
2026-07-28T07:40:00.000-04:00,"2026-7-28 7:40,81.79,81.67,81.16,81.08,7,1,1,0,-,-,wave_only"
2026-07-28T07:45:00.000-04:00,"2026-7-28 7:45,81.86,81.79,81.22,81.11,7,1,1,0,-,-,wave_only"
2026-07-28T07:50:00.000-04:00,"2026-7-28 7:50,81.85,81.86,81.26,81.14,7,0,1,0,-,-,neutral"
2026-07-28T07:55:00.000-04:00,"2026-7-28 7:55,81.71,81.86,81.3,81.16,0,0,1,0,-,-,neutral"
2026-07-28T08:00:00.000-04:00,"2026-7-28 8:00,81.5,81.77,81.31,81.17,0,0,1,0,-,-,neutral"
2026-07-28T08:05:00.000-04:00,"2026-7-28 8:05,81.46,81.69,81.33,81.19,0,0,1,0,-,-,neutral"
2026-07-28T08:10:00.000-04:00,"2026-7-28 8:10,81.6,81.68,81.35,81.2,0,0,0,0,-,-,neutral"
2026-07-28T08:15:00.000-04:00,"2026-7-28 8:15,81.64,81.68,81.37,81.22,0,0,0,0,-,-,neutral"
2026-07-28T08:20:00.000-04:00,"2026-7-28 8:20,81.33,81.56,81.37,81.22,0,0,0,0,-,-,neutral"
2026-07-28T08:25:00.000-04:00,"2026-7-28 8:25,81.58,81.57,81.38,81.24,3,1,0,0,-,-,FIGHT"
2026-07-28T08:30:00.000-04:00,"2026-7-28 8:30,81.46,81.53,81.39,81.25,0,0,0,0,-,-,neutral"
2026-07-28T08:35:00.000-04:00,"2026-7-28 8:35,81.25,81.42,81.38,81.25,-3,-1,0,0,S,-,FIGHT"
2026-07-28T08:40:00.000-04:00,"2026-7-28 8:40,81.19,81.31,81.36,81.24,-5,-1,0,0,-,-,FIGHT"
2026-07-28T08:45:00.000-04:00,"2026-7-28 8:45,81.02,81.18,81.34,81.24,-5,-1,0,0,-,-,FIGHT"
2026-07-28T08:50:00.000-04:00,"2026-7-28 8:50,80.84,81.02,81.3,81.22,-5,-1,0,0,-,-,FIGHT"
2026-07-28T08:55:00.000-04:00,"2026-7-28 8:55,80.81,80.89,81.26,81.2,-5,-1,0,-1,-,-,tide_only"
2026-07-28T09:00:00.000-04:00,"2026-7-28 9:00,81.29,80.98,81.26,81.21,0,0,0,-1,-,-,neutral"
2026-07-28T09:05:00.000-04:00,"2026-7-28 9:05,81.23,81.03,81.26,81.21,0,0,0,-1,-,-,neutral"
2026-07-28T09:10:00.000-04:00,"2026-7-28 9:10,81.37,81.12,81.27,81.21,0,0,0,-1,-,-,neutral"
2026-07-28T09:15:00.000-04:00,"2026-7-28 9:15,81.31,81.17,81.27,81.22,0,0,0,-1,-,-,neutral"
2026-07-28T09:20:00.000-04:00,"2026-7-28 9:20,81.14,81.14,81.26,81.22,-5,-1,0,-1,-,-,tide_only"
2026-07-28T09:25:00.000-04:00,"2026-7-28 9:25,81.2,81.15,81.26,81.21,0,0,0,-1,-,-,neutral"
2026-07-28T09:30:00.000-04:00,"2026-7-28 9:30,80.82,81.01,81.22,81.2,-7,-1,0,-1,-,-,tide_only"
2026-07-28T09:35:00.000-04:00,"2026-7-28 9:35,81,80.98,81.21,81.19,-5,-1,0,-1,-,-,tide_only"
2026-07-28T09:40:00.000-04:00,"2026-7-28 9:40,81.07,80.99,81.2,81.19,0,0,0,-1,-,-,neutral"
2026-07-28T09:45:00.000-04:00,"2026-7-28 9:45,81.46,81.14,81.22,81.2,0,0,0,-1,-,-,neutral"
2026-07-28T09:50:00.000-04:00,"2026-7-28 9:50,81.47,81.26,81.24,81.21,7,1,0,-1,B,-,FIGHT"
2026-07-28T09:55:00.000-04:00,"2026-7-28 9:55,81.44,81.34,81.25,81.22,7,1,1,1,-,-,RIDE_both"
2026-07-28T10:00:00.000-04:00,"2026-7-28 10:00,81.75,81.5,81.29,81.24,7,1,1,1,-,-,RIDE_both"
2026-07-28T10:05:00.000-04:00,"2026-7-28 10:05,81.55,81.55,81.31,81.25,7,1,1,1,-,-,RIDE_both"
2026-07-28T10:10:00.000-04:00,"2026-7-28 10:10,81.35,81.51,81.31,81.25,0,0,0,1,-,-,neutral"
2026-07-28T10:15:00.000-04:00,"2026-7-28 10:15,81.28,81.45,81.31,81.26,0,0,0,1,-,-,neutral"
2026-07-28T10:20:00.000-04:00,"2026-7-28 10:20,81.37,81.44,81.32,81.26,0,0,0,1,-,-,neutral"
2026-07-28T10:25:00.000-04:00,"2026-7-28 10:25,81.13,81.34,81.3,81.25,-3,-1,0,1,S,-,FIGHT"
2026-07-28T10:30:00.000-04:00,"2026-7-28 10:30,81.13,81.26,81.29,81.25,-5,-1,0,1,-,-,FIGHT"
2026-07-28T10:35:00.000-04:00,"2026-7-28 10:35,81.31,81.27,81.29,81.25,0,0,0,1,-,-,neutral"
2026-07-28T10:40:00.000-04:00,"2026-7-28 10:40,81.41,81.32,81.3,81.26,7,1,1,1,B,BUY,RIDE_both"
2026-07-28T10:45:00.000-04:00,"2026-7-28 10:45,81.4,81.35,81.31,81.26,7,1,1,1,-,-,RIDE_both"
2026-07-28T10:50:00.000-04:00,"2026-7-28 10:50,81.35,81.35,81.31,81.27,7,0,1,1,-,-,neutral"
2026-07-28T10:55:00.000-04:00,"2026-7-28 10:55,81.43,81.39,81.32,81.27,7,1,1,0,-,-,wave_only"
2026-07-28T11:00:00.000-04:00,"2026-7-28 11:00,81.47,81.42,81.33,81.28,7,1,1,0,-,-,wave_only"
2026-07-28T11:05:00.000-04:00,"2026-7-28 11:05,81.24,81.36,81.32,81.28,-3,0,1,0,-,-,neutral"
2026-07-28T11:10:00.000-04:00,"2026-7-28 11:10,80.56,81.07,81.26,81.25,-7,-1,-1,0,S,-,wave_only"
2026-07-28T11:15:00.000-04:00,"2026-7-28 11:15,79.82,80.58,81.15,81.2,-7,-1,-1,0,-,-,wave_only"
2026-07-28T11:20:00.000-04:00,"2026-7-28 11:20,79.76,80.2,81.05,81.14,-5,-1,-1,0,-,-,wave_only"
2026-07-28T11:25:00.000-04:00,"2026-7-28 11:25,79.43,79.81,80.92,81.07,-5,-1,-1,0,-,-,wave_only"
2026-07-28T11:30:00.000-04:00,"2026-7-28 11:30,79.27,79.48,80.8,81,-5,-1,-1,0,-,-,wave_only"
2026-07-28T11:35:00.000-04:00,"2026-7-28 11:35,79.43,79.31,80.69,80.94,-3,-1,-1,0,-,-,wave_only"
2026-07-28T11:40:00.000-04:00,"2026-7-28 11:40,79.09,79.08,80.57,80.87,-5,-1,-1,0,-,-,wave_only"
2026-07-28T11:45:00.000-04:00,"2026-7-28 11:45,79.44,79.06,80.48,80.81,0,0,-1,0,-,-,neutral"
2026-07-28T11:50:00.000-04:00,"2026-7-28 11:50,78.65,78.77,80.34,80.73,-7,-1,-1,0,-,-,wave_only"
2026-07-28T11:55:00.000-04:00,"2026-7-28 11:55,78.37,78.47,80.19,80.63,-7,-1,-1,-1,-,-,RIDE_both"
2026-07-28T12:00:00.000-04:00,"2026-7-28 12:00,78.42,78.29,80.05,80.55,-7,-1,-1,-1,-,-,RIDE_both"
2026-07-28T12:05:00.000-04:00,"2026-7-28 12:05,78.49,78.2,79.93,80.47,0,0,-1,-1,-,-,neutral"
2026-07-28T12:10:00.000-04:00,"2026-7-28 12:10,78.29,78.09,79.81,80.38,-7,0,-1,-1,-,-,neutral"
2026-07-28T12:15:00.000-04:00,"2026-7-28 12:15,78.03,77.92,79.67,80.29,-7,-1,-1,-1,-,-,RIDE_both"
2026-07-28T12:20:00.000-04:00,"2026-7-28 12:20,78.34,77.94,79.57,80.21,0,0,-1,-1,-,-,neutral"
2026-07-28T12:25:00.000-04:00,"2026-7-28 12:25,78.25,77.93,79.47,80.14,0,0,-1,-1,-,-,neutral"
2026-07-28T12:30:00.000-04:00,"2026-7-28 12:30,78.1,77.89,79.36,80.06,0,0,-1,-1,-,-,neutral"
2026-07-28T12:35:00.000-04:00,"2026-7-28 12:35,77.93,77.81,79.25,79.97,0,0,-1,-1,-,-,neutral"
2026-07-28T12:40:00.000-04:00,"2026-7-28 12:40,78.19,77.86,79.17,79.9,0,0,-1,-1,-,-,neutral"
2026-07-28T12:45:00.000-04:00,"2026-7-28 12:45,78.71,78.11,79.13,79.86,0,0,-1,-1,-,-,neutral"
2026-07-28T12:50:00.000-04:00,"2026-7-28 12:50,78.39,78.18,79.08,79.8,0,0,-1,-1,-,-,neutral"
2026-07-28T12:55:00.000-04:00,"2026-7-28 12:55,78.66,78.34,79.04,79.75,0,0,0,-1,-,-,neutral"
2026-07-28T13:00:00.000-04:00,"2026-7-28 13:00,78.54,78.41,79.01,79.71,0,0,0,-1,-,-,neutral"
2026-07-28T13:05:00.000-04:00,"2026-7-28 13:05,78.63,78.51,78.98,79.66,3,1,0,-1,B,-,FIGHT"
2026-07-28T13:10:00.000-04:00,"2026-7-28 13:10,78.95,78.69,78.97,79.64,3,1,0,-1,-,-,FIGHT"
2026-07-28T13:15:00.000-04:00,"2026-7-28 13:15,79.05,78.87,78.98,79.61,3,1,0,-1,-,-,FIGHT"
2026-07-28T13:20:00.000-04:00,"2026-7-28 13:20,79.06,79,78.99,79.59,5,1,0,-1,-,-,FIGHT"
2026-07-28T13:25:00.000-04:00,"2026-7-28 13:25,79.16,79.13,79,79.57,5,1,0,-1,-,-,FIGHT"
2026-07-28T13:30:00.000-04:00,"2026-7-28 13:30,79.03,79.17,79,79.55,5,1,0,-1,-,-,FIGHT"
2026-07-28T13:35:00.000-04:00,"2026-7-28 13:35,79.24,79.27,79.02,79.54,5,1,0,-1,-,-,FIGHT"
2026-07-28T13:40:00.000-04:00,"2026-7-28 13:40,79.3,79.36,79.04,79.53,5,1,0,-1,-,-,FIGHT"
2026-07-28T13:45:00.000-04:00,"2026-7-28 13:45,79.15,79.36,79.05,79.52,0,0,0,-1,-,-,neutral"
2026-07-28T13:50:00.000-04:00,"2026-7-28 13:50,79.37,79.44,79.07,79.51,5,1,0,-1,-,-,FIGHT"
2026-07-28T13:55:00.000-04:00,"2026-7-28 13:55,79.39,79.49,79.1,79.51,5,1,0,-1,-,-,FIGHT"
2026-07-28T14:00:00.000-04:00,"2026-7-28 14:00,79.14,79.43,79.1,79.49,0,0,0,-1,-,-,neutral"
2026-07-28T14:05:00.000-04:00,"2026-7-28 14:05,78.9,79.29,79.09,79.47,0,0,0,-1,-,-,neutral"
2026-07-28T14:10:00.000-04:00,"2026-7-28 14:10,78.95,79.21,79.08,79.45,0,0,0,-1,-,-,neutral"
2026-07-28T14:15:00.000-04:00,"2026-7-28 14:15,78.94,79.13,79.07,79.43,0,0,0,-1,-,-,neutral"
2026-07-28T14:20:00.000-04:00,"2026-7-28 14:20,78.94,79.08,79.06,79.41,0,0,0,-1,-,-,neutral"
2026-07-28T14:25:00.000-04:00,"2026-7-28 14:25,79.32,79.18,79.08,79.41,5,1,0,-1,-,-,FIGHT"
2026-07-28T14:30:00.000-04:00,"2026-7-28 14:30,79.33,79.25,79.1,79.4,5,1,0,-1,-,-,FIGHT"
2026-07-28T14:35:00.000-04:00,"2026-7-28 14:35,79.25,79.27,79.11,79.4,0,0,0,-1,-,-,neutral"
2026-07-28T14:40:00.000-04:00,"2026-7-28 14:40,79.3,79.31,79.12,79.39,3,1,0,-1,-,-,FIGHT"
2026-07-28T14:45:00.000-04:00,"2026-7-28 14:45,79.22,79.3,79.13,79.39,0,0,0,-1,-,-,neutral"
2026-07-28T14:50:00.000-04:00,"2026-7-28 14:50,79.13,79.26,79.13,79.38,0,0,0,-1,-,-,neutral"
2026-07-28T14:55:00.000-04:00,"2026-7-28 14:55,79.2,79.25,79.14,79.37,0,0,0,-1,-,-,neutral"
2026-07-28T15:00:00.000-04:00,"2026-7-28 15:00,79.01,79.17,79.13,79.35,0,0,0,-1,-,-,neutral"
2026-07-28T15:05:00.000-04:00,"2026-7-28 15:05,79.08,79.14,79.12,79.34,0,0,0,-1,-,-,neutral"
2026-07-28T15:10:00.000-04:00,"2026-7-28 15:10,79.08,79.11,79.12,79.33,0,0,0,-1,-,-,neutral"
2026-07-28T15:15:00.000-04:00,"2026-7-28 15:15,78.93,79.04,79.1,79.32,-7,-1,0,-1,S,-,tide_only"
2026-07-28T15:20:00.000-04:00,"2026-7-28 15:20,78.92,78.99,79.09,79.3,-7,-1,0,-1,-,-,tide_only"
2026-07-28T15:25:00.000-04:00,"2026-7-28 15:25,78.93,78.95,79.08,79.29,-7,-1,-1,-1,-,-,RIDE_both"
2026-07-28T15:30:00.000-04:00,"2026-7-28 15:30,78.92,78.92,79.07,79.27,-7,-1,-1,-1,-,-,RIDE_both"
2026-07-28T15:35:00.000-04:00,"2026-7-28 15:35,78.99,78.93,79.06,79.26,0,0,-1,-1,-,-,neutral"
2026-07-28T15:40:00.000-04:00,"2026-7-28 15:40,79.06,78.96,79.06,79.25,3,1,0,-1,B,-,FIGHT"
2026-07-28T15:45:00.000-04:00,"2026-7-28 15:45,78.9,78.93,79.05,79.24,-7,-1,0,-1,S,-,tide_only"
2026-07-28T15:50:00.000-04:00,"2026-7-28 15:50,79.04,78.95,79.05,79.23,3,1,0,-1,B,-,FIGHT"
2026-07-28T15:55:00.000-04:00,"2026-7-28 15:55,79.13,79.01,79.05,79.23,3,1,0,-1,-,-,FIGHT"
2026-07-28T16:00:00.000-04:00,"2026-7-28 16:00,79.21,79.08,79.07,79.23,5,1,0,-1,-,-,FIGHT"
2026-07-28T16:05:00.000-04:00,"2026-7-28 16:05,79.11,79.1,79.07,79.22,5,1,0,-1,-,-,FIGHT"
2026-07-28T16:10:00.000-04:00,"2026-7-28 16:10,79.14,79.12,79.07,79.22,5,1,0,-1,-,-,FIGHT"
2026-07-28T16:15:00.000-04:00,"2026-7-28 16:15,79,79.08,79.07,79.21,0,0,0,-1,-,-,neutral"
2026-07-28T16:20:00.000-04:00,"2026-7-28 16:20,79.16,79.11,79.08,79.21,5,1,0,-1,-,-,FIGHT"
2026-07-28T16:25:00.000-04:00,"2026-7-28 16:25,79.17,79.14,79.08,79.21,5,1,0,-1,-,-,FIGHT"
2026-07-28T16:30:00.000-04:00,"2026-7-28 16:30,78.9,79.06,79.07,79.2,-3,-1,0,-1,S,-,tide_only"
2026-07-28T16:35:00.000-04:00,"2026-7-28 16:35,79.21,79.11,79.08,79.2,5,1,0,-1,B,-,FIGHT"
2026-07-28T16:40:00.000-04:00,"2026-7-28 16:40,79.07,79.1,79.08,79.19,0,0,0,-1,-,-,neutral"
2026-07-28T16:45:00.000-04:00,"2026-7-28 16:45,79.22,79.15,79.09,79.19,5,1,0,-1,-,-,FIGHT"
2026-07-28T16:50:00.000-04:00,"2026-7-28 16:50,79.19,79.17,79.1,79.19,5,1,0,-1,-,-,FIGHT"
2026-07-28T16:55:00.000-04:00,"2026-7-28 16:55,79.12,79.16,79.1,79.19,0,0,0,-1,-,-,neutral"
2026-07-28T18:00:00.000-04:00,"2026-7-28 18:00,80.81,79.78,79.23,79.25,5,1,0,-1,-,-,FIGHT"
2026-07-28T18:05:00.000-04:00,"2026-7-28 18:05,81.13,80.35,79.38,79.33,5,1,0,-1,-,-,FIGHT"
2026-07-28T18:10:00.000-04:00,"2026-7-28 18:10,81.25,80.8,79.52,79.4,5,1,1,-1,-,-,wave_only"
2026-07-28T18:15:00.000-04:00,"2026-7-28 18:15,81.56,81.23,79.68,79.49,7,1,1,-1,-,-,wave_only"
2026-07-28T18:20:00.000-04:00,"2026-7-28 18:20,82.34,81.81,79.88,79.6,7,1,1,-1,-,-,wave_only"
2026-07-28T18:25:00.000-04:00,"2026-7-28 18:25,82.65,82.34,80.1,79.72,7,1,1,-1,-,-,wave_only"
2026-07-28T18:30:00.000-04:00,"2026-7-28 18:30,83.07,82.85,80.32,79.85,7,1,1,-1,-,-,wave_only"
2026-07-28T18:35:00.000-04:00,"2026-7-28 18:35,83.06,83.19,80.53,79.98,7,1,1,-1,-,-,wave_only"
2026-07-28T18:40:00.000-04:00,"2026-7-28 18:40,82.7,83.28,80.7,80.08,0,0,1,-1,-,-,neutral"
2026-07-28T18:45:00.000-04:00,"2026-7-28 18:45,82.5,83.23,80.84,80.18,0,0,1,-1,-,-,neutral"
2026-07-28T18:50:00.000-04:00,"2026-7-28 18:50,82.54,83.19,80.97,80.27,0,0,1,-1,-,-,neutral"
2026-07-28T18:55:00.000-04:00,"2026-7-28 18:55,82.67,83.17,81.1,80.36,0,0,1,1,-,-,neutral"
2026-07-28T19:00:00.000-04:00,"2026-7-28 19:00,83,83.26,81.25,80.47,7,0,1,1,-,-,neutral"
2026-07-28T19:05:00.000-04:00,"2026-7-28 19:05,83.26,83.41,81.4,80.58,7,1,1,1,-,-,RIDE_both"
2026-07-28T19:10:00.000-04:00,"2026-7-28 19:10,82.76,83.3,81.51,80.66,0,0,1,1,-,-,neutral"
2026-07-28T19:15:00.000-04:00,"2026-7-28 19:15,82.53,83.12,81.59,80.74,0,0,1,1,-,-,neutral"
2026-07-28T19:20:00.000-04:00,"2026-7-28 19:20,82.51,82.97,81.66,80.81,0,0,1,1,-,-,neutral"
2026-07-28T19:25:00.000-04:00,"2026-7-28 19:25,82.51,82.85,81.72,80.87,0,0,0,1,-,-,neutral"
2026-07-28T19:30:00.000-04:00,"2026-7-28 19:30,82.67,82.8,81.79,80.94,0,0,0,1,-,-,neutral"
2026-07-28T19:35:00.000-04:00,"2026-7-28 19:35,82.52,82.71,81.85,81,0,0,0,1,-,-,neutral"
2026-07-28T19:40:00.000-04:00,"2026-7-28 19:40,82.05,82.46,81.87,81.05,0,0,0,1,-,-,neutral"
2026-07-28T19:45:00.000-04:00,"2026-7-28 19:45,82.17,82.32,81.89,81.09,0,0,0,1,-,-,neutral"
2026-07-28T19:50:00.000-04:00,"2026-7-28 19:50,82.22,82.24,81.91,81.13,-3,-1,0,1,S,-,FIGHT"
2026-07-28T19:55:00.000-04:00,"2026-7-28 19:55,81.88,82.05,81.91,81.16,-3,-1,0,1,-,-,FIGHT"
2026-07-28T20:00:00.000-04:00,"2026-7-28 20:00,81.96,81.95,81.92,81.19,-5,-1,0,1,-,-,FIGHT"
2026-07-28T20:05:00.000-04:00,"2026-7-28 20:05,82.15,81.95,81.93,81.23,-5,-1,0,1,-,-,FIGHT"
2026-07-28T20:10:00.000-04:00,"2026-7-28 20:10,81.99,81.89,81.94,81.26,-5,-1,0,1,-,-,FIGHT"
2026-07-28T20:15:00.000-04:00,"2026-7-28 20:15,82.04,81.88,81.95,81.29,-5,-1,0,1,-,-,FIGHT"
2026-07-28T20:20:00.000-04:00,"2026-7-28 20:20,81.72,81.75,81.93,81.31,-5,-1,0,1,-,-,FIGHT"
2026-07-28T20:25:00.000-04:00,"2026-7-28 20:25,81.83,81.71,81.92,81.33,-5,-1,0,1,-,-,FIGHT"
2026-07-28T20:30:00.000-04:00,"2026-7-28 20:30,82.23,81.83,81.94,81.36,0,0,0,1,-,-,neutral"
2026-07-28T20:35:00.000-04:00,"2026-7-28 20:35,82.55,82.04,81.99,81.41,7,0,0,1,-,-,neutral"
2026-07-28T20:40:00.000-04:00,"2026-7-28 20:40,82.38,82.14,82.02,81.45,7,1,0,1,B,-,tide_only"
2026-07-28T20:45:00.000-04:00,"2026-7-28 20:45,82.46,82.24,82.06,81.49,7,1,0,1,-,-,tide_only"
2026-07-28T20:50:00.000-04:00,"2026-7-28 20:50,82.37,82.28,82.08,81.52,7,1,0,1,-,-,tide_only"
2026-07-28T20:55:00.000-04:00,"2026-7-28 20:55,82.46,82.35,82.11,81.56,7,1,0,1,-,-,tide_only"
2026-07-28T21:00:00.000-04:00,"2026-7-28 21:00,82.47,82.4,82.14,81.6,7,1,0,1,-,-,tide_only"
2026-07-28T21:05:00.000-04:00,"2026-7-28 21:05,82.52,82.45,82.17,81.63,7,1,0,1,-,-,tide_only"
2026-07-28T21:10:00.000-04:00,"2026-7-28 21:10,82.85,82.61,82.22,81.68,7,1,1,1,-,-,RIDE_both"
2026-07-28T21:15:00.000-04:00,"2026-7-28 21:15,82.64,82.65,82.25,81.72,7,1,1,1,-,-,RIDE_both"
2026-07-28T21:20:00.000-04:00,"2026-7-28 21:20,82.61,82.66,82.28,81.75,7,0,1,1,-,-,neutral"
2026-07-28T21:25:00.000-04:00,"2026-7-28 21:25,82.44,82.6,82.29,81.78,0,0,0,1,-,-,neutral"
2026-07-28T21:30:00.000-04:00,"2026-7-28 21:30,83.02,82.77,82.35,81.83,7,1,0,1,-,-,tide_only"
2026-07-28T21:35:00.000-04:00,"2026-7-28 21:35,82.95,82.87,82.39,81.87,7,1,0,1,-,-,tide_only"
2026-07-28T21:40:00.000-04:00,"2026-7-28 21:40,82.93,82.93,82.43,81.91,7,1,0,1,-,-,tide_only"
2026-07-28T21:45:00.000-04:00,"2026-7-28 21:45,82.87,82.94,82.47,81.95,3,1,0,1,-,-,tide_only"
2026-07-28T21:50:00.000-04:00,"2026-7-28 21:50,82.74,82.9,82.49,81.98,0,0,0,1,-,-,neutral"
2026-07-28T21:55:00.000-04:00,"2026-7-28 21:55,82.76,82.87,82.51,82.01,0,0,0,1,-,-,neutral"
2026-07-28T22:00:00.000-04:00,"2026-7-28 22:00,82.77,82.85,82.53,82.04,0,0,0,1,-,-,neutral"
2026-07-28T22:05:00.000-04:00,"2026-7-28 22:05,82.61,82.78,82.54,82.06,-3,0,0,1,-,-,neutral"
2026-07-28T22:10:00.000-04:00,"2026-7-28 22:10,82.65,82.73,82.54,82.09,-3,-1,0,1,S,-,FIGHT"
2026-07-28T22:15:00.000-04:00,"2026-7-28 22:15,82.62,82.69,82.55,82.11,-3,-1,0,1,-,-,FIGHT"
2026-07-28T22:20:00.000-04:00,"2026-7-28 22:20,82.53,82.62,82.55,82.12,-3,-1,0,1,-,-,FIGHT"
2026-07-28T22:25:00.000-04:00,"2026-7-28 22:25,82.45,82.55,82.54,82.14,-5,-1,0,1,-,-,FIGHT"
2026-07-28T22:30:00.000-04:00,"2026-7-28 22:30,82.22,82.4,82.52,82.14,-5,-1,0,1,-,-,FIGHT"
2026-07-28T22:35:00.000-04:00,"2026-7-28 22:35,82.21,82.3,82.49,82.14,-5,-1,0,1,-,-,FIGHT"
2026-07-28T22:40:00.000-04:00,"2026-7-28 22:40,82.3,82.26,82.48,82.15,-5,-1,0,1,-,-,FIGHT"
2026-07-28T22:45:00.000-04:00,"2026-7-28 22:45,82.15,82.18,82.45,82.15,-5,-1,0,1,-,-,FIGHT"
2026-07-28T22:50:00.000-04:00,"2026-7-28 22:50,82.25,82.16,82.44,82.15,-3,-1,0,1,-,-,FIGHT"
2026-07-28T22:55:00.000-04:00,"2026-7-28 22:55,82.31,82.17,82.43,82.16,0,0,0,1,-,-,neutral"
2026-07-28T23:00:00.000-04:00,"2026-7-28 23:00,82.42,82.23,82.43,82.17,0,0,0,1,-,-,neutral"
2026-07-28T23:05:00.000-04:00,"2026-7-28 23:05,82.5,82.3,82.43,82.18,0,0,0,1,-,-,neutral"
2026-07-28T23:10:00.000-04:00,"2026-7-28 23:10,82.52,82.37,82.44,82.2,0,0,0,1,-,-,neutral"
2026-07-28T23:15:00.000-04:00,"2026-7-28 23:15,82.53,82.42,82.45,82.21,0,0,0,1,-,-,neutral"
2026-07-28T23:20:00.000-04:00,"2026-7-28 23:20,82.42,82.42,82.44,82.22,0,0,0,1,-,-,neutral"
2026-07-28T23:25:00.000-04:00,"2026-7-28 23:25,82.39,82.41,82.44,82.22,-5,-1,0,1,-,-,FIGHT"
2026-07-28T23:30:00.000-04:00,"2026-7-28 23:30,82.63,82.49,82.45,82.24,7,0,0,1,-,-,neutral"
2026-07-28T23:35:00.000-04:00,"2026-7-28 23:35,82.52,82.5,82.46,82.25,7,1,0,1,B,-,tide_only"
2026-07-28T23:40:00.000-04:00,"2026-7-28 23:40,82.58,82.54,82.47,82.26,7,1,0,1,-,-,tide_only"
2026-07-28T23:45:00.000-04:00,"2026-7-28 23:45,82.55,82.55,82.48,82.28,7,1,0,1,-,-,tide_only"
2026-07-28T23:50:00.000-04:00,"2026-7-28 23:50,82.69,82.61,82.49,82.29,7,1,0,1,-,-,tide_only"
2026-07-28T23:55:00.000-04:00,"2026-7-28 23:55,82.71,82.67,82.51,82.31,7,1,1,1,-,-,RIDE_both"
2026-07-29T00:00:00.000-04:00,"2026-7-29 0:00,82.65,82.68,82.52,82.32,7,1,1,1,-,-,RIDE_both"
2026-07-29T00:05:00.000-04:00,"2026-7-29 0:05,82.6,82.67,82.53,82.33,0,0,1,1,-,-,neutral"
2026-07-29T00:10:00.000-04:00,"2026-7-29 0:10,82.61,82.66,82.53,82.34,0,0,0,1,-,-,neutral"
2026-07-29T00:15:00.000-04:00,"2026-7-29 0:15,82.47,82.6,82.53,82.35,-3,-1,0,1,S,-,FIGHT"
2026-07-29T00:20:00.000-04:00,"2026-7-29 0:20,82.52,82.58,82.53,82.35,-3,-1,0,1,-,-,FIGHT"
2026-07-29T00:25:00.000-04:00,"2026-7-29 0:25,82.44,82.53,82.52,82.36,-5,-1,0,1,-,-,FIGHT"
2026-07-29T00:30:00.000-04:00,"2026-7-29 0:30,82.39,82.48,82.51,82.36,-5,-1,0,1,-,-,FIGHT"
2026-07-29T00:35:00.000-04:00,"2026-7-29 0:35,82.3,82.4,82.49,82.36,-5,-1,0,1,-,-,FIGHT"
2026-07-29T00:40:00.000-04:00,"2026-7-29 0:40,82.1,82.28,82.46,82.35,-5,-1,-1,1,-,-,wave_only"
2026-07-29T00:45:00.000-04:00,"2026-7-29 0:45,82.01,82.15,82.43,82.33,-5,-1,-1,1,-,-,wave_only"
2026-07-29T00:50:00.000-04:00,"2026-7-29 0:50,81.9,82.02,82.39,82.32,-5,-1,-1,1,-,-,wave_only"
2026-07-29T00:55:00.000-04:00,"2026-7-29 0:55,82.06,81.99,82.36,82.31,0,0,-1,0,-,-,neutral"
2026-07-29T01:00:00.000-04:00,"2026-7-29 1:00,81.96,81.94,82.33,82.29,-5,-1,-1,0,-,-,wave_only"
2026-07-29T01:05:00.000-04:00,"2026-7-29 1:05,81.95,81.9,82.3,82.28,-5,-1,-1,0,-,-,wave_only"
2026-07-29T01:10:00.000-04:00,"2026-7-29 1:10,81.89,81.85,82.27,82.26,0,0,-1,0,-,-,neutral"
2026-07-29T01:15:00.000-04:00,"2026-7-29 1:15,81.92,81.84,82.24,82.25,0,0,-1,0,-,-,neutral"
2026-07-29T01:20:00.000-04:00,"2026-7-29 1:20,81.99,81.86,82.22,82.24,0,0,-1,0,-,-,neutral"
2026-07-29T01:25:00.000-04:00,"2026-7-29 1:25,81.89,81.84,82.2,82.23,0,0,-1,0,-,-,neutral"
2026-07-29T01:30:00.000-04:00,"2026-7-29 1:30,82.07,81.89,82.19,82.22,0,0,-1,0,-,-,neutral"
2026-07-29T01:35:00.000-04:00,"2026-7-29 1:35,82.09,81.95,82.18,82.22,0,0,-1,0,-,-,neutral"
2026-07-29T01:40:00.000-04:00,"2026-7-29 1:40,81.97,81.94,82.16,82.21,0,0,-1,0,-,-,neutral"
2026-07-29T01:45:00.000-04:00,"2026-7-29 1:45,82.07,81.98,82.16,82.2,0,0,-1,0,-,-,neutral"
2026-07-29T01:50:00.000-04:00,"2026-7-29 1:50,82.02,81.99,82.15,82.19,0,0,-1,0,-,-,neutral"
2026-07-29T01:55:00.000-04:00,"2026-7-29 1:55,82.25,82.08,82.15,82.2,3,1,0,0,B,-,FIGHT"
2026-07-29T02:00:00.000-04:00,"2026-7-29 2:00,82.2,82.13,82.16,82.2,3,1,0,0,-,-,FIGHT"
2026-07-29T02:05:00.000-04:00,"2026-7-29 2:05,82.33,82.22,82.17,82.2,5,1,0,0,-,-,FIGHT"
2026-07-29T02:10:00.000-04:00,"2026-7-29 2:10,82.32,82.28,82.18,82.21,5,1,0,0,-,-,FIGHT"
2026-07-29T02:15:00.000-04:00,"2026-7-29 2:15,82.32,82.32,82.19,82.21,5,1,0,0,-,-,FIGHT"
2026-07-29T02:20:00.000-04:00,"2026-7-29 2:20,82.24,82.31,82.2,82.21,0,0,0,0,-,-,neutral"
2026-07-29T02:25:00.000-04:00,"2026-7-29 2:25,82.33,82.34,82.21,82.22,7,1,0,0,-,-,FIGHT"
2026-07-29T02:30:00.000-04:00,"2026-7-29 2:30,82.23,82.33,82.21,82.22,0,0,0,0,-,-,neutral"
2026-07-29T02:35:00.000-04:00,"2026-7-29 2:35,82.03,82.24,82.2,82.21,0,0,0,0,-,-,neutral"
2026-07-29T02:40:00.000-04:00,"2026-7-29 2:40,81.82,82.09,82.17,82.19,-7,-1,-1,0,S,-,wave_only"
2026-07-29T02:45:00.000-04:00,"2026-7-29 2:45,82.04,82.07,82.16,82.19,-5,-1,-1,0,-,-,wave_only"
2026-07-29T02:50:00.000-04:00,"2026-7-29 2:50,81.98,82.03,82.14,82.18,-5,-1,-1,0,-,-,wave_only"
2026-07-29T02:55:00.000-04:00,"2026-7-29 2:55,82.11,82.05,82.14,82.18,0,0,0,0,-,-,neutral"
2026-07-29T03:00:00.000-04:00,"2026-7-29 3:00,82.09,82.05,82.14,82.17,0,0,0,0,-,-,neutral"
2026-07-29T03:05:00.000-04:00,"2026-7-29 3:05,81.84,81.97,82.11,82.16,-7,-1,0,0,-,-,FIGHT"
2026-07-29T03:10:00.000-04:00,"2026-7-29 3:10,81.89,81.93,82.1,82.15,-5,-1,-1,0,-,-,wave_only"
2026-07-29T03:15:00.000-04:00,"2026-7-29 3:15,82.28,82.04,82.11,82.16,3,1,-1,0,B,-,FIGHT"
2026-07-29T03:20:00.000-04:00,"2026-7-29 3:20,82.19,82.09,82.12,82.16,3,0,-1,0,-,-,neutral"
2026-07-29T03:25:00.000-04:00,"2026-7-29 3:25,82.22,82.14,82.12,82.16,5,1,0,0,-,-,FIGHT"
2026-07-29T03:30:00.000-04:00,"2026-7-29 3:30,82.12,82.14,82.12,82.16,0,0,0,0,-,-,neutral"
2026-07-29T03:35:00.000-04:00,"2026-7-29 3:35,81.73,82,82.09,82.14,-7,-1,0,0,S,-,FIGHT"
2026-07-29T03:40:00.000-04:00,"2026-7-29 3:40,81.83,81.93,82.07,82.13,-5,-1,-1,0,-,-,wave_only"
2026-07-29T03:45:00.000-04:00,"2026-7-29 3:45,82.16,82,82.08,82.13,3,1,-1,0,B,-,FIGHT"
2026-07-29T03:50:00.000-04:00,"2026-7-29 3:50,82.26,82.09,82.09,82.13,5,1,-1,0,-,-,FIGHT"
2026-07-29T03:55:00.000-04:00,"2026-7-29 3:55,82.02,82.07,82.09,82.13,-5,-1,0,0,S,-,FIGHT"
2026-07-29T04:00:00.000-04:00,"2026-7-29 4:00,82.03,82.06,82.08,82.13,-5,-1,0,0,-,-,FIGHT"
2026-07-29T04:05:00.000-04:00,"2026-7-29 4:05,82.26,82.13,82.1,82.13,5,1,0,0,B,-,FIGHT"
2026-07-29T04:10:00.000-04:00,"2026-7-29 4:10,81.9,82.05,82.08,82.12,-5,-1,-1,0,S,-,wave_only"
2026-07-29T04:15:00.000-04:00,"2026-7-29 4:15,81.94,82.01,82.07,82.12,-5,-1,-1,0,-,-,wave_only"
2026-07-29T04:20:00.000-04:00,"2026-7-29 4:20,82.17,82.07,82.08,82.12,5,0,-1,0,-,-,neutral"
2026-07-29T04:25:00.000-04:00,"2026-7-29 4:25,82.21,82.12,82.09,82.12,5,1,0,0,B,-,FIGHT"
2026-07-29T04:30:00.000-04:00,"2026-7-29 4:30,82.11,82.12,82.09,82.12,0,0,0,0,-,-,neutral"
2026-07-29T04:35:00.000-04:00,"2026-7-29 4:35,81.87,82.04,82.07,82.11,-5,-1,0,0,S,-,FIGHT"
2026-07-29T04:40:00.000-04:00,"2026-7-29 4:40,81.85,81.97,82.06,82.1,-5,-1,-1,0,-,-,wave_only"
2026-07-29T04:45:00.000-04:00,"2026-7-29 4:45,81.63,81.83,82.02,82.08,-7,-1,-1,0,-,-,wave_only"
2026-07-29T04:50:00.000-04:00,"2026-7-29 4:50,81.82,81.81,82.01,82.07,-3,-1,-1,0,-,-,wave_only"
2026-07-29T04:55:00.000-04:00,"2026-7-29 4:55,81.89,81.82,82,82.06,0,0,-1,0,-,-,neutral"
2026-07-29T05:00:00.000-04:00,"2026-7-29 5:00,82.15,81.92,82.01,82.07,3,1,-1,0,B,-,FIGHT"
2026-07-29T05:05:00.000-04:00,"2026-7-29 5:05,81.98,81.94,82.01,82.06,0,0,-1,0,-,-,neutral"
2026-07-29T05:10:00.000-04:00,"2026-7-29 5:10,81.96,81.94,82,82.06,0,0,0,0,-,-,neutral"
2026-07-29T05:15:00.000-04:00,"2026-7-29 5:15,81.94,81.94,82,82.06,0,0,0,0,-,-,neutral"
2026-07-29T05:20:00.000-04:00,"2026-7-29 5:20,81.81,81.89,81.98,82.05,-5,-1,0,0,S,-,FIGHT"
2026-07-29T05:25:00.000-04:00,"2026-7-29 5:25,81.94,81.9,81.98,82.04,0,0,0,0,-,-,neutral"
2026-07-29T05:30:00.000-04:00,"2026-7-29 5:30,82.14,81.99,81.99,82.05,5,1,0,0,B,-,FIGHT"
2026-07-29T05:35:00.000-04:00,"2026-7-29 5:35,82.13,82.04,82,82.05,5,1,0,0,-,-,FIGHT"
2026-07-29T05:40:00.000-04:00,"2026-7-29 5:40,82.1,82.07,82.01,82.05,5,1,0,0,-,-,FIGHT"
2026-07-29T05:45:00.000-04:00,"2026-7-29 5:45,82.09,82.09,82.02,82.05,5,1,0,0,-,-,FIGHT"
2026-07-29T05:50:00.000-04:00,"2026-7-29 5:50,82.17,82.13,82.03,82.06,5,1,0,0,-,-,FIGHT"
2026-07-29T05:55:00.000-04:00,"2026-7-29 5:55,82.11,82.14,82.04,82.06,0,0,0,0,-,-,neutral"
2026-07-29T06:00:00.000-04:00,"2026-7-29 6:00,82.03,82.11,82.04,82.06,0,0,0,0,-,-,neutral"
2026-07-29T06:05:00.000-04:00,"2026-7-29 6:05,82.41,82.23,82.06,82.07,7,1,0,0,-,-,FIGHT"
2026-07-29T06:10:00.000-04:00,"2026-7-29 6:10,82.64,82.41,82.11,82.09,7,1,1,0,-,-,wave_only"
2026-07-29T06:15:00.000-04:00,"2026-7-29 6:15,82.68,82.54,82.15,82.12,7,1,1,0,-,-,wave_only"
2026-07-29T06:20:00.000-04:00,"2026-7-29 6:20,82.69,82.64,82.19,82.14,7,1,1,0,-,-,wave_only"
2026-07-29T06:25:00.000-04:00,"2026-7-29 6:25,82.72,82.72,82.23,82.16,5,1,1,0,-,-,wave_only"
2026-07-29T06:30:00.000-04:00,"2026-7-29 6:30,82.71,82.77,82.27,82.18,3,1,1,0,-,-,wave_only"
2026-07-29T06:35:00.000-04:00,"2026-7-29 6:35,83.02,82.91,82.33,82.22,7,1,1,0,-,-,wave_only"
2026-07-29T06:40:00.000-04:00,"2026-7-29 6:40,82.89,82.96,82.37,82.24,0,0,1,0,-,-,neutral"
2026-07-29T06:45:00.000-04:00,"2026-7-29 6:45,83.12,83.08,82.43,82.28,7,1,1,0,-,-,wave_only"
2026-07-29T06:50:00.000-04:00,"2026-7-29 6:50,83.24,83.2,82.49,82.32,7,1,1,0,-,-,wave_only"
2026-07-29T06:55:00.000-04:00,"2026-7-29 6:55,83.2,83.27,82.55,82.35,3,1,1,1,-,-,RIDE_both"
2026-07-29T07:00:00.000-04:00,"2026-7-29 7:00,83.23,83.32,82.6,82.38,0,0,1,1,-,-,neutral"
2026-07-29T07:05:00.000-04:00,"2026-7-29 7:05,83.01,83.27,82.63,82.41,0,0,1,1,-,-,neutral"
2026-07-29T07:10:00.000-04:00,"2026-7-29 7:10,83.1,83.25,82.67,82.44,0,0,1,1,-,-,neutral"
2026-07-29T07:15:00.000-04:00,"2026-7-29 7:15,83.08,83.23,82.7,82.46,0,0,1,1,-,-,neutral"
2026-07-29T07:20:00.000-04:00,"2026-7-29 7:20,83.16,83.24,82.73,82.49,0,0,1,1,-,-,neutral"
2026-07-29T07:25:00.000-04:00,"2026-7-29 7:25,82.87,83.13,82.74,82.5,0,0,0,1,-,-,neutral"
2026-07-29T07:30:00.000-04:00,"2026-7-29 7:30,82.96,83.08,82.76,82.52,0,0,0,1,-,-,neutral"
2026-07-29T07:35:00.000-04:00,"2026-7-29 7:35,82.82,82.99,82.77,82.53,0,0,0,1,-,-,neutral"
2026-07-29T07:40:00.000-04:00,"2026-7-29 7:40,82.94,82.97,82.78,82.55,0,0,0,1,-,-,neutral"
2026-07-29T07:45:00.000-04:00,"2026-7-29 7:45,82.53,82.8,82.76,82.55,-3,-1,0,1,S,-,FIGHT"
2026-07-29T07:50:00.000-04:00,"2026-7-29 7:50,82.67,82.72,82.75,82.55,-5,-1,0,1,-,-,FIGHT"
2026-07-29T07:55:00.000-04:00,"2026-7-29 7:55,82.52,82.62,82.73,82.55,-5,-1,0,0,-,-,FIGHT"
2026-07-29T08:00:00.000-04:00,"2026-7-29 8:00,82.82,82.65,82.74,82.56,0,0,0,0,-,-,neutral"
2026-07-29T08:05:00.000-04:00,"2026-7-29 8:05,83.07,82.78,82.77,82.58,3,1,0,0,B,-,FIGHT"
2026-07-29T08:10:00.000-04:00,"2026-7-29 8:10,83.13,82.89,82.79,82.6,7,1,1,0,-,-,wave_only"
2026-07-29T08:15:00.000-04:00,"2026-7-29 8:15,84.41,83.45,82.92,82.67,7,1,1,0,-,-,wave_only"
2026-07-29T08:20:00.000-04:00,"2026-7-29 8:20,84.59,83.92,83.05,82.75,7,1,1,0,-,-,wave_only"
2026-07-29T08:25:00.000-04:00,"2026-7-29 8:25,84.46,84.21,83.16,82.82,7,1,1,0,-,-,wave_only"
2026-07-29T08:30:00.000-04:00,"2026-7-29 8:30,84.31,84.36,83.24,82.88,7,1,1,0,-,-,wave_only"
2026-07-29T08:35:00.000-04:00,"2026-7-29 8:35,84.11,84.38,83.31,82.92,0,0,1,0,-,-,neutral"
2026-07-29T08:40:00.000-04:00,"2026-7-29 8:40,84.11,84.38,83.37,82.97,0,0,1,0,-,-,neutral"
2026-07-29T08:45:00.000-04:00,"2026-7-29 8:45,84.25,84.42,83.44,83.02,0,0,1,0,-,-,neutral"
2026-07-29T08:50:00.000-04:00,"2026-7-29 8:50,84.65,84.59,83.53,83.08,7,1,1,0,-,-,wave_only"
2026-07-29T08:55:00.000-04:00,"2026-7-29 8:55,84.54,84.66,83.61,83.14,7,0,1,1,-,-,neutral"
2026-07-29T09:00:00.000-04:00,"2026-7-29 9:00,84.61,84.72,83.69,83.2,7,0,1,1,-,-,neutral"
2026-07-29T09:05:00.000-04:00,"2026-7-29 9:05,84.54,84.73,83.75,83.25,0,0,1,1,-,-,neutral"
2026-07-29T09:10:00.000-04:00,"2026-7-29 9:10,84.43,84.69,83.81,83.3,0,0,1,1,-,-,neutral"
2026-07-29T09:15:00.000-04:00,"2026-7-29 9:15,84.52,84.68,83.86,83.35,0,0,1,1,-,-,neutral"
2026-07-29T09:20:00.000-04:00,"2026-7-29 9:20,84.17,84.54,83.88,83.38,0,0,1,1,-,-,neutral"
2026-07-29T09:25:00.000-04:00,"2026-7-29 9:25,84.33,84.49,83.92,83.42,0,0,0,1,-,-,neutral"
2026-07-29T09:30:00.000-04:00,"2026-7-29 9:30,84.48,84.5,83.96,83.46,0,0,0,1,-,-,neutral"
2026-07-29T09:35:00.000-04:00,"2026-7-29 9:35,84.26,84.42,83.98,83.49,0,0,0,1,-,-,neutral"
2026-07-29T09:40:00.000-04:00,"2026-7-29 9:40,84.44,84.43,84.02,83.53,7,0,0,1,-,-,neutral"
2026-07-29T09:45:00.000-04:00,"2026-7-29 9:45,84.65,84.51,84.07,83.57,7,1,0,1,-,-,tide_only"
2026-07-29T09:50:00.000-04:00,"2026-7-29 9:50,84.88,84.66,84.13,83.62,7,1,0,1,-,-,tide_only"
2026-07-29T09:55:00.000-04:00,"2026-7-29 9:55,84.85,84.75,84.19,83.67,7,1,1,1,-,-,RIDE_both"
2026-07-29T10:00:00.000-04:00,"2026-7-29 10:00,84.58,84.71,84.22,83.71,0,0,1,1,-,-,neutral"
2026-07-29T10:05:00.000-04:00,"2026-7-29 10:05,84.48,84.64,84.24,83.74,0,0,1,1,-,-,neutral"
2026-07-29T10:10:00.000-04:00,"2026-7-29 10:10,84.54,84.61,84.26,83.77,0,0,0,1,-,-,neutral"
2026-07-29T10:15:00.000-04:00,"2026-7-29 10:15,84.55,84.59,84.28,83.8,0,0,0,1,-,-,neutral"
2026-07-29T10:20:00.000-04:00,"2026-7-29 10:20,84.57,84.58,84.3,83.83,0,0,0,1,-,-,neutral"
2026-07-29T10:25:00.000-04:00,"2026-7-29 10:25,84.96,84.71,84.35,83.87,7,1,1,1,-,-,RIDE_both"
2026-07-29T10:30:00.000-04:00,"2026-7-29 10:30,85,84.83,84.4,83.92,7,1,1,1,-,-,RIDE_both"
2026-07-29T10:35:00.000-04:00,"2026-7-29 10:35,84.93,84.88,84.44,83.96,7,1,1,1,-,-,RIDE_both"
2026-07-29T10:40:00.000-04:00,"2026-7-29 10:40,85.09,84.98,84.49,84,7,1,1,1,-,-,RIDE_both"
2026-07-29T10:45:00.000-04:00,"2026-7-29 10:45,85.19,85.08,84.55,84.05,7,1,1,1,-,-,RIDE_both"
2026-07-29T10:50:00.000-04:00,"2026-7-29 10:50,85.28,85.19,84.6,84.1,7,1,1,1,-,-,RIDE_both"
2026-07-29T10:55:00.000-04:00,"2026-7-29 10:55,85.36,85.29,84.66,84.15,7,1,1,1,-,-,RIDE_both"
2026-07-29T11:00:00.000-04:00,"2026-7-29 11:00,85.33,85.34,84.71,84.19,7,1,1,1,-,-,RIDE_both"
2026-07-29T11:05:00.000-04:00,"2026-7-29 11:05,85.15,85.31,84.75,84.23,0,0,1,1,-,-,neutral"
2026-07-29T11:10:00.000-04:00,"2026-7-29 11:10,85.06,85.25,84.77,84.26,0,0,0,1,-,-,neutral"
2026-07-29T11:15:00.000-04:00,"2026-7-29 11:15,85.24,85.27,84.81,84.3,3,1,0,1,-,-,tide_only"
2026-07-29T11:20:00.000-04:00,"2026-7-29 11:20,85.02,85.2,84.82,84.33,0,0,0,1,-,-,neutral"
2026-07-29T11:25:00.000-04:00,"2026-7-29 11:25,84.88,85.09,84.83,84.35,-3,0,0,1,-,-,neutral"
2026-07-29T11:30:00.000-04:00,"2026-7-29 11:30,84.64,84.92,84.81,84.36,-3,-1,0,1,S,-,FIGHT"
2026-07-29T11:35:00.000-04:00,"2026-7-29 11:35,84.46,84.73,84.79,84.37,-5,-1,0,1,-,-,FIGHT"
2026-07-29T11:40:00.000-04:00,"2026-7-29 11:40,84.51,84.61,84.77,84.37,-5,-1,0,1,-,-,FIGHT"
2026-07-29T11:45:00.000-04:00,"2026-7-29 11:45,84.55,84.54,84.75,84.38,-5,-1,0,1,-,-,FIGHT"
2026-07-29T11:50:00.000-04:00,"2026-7-29 11:50,84.62,84.52,84.74,84.39,-3,-1,0,1,-,-,FIGHT"
2026-07-29T11:55:00.000-04:00,"2026-7-29 11:55,84.99,84.64,84.76,84.41,0,0,0,1,-,-,neutral"
2026-07-29T12:00:00.000-04:00,"2026-7-29 12:00,85.11,84.79,84.79,84.44,0,0,0,1,-,-,neutral"
2026-07-29T12:05:00.000-04:00,"2026-7-29 12:05,84.95,84.83,84.8,84.46,7,0,0,1,-,-,neutral"
2026-07-29T12:10:00.000-04:00,"2026-7-29 12:10,84.86,84.83,84.8,84.47,0,0,0,1,-,-,neutral"
2026-07-29T12:15:00.000-04:00,"2026-7-29 12:15,84.74,84.79,84.8,84.48,-5,-1,0,1,-,-,FIGHT"
2026-07-29T12:20:00.000-04:00,"2026-7-29 12:20,84.37,84.62,84.76,84.48,-5,-1,0,1,-,-,FIGHT"
2026-07-29T12:25:00.000-04:00,"2026-7-29 12:25,84.19,84.44,84.72,84.47,-5,-1,0,1,-,-,FIGHT"
2026-07-29T12:30:00.000-04:00,"2026-7-29 12:30,84.35,84.36,84.69,84.46,-5,-1,0,1,-,-,FIGHT"
2026-07-29T12:35:00.000-04:00,"2026-7-29 12:35,84.46,84.35,84.67,84.46,-3,-1,0,1,-,-,FIGHT"
2026-07-29T12:40:00.000-04:00,"2026-7-29 12:40,84.53,84.38,84.66,84.47,0,0,0,1,-,-,neutral"
2026-07-29T12:45:00.000-04:00,"2026-7-29 12:45,84.52,84.39,84.65,84.47,0,0,0,1,-,-,neutral"
2026-07-29T12:50:00.000-04:00,"2026-7-29 12:50,84.65,84.46,84.65,84.48,0,0,0,1,-,-,neutral"
2026-07-29T12:55:00.000-04:00,"2026-7-29 12:55,84.58,84.49,84.65,84.48,0,0,0,0,-,-,neutral"
2026-07-29T13:00:00.000-04:00,"2026-7-29 13:00,84.37,84.43,84.63,84.48,-5,-1,0,0,-,-,FIGHT"
2026-07-29T13:05:00.000-04:00,"2026-7-29 13:05,84.57,84.46,84.62,84.48,0,0,0,0,-,-,neutral"
2026-07-29T13:10:00.000-04:00,"2026-7-29 13:10,84.55,84.48,84.62,84.48,0,0,-1,0,-,-,neutral"
2026-07-29T13:15:00.000-04:00,"2026-7-29 13:15,84.65,84.54,84.62,84.49,0,0,-1,0,-,-,neutral"
2026-07-29T13:20:00.000-04:00,"2026-7-29 13:20,84.64,84.57,84.62,84.49,0,0,-1,0,-,-,neutral"
2026-07-29T13:25:00.000-04:00,"2026-7-29 13:25,84.47,84.54,84.61,84.49,-5,-1,-1,0,-,-,wave_only"
2026-07-29T13:30:00.000-04:00,"2026-7-29 13:30,84.69,84.59,84.61,84.5,0,0,-1,0,-,-,neutral"
2026-07-29T13:35:00.000-04:00,"2026-7-29 13:35,84.38,84.52,84.6,84.5,-5,-1,-1,0,-,-,wave_only"
2026-07-29T13:40:00.000-04:00,"2026-7-29 13:40,84.37,84.46,84.58,84.49,-5,-1,-1,0,-,-,wave_only"
2026-07-29T13:45:00.000-04:00,"2026-7-29 13:45,84.48,84.46,84.57,84.49,0,0,-1,0,-,-,neutral"
2026-07-29T13:50:00.000-04:00,"2026-7-29 13:50,84.59,84.5,84.57,84.5,0,0,-1,0,-,-,neutral"
2026-07-29T13:55:00.000-04:00,"2026-7-29 13:55,84.58,84.53,84.57,84.5,0,0,0,0,-,-,neutral"
2026-07-29T14:00:00.000-04:00,"2026-7-29 14:00,84.69,84.59,84.58,84.51,7,1,0,0,B,-,FIGHT"
2026-07-29T14:05:00.000-04:00,"2026-7-29 14:05,84.52,84.57,84.58,84.51,-5,0,0,0,-,-,neutral"
2026-07-29T14:10:00.000-04:00,"2026-7-29 14:10,84.61,84.59,84.58,84.51,7,0,0,0,-,-,neutral"
2026-07-29T14:15:00.000-04:00,"2026-7-29 14:15,84.84,84.69,84.6,84.52,7,1,0,0,-,-,FIGHT"
2026-07-29T14:20:00.000-04:00,"2026-7-29 14:20,84.87,84.77,84.62,84.54,7,1,0,0,-,-,FIGHT"
2026-07-29T14:25:00.000-04:00,"2026-7-29 14:25,84.48,84.69,84.61,84.53,0,0,-1,0,-,-,neutral"
2026-07-29T14:30:00.000-04:00,"2026-7-29 14:30,84.87,84.77,84.63,84.55,7,1,-1,0,-,-,FIGHT"
2026-07-29T14:35:00.000-04:00,"2026-7-29 14:35,84.83,84.81,84.65,84.56,7,1,-1,0,-,-,FIGHT"
2026-07-29T14:40:00.000-04:00,"2026-7-29 14:40,84.61,84.76,84.64,84.56,0,0,1,0,-,-,neutral"
2026-07-29T14:45:00.000-04:00,"2026-7-29 14:45,84.64,84.73,84.64,84.56,0,0,1,0,-,-,neutral"
2026-07-29T14:50:00.000-04:00,"2026-7-29 14:50,84.55,84.67,84.64,84.56,-3,0,1,0,-,-,neutral"
2026-07-29T14:55:00.000-04:00,"2026-7-29 14:55,84.42,84.58,84.62,84.56,-5,-1,-1,0,S,-,wave_only"
2026-07-29T15:00:00.000-04:00,"2026-7-29 15:00,84.36,84.49,84.6,84.55,-5,-1,-1,0,-,-,wave_only"
2026-07-29T15:05:00.000-04:00,"2026-7-29 15:05,84.41,84.45,84.58,84.54,-5,-1,-1,0,-,-,wave_only"
2026-07-29T15:10:00.000-04:00,"2026-7-29 15:10,84.43,84.42,84.57,84.54,-5,-1,-1,0,-,-,wave_only"
2026-07-29T15:15:00.000-04:00,"2026-7-29 15:15,84.1,84.28,84.54,84.52,-7,-1,-1,0,-,-,wave_only"
2026-07-29T15:20:00.000-04:00,"2026-7-29 15:20,84.46,84.32,84.53,84.52,0,0,-1,0,-,-,neutral"
2026-07-29T15:25:00.000-04:00,"2026-7-29 15:25,84.64,84.41,84.54,84.53,0,0,0,0,-,-,neutral"
2026-07-29T15:30:00.000-04:00,"2026-7-29 15:30,85.04,84.63,84.58,84.55,7,1,0,0,B,-,FIGHT"
2026-07-29T15:35:00.000-04:00,"2026-7-29 15:35,84.89,84.74,84.6,84.56,7,1,0,0,-,-,FIGHT"
2026-07-29T15:40:00.000-04:00,"2026-7-29 15:40,84.86,84.81,84.62,84.57,7,1,1,0,-,-,wave_only"
2026-07-29T15:45:00.000-04:00,"2026-7-29 15:45,84.87,84.86,84.64,84.58,7,1,1,0,-,-,wave_only"
2026-07-29T15:50:00.000-04:00,"2026-7-29 15:50,84.98,84.93,84.67,84.6,7,1,1,0,-,-,wave_only"
2026-07-29T15:55:00.000-04:00,"2026-7-29 15:55,84.89,84.95,84.68,84.61,0,0,1,0,-,-,neutral"
2026-07-29T16:00:00.000-04:00,"2026-7-29 16:00,84.72,84.89,84.69,84.61,0,0,1,0,-,-,neutral"
2026-07-29T16:05:00.000-04:00,"2026-7-29 16:05,84.72,84.85,84.69,84.62,0,0,1,0,-,-,neutral"
2026-07-29T16:10:00.000-04:00,"2026-7-29 16:10,84.73,84.82,84.69,84.62,0,0,0,0,-,-,neutral"
2026-07-29T16:15:00.000-04:00,"2026-7-29 16:15,84.79,84.82,84.7,84.63,0,0,0,0,-,-,neutral"
2026-07-29T16:20:00.000-04:00,"2026-7-29 16:20,85.02,84.9,84.72,84.64,7,1,0,0,-,-,FIGHT"
2026-07-29T16:25:00.000-04:00,"2026-7-29 16:25,84.91,84.92,84.74,84.65,3,1,1,0,-,-,wave_only"
2026-07-29T16:30:00.000-04:00,"2026-7-29 16:30,84.8,84.89,84.74,84.66,0,0,1,0,-,-,neutral"
2026-07-29T16:35:00.000-04:00,"2026-7-29 16:35,84.7,84.83,84.74,84.66,0,0,1,0,-,-,neutral"
2026-07-29T16:40:00.000-04:00,"2026-7-29 16:40,84.63,84.76,84.73,84.66,-3,0,-1,0,-,-,neutral"
2026-07-29T16:45:00.000-04:00,"2026-7-29 16:45,84.68,84.73,84.73,84.66,-5,0,-1,0,-,-,neutral"
2026-07-29T16:50:00.000-04:00,"2026-7-29 16:50,84.54,84.65,84.71,84.66,-5,-1,-1,0,S,-,wave_only"
2026-07-29T16:55:00.000-04:00,"2026-7-29 16:55,84.66,84.64,84.71,84.66,-5,-1,0,0,-,-,FIGHT"
2026-07-29T18:00:00.000-04:00,"2026-7-29 18:00,84.34,84.51,84.68,84.64,-5,-1,0,0,-,-,FIGHT"
2026-07-29T18:05:00.000-04:00,"2026-7-29 18:05,84.42,84.45,84.66,84.64,-5,-1,0,0,-,-,FIGHT"
2026-07-29T18:10:00.000-04:00,"2026-7-29 18:10,84.43,84.42,84.64,84.63,-5,-1,-1,0,-,-,wave_only"
2026-07-29T18:15:00.000-04:00,"2026-7-29 18:15,84.23,84.32,84.61,84.61,-7,-1,-1,0,-,-,wave_only"
2026-07-29T18:20:00.000-04:00,"2026-7-29 18:20,84.39,84.31,84.59,84.6,0,0,-1,0,-,-,neutral"
2026-07-29T18:25:00.000-04:00,"2026-7-29 18:25,84.44,84.32,84.58,84.6,0,0,-1,0,-,-,neutral"
2026-07-29T18:30:00.000-04:00,"2026-7-29 18:30,84.47,84.35,84.57,84.59,0,0,-1,0,-,-,neutral"
2026-07-29T18:35:00.000-04:00,"2026-7-29 18:35,84.34,84.32,84.56,84.58,-5,-1,-1,0,-,-,wave_only"
2026-07-29T18:40:00.000-04:00,"2026-7-29 18:40,84.47,84.36,84.55,84.58,0,0,-1,0,-,-,neutral"
2026-07-29T18:45:00.000-04:00,"2026-7-29 18:45,84.4,84.36,84.54,84.57,-5,0,-1,0,-,-,neutral"
2026-07-29T18:50:00.000-04:00,"2026-7-29 18:50,84.45,84.38,84.53,84.57,0,0,-1,0,-,-,neutral"
2026-07-29T18:55:00.000-04:00,"2026-7-29 18:55,84.42,84.38,84.52,84.56,0,0,-1,0,-,-,neutral"
2026-07-29T19:00:00.000-04:00,"2026-7-29 19:00,84.41,84.38,84.51,84.55,0,0,-1,0,-,-,neutral"
2026-07-29T19:05:00.000-04:00,"2026-7-29 19:05,84.23,84.32,84.49,84.54,-7,-1,-1,0,-,-,wave_only"
2026-07-29T19:10:00.000-04:00,"2026-7-29 19:10,84.61,84.42,84.5,84.54,0,0,0,0,-,-,neutral"
2026-07-29T19:15:00.000-04:00,"2026-7-29 19:15,84.65,84.5,84.51,84.55,5,0,0,0,-,-,neutral"
2026-07-29T19:20:00.000-04:00,"2026-7-29 19:20,84.45,84.49,84.51,84.54,-5,-1,0,0,-,-,FIGHT"
2026-07-29T19:25:00.000-04:00,"2026-7-29 19:25,84.43,84.48,84.5,84.54,-5,-1,-1,0,-,-,wave_only"
2026-07-29T19:30:00.000-04:00,"2026-7-29 19:30,84.36,84.44,84.49,84.53,-5,-1,-1,0,-,-,wave_only"
2026-07-29T19:35:00.000-04:00,"2026-7-29 19:35,84.44,84.44,84.49,84.53,0,0,-1,0,-,-,neutral"
2026-07-29T19:40:00.000-04:00,"2026-7-29 19:40,84.32,84.4,84.47,84.52,-5,-1,-1,0,-,-,wave_only"
2026-07-29T19:45:00.000-04:00,"2026-7-29 19:45,84.31,84.36,84.46,84.51,-7,-1,-1,0,-,-,wave_only"
2026-07-29T19:50:00.000-04:00,"2026-7-29 19:50,84.2,84.3,84.44,84.5,-7,-1,-1,0,-,-,wave_only"
2026-07-29T19:55:00.000-04:00,"2026-7-29 19:55,84.21,84.25,84.42,84.49,-7,-1,-1,0,-,-,wave_only"
2026-07-29T20:00:00.000-04:00,"2026-7-29 20:00,84.28,84.25,84.41,84.48,0,0,-1,0,-,-,neutral"
2026-07-29T20:05:00.000-04:00,"2026-7-29 20:05,84.15,84.2,84.39,84.47,-7,-1,-1,0,-,-,wave_only"
2026-07-29T20:10:00.000-04:00,"2026-7-29 20:10,83.9,84.07,84.35,84.45,-7,-1,-1,0,-,-,wave_only"
2026-07-29T20:15:00.000-04:00,"2026-7-29 20:15,83.35,83.78,84.28,84.4,-7,-1,-1,0,-,-,wave_only"
2026-07-29T20:20:00.000-04:00,"2026-7-29 20:20,83.7,83.7,84.23,84.38,-7,-1,-1,0,-,-,wave_only"
2026-07-29T20:25:00.000-04:00,"2026-7-29 20:25,83.98,83.75,84.21,84.36,0,0,-1,0,-,-,neutral"
2026-07-29T20:30:00.000-04:00,"2026-7-29 20:30,84.04,83.81,84.2,84.35,0,0,-1,0,-,-,neutral"
2026-07-29T20:35:00.000-04:00,"2026-7-29 20:35,84.21,83.93,84.2,84.34,0,0,-1,0,-,-,neutral"
2026-07-29T20:40:00.000-04:00,"2026-7-29 20:40,84.31,84.05,84.21,84.34,0,0,0,0,-,-,neutral"
2026-07-29T20:45:00.000-04:00,"2026-7-29 20:45,84.33,84.15,84.22,84.34,3,1,0,0,B,-,FIGHT"
2026-07-29T20:50:00.000-04:00,"2026-7-29 20:50,84.56,84.31,84.24,84.35,5,1,0,0,-,-,FIGHT"
2026-07-29T20:55:00.000-04:00,"2026-7-29 20:55,84.52,84.42,84.27,84.36,5,1,0,0,-,-,FIGHT"
2026-07-29T21:00:00.000-04:00,"2026-7-29 21:00,84.11,84.34,84.25,84.35,0,0,0,0,-,-,neutral"
2026-07-29T21:05:00.000-04:00,"2026-7-29 21:05,83.89,84.19,84.23,84.33,-7,-1,0,0,S,-,FIGHT"
2026-07-29T21:10:00.000-04:00,"2026-7-29 21:10,84.03,84.14,84.21,84.32,-7,-1,-1,0,-,-,wave_only"
2026-07-29T21:15:00.000-04:00,"2026-7-29 21:15,83.91,84.05,84.19,84.3,-7,-1,-1,0,-,-,wave_only"
2026-07-29T21:20:00.000-04:00,"2026-7-29 21:20,83.99,84.02,84.17,84.29,-7,-1,-1,0,-,-,wave_only"
2026-07-29T21:25:00.000-04:00,"2026-7-29 21:25,83.95,83.99,84.16,84.27,-7,-1,-1,0,-,-,wave_only"
2026-07-29T21:30:00.000-04:00,"2026-7-29 21:30,83.81,83.91,84.13,84.26,-7,-1,-1,0,-,-,wave_only"
2026-07-29T21:35:00.000-04:00,"2026-7-29 21:35,83.86,83.87,84.11,84.24,-7,-1,-1,0,-,-,wave_only"
2026-07-29T21:40:00.000-04:00,"2026-7-29 21:40,83.73,83.8,84.08,84.22,-7,-1,-1,0,-,-,wave_only"
2026-07-29T21:45:00.000-04:00,"2026-7-29 21:45,83.83,83.79,84.06,84.21,-3,-1,-1,0,-,-,wave_only"
2026-07-29T21:50:00.000-04:00,"2026-7-29 21:50,83.77,83.76,84.04,84.19,-3,-1,-1,0,-,-,wave_only"
2026-07-29T21:55:00.000-04:00,"2026-7-29 21:55,83.79,83.75,84.02,84.17,-3,-1,-1,0,-,-,wave_only"
2026-07-29T22:00:00.000-04:00,"2026-7-29 22:00,83.68,83.7,83.99,84.15,-7,-1,-1,0,-,-,wave_only"
2026-07-29T22:05:00.000-04:00,"2026-7-29 22:05,83.65,83.66,83.97,84.13,-7,-1,-1,0,-,-,wave_only"
2026-07-29T22:10:00.000-04:00,"2026-7-29 22:10,83.58,83.61,83.94,84.11,-7,-1,-1,0,-,-,wave_only"
2026-07-29T22:15:00.000-04:00,"2026-7-29 22:15,83.55,83.56,83.91,84.09,-7,-1,-1,0,-,-,wave_only"
2026-07-29T22:20:00.000-04:00,"2026-7-29 22:20,83.62,83.56,83.88,84.07,-7,0,-1,0,-,-,neutral"
2026-07-29T22:25:00.000-04:00,"2026-7-29 22:25,83.47,83.5,83.85,84.05,-7,-1,-1,0,-,-,wave_only"
2026-07-29T22:30:00.000-04:00,"2026-7-29 22:30,83.39,83.43,83.82,84.02,-7,-1,-1,0,-,-,wave_only"
2026-07-29T22:35:00.000-04:00,"2026-7-29 22:35,83.5,83.43,83.79,84,-7,0,-1,0,-,-,neutral"
2026-07-29T22:40:00.000-04:00,"2026-7-29 22:40,83.53,83.44,83.77,83.98,0,0,-1,0,-,-,neutral"
2026-07-29T22:45:00.000-04:00,"2026-7-29 22:45,83.68,83.51,83.77,83.97,0,0,-1,0,-,-,neutral"
2026-07-29T22:50:00.000-04:00,"2026-7-29 22:50,83.36,83.44,83.73,83.95,-7,-1,-1,0,-,-,wave_only"
2026-07-29T22:55:00.000-04:00,"2026-7-29 22:55,83.43,83.42,83.71,83.93,-7,-1,-1,0,-,-,wave_only"
2026-07-29T23:00:00.000-04:00,"2026-7-29 23:00,83.35,83.38,83.68,83.9,-7,-1,-1,0,-,-,wave_only"
2026-07-29T23:05:00.000-04:00,"2026-7-29 23:05,83.35,83.35,83.66,83.88,-7,-1,-1,0,-,-,wave_only"
2026-07-29T23:10:00.000-04:00,"2026-7-29 23:10,83.33,83.33,83.63,83.86,-7,-1,-1,0,-,-,wave_only"
2026-07-29T23:15:00.000-04:00,"2026-7-29 23:15,83.38,83.33,83.61,83.84,0,0,-1,0,-,-,neutral"
2026-07-29T23:20:00.000-04:00,"2026-7-29 23:20,83.54,83.39,83.61,83.83,0,0,-1,0,-,-,neutral"
2026-07-29T23:25:00.000-04:00,"2026-7-29 23:25,83.63,83.47,83.61,83.82,3,1,0,0,B,-,FIGHT"
2026-07-29T23:30:00.000-04:00,"2026-7-29 23:30,83.58,83.52,83.61,83.81,3,1,0,0,-,-,FIGHT"
2026-07-29T23:35:00.000-04:00,"2026-7-29 23:35,83.56,83.54,83.6,83.8,3,1,0,0,-,-,FIGHT"
2026-07-29T23:40:00.000-04:00,"2026-7-29 23:40,83.58,83.57,83.6,83.79,5,1,0,0,-,-,FIGHT"
2026-07-29T23:45:00.000-04:00,"2026-7-29 23:45,83.67,83.62,83.61,83.79,5,1,0,0,-,-,FIGHT"
2026-07-29T23:50:00.000-04:00,"2026-7-29 23:50,83.76,83.69,83.62,83.79,5,1,0,0,-,-,FIGHT"
2026-07-29T23:55:00.000-04:00,"2026-7-29 23:55,83.63,83.69,83.62,83.78,0,0,0,0,-,-,neutral"
2026-07-30T00:00:00.000-04:00,"2026-7-30 0:00,83.66,83.7,83.62,83.78,0,0,0,0,-,-,neutral"
2026-07-30T00:05:00.000-04:00,"2026-7-30 0:05,83.75,83.74,83.63,83.78,5,1,0,0,-,-,FIGHT"
2026-07-30T00:10:00.000-04:00,"2026-7-30 0:10,83.78,83.78,83.64,83.78,5,1,0,0,-,-,FIGHT"
2026-07-30T00:15:00.000-04:00,"2026-7-30 0:15,83.83,83.82,83.66,83.78,5,1,0,0,-,-,FIGHT"
2026-07-30T00:20:00.000-04:00,"2026-7-30 0:20,83.73,83.81,83.66,83.78,0,0,0,0,-,-,neutral"
2026-07-30T00:25:00.000-04:00,"2026-7-30 0:25,83.79,83.83,83.67,83.78,5,0,0,0,-,-,neutral"
2026-07-30T00:30:00.000-04:00,"2026-7-30 0:30,83.73,83.81,83.68,83.78,0,0,0,0,-,-,neutral"
2026-07-30T00:35:00.000-04:00,"2026-7-30 0:35,83.74,83.8,83.68,83.77,0,0,0,0,-,-,neutral"
2026-07-30T00:40:00.000-04:00,"2026-7-30 0:40,83.79,83.81,83.69,83.77,5,0,0,0,-,-,neutral"
2026-07-30T00:45:00.000-04:00,"2026-7-30 0:45,83.73,83.8,83.69,83.77,0,0,0,0,-,-,neutral"
2026-07-30T00:50:00.000-04:00,"2026-7-30 0:50,83.97,83.87,83.71,83.78,5,1,0,0,-,-,FIGHT"
2026-07-30T00:55:00.000-04:00,"2026-7-30 0:55,84.07,83.96,83.74,83.79,5,1,1,1,-,-,RIDE_both"
2026-07-30T01:00:00.000-04:00,"2026-7-30 1:00,84,84,83.76,83.8,5,1,1,1,-,-,RIDE_both"
2026-07-30T01:05:00.000-04:00,"2026-7-30 1:05,84.27,84.12,83.8,83.82,5,1,1,1,-,-,RIDE_both"
2026-07-30T01:10:00.000-04:00,"2026-7-30 1:10,84.46,84.28,83.85,83.84,5,1,1,1,-,-,RIDE_both"
2026-07-30T01:15:00.000-04:00,"2026-7-30 1:15,84.6,84.45,83.91,83.87,5,1,1,1,-,-,RIDE_both"
2026-07-30T01:20:00.000-04:00,"2026-7-30 1:20,84.68,84.59,83.97,83.9,5,1,1,1,-,-,RIDE_both"
2026-07-30T01:25:00.000-04:00,"2026-7-30 1:25,84.54,84.64,84.01,83.93,0,0,1,1,-,-,neutral"
2026-07-30T01:30:00.000-04:00,"2026-7-30 1:30,84.93,84.81,84.08,83.97,7,1,1,1,-,-,RIDE_both"
2026-07-30T01:35:00.000-04:00,"2026-7-30 1:35,85.02,84.96,84.16,84.01,7,1,1,1,-,-,RIDE_both"
2026-07-30T01:40:00.000-04:00,"2026-7-30 1:40,84.96,85.04,84.22,84.05,7,1,1,1,-,-,RIDE_both"
2026-07-30T01:45:00.000-04:00,"2026-7-30 1:45,84.83,85.04,84.26,84.08,0,0,1,1,-,-,neutral"
2026-07-30T01:50:00.000-04:00,"2026-7-30 1:50,85.22,85.17,84.34,84.12,7,1,1,1,-,-,RIDE_both"
2026-07-30T01:55:00.000-04:00,"2026-7-30 1:55,85.23,85.26,84.41,84.17,7,1,1,1,-,-,RIDE_both"
2026-07-30T02:00:00.000-04:00,"2026-7-30 2:00,85.12,85.28,84.46,84.2,0,0,1,1,-,-,neutral"
2026-07-30T02:05:00.000-04:00,"2026-7-30 2:05,85.63,85.48,84.55,84.26,7,1,1,1,-,-,RIDE_both"
2026-07-30T02:10:00.000-04:00,"2026-7-30 2:10,85.7,85.63,84.64,84.32,7,1,1,1,-,-,RIDE_both"
2026-07-30T02:15:00.000-04:00,"2026-7-30 2:15,85.79,85.77,84.73,84.37,7,1,1,1,-,-,RIDE_both"
2026-07-30T02:20:00.000-04:00,"2026-7-30 2:20,85.63,85.8,84.8,84.42,0,0,1,1,-,-,neutral"
2026-07-30T02:25:00.000-04:00,"2026-7-30 2:25,85.83,85.89,84.88,84.48,7,1,1,1,-,-,RIDE_both"
2026-07-30T02:30:00.000-04:00,"2026-7-30 2:30,85.64,85.87,84.94,84.52,0,0,1,1,-,-,neutral"
2026-07-30T02:35:00.000-04:00,"2026-7-30 2:35,85.74,85.89,85,84.57,0,0,1,1,-,-,neutral"
2026-07-30T02:40:00.000-04:00,"2026-7-30 2:40,85.64,85.85,85.05,84.61,0,0,1,1,-,-,neutral"
2026-07-30T02:45:00.000-04:00,"2026-7-30 2:45,85.59,85.8,85.09,84.65,0,0,1,1,-,-,neutral"
2026-07-30T02:50:00.000-04:00,"2026-7-30 2:50,85.43,85.69,85.11,84.68,0,0,1,1,-,-,neutral"
2026-07-30T02:55:00.000-04:00,"2026-7-30 2:55,85.32,85.57,85.13,84.71,0,0,0,1,-,-,neutral"
2026-07-30T03:00:00.000-04:00,"2026-7-30 3:00,84.67,85.24,85.1,84.71,-3,-1,0,1,S,-,FIGHT"
2026-07-30T03:05:00.000-04:00,"2026-7-30 3:05,84.95,85.09,85.08,84.72,-5,-1,0,1,-,-,FIGHT"
2026-07-30T03:10:00.000-04:00,"2026-7-30 3:10,84.94,84.99,85.07,84.72,-5,-1,0,1,-,-,FIGHT"
2026-07-30T03:15:00.000-04:00,"2026-7-30 3:15,85.25,85.03,85.09,84.74,0,0,0,1,-,-,neutral"
2026-07-30T03:20:00.000-04:00,"2026-7-30 3:20,85.01,84.98,85.08,84.76,-5,-1,0,1,-,-,FIGHT"
2026-07-30T03:25:00.000-04:00,"2026-7-30 3:25,85.3,85.05,85.1,84.78,0,0,0,1,-,-,neutral"
2026-07-30T03:30:00.000-04:00,"2026-7-30 3:30,85.7,85.25,85.14,84.81,7,1,0,1,B,-,tide_only"
2026-07-30T03:35:00.000-04:00,"2026-7-30 3:35,85.75,85.42,85.19,84.85,7,1,0,1,-,-,tide_only"
2026-07-30T03:40:00.000-04:00,"2026-7-30 3:40,85.47,85.44,85.21,84.87,7,0,0,1,-,-,neutral"
2026-07-30T03:45:00.000-04:00,"2026-7-30 3:45,85.4,85.43,85.23,84.89,0,0,0,1,-,-,neutral"
2026-07-30T03:50:00.000-04:00,"2026-7-30 3:50,85.09,85.31,85.22,84.9,-3,-1,0,1,S,-,FIGHT"
2026-07-30T03:55:00.000-04:00,"2026-7-30 3:55,85.2,85.26,85.21,84.91,-3,-1,0,1,-,-,FIGHT"
2026-07-30T04:00:00.000-04:00,"2026-7-30 4:00,84.88,85.1,85.19,84.91,-5,-1,0,1,-,-,FIGHT"
2026-07-30T04:05:00.000-04:00,"2026-7-30 4:05,84.83,84.97,85.16,84.91,-5,-1,0,1,-,-,FIGHT"
2026-07-30T04:10:00.000-04:00,"2026-7-30 4:10,84.82,84.87,85.14,84.91,-5,-1,0,1,-,-,FIGHT"
2026-07-30T04:15:00.000-04:00,"2026-7-30 4:15,85.16,84.93,85.14,84.92,0,0,0,1,-,-,neutral"
2026-07-30T04:20:00.000-04:00,"2026-7-30 4:20,85.17,84.99,85.14,84.93,0,0,0,1,-,-,neutral"
2026-07-30T04:25:00.000-04:00,"2026-7-30 4:25,84.97,84.95,85.13,84.93,-5,-1,0,1,-,-,FIGHT"
2026-07-30T04:30:00.000-04:00,"2026-7-30 4:30,84.45,84.74,85.07,84.91,-5,-1,0,1,-,-,FIGHT"
2026-07-30T04:35:00.000-04:00,"2026-7-30 4:35,84.55,84.62,85.03,84.89,-5,-1,0,1,-,-,FIGHT"
2026-07-30T04:40:00.000-04:00,"2026-7-30 4:40,84.77,84.63,85.01,84.89,0,0,0,1,-,-,neutral"
2026-07-30T04:45:00.000-04:00,"2026-7-30 4:45,84.83,84.65,85,84.89,0,0,0,1,-,-,neutral"
2026-07-30T04:50:00.000-04:00,"2026-7-30 4:50,85.03,84.76,85,84.89,0,0,0,1,-,-,neutral"
2026-07-30T04:55:00.000-04:00,"2026-7-30 4:55,84.73,84.72,84.98,84.89,-5,-1,0,0,-,-,FIGHT"
2026-07-30T05:00:00.000-04:00,"2026-7-30 5:00,84.51,84.62,84.94,84.87,-5,-1,0,0,-,-,FIGHT"
2026-07-30T05:05:00.000-04:00,"2026-7-30 5:05,84.44,84.52,84.91,84.85,-5,-1,0,0,-,-,FIGHT"
2026-07-30T05:10:00.000-04:00,"2026-7-30 5:10,84.38,84.43,84.87,84.84,-5,-1,-1,0,-,-,wave_only"
2026-07-30T05:15:00.000-04:00,"2026-7-30 5:15,84.02,84.24,84.8,84.8,-7,-1,-1,0,-,-,wave_only"
2026-07-30T05:20:00.000-04:00,"2026-7-30 5:20,84.09,84.13,84.75,84.78,-3,-1,-1,0,-,-,wave_only"
2026-07-30T05:25:00.000-04:00,"2026-7-30 5:25,84.05,84.04,84.69,84.75,-3,-1,-1,0,-,-,wave_only"
2026-07-30T05:30:00.000-04:00,"2026-7-30 5:30,84.22,84.04,84.66,84.73,0,0,-1,0,-,-,neutral"
2026-07-30T05:35:00.000-04:00,"2026-7-30 5:35,84.24,84.06,84.62,84.71,0,0,-1,0,-,-,neutral"
2026-07-30T05:40:00.000-04:00,"2026-7-30 5:40,84.11,84.04,84.58,84.68,0,0,-1,0,-,-,neutral"
2026-07-30T05:45:00.000-04:00,"2026-7-30 5:45,84.1,84.02,84.55,84.66,0,0,-1,0,-,-,neutral"
2026-07-30T05:50:00.000-04:00,"2026-7-30 5:50,84.16,84.03,84.52,84.64,0,0,-1,0,-,-,neutral"
2026-07-30T05:55:00.000-04:00,"2026-7-30 5:55,84.47,84.16,84.51,84.64,0,0,0,0,-,-,neutral"
2026-07-30T06:00:00.000-04:00,"2026-7-30 6:00,84.63,84.32,84.52,84.64,0,0,0,0,-,-,neutral"
2026-07-30T06:05:00.000-04:00,"2026-7-30 6:05,84.45,84.38,84.52,84.63,0,0,0,0,-,-,neutral"
2026-07-30T06:10:00.000-04:00,"2026-7-30 6:10,84.59,84.47,84.52,84.63,3,1,0,0,B,-,FIGHT"
2026-07-30T06:15:00.000-04:00,"2026-7-30 6:15,84.23,84.4,84.5,84.61,-7,-1,0,0,S,-,FIGHT"
2026-07-30T06:20:00.000-04:00,"2026-7-30 6:20,84.11,84.3,84.47,84.59,-7,-1,0,0,-,-,FIGHT"
2026-07-30T06:25:00.000-04:00,"2026-7-30 6:25,84.23,84.28,84.45,84.58,-7,-1,-1,0,-,-,wave_only"
2026-07-30T06:30:00.000-04:00,"2026-7-30 6:30,84.22,84.26,84.43,84.56,-3,-1,-1,0,-,-,wave_only"
2026-07-30T06:35:00.000-04:00,"2026-7-30 6:35,83.98,84.15,84.4,84.54,-7,-1,-1,0,-,-,wave_only"
2026-07-30T06:40:00.000-04:00,"2026-7-30 6:40,83.64,83.95,84.34,84.5,-7,-1,-1,0,-,-,wave_only"
2026-07-30T06:45:00.000-04:00,"2026-7-30 6:45,83.49,83.75,84.28,84.46,-7,-1,-1,0,-,-,wave_only"
2026-07-30T06:50:00.000-04:00,"2026-7-30 6:50,83.71,83.69,84.23,84.44,-3,-1,-1,0,-,-,wave_only"
2026-07-30T06:55:00.000-04:00,"2026-7-30 6:55,83.77,83.68,84.2,84.41,-3,-1,-1,0,-,-,wave_only"
2026-07-30T07:00:00.000-04:00,"2026-7-30 7:00,83.79,83.68,84.16,84.39,0,0,-1,0,-,-,neutral"
2026-07-30T07:05:00.000-04:00,"2026-7-30 7:05,83.81,83.69,84.14,84.36,0,0,-1,0,-,-,neutral"
2026-07-30T07:10:00.000-04:00,"2026-7-30 7:10,83.71,83.67,84.1,84.34,-7,-1,-1,0,-,-,wave_only"
2026-07-30T07:15:00.000-04:00,"2026-7-30 7:15,83.76,83.68,84.08,84.31,0,0,-1,0,-,-,neutral"
2026-07-30T07:20:00.000-04:00,"2026-7-30 7:20,83.63,83.64,84.04,84.29,-7,-1,-1,0,-,-,wave_only"
2026-07-30T07:25:00.000-04:00,"2026-7-30 7:25,83.65,83.62,84.01,84.26,-7,-1,-1,0,-,-,wave_only"
2026-07-30T07:30:00.000-04:00,"2026-7-30 7:30,83.5,83.55,83.97,84.23,-7,-1,-1,0,-,-,wave_only"
2026-07-30T07:35:00.000-04:00,"2026-7-30 7:35,83.54,83.52,83.94,84.21,-7,-1,-1,0,-,-,wave_only"
2026-07-30T07:40:00.000-04:00,"2026-7-30 7:40,83.48,83.48,83.91,84.18,-7,-1,-1,0,-,-,wave_only"
2026-07-30T07:45:00.000-04:00,"2026-7-30 7:45,83.41,83.43,83.87,84.15,-7,-1,-1,0,-,-,wave_only"
2026-07-30T07:50:00.000-04:00,"2026-7-30 7:50,83.36,83.38,83.83,84.12,-7,-1,-1,0,-,-,wave_only"
2026-07-30T07:55:00.000-04:00,"2026-7-30 7:55,83.54,83.41,83.81,84.09,0,0,0,-1,-,-,neutral"
2026-07-30T08:00:00.000-04:00,"2026-7-30 8:00,83.68,83.49,83.8,84.08,0,0,0,-1,-,-,neutral"
2026-07-30T08:05:00.000-04:00,"2026-7-30 8:05,83.48,83.48,83.77,84.05,-7,-1,0,-1,-,-,tide_only"
2026-07-30T08:10:00.000-04:00,"2026-7-30 8:10,83.7,83.55,83.77,84.04,0,0,0,-1,-,-,neutral"
2026-07-30T08:15:00.000-04:00,"2026-7-30 8:15,83.71,83.61,83.76,84.03,3,0,0,-1,-,-,neutral"
2026-07-30T08:20:00.000-04:00,"2026-7-30 8:20,83.93,83.74,83.77,84.02,5,1,0,-1,B,-,FIGHT"
2026-07-30T08:25:00.000-04:00,"2026-7-30 8:25,84.25,83.95,83.81,84.03,5,1,0,-1,-,-,FIGHT"
2026-07-30T08:30:00.000-04:00,"2026-7-30 8:30,83.95,83.99,83.82,84.03,5,1,0,-1,-,-,FIGHT"
2026-07-30T08:35:00.000-04:00,"2026-7-30 8:35,83.74,83.94,83.82,84.02,0,0,0,-1,-,-,neutral"
2026-07-30T08:40:00.000-04:00,"2026-7-30 8:40,83.78,83.91,83.81,84.01,0,0,0,-1,-,-,neutral"
2026-07-30T08:45:00.000-04:00,"2026-7-30 8:45,83.94,83.95,83.82,84.01,5,1,0,-1,-,-,FIGHT"
2026-07-30T08:50:00.000-04:00,"2026-7-30 8:50,84.22,84.08,83.85,84.01,5,1,0,-1,-,-,FIGHT"
2026-07-30T08:55:00.000-04:00,"2026-7-30 8:55,84.47,84.26,83.9,84.03,5,1,0,1,-,-,tide_only"
2026-07-30T09:00:00.000-04:00,"2026-7-30 9:00,84.08,84.25,83.91,84.03,0,0,0,1,-,-,neutral"
2026-07-30T09:05:00.000-04:00,"2026-7-30 9:05,83.4,83.98,83.88,84.01,0,0,0,1,-,-,neutral"
2026-07-30T09:10:00.000-04:00,"2026-7-30 9:10,83.01,83.63,83.81,83.97,-7,-1,-1,1,S,-,wave_only"
2026-07-30T09:15:00.000-04:00,"2026-7-30 9:15,83.29,83.48,83.77,83.94,-7,-1,-1,1,-,-,wave_only"
2026-07-30T09:20:00.000-04:00,"2026-7-30 9:20,83.37,83.41,83.74,83.92,-7,-1,-1,1,-,-,wave_only"
2026-07-30T09:25:00.000-04:00,"2026-7-30 9:25,83.47,83.39,83.72,83.9,-3,-1,-1,1,-,-,wave_only"
2026-07-30T09:30:00.000-04:00,"2026-7-30 9:30,83.64,83.45,83.71,83.89,0,0,-1,1,-,-,neutral"
2026-07-30T09:35:00.000-04:00,"2026-7-30 9:35,83.37,83.39,83.69,83.87,-7,-1,-1,1,-,-,wave_only"
2026-07-30T09:40:00.000-04:00,"2026-7-30 9:40,83.64,83.46,83.68,83.86,0,0,0,1,-,-,neutral"
2026-07-30T09:45:00.000-04:00,"2026-7-30 9:45,83.74,83.54,83.69,83.86,3,0,0,1,-,-,neutral"
2026-07-30T09:50:00.000-04:00,"2026-7-30 9:50,83.66,83.58,83.68,83.85,3,0,0,1,-,-,neutral"
2026-07-30T09:55:00.000-04:00,"2026-7-30 9:55,83.72,83.63,83.69,83.85,3,1,0,-1,B,-,FIGHT"
2026-07-30T10:00:00.000-04:00,"2026-7-30 10:00,83.82,83.7,83.7,83.84,5,1,0,-1,-,-,FIGHT"
2026-07-30T10:05:00.000-04:00,"2026-7-30 10:05,83.8,83.75,83.71,83.84,5,1,0,-1,-,-,FIGHT"
2026-07-30T10:10:00.000-04:00,"2026-7-30 10:10,83.86,83.8,83.72,83.84,5,1,0,-1,-,-,FIGHT"
2026-07-30T10:15:00.000-04:00,"2026-7-30 10:15,84.13,83.94,83.75,83.85,5,1,0,-1,-,-,FIGHT"
2026-07-30T10:20:00.000-04:00,"2026-7-30 10:20,84.1,84.03,83.78,83.86,5,1,0,-1,-,-,FIGHT"
2026-07-30T10:25:00.000-04:00,"2026-7-30 10:25,83.96,84.04,83.79,83.87,0,0,0,-1,-,-,neutral"
2026-07-30T10:30:00.000-04:00,"2026-7-30 10:30,84.16,84.12,83.82,83.88,5,1,0,-1,-,-,FIGHT"
2026-07-30T10:35:00.000-04:00,"2026-7-30 10:35,84,84.11,83.83,83.88,0,0,0,-1,-,-,neutral"
2026-07-30T10:40:00.000-04:00,"2026-7-30 10:40,84.08,84.13,83.85,83.89,0,0,0,-1,-,-,neutral"
2026-07-30T10:45:00.000-04:00,"2026-7-30 10:45,84.33,84.24,83.89,83.91,7,1,0,-1,-,-,FIGHT"
2026-07-30T10:50:00.000-04:00,"2026-7-30 10:50,84.23,84.27,83.91,83.92,5,0,0,-1,-,-,neutral"
2026-07-30T10:55:00.000-04:00,"2026-7-30 10:55,84.22,84.29,83.94,83.93,0,0,1,0,-,-,neutral"
2026-07-30T11:00:00.000-04:00,"2026-7-30 11:00,84.35,84.35,83.97,83.95,7,0,1,0,-,-,neutral"
2026-07-30T11:05:00.000-04:00,"2026-7-30 11:05,84.59,84.47,84.02,83.97,7,1,1,0,-,-,wave_only"
2026-07-30T11:10:00.000-04:00,"2026-7-30 11:10,84.61,84.57,84.06,84,3,1,1,0,-,-,wave_only"
2026-07-30T11:15:00.000-04:00,"2026-7-30 11:15,84.51,84.59,84.1,84.02,0,0,1,0,-,-,neutral"
2026-07-30T11:20:00.000-04:00,"2026-7-30 11:20,84.26,84.51,84.11,84.03,0,0,1,0,-,-,neutral"
2026-07-30T11:25:00.000-04:00,"2026-7-30 11:25,84.29,84.46,84.12,84.04,0,0,1,0,-,-,neutral"
2026-07-30T11:30:00.000-04:00,"2026-7-30 11:30,84.49,84.49,84.15,84.06,0,0,1,0,-,-,neutral"
2026-07-30T11:35:00.000-04:00,"2026-7-30 11:35,84.08,84.36,84.15,84.06,0,0,1,0,-,-,neutral"
2026-07-30T11:40:00.000-04:00,"2026-7-30 11:40,83.71,84.13,84.11,84.04,-5,-1,0,0,S,-,FIGHT"
2026-07-30T11:45:00.000-04:00,"2026-7-30 11:45,83.86,84.01,84.09,84.04,-5,-1,0,0,-,-,FIGHT"
2026-07-30T11:50:00.000-04:00,"2026-7-30 11:50,84.03,83.99,84.09,84.04,-5,-1,0,0,-,-,FIGHT"
2026-07-30T11:55:00.000-04:00,"2026-7-30 11:55,84.08,83.99,84.09,84.04,0,0,0,0,-,-,neutral"
2026-07-30T12:00:00.000-04:00,"2026-7-30 12:00,84.02,83.98,84.08,84.04,-5,-1,0,0,-,-,FIGHT"
2026-07-30T12:05:00.000-04:00,"2026-7-30 12:05,84.23,84.04,84.09,84.05,0,0,0,0,-,-,neutral"
2026-07-30T12:10:00.000-04:00,"2026-7-30 12:10,84.01,84.01,84.09,84.04,-5,-1,0,0,-,-,FIGHT"
2026-07-30T12:15:00.000-04:00,"2026-7-30 12:15,83.89,83.95,84.07,84.04,-5,-1,0,0,-,-,FIGHT"
2026-07-30T12:20:00.000-04:00,"2026-7-30 12:20,83.72,83.84,84.05,84.03,-5,-1,0,0,-,-,FIGHT"
2026-07-30T12:25:00.000-04:00,"2026-7-30 12:25,83.62,83.73,84.01,84.01,-7,-1,-1,0,-,-,wave_only"
2026-07-30T12:30:00.000-04:00,"2026-7-30 12:30,83.77,83.7,83.99,84,-3,-1,-1,0,-,-,wave_only"
2026-07-30T12:35:00.000-04:00,"2026-7-30 12:35,83.91,83.74,83.99,84,0,0,-1,0,-,-,neutral"
2026-07-30T12:40:00.000-04:00,"2026-7-30 12:40,83.89,83.77,83.98,83.99,0,0,-1,0,-,-,neutral"
2026-07-30T12:45:00.000-04:00,"2026-7-30 12:45,83.83,83.77,83.97,83.99,0,0,-1,0,-,-,neutral"
2026-07-30T12:50:00.000-04:00,"2026-7-30 12:50,83.94,83.81,83.97,83.98,0,0,-1,0,-,-,neutral"
2026-07-30T12:55:00.000-04:00,"2026-7-30 12:55,84.11,83.91,83.98,83.99,0,0,1,0,-,-,neutral"
2026-07-30T13:00:00.000-04:00,"2026-7-30 13:00,83.97,83.93,83.98,83.99,0,0,1,0,-,-,neutral"
2026-07-30T13:05:00.000-04:00,"2026-7-30 13:05,84.05,83.97,83.98,83.99,7,0,1,0,-,-,neutral"
2026-07-30T13:10:00.000-04:00,"2026-7-30 13:10,83.96,83.97,83.98,83.99,0,0,0,0,-,-,neutral"
2026-07-30T13:15:00.000-04:00,"2026-7-30 13:15,83.99,83.98,83.98,83.99,7,0,0,0,-,-,neutral"
2026-07-30T13:20:00.000-04:00,"2026-7-30 13:20,83.8,83.92,83.97,83.98,-5,-1,0,0,-,-,FIGHT"
2026-07-30T13:25:00.000-04:00,"2026-7-30 13:25,83.84,83.89,83.96,83.98,-5,-1,-1,0,-,-,wave_only"
2026-07-30T13:30:00.000-04:00,"2026-7-30 13:30,83.72,83.82,83.94,83.97,-5,-1,-1,0,-,-,wave_only"
2026-07-30T13:35:00.000-04:00,"2026-7-30 13:35,84.21,83.96,83.96,83.98,7,1,-1,0,B,-,FIGHT"
2026-07-30T13:40:00.000-04:00,"2026-7-30 13:40,83.88,83.93,83.95,83.97,-5,-1,-1,0,S,-,wave_only"
2026-07-30T13:45:00.000-04:00,"2026-7-30 13:45,84.08,83.99,83.96,83.98,7,1,-1,0,B,-,FIGHT"
2026-07-30T13:50:00.000-04:00,"2026-7-30 13:50,83.98,83.99,83.96,83.98,0,0,-1,0,-,-,neutral"
2026-07-30T13:55:00.000-04:00,"2026-7-30 13:55,84.07,84.03,83.97,83.98,7,1,1,0,-,-,wave_only"
2026-07-30T14:00:00.000-04:00,"2026-7-30 14:00,84.19,84.1,83.99,83.99,7,1,1,0,-,-,wave_only"
2026-07-30T14:05:00.000-04:00,"2026-7-30 14:05,84.09,84.11,84,83.99,0,0,1,0,-,-,neutral"
2026-07-30T14:10:00.000-04:00,"2026-7-30 14:10,84.13,84.13,84.01,84,5,1,1,0,-,-,wave_only"
2026-07-30T14:15:00.000-04:00,"2026-7-30 14:15,83.78,84.02,83.99,83.99,-3,-1,1,0,S,-,FIGHT"
2026-07-30T14:20:00.000-04:00,"2026-7-30 14:20,83.91,83.98,83.98,83.99,0,0,1,0,-,-,neutral"
2026-07-30T14:25:00.000-04:00,"2026-7-30 14:25,83.55,83.82,83.95,83.97,-7,-1,-1,0,-,-,wave_only"
2026-07-30T14:30:00.000-04:00,"2026-7-30 14:30,83.63,83.73,83.93,83.96,-5,-1,-1,0,-,-,wave_only"
2026-07-30T14:35:00.000-04:00,"2026-7-30 14:35,83.65,83.68,83.9,83.94,-5,-1,-1,0,-,-,wave_only"
2026-07-30T14:40:00.000-04:00,"2026-7-30 14:40,83.72,83.67,83.89,83.94,-3,-1,-1,0,-,-,wave_only"
2026-07-30T14:45:00.000-04:00,"2026-7-30 14:45,83.74,83.67,83.88,83.93,0,0,-1,0,-,-,neutral"
2026-07-30T14:50:00.000-04:00,"2026-7-30 14:50,83.58,83.61,83.86,83.91,-5,-1,-1,0,-,-,wave_only"
2026-07-30T14:55:00.000-04:00,"2026-7-30 14:55,83.54,83.56,83.83,83.9,-7,-1,-1,-1,-,-,RIDE_both"
2026-07-30T15:00:00.000-04:00,"2026-7-30 15:00,83.6,83.55,83.81,83.89,-3,-1,-1,-1,-,-,RIDE_both"
2026-07-30T15:05:00.000-04:00,"2026-7-30 15:05,83.58,83.54,83.8,83.88,-3,-1,-1,-1,-,-,RIDE_both"
2026-07-30T15:10:00.000-04:00,"2026-7-30 15:10,83.65,83.55,83.78,83.87,0,0,-1,-1,-,-,neutral"
2026-07-30T15:15:00.000-04:00,"2026-7-30 15:15,83.61,83.56,83.77,83.86,0,0,-1,-1,-,-,neutral"
2026-07-30T15:20:00.000-04:00,"2026-7-30 15:20,83.63,83.57,83.76,83.85,0,0,-1,-1,-,-,neutral"
2026-07-30T15:25:00.000-04:00,"2026-7-30 15:25,83.54,83.54,83.74,83.84,-7,-1,-1,-1,-,-,RIDE_both"
2026-07-30T15:30:00.000-04:00,"2026-7-30 15:30,83.54,83.53,83.73,83.82,-7,-1,-1,-1,-,-,RIDE_both"
2026-07-30T15:35:00.000-04:00,"2026-7-30 15:35,83.52,83.51,83.71,83.81,-3,-1,-1,-1,-,-,RIDE_both"
2026-07-30T15:40:00.000-04:00,"2026-7-30 15:40,83.7,83.57,83.71,83.81,0,0,0,-1,-,-,neutral"
2026-07-30T15:45:00.000-04:00,"2026-7-30 15:45,83.7,83.61,83.71,83.8,3,0,0,-1,-,-,neutral"
2026-07-30T15:50:00.000-04:00,"2026-7-30 15:50,83.74,83.66,83.71,83.8,3,1,0,-1,B,-,FIGHT"
2026-07-30T15:55:00.000-04:00,"2026-7-30 15:55,83.66,83.67,83.71,83.8,0,0,0,-1,-,-,neutral"
2026-07-30T16:00:00.000-04:00,"2026-7-30 16:00,83.66,83.67,83.7,83.79,0,0,0,-1,-,-,neutral"
2026-07-30T16:05:00.000-04:00,"2026-7-30 16:05,83.84,83.74,83.71,83.79,5,1,0,-1,-,-,FIGHT"
2026-07-30T16:10:00.000-04:00,"2026-7-30 16:10,83.88,83.8,83.73,83.8,5,1,0,-1,-,-,FIGHT"
2026-07-30T16:15:00.000-04:00,"2026-7-30 16:15,84.06,83.92,83.75,83.81,5,1,0,-1,-,-,FIGHT"
2026-07-30T16:20:00.000-04:00,"2026-7-30 16:20,84.13,84.02,83.78,83.82,5,1,0,-1,-,-,FIGHT"
2026-07-30T16:25:00.000-04:00,"2026-7-30 16:25,84.11,84.09,83.81,83.83,5,1,1,-1,-,-,wave_only"
2026-07-30T16:30:00.000-04:00,"2026-7-30 16:30,84.12,84.14,83.83,83.84,5,1,1,-1,-,-,wave_only"
2026-07-30T16:35:00.000-04:00,"2026-7-30 16:35,84.16,84.19,83.86,83.85,5,1,1,-1,-,-,wave_only"
2026-07-30T16:40:00.000-04:00,"2026-7-30 16:40,83.99,84.15,83.87,83.86,0,0,1,-1,-,-,neutral"
2026-07-30T16:45:00.000-04:00,"2026-7-30 16:45,83.93,84.1,83.87,83.86,0,0,1,-1,-,-,neutral"
2026-07-30T16:50:00.000-04:00,"2026-7-30 16:50,83.9,84.05,83.87,83.86,0,0,1,-1,-,-,neutral"
2026-07-30T16:55:00.000-04:00,"2026-7-30 16:55,83.94,84.03,83.88,83.87,0,0,1,0,-,-,neutral"
2026-07-30T18:00:00.000-04:00,"2026-7-30 18:00,83.96,84.01,83.89,83.87,0,0,1,0,-,-,neutral"
2026-07-30T18:05:00.000-04:00,"2026-7-30 18:05,84.12,84.06,83.9,83.88,7,1,1,0,-,-,wave_only"
2026-07-30T18:10:00.000-04:00,"2026-7-30 18:10,84.18,84.12,83.92,83.89,7,1,1,0,-,-,wave_only"
2026-07-30T18:15:00.000-04:00,"2026-7-30 18:15,84.19,84.16,83.95,83.9,5,1,1,0,-,-,wave_only"
2026-07-30T18:20:00.000-04:00,"2026-7-30 18:20,84.2,84.19,83.96,83.92,5,1,1,0,-,-,wave_only"
2026-07-30T18:25:00.000-04:00,"2026-7-30 18:25,84.16,84.2,83.98,83.92,0,0,1,0,-,-,neutral"
2026-07-30T18:30:00.000-04:00,"2026-7-30 18:30,84.11,84.18,83.99,83.93,0,0,1,0,-,-,neutral"
2026-07-30T18:35:00.000-04:00,"2026-7-30 18:35,84.09,84.16,84,83.94,0,0,1,0,-,-,neutral"
2026-07-30T18:40:00.000-04:00,"2026-7-30 18:40,84.05,84.13,84,83.94,0,0,0,0,-,-,neutral"
2026-07-30T18:45:00.000-04:00,"2026-7-30 18:45,84,84.09,84,83.94,0,0,0,0,-,-,neutral"
2026-07-30T18:50:00.000-04:00,"2026-7-30 18:50,84.02,84.06,84,83.95,0,0,0,0,-,-,neutral"
2026-07-30T18:55:00.000-04:00,"2026-7-30 18:55,84.07,84.06,84.01,83.95,0,0,0,0,-,-,neutral"
2026-07-30T19:00:00.000-04:00,"2026-7-30 19:00,83.96,84.02,84,83.95,-3,-1,0,0,S,-,FIGHT"
2026-07-30T19:05:00.000-04:00,"2026-7-30 19:05,83.96,83.99,84,83.95,-5,-1,0,0,-,-,FIGHT"
2026-07-30T19:10:00.000-04:00,"2026-7-30 19:10,83.94,83.96,84,83.95,-5,-1,0,0,-,-,FIGHT"
2026-07-30T19:15:00.000-04:00,"2026-7-30 19:15,84.07,83.99,84,83.96,0,0,0,0,-,-,neutral"
2026-07-30T19:20:00.000-04:00,"2026-7-30 19:20,84.06,84.01,84.01,83.96,7,1,0,0,B,-,FIGHT"
2026-07-30T19:25:00.000-04:00,"2026-7-30 19:25,84.07,84.02,84.01,83.97,7,1,0,0,-,-,FIGHT"
2026-07-30T19:30:00.000-04:00,"2026-7-30 19:30,84.11,84.05,84.02,83.97,7,1,0,0,-,-,FIGHT"
2026-07-30T19:35:00.000-04:00,"2026-7-30 19:35,84.03,84.04,84.02,83.97,-3,0,0,0,-,-,neutral"
2026-07-30T19:40:00.000-04:00,"2026-7-30 19:40,84.1,84.06,84.03,83.98,7,1,0,0,-,-,FIGHT"
2026-07-30T19:45:00.000-04:00,"2026-7-30 19:45,84.03,84.05,84.03,83.98,-3,0,0,0,-,-,neutral"
2026-07-30T19:50:00.000-04:00,"2026-7-30 19:50,84.01,84.03,84.02,83.98,-5,0,0,0,-,-,neutral"
2026-07-30T19:55:00.000-04:00,"2026-7-30 19:55,84.07,84.04,84.03,83.99,7,1,0,0,-,-,FIGHT"
2026-07-30T20:00:00.000-04:00,"2026-7-30 20:00,84.1,84.06,84.03,83.99,7,1,0,0,-,-,FIGHT"
2026-07-30T20:05:00.000-04:00,"2026-7-30 20:05,84.07,84.07,84.04,83.99,7,1,0,0,-,-,FIGHT"
2026-07-30T20:10:00.000-04:00,"2026-7-30 20:10,84.14,84.09,84.04,84,7,1,1,0,-,-,wave_only"
2026-07-30T20:15:00.000-04:00,"2026-7-30 20:15,84.03,84.07,84.04,84,-3,0,1,0,-,-,neutral"
2026-07-30T20:20:00.000-04:00,"2026-7-30 20:20,84.06,84.07,84.04,84,0,0,1,0,-,-,neutral"
2026-07-30T20:25:00.000-04:00,"2026-7-30 20:25,84.13,84.09,84.05,84.01,7,1,0,0,-,-,FIGHT"
2026-07-30T20:30:00.000-04:00,"2026-7-30 20:30,84.13,84.11,84.06,84.01,7,1,0,0,-,-,FIGHT"
2026-07-30T20:35:00.000-04:00,"2026-7-30 20:35,84.06,84.09,84.06,84.01,0,0,0,0,-,-,neutral"
2026-07-30T20:40:00.000-04:00,"2026-7-30 20:40,83.74,83.96,84.03,84,-5,-1,0,0,S,-,FIGHT"
2026-07-30T20:45:00.000-04:00,"2026-7-30 20:45,83.88,83.92,84.02,84,-5,-1,0,0,-,-,FIGHT"
2026-07-30T20:50:00.000-04:00,"2026-7-30 20:50,83.76,83.85,84,83.99,-7,-1,0,0,-,-,FIGHT"
2026-07-30T20:55:00.000-04:00,"2026-7-30 20:55,83.56,83.72,83.97,83.97,-5,-1,-1,-1,-,-,RIDE_both"
2026-07-30T21:00:00.000-04:00,"2026-7-30 21:00,82.65,83.29,83.87,83.92,-5,-1,-1,-1,-,-,RIDE_both"
2026-07-30T21:05:00.000-04:00,"2026-7-30 21:05,82.64,82.98,83.77,83.87,-5,-1,-1,-1,-,-,RIDE_both"
2026-07-30T21:10:00.000-04:00,"2026-7-30 21:10,82.98,82.89,83.71,83.84,0,0,-1,-1,-,-,neutral"
2026-07-30T21:15:00.000-04:00,"2026-7-30 21:15,82.81,82.77,83.64,83.79,-3,-1,-1,-1,-,-,RIDE_both"
2026-07-30T21:20:00.000-04:00,"2026-7-30 21:20,82.91,82.73,83.59,83.76,0,0,-1,-1,-,-,neutral"
2026-07-30T21:25:00.000-04:00,"2026-7-30 21:25,82.8,82.67,83.52,83.72,0,0,-1,-1,-,-,neutral"
2026-07-30T21:30:00.000-04:00,"2026-7-30 21:30,82.54,82.54,83.45,83.68,-7,-1,-1,-1,-,-,RIDE_both"
2026-07-30T21:35:00.000-04:00,"2026-7-30 21:35,82.39,82.4,83.37,83.63,-7,-1,-1,-1,-,-,RIDE_both"
2026-07-30T21:40:00.000-04:00,"2026-7-30 21:40,82.63,82.39,83.31,83.59,0,0,-1,-1,-,-,neutral"
2026-07-30T21:45:00.000-04:00,"2026-7-30 21:45,82.71,82.43,83.26,83.55,0,0,-1,-1,-,-,neutral"
2026-07-30T21:50:00.000-04:00,"2026-7-30 21:50,82.48,82.39,83.2,83.51,0,0,-1,-1,-,-,neutral"
2026-07-30T21:55:00.000-04:00,"2026-7-30 21:55,82.48,82.36,83.15,83.47,0,0,-1,-1,-,-,neutral"
2026-07-30T22:00:00.000-04:00,"2026-7-30 22:00,82.17,82.23,83.07,83.42,-7,-1,-1,-1,-,-,RIDE_both"
2026-07-30T22:05:00.000-04:00,"2026-7-30 22:05,81.81,82.02,82.98,83.36,-7,-1,-1,-1,-,-,RIDE_both"
2026-07-30T22:10:00.000-04:00,"2026-7-30 22:10,82.07,81.96,82.91,83.31,0,0,-1,-1,-,-,neutral"
2026-07-30T22:15:00.000-04:00,"2026-7-30 22:15,82.2,81.98,82.85,83.26,0,0,-1,-1,-,-,neutral"
2026-07-30T22:20:00.000-04:00,"2026-7-30 22:20,82.2,82.01,82.8,83.22,0,0,-1,-1,-,-,neutral"
2026-07-30T22:25:00.000-04:00,"2026-7-30 22:25,82.17,82.02,82.75,83.18,0,0,-1,-1,-,-,neutral"
2026-07-30T22:30:00.000-04:00,"2026-7-30 22:30,82.32,82.09,82.72,83.15,0,0,-1,-1,-,-,neutral"
2026-07-30T22:35:00.000-04:00,"2026-7-30 22:35,82.15,82.09,82.68,83.11,0,0,-1,-1,-,-,neutral"
2026-07-30T22:40:00.000-04:00,"2026-7-30 22:40,82.15,82.09,82.64,83.07,0,0,-1,-1,-,-,neutral"
2026-07-30T22:45:00.000-04:00,"2026-7-30 22:45,82.15,82.1,82.6,83.03,0,0,-1,-1,-,-,neutral"
2026-07-30T22:50:00.000-04:00,"2026-7-30 22:50,82.27,82.15,82.57,83,0,0,-1,-1,-,-,neutral"
2026-07-30T22:55:00.000-04:00,"2026-7-30 22:55,82.28,82.19,82.55,82.97,0,0,0,-1,-,-,neutral"
2026-07-30T23:00:00.000-04:00,"2026-7-30 23:00,82.27,82.23,82.53,82.95,3,1,0,-1,B,-,FIGHT"
2026-07-30T23:05:00.000-04:00,"2026-7-30 23:05,82.11,82.19,82.5,82.91,-7,-1,0,-1,S,-,tide_only"
2026-07-30T23:10:00.000-04:00,"2026-7-30 23:10,82.22,82.21,82.48,82.89,3,1,0,-1,B,-,FIGHT"
2026-07-30T23:15:00.000-04:00,"2026-7-30 23:15,82.15,82.19,82.45,82.86,-7,-1,0,-1,S,-,tide_only"
2026-07-30T23:20:00.000-04:00,"2026-7-30 23:20,82.23,82.21,82.43,82.83,3,1,0,-1,B,-,FIGHT"
2026-07-30T23:25:00.000-04:00,"2026-7-30 23:25,82.21,82.22,82.42,82.81,3,1,0,-1,-,-,FIGHT"
2026-07-30T23:30:00.000-04:00,"2026-7-30 23:30,82.21,82.23,82.4,82.79,0,0,0,-1,-,-,neutral"
2026-07-30T23:35:00.000-04:00,"2026-7-30 23:35,82.34,82.28,82.4,82.77,3,1,0,-1,-,-,FIGHT"
2026-07-30T23:40:00.000-04:00,"2026-7-30 23:40,82.34,82.32,82.39,82.75,3,1,0,-1,-,-,FIGHT"
2026-07-30T23:45:00.000-04:00,"2026-7-30 23:45,82.46,82.39,82.4,82.74,5,1,0,-1,-,-,FIGHT"
2026-07-30T23:50:00.000-04:00,"2026-7-30 23:50,82.37,82.41,82.39,82.73,5,1,0,-1,-,-,FIGHT"
2026-07-30T23:55:00.000-04:00,"2026-7-30 23:55,82.34,82.41,82.39,82.71,0,0,0,-1,-,-,neutral"
2026-07-31T00:00:00.000-04:00,"2026-7-31 0:00,82.29,82.39,82.38,82.69,0,0,0,-1,-,-,neutral"
2026-07-31T00:05:00.000-04:00,"2026-7-31 0:05,82.08,82.29,82.36,82.67,-7,-1,0,-1,S,-,tide_only"
2026-07-31T00:10:00.000-04:00,"2026-7-31 0:10,82.13,82.24,82.34,82.65,-7,-1,-1,-1,-,-,RIDE_both"
2026-07-31T00:15:00.000-04:00,"2026-7-31 0:15,82.17,82.22,82.33,82.63,-7,-1,-1,-1,-,-,RIDE_both"
2026-07-31T00:20:00.000-04:00,"2026-7-31 0:20,82.14,82.19,82.31,82.61,-7,-1,-1,-1,-,-,RIDE_both"
2026-07-31T00:25:00.000-04:00,"2026-7-31 0:25,82.14,82.17,82.3,82.59,-7,-1,-1,-1,-,-,RIDE_both"
2026-07-31T00:30:00.000-04:00,"2026-7-31 0:30,82.08,82.13,82.28,82.57,-7,-1,-1,-1,-,-,RIDE_both"
2026-07-31T00:35:00.000-04:00,"2026-7-31 0:35,82.08,82.11,82.27,82.55,-7,-1,-1,-1,-,-,RIDE_both"
2026-07-31T00:40:00.000-04:00,"2026-7-31 0:40,81.98,82.05,82.25,82.53,-7,-1,-1,-1,-,-,RIDE_both"
2026-07-31T00:45:00.000-04:00,"2026-7-31 0:45,81.99,82.02,82.23,82.51,-7,-1,-1,-1,-,-,RIDE_both"
2026-07-31T00:50:00.000-04:00,"2026-7-31 0:50,81.82,81.93,82.19,82.48,-7,-1,-1,-1,-,-,RIDE_both"
2026-07-31T00:55:00.000-04:00,"2026-7-31 0:55,81.66,81.81,82.15,82.45,-7,-1,-1,-1,-,-,RIDE_both"
2026-07-31T01:00:00.000-04:00,"2026-7-31 1:00,81.73,81.75,82.12,82.42,-7,-1,-1,-1,-,-,RIDE_both"
2026-07-31T01:05:00.000-04:00,"2026-7-31 1:05,81.88,81.77,82.1,82.4,0,0,-1,-1,-,-,neutral"
2026-07-31T01:10:00.000-04:00,"2026-7-31 1:10,81.9,81.79,82.09,82.38,0,0,-1,-1,-,-,neutral"
2026-07-31T01:15:00.000-04:00,"2026-7-31 1:15,81.82,81.78,82.07,82.36,-7,-1,-1,-1,-,-,RIDE_both"
2026-07-31T01:20:00.000-04:00,"2026-7-31 1:20,81.66,81.72,82.04,82.33,-7,-1,-1,-1,-,-,RIDE_both"
2026-07-31T01:25:00.000-04:00,"2026-7-31 1:25,81.65,81.67,82.01,82.3,-7,-1,-1,-1,-,-,RIDE_both"
2026-07-31T01:30:00.000-04:00,"2026-7-31 1:30,81.46,81.57,81.96,82.27,-7,-1,-1,-1,-,-,RIDE_both"
2026-07-31T01:35:00.000-04:00,"2026-7-31 1:35,81.24,81.41,81.91,82.23,-7,-1,-1,-1,-,-,RIDE_both"
2026-07-31T01:40:00.000-04:00,"2026-7-31 1:40,81.45,81.39,81.87,82.2,-3,-1,-1,-1,-,-,RIDE_both"
2026-07-31T01:45:00.000-04:00,"2026-7-31 1:45,81.45,81.37,81.84,82.17,-3,-1,-1,-1,-,-,RIDE_both"
2026-07-31T01:50:00.000-04:00,"2026-7-31 1:50,81.69,81.45,81.83,82.15,0,0,-1,-1,-,-,neutral"
2026-07-31T01:55:00.000-04:00,"2026-7-31 1:55,81.68,81.51,81.82,82.13,0,0,0,-1,-,-,neutral"
2026-07-31T02:00:00.000-04:00,"2026-7-31 2:00,81.76,81.59,81.81,82.12,0,0,0,-1,-,-,neutral"
2026-07-31T02:05:00.000-04:00,"2026-7-31 2:05,81.98,81.73,81.83,82.11,3,1,0,-1,B,-,FIGHT"
2026-07-31T02:10:00.000-04:00,"2026-7-31 2:10,81.84,81.78,81.83,82.1,5,1,0,-1,-,-,FIGHT"
2026-07-31T02:15:00.000-04:00,"2026-7-31 2:15,81.93,81.85,81.83,82.1,5,1,0,-1,-,-,FIGHT"
2026-07-31T02:20:00.000-04:00,"2026-7-31 2:20,82.19,82,81.86,82.1,5,1,0,-1,-,-,FIGHT"
2026-07-31T02:25:00.000-04:00,"2026-7-31 2:25,82.01,82.04,81.87,82.1,5,1,0,-1,-,-,FIGHT"
2026-07-31T02:30:00.000-04:00,"2026-7-31 2:30,81.85,82,81.87,82.09,0,0,0,-1,-,-,neutral"
2026-07-31T02:35:00.000-04:00,"2026-7-31 2:35,81.93,82.01,81.88,82.08,0,0,0,-1,-,-,neutral"
2026-07-31T02:40:00.000-04:00,"2026-7-31 2:40,82.05,82.05,81.89,82.08,5,1,0,-1,-,-,FIGHT"
2026-07-31T02:45:00.000-04:00,"2026-7-31 2:45,82.01,82.06,81.9,82.08,0,0,0,-1,-,-,neutral"
2026-07-31T02:50:00.000-04:00,"2026-7-31 2:50,82.09,82.1,81.91,82.08,5,1,0,-1,-,-,FIGHT"
2026-07-31T02:55:00.000-04:00,"2026-7-31 2:55,82.02,82.1,81.92,82.07,0,0,0,0,-,-,neutral"
2026-07-31T03:00:00.000-04:00,"2026-7-31 3:00,82.31,82.2,81.95,82.08,5,1,0,0,-,-,FIGHT"
2026-07-31T03:05:00.000-04:00,"2026-7-31 3:05,82.28,82.26,81.98,82.09,5,1,0,0,-,-,FIGHT"
2026-07-31T03:10:00.000-04:00,"2026-7-31 3:10,82.21,82.28,81.99,82.1,0,0,1,0,-,-,neutral"
2026-07-31T03:15:00.000-04:00,"2026-7-31 3:15,82.38,82.35,82.02,82.11,5,1,1,0,-,-,wave_only"
2026-07-31T03:20:00.000-04:00,"2026-7-31 3:20,82.47,82.43,82.06,82.12,5,1,1,0,-,-,wave_only"
2026-07-31T03:25:00.000-04:00,"2026-7-31 3:25,82.57,82.52,82.1,82.14,5,1,1,0,-,-,wave_only"
2026-07-31T03:30:00.000-04:00,"2026-7-31 3:30,82.63,82.6,82.14,82.16,5,1,1,0,-,-,wave_only"
2026-07-31T03:35:00.000-04:00,"2026-7-31 3:35,82.52,82.62,82.17,82.17,0,0,1,0,-,-,neutral"
2026-07-31T03:40:00.000-04:00,"2026-7-31 3:40,82.58,82.65,82.2,82.19,0,0,1,0,-,-,neutral"
2026-07-31T03:45:00.000-04:00,"2026-7-31 3:45,82.47,82.62,82.22,82.2,0,0,1,0,-,-,neutral"
2026-07-31T03:50:00.000-04:00,"2026-7-31 3:50,82.2,82.5,82.22,82.2,0,0,1,0,-,-,neutral"
2026-07-31T03:55:00.000-04:00,"2026-7-31 3:55,82.17,82.39,82.22,82.2,0,0,0,0,-,-,neutral"
2026-07-31T04:00:00.000-04:00,"2026-7-31 4:00,82.05,82.27,82.2,82.19,0,0,0,0,-,-,neutral"
2026-07-31T04:05:00.000-04:00,"2026-7-31 4:05,82.13,82.21,82.2,82.19,-3,-1,0,0,S,-,FIGHT"
2026-07-31T04:10:00.000-04:00,"2026-7-31 4:10,82.11,82.16,82.19,82.19,-5,-1,0,0,-,-,FIGHT"
2026-07-31T04:15:00.000-04:00,"2026-7-31 4:15,81.96,82.06,82.17,82.18,-7,-1,0,0,-,-,FIGHT"
2026-07-31T04:20:00.000-04:00,"2026-7-31 4:20,82.29,82.12,82.18,82.18,0,0,0,0,-,-,neutral"
2026-07-31T04:25:00.000-04:00,"2026-7-31 4:25,82.74,82.33,82.22,82.2,7,1,1,0,B,-,wave_only"
2026-07-31T04:30:00.000-04:00,"2026-7-31 4:30,82.62,82.44,82.26,82.22,7,1,1,0,-,-,wave_only"
2026-07-31T04:35:00.000-04:00,"2026-7-31 4:35,82.55,82.49,82.28,82.23,7,1,1,0,-,-,wave_only"
2026-07-31T04:40:00.000-04:00,"2026-7-31 4:40,82.45,82.49,82.29,82.24,0,0,1,0,-,-,neutral"
2026-07-31T04:45:00.000-04:00,"2026-7-31 4:45,82.27,82.43,82.29,82.24,0,0,1,0,-,-,neutral"
2026-07-31T04:50:00.000-04:00,"2026-7-31 4:50,82.44,82.44,82.3,82.25,7,0,1,0,-,-,neutral"
2026-07-31T04:55:00.000-04:00,"2026-7-31 4:55,82.58,82.5,82.32,82.26,7,1,1,0,-,-,wave_only"
2026-07-31T05:00:00.000-04:00,"2026-7-31 5:00,82.8,82.62,82.36,82.28,7,1,1,0,-,-,wave_only"
2026-07-31T05:05:00.000-04:00,"2026-7-31 5:05,82.86,82.73,82.4,82.31,7,1,1,0,-,-,wave_only"
2026-07-31T05:10:00.000-04:00,"2026-7-31 5:10,83.08,82.89,82.45,82.34,7,1,1,0,-,-,wave_only"
2026-07-31T05:15:00.000-04:00,"2026-7-31 5:15,83.07,83,82.5,82.37,7,1,1,0,-,-,wave_only"
2026-07-31T05:20:00.000-04:00,"2026-7-31 5:20,83.06,83.07,82.54,82.39,7,0,1,0,-,-,neutral"
2026-07-31T05:25:00.000-04:00,"2026-7-31 5:25,82.88,83.05,82.57,82.41,0,0,1,0,-,-,neutral"
2026-07-31T05:30:00.000-04:00,"2026-7-31 5:30,83.39,83.21,82.63,82.45,7,1,1,0,-,-,wave_only"
2026-07-31T05:35:00.000-04:00,"2026-7-31 5:35,83.35,83.32,82.69,82.49,7,1,1,0,-,-,wave_only"
2026-07-31T05:40:00.000-04:00,"2026-7-31 5:40,83.54,83.46,82.75,82.53,7,1,1,0,-,-,wave_only"
2026-07-31T05:45:00.000-04:00,"2026-7-31 5:45,83.61,83.58,82.82,82.57,7,1,1,0,-,-,wave_only"
2026-07-31T05:50:00.000-04:00,"2026-7-31 5:50,83.65,83.67,82.88,82.61,7,1,1,0,-,-,wave_only"
2026-07-31T05:55:00.000-04:00,"2026-7-31 5:55,83.71,83.75,82.95,82.66,7,1,1,0,-,-,wave_only"
2026-07-31T06:00:00.000-04:00,"2026-7-31 6:00,83.97,83.9,83.02,82.71,7,1,1,0,-,-,wave_only"
2026-07-31T06:05:00.000-04:00,"2026-7-31 6:05,83.95,83.99,83.1,82.76,7,1,1,0,-,-,wave_only"
2026-07-31T06:10:00.000-04:00,"2026-7-31 6:10,84.06,84.09,83.17,82.81,7,1,1,0,-,-,wave_only"
2026-07-31T06:15:00.000-04:00,"2026-7-31 6:15,84.05,84.15,83.24,82.86,7,1,1,0,-,-,wave_only"
2026-07-31T06:20:00.000-04:00,"2026-7-31 6:20,84,84.16,83.3,82.9,0,0,1,0,-,-,neutral"
2026-07-31T06:25:00.000-04:00,"2026-7-31 6:25,84.1,84.2,83.36,82.95,0,0,1,0,-,-,neutral"
2026-07-31T06:30:00.000-04:00,"2026-7-31 6:30,84.15,84.24,83.42,82.99,0,0,1,0,-,-,neutral"
2026-07-31T06:35:00.000-04:00,"2026-7-31 6:35,84.22,84.29,83.48,83.04,0,0,1,0,-,-,neutral"
2026-07-31T06:40:00.000-04:00,"2026-7-31 6:40,84.17,84.29,83.53,83.09,0,0,1,0,-,-,neutral"
2026-07-31T06:45:00.000-04:00,"2026-7-31 6:45,84.25,84.32,83.59,83.13,7,0,1,0,-,-,neutral"
2026-07-31T06:50:00.000-04:00,"2026-7-31 6:50,84.13,84.29,83.63,83.17,0,0,1,0,-,-,neutral"
2026-07-31T06:55:00.000-04:00,"2026-7-31 6:55,84.28,84.32,83.68,83.22,7,0,1,1,-,-,neutral"
2026-07-31T07:00:00.000-04:00,"2026-7-31 7:00,84.31,84.34,83.73,83.26,7,0,1,1,-,-,neutral"
2026-07-31T07:05:00.000-04:00,"2026-7-31 7:05,84.25,84.33,83.77,83.3,0,0,1,1,-,-,neutral"
2026-07-31T07:10:00.000-04:00,"2026-7-31 7:10,84.19,84.3,83.8,83.33,0,0,0,1,-,-,neutral"
2026-07-31T07:15:00.000-04:00,"2026-7-31 7:15,84.68,84.45,83.87,83.38,7,1,0,1,-,-,tide_only"
2026-07-31T07:20:00.000-04:00,"2026-7-31 7:20,84.73,84.58,83.93,83.44,7,1,0,1,-,-,tide_only"
2026-07-31T07:25:00.000-04:00,"2026-7-31 7:25,84.78,84.69,84,83.49,7,1,1,1,-,-,RIDE_both"
2026-07-31T07:30:00.000-04:00,"2026-7-31 7:30,85.03,84.85,84.08,83.55,7,1,1,1,-,-,RIDE_both"
2026-07-31T07:35:00.000-04:00,"2026-7-31 7:35,84.93,84.93,84.14,83.6,7,1,1,1,-,-,RIDE_both"
2026-07-31T07:40:00.000-04:00,"2026-7-31 7:40,85.01,85.01,84.21,83.66,7,1,1,1,-,-,RIDE_both"
2026-07-31T07:45:00.000-04:00,"2026-7-31 7:45,84.81,84.98,84.26,83.7,0,0,1,1,-,-,neutral"
2026-07-31T07:50:00.000-04:00,"2026-7-31 7:50,84.84,84.97,84.3,83.75,0,0,1,1,-,-,neutral"
2026-07-31T07:55:00.000-04:00,"2026-7-31 7:55,84.86,84.96,84.35,83.79,0,0,0,1,-,-,neutral"
2026-07-31T08:00:00.000-04:00,"2026-7-31 8:00,85.35,85.13,84.42,83.85,7,1,0,1,-,-,tide_only"
2026-07-31T08:05:00.000-04:00,"2026-7-31 8:05,85.39,85.27,84.5,83.91,7,1,0,1,-,-,tide_only"
2026-07-31T08:10:00.000-04:00,"2026-7-31 8:10,85.25,85.31,84.55,83.97,7,0,1,1,-,-,neutral"
2026-07-31T08:15:00.000-04:00,"2026-7-31 8:15,85.18,85.3,84.6,84.01,0,0,1,1,-,-,neutral"
2026-07-31T08:20:00.000-04:00,"2026-7-31 8:20,85.3,85.34,84.66,84.06,7,0,1,1,-,-,neutral"
2026-07-31T08:25:00.000-04:00,"2026-7-31 8:25,85.22,85.33,84.7,84.11,0,0,0,1,-,-,neutral"
2026-07-31T08:30:00.000-04:00,"2026-7-31 8:30,85.2,85.31,84.74,84.15,0,0,0,1,-,-,neutral"
2026-07-31T08:35:00.000-04:00,"2026-7-31 8:35,85.12,85.26,84.77,84.19,0,0,0,1,-,-,neutral"
2026-07-31T08:40:00.000-04:00,"2026-7-31 8:40,85.23,85.26,84.8,84.23,7,1,0,1,-,-,tide_only"
2026-07-31T08:45:00.000-04:00,"2026-7-31 8:45,85.43,85.33,84.85,84.28,7,1,0,1,-,-,tide_only"
2026-07-31T08:50:00.000-04:00,"2026-7-31 8:50,85.49,85.4,84.9,84.33,7,1,0,1,-,-,tide_only"
2026-07-31T08:55:00.000-04:00,"2026-7-31 8:55,85.88,85.6,84.98,84.39,7,1,1,1,-,-,RIDE_both"
2026-07-31T09:00:00.000-04:00,"2026-7-31 9:00,85.41,85.56,85.01,84.43,0,0,1,1,-,-,neutral"
2026-07-31T09:05:00.000-04:00,"2026-7-31 9:05,85.53,85.57,85.05,84.47,3,1,1,1,-,-,RIDE_both"
2026-07-31T09:10:00.000-04:00,"2026-7-31 9:10,85.65,85.62,85.1,84.52,7,1,0,1,-,-,tide_only"
2026-07-31T09:15:00.000-04:00,"2026-7-31 9:15,85.54,85.61,85.13,84.56,0,0,0,1,-,-,neutral"
2026-07-31T09:20:00.000-04:00,"2026-7-31 9:20,85.7,85.66,85.17,84.6,7,1,0,1,-,-,tide_only"
2026-07-31T09:25:00.000-04:00,"2026-7-31 9:25,85.48,85.61,85.2,84.64,0,0,0,1,-,-,neutral"
2026-07-31T09:30:00.000-04:00,"2026-7-31 9:30,85.39,85.54,85.21,84.67,-3,0,0,1,-,-,neutral"
2026-07-31T09:35:00.000-04:00,"2026-7-31 9:35,85.61,85.57,85.24,84.7,7,1,0,1,-,-,tide_only"
2026-07-31T09:40:00.000-04:00,"2026-7-31 9:40,85.57,85.57,85.27,84.74,7,0,0,1,-,-,neutral"
2026-07-31T09:45:00.000-04:00,"2026-7-31 9:45,85.61,85.59,85.29,84.77,7,0,0,1,-,-,neutral"
2026-07-31T09:50:00.000-04:00,"2026-7-31 9:50,85.46,85.54,85.31,84.8,-3,-1,0,1,S,-,FIGHT"
2026-07-31T09:55:00.000-04:00,"2026-7-31 9:55,85.52,85.53,85.32,84.83,0,0,0,1,-,-,neutral"
2026-07-31T10:00:00.000-04:00,"2026-7-31 10:00,85.33,85.45,85.32,84.85,-3,-1,0,1,-,-,FIGHT"
2026-07-31T10:05:00.000-04:00,"2026-7-31 10:05,84.9,85.23,85.29,84.85,-5,-1,0,1,-,-,FIGHT"
2026-07-31T10:10:00.000-04:00,"2026-7-31 10:10,85.1,85.15,85.28,84.86,-5,-1,0,1,-,-,FIGHT"
2026-07-31T10:15:00.000-04:00,"2026-7-31 10:15,85.08,85.08,85.26,84.87,-5,-1,0,1,-,-,FIGHT"
2026-07-31T10:20:00.000-04:00,"2026-7-31 10:20,85.06,85.03,85.25,84.87,-5,-1,0,1,-,-,FIGHT"
2026-07-31T10:25:00.000-04:00,"2026-7-31 10:25,85.24,85.06,85.25,84.89,0,0,0,1,-,-,neutral"
2026-07-31T10:30:00.000-04:00,"2026-7-31 10:30,85.39,85.14,85.26,84.91,0,0,0,1,-,-,neutral"
2026-07-31T10:35:00.000-04:00,"2026-7-31 10:35,85.52,85.26,85.28,84.93,0,0,0,1,-,-,neutral"
2026-07-31T10:40:00.000-04:00,"2026-7-31 10:40,85.48,85.33,85.29,84.95,7,0,0,1,-,-,neutral"
2026-07-31T10:45:00.000-04:00,"2026-7-31 10:45,85.81,85.5,85.33,84.99,7,1,0,1,B,-,tide_only"
2026-07-31T10:50:00.000-04:00,"2026-7-31 10:50,85.69,85.59,85.36,85.01,7,1,0,1,-,-,tide_only"
2026-07-31T10:55:00.000-04:00,"2026-7-31 10:55,85.78,85.68,85.39,85.04,7,1,1,1,-,-,RIDE_both"
2026-07-31T11:00:00.000-04:00,"2026-7-31 11:00,85.87,85.78,85.43,85.08,7,1,1,1,-,-,RIDE_both"
2026-07-31T11:05:00.000-04:00,"2026-7-31 11:05,85.92,85.86,85.47,85.11,7,1,1,1,-,-,RIDE_both"
2026-07-31T11:10:00.000-04:00,"2026-7-31 11:10,85.91,85.92,85.5,85.14,7,1,1,1,-,-,RIDE_both"
2026-07-31T11:15:00.000-04:00,"2026-7-31 11:15,85.73,85.89,85.52,85.16,0,0,1,1,-,-,neutral"
2026-07-31T11:20:00.000-04:00,"2026-7-31 11:20,85.79,85.88,85.54,85.19,0,0,1,1,-,-,neutral"
2026-07-31T11:25:00.000-04:00,"2026-7-31 11:25,85.52,85.78,85.54,85.2,0,0,0,1,-,-,neutral"
2026-07-31T11:30:00.000-04:00,"2026-7-31 11:30,85.06,85.52,85.5,85.2,-5,-1,0,1,S,-,FIGHT"
2026-07-31T11:35:00.000-04:00,"2026-7-31 11:35,85.23,85.4,85.48,85.2,-5,-1,0,1,-,-,FIGHT"
2026-07-31T11:40:00.000-04:00,"2026-7-31 11:40,84.95,85.21,85.44,85.19,-5,-1,0,1,-,-,FIGHT"
2026-07-31T11:45:00.000-04:00,"2026-7-31 11:45,84.53,84.92,85.37,85.16,-5,-1,0,1,-,-,FIGHT"
2026-07-31T11:50:00.000-04:00,"2026-7-31 11:50,84.09,84.54,85.27,85.12,-5,-1,0,1,-,-,FIGHT"
2026-07-31T11:55:00.000-04:00,"2026-7-31 11:55,84.07,84.27,85.18,85.08,-5,0,-1,0,-,-,neutral"
2026-07-31T12:00:00.000-04:00,"2026-7-31 12:00,84.3,84.17,85.11,85.05,-5,0,-1,0,-,-,neutral"
2026-07-31T12:05:00.000-04:00,"2026-7-31 12:05,84.42,84.15,85.06,85.02,0,0,-1,0,-,-,neutral"
2026-07-31T12:10:00.000-04:00,"2026-7-31 12:10,84.53,84.19,85.02,85,0,0,-1,0,-,-,neutral"
2026-07-31T12:15:00.000-04:00,"2026-7-31 12:15,84.67,84.28,84.99,84.99,0,0,-1,0,-,-,neutral"
2026-07-31T12:20:00.000-04:00,"2026-7-31 12:20,84.47,84.29,84.95,84.97,0,0,-1,0,-,-,neutral"
2026-07-31T12:25:00.000-04:00,"2026-7-31 12:25,84.51,84.31,84.92,84.95,0,0,-1,0,-,-,neutral"
2026-07-31T12:30:00.000-04:00,"2026-7-31 12:30,84.6,84.37,84.89,84.94,0,0,-1,0,-,-,neutral"
2026-07-31T12:35:00.000-04:00,"2026-7-31 12:35,84.58,84.41,84.87,84.92,0,0,-1,0,-,-,neutral"
2026-07-31T12:40:00.000-04:00,"2026-7-31 12:40,84.78,84.52,84.86,84.92,0,0,0,0,-,-,neutral"
2026-07-31T12:45:00.000-04:00,"2026-7-31 12:45,84.68,84.57,84.85,84.91,0,0,0,0,-,-,neutral"
2026-07-31T12:50:00.000-04:00,"2026-7-31 12:50,84.75,84.63,84.84,84.9,0,0,0,0,-,-,neutral"
2026-07-31T12:55:00.000-04:00,"2026-7-31 12:55,84.71,84.66,84.83,84.9,0,0,-1,0,-,-,neutral"
2026-07-31T13:00:00.000-04:00,"2026-7-31 13:00,84.84,84.74,84.83,84.89,3,1,-1,0,B,-,FIGHT"
2026-07-31T13:05:00.000-04:00,"2026-7-31 13:05,84.82,84.78,84.83,84.89,3,1,-1,0,-,-,FIGHT"
2026-07-31T13:10:00.000-04:00,"2026-7-31 13:10,85.01,84.89,84.84,84.9,5,1,0,0,-,-,FIGHT"
2026-07-31T13:15:00.000-04:00,"2026-7-31 13:15,84.8,84.88,84.84,84.89,0,0,0,0,-,-,neutral"
2026-07-31T13:20:00.000-04:00,"2026-7-31 13:20,84.79,84.87,84.84,84.89,0,0,0,0,-,-,neutral"
2026-07-31T13:25:00.000-04:00,"2026-7-31 13:25,84.79,84.87,84.83,84.88,0,0,0,0,-,-,neutral"
2026-07-31T13:30:00.000-04:00,"2026-7-31 13:30,84.84,84.88,84.83,84.88,7,0,0,0,-,-,neutral"
2026-07-31T13:35:00.000-04:00,"2026-7-31 13:35,84.66,84.82,84.82,84.87,0,0,0,0,-,-,neutral"
2026-07-31T13:40:00.000-04:00,"2026-7-31 13:40,85.02,84.9,84.84,84.88,5,1,0,0,-,-,FIGHT"
2026-07-31T13:45:00.000-04:00,"2026-7-31 13:45,85.05,84.98,84.85,84.89,5,1,0,0,-,-,FIGHT"
2026-07-31T13:50:00.000-04:00,"2026-7-31 13:50,84.89,84.97,84.85,84.89,0,0,0,0,-,-,neutral"
2026-07-31T13:55:00.000-04:00,"2026-7-31 13:55,84.69,84.89,84.84,84.88,0,0,-1,0,-,-,neutral"
2026-07-31T14:00:00.000-04:00,"2026-7-31 14:00,84.71,84.84,84.83,84.87,0,0,-1,0,-,-,neutral"
2026-07-31T14:05:00.000-04:00,"2026-7-31 14:05,84.78,84.82,84.83,84.87,-3,-1,-1,0,S,-,wave_only"
2026-07-31T14:10:00.000-04:00,"2026-7-31 14:10,84.75,84.8,84.82,84.86,-5,-1,0,0,-,-,FIGHT"
2026-07-31T14:15:00.000-04:00,"2026-7-31 14:15,84.98,84.87,84.83,84.87,5,1,0,0,B,-,FIGHT"
2026-07-31T14:20:00.000-04:00,"2026-7-31 14:20,84.78,84.84,84.83,84.86,0,0,0,0,-,-,neutral"
2026-07-31T14:25:00.000-04:00,"2026-7-31 14:25,84.56,84.74,84.81,84.85,-7,-1,-1,0,S,-,wave_only"
2026-07-31T14:30:00.000-04:00,"2026-7-31 14:30,84.61,84.69,84.79,84.84,-5,-1,-1,0,-,-,wave_only"
2026-07-31T14:35:00.000-04:00,"2026-7-31 14:35,84.56,84.63,84.78,84.83,-5,-1,-1,0,-,-,wave_only"
2026-07-31T14:40:00.000-04:00,"2026-7-31 14:40,84.69,84.64,84.77,84.83,0,0,0,0,-,-,neutral"
2026-07-31T14:45:00.000-04:00,"2026-7-31 14:45,84.63,84.62,84.76,84.82,-5,-1,0,0,-,-,FIGHT"
2026-07-31T14:50:00.000-04:00,"2026-7-31 14:50,84.56,84.59,84.74,84.81,-7,-1,0,0,-,-,FIGHT"
2026-07-31T14:55:00.000-04:00,"2026-7-31 14:55,84.6,84.58,84.73,84.8,-3,-1,-1,0,-,-,wave_only"
2026-07-31T15:00:00.000-04:00,"2026-7-31 15:00,84.64,84.59,84.73,84.79,0,0,-1,0,-,-,neutral"
2026-07-31T15:05:00.000-04:00,"2026-7-31 15:05,84.68,84.61,84.72,84.79,0,0,-1,0,-,-,neutral"
2026-07-31T15:10:00.000-04:00,"2026-7-31 15:10,84.65,84.62,84.72,84.78,0,0,0,0,-,-,neutral"
2026-07-31T15:15:00.000-04:00,"2026-7-31 15:15,84.78,84.67,84.72,84.78,3,1,0,0,B,-,FIGHT"
2026-07-31T15:20:00.000-04:00,"2026-7-31 15:20,84.94,84.77,84.74,84.79,5,1,0,0,-,-,FIGHT"
2026-07-31T15:25:00.000-04:00,"2026-7-31 15:25,84.79,84.79,84.74,84.79,3,1,0,0,-,-,FIGHT"
2026-07-31T15:30:00.000-04:00,"2026-7-31 15:30,84.85,84.82,84.75,84.79,5,1,0,0,-,-,FIGHT"
2026-07-31T15:35:00.000-04:00,"2026-7-31 15:35,84.8,84.83,84.75,84.79,0,0,0,0,-,-,neutral"
2026-07-31T15:40:00.000-04:00,"2026-7-31 15:40,84.78,84.82,84.76,84.79,0,0,0,0,-,-,neutral"
2026-07-31T15:45:00.000-04:00,"2026-7-31 15:45,84.75,84.81,84.76,84.79,0,0,0,0,-,-,neutral"
2026-07-31T15:50:00.000-04:00,"2026-7-31 15:50,84.78,84.81,84.76,84.79,0,0,0,0,-,-,neutral"
2026-07-31T15:55:00.000-04:00,"2026-7-31 15:55,84.76,84.8,84.76,84.79,0,0,0,0,-,-,neutral"
2026-07-31T16:00:00.000-04:00,"2026-7-31 16:00,84.68,84.76,84.75,84.78,0,0,0,0,-,-,neutral"
2026-07-31T16:05:00.000-04:00,"2026-7-31 16:05,84.55,84.68,84.74,84.78,-7,-1,0,0,S,-,FIGHT"
2026-07-31T16:10:00.000-04:00,"2026-7-31 16:10,84.56,84.63,84.72,84.77,-7,-1,-1,0,-,-,wave_only"
2026-07-31T16:15:00.000-04:00,"2026-7-31 16:15,84.6,84.61,84.71,84.76,-7,-1,-1,0,-,-,wave_only"
2026-07-31T16:20:00.000-04:00,"2026-7-31 16:20,84.49,84.55,84.7,84.75,-7,-1,-1,0,-,-,wave_only"
2026-07-31T16:25:00.000-04:00,"2026-7-31 16:25,84.61,84.56,84.69,84.74,0,0,-1,0,-,-,neutral"
2026-07-31T16:30:00.000-04:00,"2026-7-31 16:30,84.5,84.52,84.67,84.73,-7,-1,-1,0,-,-,wave_only"
2026-07-31T16:35:00.000-04:00,"2026-7-31 16:35,84.52,84.51,84.66,84.73,-7,-1,-1,0,-,-,wave_only"
2026-07-31T16:40:00.000-04:00,"2026-7-31 16:40,84.59,84.52,84.66,84.72,0,0,-1,0,-,-,neutral"
2026-07-31T16:45:00.000-04:00,"2026-7-31 16:45,84.55,84.52,84.65,84.71,0,0,-1,0,-,-,neutral"
2026-07-31T16:50:00.000-04:00,"2026-7-31 16:50,85.97,85.05,84.75,84.76,7,1,-1,0,B,-,FIGHT"
2026-07-31T16:55:00.000-04:00,"2026-7-31 16:55,86.85,85.76,84.91,84.85,5,1,1,1,-,-,RIDE_both"
2026-08-02T18:00:00.000-04:00,"2026-8-2 18:00,79.61,83.59,84.5,84.64,-7,-1,1,1,S,-,FIGHT"
2026-08-02T18:05:00.000-04:00,"2026-8-2 18:05,80.04,82.16,84.16,84.46,-7,-1,1,1,-,-,FIGHT"
2026-08-02T18:10:00.000-04:00,"2026-8-2 18:10,79.9,81.07,83.83,84.28,-5,-1,-1,1,-,-,wave_only"
2026-08-02T18:15:00.000-04:00,"2026-8-2 18:15,80.78,80.64,83.6,84.14,-5,-1,-1,1,-,-,wave_only"
2026-08-02T18:20:00.000-04:00,"2026-8-2 18:20,80.61,80.29,83.37,84.01,-3,-1,-1,1,-,-,wave_only"
2026-08-02T18:25:00.000-04:00,"2026-8-2 18:25,80.65,80.09,83.16,83.87,0,0,-1,1,-,-,neutral"
2026-08-02T18:30:00.000-04:00,"2026-8-2 18:30,80.74,80.02,82.97,83.75,0,0,-1,1,-,-,neutral"
2026-08-02T18:35:00.000-04:00,"2026-8-2 18:35,80.73,80,82.8,83.63,0,0,-1,1,-,-,neutral"
2026-08-02T18:40:00.000-04:00,"2026-8-2 18:40,80.85,80.06,82.65,83.52,0,0,-1,1,-,-,neutral"
2026-08-02T18:45:00.000-04:00,"2026-8-2 18:45,81.24,80.28,82.54,83.43,0,0,-1,1,-,-,neutral"
2026-08-02T18:50:00.000-04:00,"2026-8-2 18:50,81.12,80.43,82.43,83.34,0,0,-1,1,-,-,neutral"
2026-08-02T18:55:00.000-04:00,"2026-8-2 18:55,81.25,80.6,82.34,83.26,0,0,0,0,-,-,neutral"
2026-08-02T19:00:00.000-04:00,"2026-8-2 19:00,81.23,80.74,82.26,83.18,0,0,0,0,-,-,neutral"
2026-08-02T19:05:00.000-04:00,"2026-8-2 19:05,80.95,80.76,82.16,83.09,0,0,0,0,-,-,neutral"
2026-08-02T19:10:00.000-04:00,"2026-8-2 19:10,81.11,80.84,82.08,83.02,0,0,0,0,-,-,neutral"
2026-08-02T19:15:00.000-04:00,"2026-8-2 19:15,80.94,80.84,81.99,82.93,0,0,0,0,-,-,neutral"
2026-08-02T19:20:00.000-04:00,"2026-8-2 19:20,80.9,80.84,81.9,82.85,0,0,0,0,-,-,neutral"
2026-08-02T19:25:00.000-04:00,"2026-8-2 19:25,80.84,80.83,81.82,82.78,-3,-1,0,0,-,-,FIGHT"
2026-08-02T19:30:00.000-04:00,"2026-8-2 19:30,80.7,80.77,81.74,82.69,-3,-1,0,0,-,-,FIGHT"
2026-08-02T19:35:00.000-04:00,"2026-8-2 19:35,80.72,80.74,81.66,82.62,-3,-1,0,0,-,-,FIGHT"
2026-08-02T19:40:00.000-04:00,"2026-8-2 19:40,80.62,80.69,81.58,82.54,-3,-1,-1,0,-,-,wave_only"
2026-08-02T19:45:00.000-04:00,"2026-8-2 19:45,80.66,80.67,81.51,82.46,-3,-1,-1,0,-,-,wave_only"
2026-08-02T19:50:00.000-04:00,"2026-8-2 19:50,80.76,80.7,81.45,82.4,0,0,-1,0,-,-,neutral"
2026-08-02T19:55:00.000-04:00,"2026-8-2 19:55,80.72,80.71,81.39,82.33,0,0,0,-1,-,-,neutral"
2026-08-02T20:00:00.000-04:00,"2026-8-2 20:00,80.75,80.73,81.34,82.27,0,0,0,-1,-,-,neutral"
2026-08-02T20:05:00.000-04:00,"2026-8-2 20:05,80.66,80.71,81.29,82.21,-7,-1,0,-1,-,-,tide_only"
2026-08-02T20:10:00.000-04:00,"2026-8-2 20:10,80.7,80.72,81.25,82.15,0,0,0,-1,-,-,neutral"
2026-08-02T20:15:00.000-04:00,"2026-8-2 20:15,80.61,80.69,81.2,82.09,-7,-1,0,-1,-,-,tide_only"
2026-08-02T20:20:00.000-04:00,"2026-8-2 20:20,80.5,80.63,81.14,82.03,-7,-1,0,-1,-,-,tide_only"
2026-08-02T20:25:00.000-04:00,"2026-8-2 20:25,80.48,80.58,81.09,81.96,-7,-1,0,-1,-,-,tide_only"
2026-08-02T20:30:00.000-04:00,"2026-8-2 20:30,80.44,80.53,81.04,81.9,-7,-1,0,-1,-,-,tide_only"
2026-08-02T20:35:00.000-04:00,"2026-8-2 20:35,80.47,80.51,81,81.85,-7,-1,0,-1,-,-,tide_only"
2026-08-02T20:40:00.000-04:00,"2026-8-2 20:40,80.53,80.52,80.96,81.8,0,0,0,-1,-,-,neutral"
2026-08-02T20:45:00.000-04:00,"2026-8-2 20:45,80.55,80.53,80.93,81.75,0,0,0,-1,-,-,neutral"
2026-08-02T20:50:00.000-04:00,"2026-8-2 20:50,80.76,80.62,80.92,81.71,3,1,0,-1,B,-,FIGHT"
2026-08-02T20:55:00.000-04:00,"2026-8-2 20:55,80.62,80.64,80.89,81.67,3,1,0,-1,-,-,FIGHT"
2026-08-02T21:00:00.000-04:00,"2026-8-2 21:00,80.55,80.62,80.87,81.62,-7,-1,0,-1,S,-,tide_only"
2026-08-02T21:05:00.000-04:00,"2026-8-2 21:05,80.7,80.67,80.86,81.59,3,1,0,-1,B,-,FIGHT"
2026-08-02T21:10:00.000-04:00,"2026-8-2 21:10,80.63,80.67,80.84,81.55,0,0,0,-1,-,-,neutral"
2026-08-02T21:15:00.000-04:00,"2026-8-2 21:15,80.61,80.67,80.82,81.51,-7,0,0,-1,-,-,neutral"
2026-08-02T21:20:00.000-04:00,"2026-8-2 21:20,80.7,80.7,80.81,81.48,3,1,0,-1,-,-,FIGHT"
2026-08-02T21:25:00.000-04:00,"2026-8-2 21:25,80.41,80.61,80.78,81.44,-7,-1,0,-1,S,-,tide_only"
2026-08-02T21:30:00.000-04:00,"2026-8-2 21:30,80.34,80.52,80.75,81.4,-7,-1,0,-1,-,-,tide_only"
2026-08-02T21:35:00.000-04:00,"2026-8-2 21:35,80.53,80.53,80.73,81.36,3,1,0,-1,B,-,FIGHT"
2026-08-02T21:40:00.000-04:00,"2026-8-2 21:40,80.18,80.4,80.69,81.32,-7,-1,0,-1,S,-,tide_only"
2026-08-02T21:45:00.000-04:00,"2026-8-2 21:45,80.2,80.32,80.65,81.27,-7,-1,0,-1,-,-,tide_only"
2026-08-02T21:50:00.000-04:00,"2026-8-2 21:50,80.11,80.23,80.61,81.23,-7,-1,0,-1,-,-,tide_only"
2026-08-02T21:55:00.000-04:00,"2026-8-2 21:55,80.11,80.16,80.57,81.18,-7,-1,0,-1,-,-,tide_only"
2026-08-02T22:00:00.000-04:00,"2026-8-2 22:00,80.06,80.1,80.53,81.14,-7,-1,0,-1,-,-,tide_only"
2026-08-02T22:05:00.000-04:00,"2026-8-2 22:05,80.18,80.1,80.5,81.1,0,0,0,-1,-,-,neutral"
2026-08-02T22:10:00.000-04:00,"2026-8-2 22:10,80.19,80.11,80.48,81.06,0,0,0,-1,-,-,neutral"
2026-08-02T22:15:00.000-04:00,"2026-8-2 22:15,80.25,80.14,80.46,81.03,0,0,0,-1,-,-,neutral"
2026-08-02T22:20:00.000-04:00,"2026-8-2 22:20,80.13,80.12,80.44,81,-7,-1,0,-1,-,-,tide_only"
2026-08-02T22:25:00.000-04:00,"2026-8-2 22:25,80.13,80.11,80.41,80.96,-7,-1,0,-1,-,-,tide_only"
2026-08-02T22:30:00.000-04:00,"2026-8-2 22:30,80.14,80.11,80.39,80.93,-7,0,0,-1,-,-,neutral"
2026-08-02T22:35:00.000-04:00,"2026-8-2 22:35,80.22,80.14,80.38,80.9,3,1,0,-1,B,-,FIGHT"
2026-08-02T22:40:00.000-04:00,"2026-8-2 22:40,80.26,80.18,80.37,80.88,3,1,0,-1,-,-,FIGHT"
2026-08-02T22:45:00.000-04:00,"2026-8-2 22:45,80.15,80.17,80.35,80.85,-7,-1,0,-1,S,-,tide_only"
2026-08-02T22:50:00.000-04:00,"2026-8-2 22:50,79.94,80.08,80.32,80.81,-7,-1,0,-1,-,-,tide_only"
2026-08-02T22:55:00.000-04:00,"2026-8-2 22:55,79.71,79.94,80.27,80.77,-7,-1,-1,-1,-,-,RIDE_both"
2026-08-02T23:00:00.000-04:00,"2026-8-2 23:00,79.8,79.87,80.24,80.73,-7,-1,-1,-1,-,-,RIDE_both"
2026-08-02T23:05:00.000-04:00,"2026-8-2 23:05,79.9,79.85,80.21,80.7,-7,-1,-1,-1,-,-,RIDE_both"
2026-08-02T23:10:00.000-04:00,"2026-8-2 23:10,79.87,79.84,80.19,80.67,-7,-1,-1,-1,-,-,RIDE_both"
2026-08-02T23:15:00.000-04:00,"2026-8-2 23:15,79.71,79.77,80.15,80.63,-7,-1,-1,-1,-,-,RIDE_both"
2026-08-02T23:20:00.000-04:00,"2026-8-2 23:20,79.9,79.79,80.13,80.6,0,0,-1,-1,-,-,neutral"
2026-08-02T23:25:00.000-04:00,"2026-8-2 23:25,79.9,79.81,80.11,80.57,0,0,0,-1,-,-,neutral"
2026-08-02T23:30:00.000-04:00,"2026-8-2 23:30,79.97,79.86,80.1,80.55,3,1,0,-1,B,-,FIGHT"
2026-08-02T23:35:00.000-04:00,"2026-8-2 23:35,80.02,79.91,80.09,80.53,3,1,0,-1,-,-,FIGHT"
2026-08-02T23:40:00.000-04:00,"2026-8-2 23:40,80.12,79.99,80.1,80.51,3,1,0,-1,-,-,FIGHT"
2026-08-02T23:45:00.000-04:00,"2026-8-2 23:45,79.97,79.99,80.09,80.49,0,0,0,-1,-,-,neutral"
2026-08-02T23:50:00.000-04:00,"2026-8-2 23:50,79.84,79.94,80.07,80.47,-7,-1,0,-1,S,-,tide_only"
2026-08-02T23:55:00.000-04:00,"2026-8-2 23:55,79.75,79.87,80.04,80.44,-7,-1,-1,-1,-,-,RIDE_both"
2026-08-03T00:00:00.000-04:00,"2026-8-3 0:00,79.77,79.83,80.02,80.41,-7,-1,-1,-1,-,-,RIDE_both"
2026-08-03T00:05:00.000-04:00,"2026-8-3 0:05,79.8,79.81,80.01,80.39,-7,-1,-1,-1,-,-,RIDE_both"
2026-08-03T00:10:00.000-04:00,"2026-8-3 0:10,79.81,79.8,79.99,80.37,-7,-1,-1,-1,-,-,RIDE_both"
2026-08-03T00:15:00.000-04:00,"2026-8-3 0:15,79.74,79.77,79.97,80.34,-7,-1,-1,-1,-,-,RIDE_both"
2026-08-03T00:20:00.000-04:00,"2026-8-3 0:20,79.67,79.73,79.95,80.31,-7,-1,-1,-1,-,-,RIDE_both"
2026-08-03T00:25:00.000-04:00,"2026-8-3 0:25,79.67,79.69,79.93,80.29,-7,-1,-1,-1,-,-,RIDE_both"
2026-08-03T00:30:00.000-04:00,"2026-8-3 0:30,79.8,79.72,79.92,80.27,3,1,-1,-1,B,-,FIGHT"
2026-08-03T00:35:00.000-04:00,"2026-8-3 0:35,79.72,79.71,79.9,80.25,-7,-1,-1,-1,S,SELL,RIDE_both"
2026-08-03T00:40:00.000-04:00,"2026-8-3 0:40,79.79,79.73,79.89,80.23,3,1,0,-1,B,-,FIGHT"
2026-08-03T00:45:00.000-04:00,"2026-8-3 0:45,79.61,79.68,79.87,80.21,-7,-1,0,-1,S,-,tide_only"
2026-08-03T00:50:00.000-04:00,"2026-8-3 0:50,79.56,79.63,79.85,80.18,-7,-1,0,-1,-,-,tide_only"
2026-08-03T00:55:00.000-04:00,"2026-8-3 0:55,79.52,79.58,79.82,80.15,-7,-1,-1,0,-,-,wave_only"
2026-08-03T01:00:00.000-04:00,"2026-8-3 1:00,79.56,79.55,79.8,80.13,-7,-1,-1,0,-,-,wave_only"
2026-08-03T01:05:00.000-04:00,"2026-8-3 1:05,79.58,79.55,79.78,80.11,-7,-1,-1,0,-,-,wave_only"
2026-08-03T01:10:00.000-04:00,"2026-8-3 1:10,79.48,79.51,79.76,80.09,-7,-1,-1,0,-,-,wave_only"
2026-08-03T01:15:00.000-04:00,"2026-8-3 1:15,79.53,79.5,79.74,80.06,-7,-1,-1,0,-,-,wave_only"
2026-08-03T01:20:00.000-04:00,"2026-8-3 1:20,79.45,79.47,79.72,80.04,-7,-1,-1,0,-,-,wave_only"
2026-08-03T01:25:00.000-04:00,"2026-8-3 1:25,79.48,79.46,79.7,80.02,-7,-1,-1,0,-,-,wave_only"
2026-08-03T01:30:00.000-04:00,"2026-8-3 1:30,79.42,79.43,79.68,79.99,-7,-1,-1,0,-,-,wave_only"
2026-08-03T01:35:00.000-04:00,"2026-8-3 1:35,79.52,79.45,79.67,79.98,0,0,-1,0,-,-,neutral"
2026-08-03T01:40:00.000-04:00,"2026-8-3 1:40,79.63,79.5,79.67,79.96,3,1,0,0,B,-,FIGHT"
2026-08-03T01:45:00.000-04:00,"2026-8-3 1:45,79.8,79.61,79.68,79.96,3,1,0,0,-,-,FIGHT"
2026-08-03T01:50:00.000-04:00,"2026-8-3 1:50,79.84,79.7,79.69,79.95,5,1,0,0,-,-,FIGHT"
2026-08-03T01:55:00.000-04:00,"2026-8-3 1:55,79.66,79.7,79.69,79.94,0,0,0,0,-,-,neutral"
2026-08-03T02:00:00.000-04:00,"2026-8-3 2:00,79.65,79.7,79.68,79.93,0,0,0,0,-,-,neutral"
2026-08-03T02:05:00.000-04:00,"2026-8-3 2:05,79.55,79.66,79.67,79.91,-3,-1,0,0,S,-,FIGHT"
2026-08-03T02:10:00.000-04:00,"2026-8-3 2:10,79.35,79.55,79.65,79.89,-7,-1,-1,0,-,-,wave_only"
2026-08-03T02:15:00.000-04:00,"2026-8-3 2:15,79.45,79.51,79.63,79.87,-7,-1,-1,0,-,-,wave_only"
2026-08-03T02:20:00.000-04:00,"2026-8-3 2:20,79.46,79.49,79.62,79.86,-7,-1,-1,0,-,-,wave_only"
2026-08-03T02:25:00.000-04:00,"2026-8-3 2:25,79.26,79.4,79.59,79.83,-7,-1,-1,0,-,-,wave_only"
2026-08-03T02:30:00.000-04:00,"2026-8-3 2:30,79.26,79.33,79.57,79.81,-7,-1,-1,0,-,-,wave_only"
2026-08-03T02:35:00.000-04:00,"2026-8-3 2:35,79.26,79.28,79.54,79.79,-7,-1,-1,0,-,-,wave_only"
2026-08-03T02:40:00.000-04:00,"2026-8-3 2:40,79.06,79.18,79.51,79.76,-7,-1,-1,0,-,-,wave_only"
2026-08-03T02:45:00.000-04:00,"2026-8-3 2:45,79.08,79.11,79.47,79.73,-7,-1,-1,0,-,-,wave_only"
2026-08-03T02:50:00.000-04:00,"2026-8-3 2:50,78.96,79.02,79.43,79.7,-7,-1,-1,0,-,-,wave_only"
2026-08-03T02:55:00.000-04:00,"2026-8-3 2:55,79.1,79.01,79.41,79.68,-3,-1,-1,-1,-,-,RIDE_both"
2026-08-03T03:00:00.000-04:00,"2026-8-3 3:00,79.45,79.14,79.41,79.67,0,0,-1,-1,-,-,neutral"
2026-08-03T03:05:00.000-04:00,"2026-8-3 3:05,79.47,79.25,79.42,79.66,0,0,-1,-1,-,-,neutral"
2026-08-03T03:10:00.000-04:00,"2026-8-3 3:10,79.62,79.38,79.43,79.66,3,1,0,-1,B,-,FIGHT"
2026-08-03T03:15:00.000-04:00,"2026-8-3 3:15,80.2,79.69,79.49,79.68,5,1,0,-1,-,-,FIGHT"
2026-08-03T03:20:00.000-04:00,"2026-8-3 3:20,79.7,79.74,79.51,79.68,5,1,0,-1,-,-,FIGHT"
2026-08-03T03:25:00.000-04:00,"2026-8-3 3:25,79.73,79.78,79.52,79.69,5,1,1,-1,-,-,wave_only"
2026-08-03T03:30:00.000-04:00,"2026-8-3 3:30,79.76,79.81,79.54,79.69,0,0,1,-1,-,-,neutral"
2026-08-03T03:35:00.000-04:00,"2026-8-3 3:35,80,79.92,79.58,79.7,5,1,1,-1,-,-,wave_only"
2026-08-03T03:40:00.000-04:00,"2026-8-3 3:40,79.91,79.96,79.6,79.71,0,0,1,-1,-,-,neutral"
2026-08-03T03:45:00.000-04:00,"2026-8-3 3:45,79.61,79.88,79.6,79.71,0,0,1,-1,-,-,neutral"
2026-08-03T03:50:00.000-04:00,"2026-8-3 3:50,79.46,79.76,79.59,79.7,0,0,1,-1,-,-,neutral"
2026-08-03T03:55:00.000-04:00,"2026-8-3 3:55,79.71,79.76,79.6,79.7,0,0,1,0,-,-,neutral"
2026-08-03T04:00:00.000-04:00,"2026-8-3 4:00,79.75,79.77,79.61,79.7,0,0,1,0,-,-,neutral"
2026-08-03T04:05:00.000-04:00,"2026-8-3 4:05,79.91,79.84,79.64,79.71,5,1,1,0,-,-,wave_only"
2026-08-03T04:10:00.000-04:00,"2026-8-3 4:10,79.68,79.8,79.64,79.71,0,0,0,0,-,-,neutral"
2026-08-03T04:15:00.000-04:00,"2026-8-3 4:15,79.96,79.87,79.66,79.72,5,1,0,0,-,-,FIGHT"
2026-08-03T04:20:00.000-04:00,"2026-8-3 4:20,79.9,79.9,79.68,79.72,3,1,0,0,-,-,FIGHT"
2026-08-03T04:25:00.000-04:00,"2026-8-3 4:25,79.79,79.88,79.69,79.73,0,0,1,0,-,-,neutral"
2026-08-03T04:30:00.000-04:00,"2026-8-3 4:30,79.95,79.92,79.71,79.73,5,1,1,0,-,-,wave_only"
2026-08-03T04:35:00.000-04:00,"2026-8-3 4:35,80.17,80.03,79.75,79.75,7,1,1,0,-,-,wave_only"
2026-08-03T04:40:00.000-04:00,"2026-8-3 4:40,80.33,80.17,79.79,79.77,7,1,1,0,-,-,wave_only"
2026-08-03T04:45:00.000-04:00,"2026-8-3 4:45,80.53,80.34,79.85,79.8,7,1,1,0,-,-,wave_only"
2026-08-03T04:50:00.000-04:00,"2026-8-3 4:50,80.4,80.41,79.89,79.83,5,1,1,0,-,-,wave_only"
2026-08-03T04:55:00.000-04:00,"2026-8-3 4:55,80.28,80.41,79.92,79.84,0,0,1,0,-,-,neutral"
2026-08-03T05:00:00.000-04:00,"2026-8-3 5:00,80.27,80.4,79.95,79.86,0,0,1,0,-,-,neutral"
2026-08-03T05:05:00.000-04:00,"2026-8-3 5:05,80.12,80.34,79.96,79.87,0,0,1,0,-,-,neutral"
2026-08-03T05:10:00.000-04:00,"2026-8-3 5:10,79.84,80.18,79.95,79.87,0,0,0,0,-,-,neutral"
2026-08-03T05:15:00.000-04:00,"2026-8-3 5:15,79.79,80.04,79.94,79.87,0,0,0,0,-,-,neutral"
2026-08-03T05:20:00.000-04:00,"2026-8-3 5:20,79.8,79.94,79.93,79.86,-5,-1,0,0,S,-,FIGHT"
2026-08-03T05:25:00.000-04:00,"2026-8-3 5:25,79.82,79.88,79.92,79.86,-5,-1,0,0,-,-,FIGHT"
2026-08-03T05:30:00.000-04:00,"2026-8-3 5:30,79.65,79.77,79.9,79.85,-5,-1,0,0,-,-,FIGHT"
2026-08-03T05:35:00.000-04:00,"2026-8-3 5:35,79.8,79.75,79.89,79.85,-5,-1,0,0,-,-,FIGHT"
2026-08-03T05:40:00.000-04:00,"2026-8-3 5:40,79.9,79.77,79.89,79.85,0,0,0,0,-,-,neutral"
2026-08-03T05:45:00.000-04:00,"2026-8-3 5:45,79.72,79.73,79.88,79.85,-5,-1,0,0,-,-,FIGHT"
2026-08-03T05:50:00.000-04:00,"2026-8-3 5:50,79.85,79.74,79.88,79.85,0,0,0,0,-,-,neutral"
2026-08-03T05:55:00.000-04:00,"2026-8-3 5:55,80.03,79.83,79.89,79.86,0,0,1,0,-,-,neutral"
2026-08-03T06:00:00.000-04:00,"2026-8-3 6:00,79.82,79.81,79.88,79.85,-5,-1,1,0,-,-,FIGHT"
2026-08-03T06:05:00.000-04:00,"2026-8-3 6:05,79.73,79.77,79.87,79.85,-5,-1,1,0,-,-,FIGHT"
2026-08-03T06:10:00.000-04:00,"2026-8-3 6:10,79.66,79.71,79.86,79.84,-5,-1,0,0,-,-,FIGHT"
2026-08-03T06:15:00.000-04:00,"2026-8-3 6:15,79.7,79.69,79.84,79.84,-5,-1,0,0,-,-,FIGHT"
2026-08-03T06:20:00.000-04:00,"2026-8-3 6:20,79.7,79.67,79.83,79.83,-3,-1,0,0,-,-,FIGHT"
2026-08-03T06:25:00.000-04:00,"2026-8-3 6:25,79.71,79.66,79.82,79.83,0,0,0,0,-,-,neutral"
2026-08-03T06:30:00.000-04:00,"2026-8-3 6:30,79.56,79.61,79.8,79.82,-5,-1,0,0,-,-,FIGHT"
2026-08-03T06:35:00.000-04:00,"2026-8-3 6:35,79.46,79.53,79.78,79.8,-5,-1,0,0,-,-,FIGHT"
2026-08-03T06:40:00.000-04:00,"2026-8-3 6:40,79.52,79.5,79.76,79.79,-5,-1,-1,0,-,-,wave_only"
2026-08-03T06:45:00.000-04:00,"2026-8-3 6:45,79.48,79.47,79.74,79.78,-5,-1,-1,0,-,-,wave_only"
2026-08-03T06:50:00.000-04:00,"2026-8-3 6:50,79.64,79.5,79.73,79.77,0,0,-1,0,-,-,neutral"
2026-08-03T06:55:00.000-04:00,"2026-8-3 6:55,79.49,79.48,79.71,79.76,-5,-1,-1,-1,-,-,RIDE_both"
2026-08-03T07:00:00.000-04:00,"2026-8-3 7:00,79.52,79.47,79.69,79.75,-5,0,-1,-1,-,-,neutral"
2026-08-03T07:05:00.000-04:00,"2026-8-3 7:05,79.48,79.46,79.68,79.74,-3,-1,-1,-1,-,-,RIDE_both"
2026-08-03T07:10:00.000-04:00,"2026-8-3 7:10,79.6,79.49,79.67,79.74,0,0,-1,-1,-,-,neutral"
2026-08-03T07:15:00.000-04:00,"2026-8-3 7:15,79.55,79.5,79.66,79.73,0,0,-1,-1,-,-,neutral"
2026-08-03T07:20:00.000-04:00,"2026-8-3 7:20,79.7,79.57,79.67,79.73,0,0,-1,-1,-,-,neutral"
2026-08-03T07:25:00.000-04:00,"2026-8-3 7:25,79.85,79.67,79.68,79.73,5,0,1,-1,-,-,neutral"
2026-08-03T07:30:00.000-04:00,"2026-8-3 7:30,79.82,79.74,79.69,79.74,5,1,1,-1,B,-,wave_only"
2026-08-03T07:35:00.000-04:00,"2026-8-3 7:35,79.73,79.75,79.69,79.74,7,0,1,-1,-,-,neutral"
2026-08-03T07:40:00.000-04:00,"2026-8-3 7:40,79.53,79.68,79.68,79.73,0,0,-1,-1,-,-,neutral"
2026-08-03T07:45:00.000-04:00,"2026-8-3 7:45,79.29,79.55,79.65,79.71,-7,-1,-1,-1,S,SELL,RIDE_both"
2026-08-03T07:50:00.000-04:00,"2026-8-3 7:50,79.28,79.44,79.62,79.69,-7,-1,-1,-1,-,-,RIDE_both"
2026-08-03T07:55:00.000-04:00,"2026-8-3 7:55,79.05,79.28,79.58,79.67,-7,-1,-1,-1,-,-,RIDE_both"
2026-08-03T08:00:00.000-04:00,"2026-8-3 8:00,78.99,79.14,79.53,79.64,-7,-1,-1,-1,-,-,RIDE_both"
2026-08-03T08:05:00.000-04:00,"2026-8-3 8:05,79.03,79.06,79.49,79.62,-7,-1,-1,-1,-,-,RIDE_both"
2026-08-03T08:10:00.000-04:00,"2026-8-3 8:10,78.98,78.99,79.45,79.59,-7,-1,-1,-1,-,-,RIDE_both"
2026-08-03T08:15:00.000-04:00,"2026-8-3 8:15,78.85,78.89,79.41,79.56,-7,-1,-1,-1,-,-,RIDE_both"
2026-08-03T08:20:00.000-04:00,"2026-8-3 8:20,79.15,78.94,79.39,79.55,0,0,-1,-1,-,-,neutral"
2026-08-03T08:25:00.000-04:00,"2026-8-3 8:25,79.15,78.98,79.37,79.53,0,0,-1,-1,-,-,neutral"
2026-08-03T08:30:00.000-04:00,"2026-8-3 8:30,78.97,78.94,79.34,79.51,-3,-1,-1,-1,-,-,RIDE_both"
2026-08-03T08:35:00.000-04:00,"2026-8-3 8:35,78.96,78.92,79.31,79.49,-7,-1,-1,-1,-,-,RIDE_both"
2026-08-03T08:40:00.000-04:00,"2026-8-3 8:40,78.93,78.9,79.28,79.47,-7,-1,-1,-1,-,-,RIDE_both"
2026-08-03T08:45:00.000-04:00,"2026-8-3 8:45,79.34,79.03,79.29,79.46,0,0,-1,-1,-,-,neutral"
2026-08-03T08:50:00.000-04:00,"2026-8-3 8:50,79.22,79.09,79.28,79.45,0,0,-1,-1,-,-,neutral"
2026-08-03T08:55:00.000-04:00,"2026-8-3 8:55,79.01,79.06,79.26,79.43,-7,-1,-1,-1,-,-,RIDE_both"
2026-08-03T09:00:00.000-04:00,"2026-8-3 9:00,78.9,79,79.23,79.41,-7,-1,-1,-1,-,-,RIDE_both"
2026-08-03T09:05:00.000-04:00,"2026-8-3 9:05,78.82,78.92,79.2,79.39,-7,-1,-1,-1,-,-,RIDE_both"
2026-08-03T09:10:00.000-04:00,"2026-8-3 9:10,79.35,79.07,79.21,79.39,3,1,0,-1,B,-,FIGHT"
2026-08-03T09:15:00.000-04:00,"2026-8-3 9:15,79.15,79.1,79.21,79.38,3,0,0,-1,-,-,neutral"
2026-08-03T09:20:00.000-04:00,"2026-8-3 9:20,79.31,79.18,79.21,79.38,5,1,0,-1,-,-,FIGHT"
2026-08-03T09:25:00.000-04:00,"2026-8-3 9:25,79.3,79.24,79.22,79.37,5,1,0,-1,-,-,FIGHT"
2026-08-03T09:30:00.000-04:00,"2026-8-3 9:30,78.61,79.03,79.17,79.34,-7,-1,0,-1,S,-,tide_only"
2026-08-03T09:35:00.000-04:00,"2026-8-3 9:35,78.64,78.88,79.13,79.32,-7,-1,0,-1,-,-,tide_only"
2026-08-03T09:40:00.000-04:00,"2026-8-3 9:40,78.74,78.81,79.1,79.29,-7,-1,-1,-1,-,-,RIDE_both"
2026-08-03T09:45:00.000-04:00,"2026-8-3 9:45,78.56,78.7,79.06,79.26,-7,-1,-1,-1,-,-,RIDE_both"
2026-08-03T09:50:00.000-04:00,"2026-8-3 9:50,78.86,78.73,79.05,79.25,0,0,-1,-1,-,-,neutral"
2026-08-03T09:55:00.000-04:00,"2026-8-3 9:55,79.12,78.85,79.05,79.24,0,0,0,-1,-,-,neutral"
2026-08-03T10:00:00.000-04:00,"2026-8-3 10:00,79.24,78.99,79.07,79.24,3,1,0,-1,B,-,FIGHT"
2026-08-03T10:05:00.000-04:00,"2026-8-3 10:05,79.35,79.13,79.09,79.25,5,1,0,-1,-,-,FIGHT"
2026-08-03T10:10:00.000-04:00,"2026-8-3 10:10,79.25,79.19,79.1,79.25,5,1,1,-1,-,-,wave_only"
2026-08-03T10:15:00.000-04:00,"2026-8-3 10:15,79.33,79.27,79.12,79.25,5,1,1,-1,-,-,wave_only"
2026-08-03T10:20:00.000-04:00,"2026-8-3 10:20,79.23,79.29,79.13,79.25,0,0,1,-1,-,-,neutral"
2026-08-03T10:25:00.000-04:00,"2026-8-3 10:25,79.23,79.3,79.13,79.25,0,0,1,-1,-,-,neutral"
2026-08-03T10:30:00.000-04:00,"2026-8-3 10:30,79.43,79.37,79.16,79.26,5,1,1,-1,-,-,wave_only"
2026-08-03T10:35:00.000-04:00,"2026-8-3 10:35,79.45,79.43,79.18,79.26,5,1,1,-1,-,-,wave_only"
2026-08-03T10:40:00.000-04:00,"2026-8-3 10:40,79.43,79.47,79.2,79.27,3,1,1,-1,-,-,wave_only"
2026-08-03T10:45:00.000-04:00,"2026-8-3 10:45,79.39,79.47,79.21,79.28,0,0,1,-1,-,-,neutral"
2026-08-03T10:50:00.000-04:00,"2026-8-3 10:50,79.52,79.52,79.24,79.29,5,1,1,-1,-,-,wave_only"
2026-08-03T10:55:00.000-04:00,"2026-8-3 10:55,79.66,79.61,79.27,79.3,5,1,1,0,-,-,wave_only"
2026-08-03T11:00:00.000-04:00,"2026-8-3 11:00,79.78,79.71,79.31,79.32,7,1,1,0,-,-,wave_only"
2026-08-03T11:05:00.000-04:00,"2026-8-3 11:05,79.41,79.64,79.32,79.32,0,0,1,0,-,-,neutral"
2026-08-03T11:10:00.000-04:00,"2026-8-3 11:10,79.55,79.64,79.33,79.33,0,0,1,0,-,-,neutral"
2026-08-03T11:15:00.000-04:00,"2026-8-3 11:15,79.43,79.59,79.34,79.33,0,0,1,0,-,-,neutral"
2026-08-03T11:20:00.000-04:00,"2026-8-3 11:20,79.64,79.63,79.37,79.35,0,0,1,0,-,-,neutral"
2026-08-03T11:25:00.000-04:00,"2026-8-3 11:25,79.99,79.78,79.41,79.37,7,1,1,0,-,-,wave_only"
2026-08-03T11:30:00.000-04:00,"2026-8-3 11:30,79.71,79.79,79.44,79.39,0,0,1,0,-,-,neutral"
2026-08-03T11:35:00.000-04:00,"2026-8-3 11:35,79.61,79.75,79.45,79.39,0,0,1,0,-,-,neutral"
2026-08-03T11:40:00.000-04:00,"2026-8-3 11:40,79.77,79.78,79.47,79.41,0,0,1,0,-,-,neutral"
2026-08-03T11:45:00.000-04:00,"2026-8-3 11:45,79.58,79.73,79.48,79.42,0,0,1,0,-,-,neutral"
2026-08-03T11:50:00.000-04:00,"2026-8-3 11:50,79.64,79.71,79.49,79.42,0,0,1,0,-,-,neutral"
2026-08-03T11:55:00.000-04:00,"2026-8-3 11:55,79.64,79.69,79.51,79.43,0,0,0,0,-,-,neutral"
2026-08-03T12:00:00.000-04:00,"2026-8-3 12:00,79.67,79.69,79.52,79.44,0,0,0,0,-,-,neutral"
2026-08-03T12:05:00.000-04:00,"2026-8-3 12:05,79.63,79.67,79.53,79.45,0,0,0,0,-,-,neutral"
2026-08-03T12:10:00.000-04:00,"2026-8-3 12:10,79.72,79.69,79.54,79.46,7,1,0,0,-,-,FIGHT"
2026-08-03T12:15:00.000-04:00,"2026-8-3 12:15,79.62,79.67,79.55,79.47,0,0,0,0,-,-,neutral"
2026-08-03T12:20:00.000-04:00,"2026-8-3 12:20,79.47,79.59,79.54,79.47,-3,0,0,0,-,-,neutral"
2026-08-03T12:25:00.000-04:00,"2026-8-3 12:25,79.45,79.53,79.53,79.47,-5,-1,0,0,S,-,FIGHT"
2026-08-03T12:30:00.000-04:00,"2026-8-3 12:30,79.61,79.55,79.54,79.47,0,0,0,0,-,-,neutral"
2026-08-03T12:35:00.000-04:00,"2026-8-3 12:35,79.82,79.64,79.56,79.49,7,1,0,0,B,-,FIGHT"
2026-08-03T12:40:00.000-04:00,"2026-8-3 12:40,79.73,79.67,79.57,79.49,7,1,1,0,-,-,wave_only"
2026-08-03T12:45:00.000-04:00,"2026-8-3 12:45,79.74,79.7,79.59,79.5,7,1,1,0,-,-,wave_only"
2026-08-03T12:50:00.000-04:00,"2026-8-3 12:50,79.52,79.63,79.58,79.51,-3,0,1,0,-,-,neutral"
2026-08-03T12:55:00.000-04:00,"2026-8-3 12:55,79.57,79.61,79.58,79.51,0,0,0,0,-,-,neutral"
2026-08-03T13:00:00.000-04:00,"2026-8-3 13:00,79.93,79.72,79.61,79.52,7,1,0,0,-,-,FIGHT"
2026-08-03T13:05:00.000-04:00,"2026-8-3 13:05,80,79.83,79.64,79.54,7,1,0,0,-,-,FIGHT"
2026-08-03T13:10:00.000-04:00,"2026-8-3 13:10,80.16,79.97,79.68,79.57,7,1,1,0,-,-,wave_only"
2026-08-03T13:15:00.000-04:00,"2026-8-3 13:15,80.01,80.01,79.7,79.58,5,1,1,0,-,-,wave_only"
2026-08-03T13:20:00.000-04:00,"2026-8-3 13:20,80,80.03,79.73,79.6,0,0,1,0,-,-,neutral"
2026-08-03T13:25:00.000-04:00,"2026-8-3 13:25,80,80.05,79.75,79.62,0,0,1,0,-,-,neutral"
2026-08-03T13:30:00.000-04:00,"2026-8-3 13:30,80.07,80.08,79.77,79.63,0,0,1,0,-,-,neutral"
2026-08-03T13:35:00.000-04:00,"2026-8-3 13:35,80.06,80.1,79.79,79.65,0,0,1,0,-,-,neutral"
2026-08-03T13:40:00.000-04:00,"2026-8-3 13:40,79.87,80.04,79.8,79.66,0,0,0,0,-,-,neutral"
2026-08-03T13:45:00.000-04:00,"2026-8-3 13:45,79.97,80.03,79.81,79.67,0,0,0,0,-,-,neutral"
2026-08-03T13:50:00.000-04:00,"2026-8-3 13:50,80.27,80.13,79.85,79.7,7,1,0,0,-,-,FIGHT"
2026-08-03T13:55:00.000-04:00,"2026-8-3 13:55,80.03,80.11,79.86,79.71,0,0,1,0,-,-,neutral"
2026-08-03T14:00:00.000-04:00,"2026-8-3 14:00,79.56,79.92,79.84,79.7,-3,-1,1,0,S,-,FIGHT"
2026-08-03T14:05:00.000-04:00,"2026-8-3 14:05,79.62,79.8,79.82,79.7,-5,-1,1,0,-,-,FIGHT"
2026-08-03T14:10:00.000-04:00,"2026-8-3 14:10,79.67,79.74,79.81,79.7,-5,-1,0,0,-,-,FIGHT"
2026-08-03T14:15:00.000-04:00,"2026-8-3 14:15,79.9,79.77,79.82,79.71,0,0,0,0,-,-,neutral"
2026-08-03T14:20:00.000-04:00,"2026-8-3 14:20,80.16,79.9,79.84,79.72,7,1,0,0,B,-,FIGHT"
2026-08-03T14:25:00.000-04:00,"2026-8-3 14:25,80.33,80.06,79.88,79.75,7,1,1,0,-,-,wave_only"
2026-08-03T14:30:00.000-04:00,"2026-8-3 14:30,80.37,80.18,79.92,79.77,7,1,1,0,-,-,wave_only"
2026-08-03T14:35:00.000-04:00,"2026-8-3 14:35,80.34,80.27,79.95,79.79,7,1,1,0,-,-,wave_only"
2026-08-03T14:40:00.000-04:00,"2026-8-3 14:40,80.42,80.35,79.99,79.82,7,1,1,0,-,-,wave_only"
2026-08-03T14:45:00.000-04:00,"2026-8-3 14:45,80.44,80.42,80.02,79.84,7,1,1,0,-,-,wave_only"
2026-08-03T14:50:00.000-04:00,"2026-8-3 14:50,80.49,80.48,80.06,79.87,7,1,1,0,-,-,wave_only"
2026-08-03T14:55:00.000-04:00,"2026-8-3 14:55,80.38,80.48,80.08,79.89,0,0,1,0,-,-,neutral"
2026-08-03T15:00:00.000-04:00,"2026-8-3 15:00,80.33,80.46,80.1,79.91,0,0,1,0,-,-,neutral"
2026-08-03T15:05:00.000-04:00,"2026-8-3 15:05,80.43,80.47,80.13,79.93,0,0,1,0,-,-,neutral"
2026-08-03T15:10:00.000-04:00,"2026-8-3 15:10,80.47,80.5,80.15,79.95,0,0,1,0,-,-,neutral"
2026-08-03T15:15:00.000-04:00,"2026-8-3 15:15,80.33,80.46,80.17,79.96,0,0,1,0,-,-,neutral"
2026-08-03T15:20:00.000-04:00,"2026-8-3 15:20,80.39,80.45,80.18,79.98,0,0,1,0,-,-,neutral"
2026-08-03T15:25:00.000-04:00,"2026-8-3 15:25,80.47,80.47,80.21,80,7,1,0,0,-,-,FIGHT"
2026-08-03T15:30:00.000-04:00,"2026-8-3 15:30,80.32,80.43,80.21,80.01,0,0,0,0,-,-,neutral"
2026-08-03T15:35:00.000-04:00,"2026-8-3 15:35,80.28,80.38,80.22,80.02,0,0,0,0,-,-,neutral"
2026-08-03T15:40:00.000-04:00,"2026-8-3 15:40,80.25,80.33,80.22,80.03,-3,-1,0,0,S,-,FIGHT"
2026-08-03T15:45:00.000-04:00,"2026-8-3 15:45,80.32,80.32,80.23,80.04,0,0,0,0,-,-,neutral"
2026-08-03T15:50:00.000-04:00,"2026-8-3 15:50,80.16,80.26,80.22,80.05,-3,-1,0,0,-,-,FIGHT"
2026-08-03T15:55:00.000-04:00,"2026-8-3 15:55,80.16,80.21,80.22,80.05,-5,-1,0,1,-,-,FIGHT"
2026-08-03T16:00:00.000-04:00,"2026-8-3 16:00,80.18,80.18,80.22,80.06,-5,-1,0,1,-,-,FIGHT"
2026-08-03T16:05:00.000-04:00,"2026-8-3 16:05,80.18,80.16,80.21,80.06,-5,-1,0,1,-,-,FIGHT"
2026-08-03T16:10:00.000-04:00,"2026-8-3 16:10,80.18,80.15,80.21,80.07,-5,-1,0,1,-,-,FIGHT"
2026-08-03T16:15:00.000-04:00,"2026-8-3 16:15,80.2,80.15,80.21,80.07,0,0,0,1,-,-,neutral"
2026-08-03T16:20:00.000-04:00,"2026-8-3 16:20,80.1,80.12,80.2,80.07,-5,-1,0,1,-,-,FIGHT"
2026-08-03T16:25:00.000-04:00,"2026-8-3 16:25,80.09,80.09,80.19,80.07,-5,-1,0,1,-,-,FIGHT"
2026-08-03T16:30:00.000-04:00,"2026-8-3 16:30,79.96,80.02,80.18,80.07,-5,-1,0,1,-,-,FIGHT"
2026-08-03T16:35:00.000-04:00,"2026-8-3 16:35,79.99,79.99,80.16,80.07,-5,-1,0,1,-,-,FIGHT"
2026-08-03T16:40:00.000-04:00,"2026-8-3 16:40,79.95,79.95,80.14,80.06,-5,-1,0,1,-,-,FIGHT"
2026-08-03T16:45:00.000-04:00,"2026-8-3 16:45,80.05,79.96,80.14,80.06,0,0,0,1,-,-,neutral"
2026-08-03T16:50:00.000-04:00,"2026-8-3 16:50,80.05,79.97,80.13,80.06,0,0,0,1,-,-,neutral"
2026-08-03T16:55:00.000-04:00,"2026-8-3 16:55,80.07,79.99,80.13,80.06,0,0,0,1,-,-,neutral"
2026-08-03T18:00:00.000-04:00,"2026-8-3 18:00,80.04,79.99,80.12,80.06,0,0,0,1,-,-,neutral"
2026-08-03T18:05:00.000-04:00,"2026-8-3 18:05,80.02,79.99,80.11,80.06,0,0,0,1,-,-,neutral"
2026-08-03T18:10:00.000-04:00,"2026-8-3 18:10,79.96,79.97,80.1,80.05,-5,-1,0,1,-,-,FIGHT"
2026-08-03T18:15:00.000-04:00,"2026-8-3 18:15,79.98,79.96,80.09,80.05,-3,-1,0,1,-,-,FIGHT"
2026-08-03T18:20:00.000-04:00,"2026-8-3 18:20,79.99,79.96,80.08,80.05,-5,0,0,1,-,-,neutral"
2026-08-03T18:25:00.000-04:00,"2026-8-3 18:25,79.98,79.96,80.08,80.05,0,0,0,1,-,-,neutral"
2026-08-03T18:30:00.000-04:00,"2026-8-3 18:30,80.05,79.98,80.07,80.05,0,0,0,1,-,-,neutral"
2026-08-03T18:35:00.000-04:00,"2026-8-3 18:35,80.06,80.01,80.07,80.05,0,0,0,1,-,-,neutral"
2026-08-03T18:40:00.000-04:00,"2026-8-3 18:40,79.94,79.98,80.06,80.04,-5,-1,-1,1,-,-,wave_only"
2026-08-03T18:45:00.000-04:00,"2026-8-3 18:45,79.71,79.88,80.03,80.03,-7,-1,-1,1,-,-,wave_only"
2026-08-03T18:50:00.000-04:00,"2026-8-3 18:50,79.97,79.9,80.03,80.03,0,0,-1,1,-,-,neutral"
2026-08-03T18:55:00.000-04:00,"2026-8-3 18:55,80.1,79.96,80.04,80.03,0,0,0,1,-,-,neutral"
2026-08-03T19:00:00.000-04:00,"2026-8-3 19:00,80.16,80.03,80.04,80.04,0,0,0,1,-,-,neutral"
2026-08-03T19:05:00.000-04:00,"2026-8-3 19:05,80.23,80.11,80.06,80.04,7,1,0,1,B,-,tide_only"
2026-08-03T19:10:00.000-04:00,"2026-8-3 19:10,80.19,80.15,80.07,80.05,7,1,1,1,-,-,RIDE_both"
2026-08-03T19:15:00.000-04:00,"2026-8-3 19:15,80.01,80.12,80.06,80.05,0,0,1,1,-,-,neutral"
2026-08-03T19:20:00.000-04:00,"2026-8-3 19:20,79.91,80.05,80.05,80.04,-3,-1,1,1,S,-,FIGHT"
2026-08-03T19:25:00.000-04:00,"2026-8-3 19:25,79.87,79.99,80.04,80.04,-7,-1,-1,1,-,-,wave_only"
2026-08-03T19:30:00.000-04:00,"2026-8-3 19:30,79.88,79.94,80.03,80.03,-5,-1,-1,1,-,-,wave_only"
2026-08-03T19:35:00.000-04:00,"2026-8-3 19:35,79.98,79.95,80.02,80.03,0,0,-1,1,-,-,neutral"
2026-08-03T19:40:00.000-04:00,"2026-8-3 19:40,80.03,79.97,80.02,80.03,0,0,0,1,-,-,neutral"
2026-08-03T19:45:00.000-04:00,"2026-8-3 19:45,80.27,80.08,80.04,80.04,7,1,0,1,B,-,tide_only"
2026-08-03T19:50:00.000-04:00,"2026-8-3 19:50,80.26,80.16,80.06,80.05,7,1,0,1,-,-,tide_only"
2026-08-03T19:55:00.000-04:00,"2026-8-3 19:55,80.26,80.21,80.07,80.05,7,1,1,1,-,-,RIDE_both"
2026-08-03T20:00:00.000-04:00,"2026-8-3 20:00,80.45,80.32,80.1,80.07,7,1,1,1,-,-,RIDE_both"
2026-08-03T20:05:00.000-04:00,"2026-8-3 20:05,80.53,80.42,80.14,80.09,7,1,1,1,-,-,RIDE_both"
2026-08-03T20:10:00.000-04:00,"2026-8-3 20:10,80.63,80.54,80.17,80.11,7,1,1,1,-,-,RIDE_both"
2026-08-03T20:15:00.000-04:00,"2026-8-3 20:15,80.83,80.69,80.22,80.14,5,1,1,1,-,-,RIDE_both"
2026-08-03T20:20:00.000-04:00,"2026-8-3 20:20,80.64,80.72,80.26,80.16,0,0,1,1,-,-,neutral"
2026-08-03T20:25:00.000-04:00,"2026-8-3 20:25,80.63,80.74,80.29,80.18,0,0,1,1,-,-,neutral"
2026-08-03T20:30:00.000-04:00,"2026-8-3 20:30,80.74,80.79,80.32,80.2,7,1,1,1,-,-,RIDE_both"
2026-08-03T20:35:00.000-04:00,"2026-8-3 20:35,80.71,80.8,80.35,80.22,0,0,1,1,-,-,neutral"
2026-08-03T20:40:00.000-04:00,"2026-8-3 20:40,80.72,80.81,80.38,80.24,0,0,1,1,-,-,neutral"
2026-08-03T20:45:00.000-04:00,"2026-8-3 20:45,80.75,80.83,80.41,80.26,0,0,1,1,-,-,neutral"
2026-08-03T20:50:00.000-04:00,"2026-8-3 20:50,80.89,80.89,80.44,80.28,7,0,1,1,-,-,neutral"
2026-08-03T20:55:00.000-04:00,"2026-8-3 20:55,81,80.96,80.49,80.31,7,1,1,1,-,-,RIDE_both"
2026-08-03T21:00:00.000-04:00,"2026-8-3 21:00,80.91,80.98,80.52,80.33,0,0,1,1,-,-,neutral"
2026-08-03T21:05:00.000-04:00,"2026-8-3 21:05,80.85,80.97,80.55,80.35,0,0,1,1,-,-,neutral"
2026-08-03T21:10:00.000-04:00,"2026-8-3 21:10,80.76,80.92,80.56,80.37,0,0,0,1,-,-,neutral"
2026-08-03T21:15:00.000-04:00,"2026-8-3 21:15,80.75,80.88,80.58,80.38,0,0,0,1,-,-,neutral"
2026-08-03T21:20:00.000-04:00,"2026-8-3 21:20,80.78,80.85,80.59,80.4,0,0,0,1,-,-,neutral"
2026-08-03T21:25:00.000-04:00,"2026-8-3 21:25,80.85,80.86,80.61,80.42,0,0,1,1,-,-,neutral"
2026-08-03T21:30:00.000-04:00,"2026-8-3 21:30,80.8,80.85,80.63,80.43,0,0,1,1,-,-,neutral"
2026-08-03T21:35:00.000-04:00,"2026-8-3 21:35,81.03,80.92,80.66,80.46,7,1,1,1,-,-,RIDE_both"
2026-08-03T21:40:00.000-04:00,"2026-8-3 21:40,80.98,80.95,80.68,80.48,0,0,1,1,-,-,neutral"
2026-08-03T21:45:00.000-04:00,"2026-8-3 21:45,81,80.98,80.71,80.5,0,0,1,1,-,-,neutral"
2026-08-03T21:50:00.000-04:00,"2026-8-3 21:50,81.01,81,80.73,80.52,0,0,1,1,-,-,neutral"
2026-08-03T21:55:00.000-04:00,"2026-8-3 21:55,80.98,81.01,80.75,80.54,0,0,0,1,-,-,neutral"
2026-08-03T22:00:00.000-04:00,"2026-8-3 22:00,80.83,80.95,80.76,80.55,0,0,0,1,-,-,neutral"
2026-08-03T22:05:00.000-04:00,"2026-8-3 22:05,81.01,80.98,80.77,80.57,7,1,0,1,-,-,tide_only"
2026-08-03T22:10:00.000-04:00,"2026-8-3 22:10,81.03,81,80.79,80.58,7,1,0,1,-,-,tide_only"
2026-08-03T22:15:00.000-04:00,"2026-8-3 22:15,80.95,80.99,80.81,80.6,0,0,0,1,-,-,neutral"
2026-08-03T22:20:00.000-04:00,"2026-8-3 22:20,81.01,81,80.82,80.61,7,0,0,1,-,-,neutral"
2026-08-03T22:25:00.000-04:00,"2026-8-3 22:25,81.05,81.02,80.84,80.63,7,1,0,1,-,-,tide_only"
2026-08-03T22:30:00.000-04:00,"2026-8-3 22:30,81.19,81.09,80.87,80.65,7,1,0,1,-,-,tide_only"
2026-08-03T22:35:00.000-04:00,"2026-8-3 22:35,81.08,81.09,80.88,80.67,7,0,0,1,-,-,neutral"
2026-08-03T22:40:00.000-04:00,"2026-8-3 22:40,81.14,81.12,80.9,80.69,7,1,0,1,-,-,tide_only"
2026-08-03T22:45:00.000-04:00,"2026-8-3 22:45,81.11,81.13,80.92,80.7,7,0,0,1,-,-,neutral"
2026-08-03T22:50:00.000-04:00,"2026-8-3 22:50,81.11,81.13,80.93,80.72,7,0,0,1,-,-,neutral"
2026-08-03T22:55:00.000-04:00,"2026-8-3 22:55,81.17,81.15,80.95,80.74,7,1,0,1,-,-,tide_only"
2026-08-03T23:00:00.000-04:00,"2026-8-3 23:00,81.2,81.18,80.97,80.76,7,1,0,1,-,-,tide_only"
2026-08-03T23:05:00.000-04:00,"2026-8-3 23:05,81.27,81.22,80.99,80.78,7,1,0,1,-,-,tide_only"
2026-08-03T23:10:00.000-04:00,"2026-8-3 23:10,81.07,81.18,81,80.79,0,0,0,1,-,-,neutral"
2026-08-03T23:15:00.000-04:00,"2026-8-3 23:15,81.1,81.15,81.01,80.8,0,0,0,1,-,-,neutral"
2026-08-03T23:20:00.000-04:00,"2026-8-3 23:20,81.09,81.13,81.01,80.81,0,0,0,1,-,-,neutral"
2026-08-03T23:25:00.000-04:00,"2026-8-3 23:25,80.95,81.06,81.01,80.82,-3,-1,0,1,S,-,FIGHT"
2026-08-03T23:30:00.000-04:00,"2026-8-3 23:30,80.9,81,81,80.82,-5,-1,0,1,-,-,FIGHT"
2026-08-03T23:35:00.000-04:00,"2026-8-3 23:35,81.09,81.02,81.01,80.83,0,0,0,1,-,-,neutral"
2026-08-03T23:40:00.000-04:00,"2026-8-3 23:40,81.15,81.05,81.02,80.84,7,1,0,1,B,-,tide_only"
2026-08-03T23:45:00.000-04:00,"2026-8-3 23:45,81.09,81.06,81.02,80.85,7,1,0,1,-,-,tide_only"
2026-08-03T23:50:00.000-04:00,"2026-8-3 23:50,81.08,81.06,81.03,80.86,7,1,0,1,-,-,tide_only"
2026-08-03T23:55:00.000-04:00,"2026-8-3 23:55,81.18,81.1,81.04,80.87,7,1,0,1,-,-,tide_only"
2026-08-04T00:00:00.000-04:00,"2026-8-4 0:00,81.11,81.1,81.05,80.88,7,1,0,1,-,-,tide_only"
2026-08-04T00:05:00.000-04:00,"2026-8-4 0:05,81.16,81.12,81.05,80.89,7,1,0,1,-,-,tide_only"
2026-08-04T00:10:00.000-04:00,"2026-8-4 0:10,81.25,81.17,81.07,80.91,7,1,0,1,-,-,tide_only"
2026-08-04T00:15:00.000-04:00,"2026-8-4 0:15,81.19,81.18,81.08,80.92,7,1,0,1,-,-,tide_only"
2026-08-04T00:20:00.000-04:00,"2026-8-4 0:20,81.14,81.17,81.08,80.93,-3,-1,0,1,S,-,FIGHT"
2026-08-04T00:25:00.000-04:00,"2026-8-4 0:25,81.08,81.14,81.08,80.93,-3,-1,0,1,-,-,FIGHT"
2026-08-04T00:30:00.000-04:00,"2026-8-4 0:30,81.15,81.15,81.09,80.94,7,0,0,1,-,-,neutral"
2026-08-04T00:35:00.000-04:00,"2026-8-4 0:35,81.15,81.15,81.09,80.95,7,0,0,1,-,-,neutral"
2026-08-04T00:40:00.000-04:00,"2026-8-4 0:40,81.23,81.18,81.1,80.96,7,1,0,1,B,-,tide_only"
2026-08-04T00:45:00.000-04:00,"2026-8-4 0:45,81.22,81.2,81.11,80.97,7,1,0,1,-,-,tide_only"
2026-08-04T00:50:00.000-04:00,"2026-8-4 0:50,81.25,81.22,81.12,80.98,7,1,0,1,-,-,tide_only"
2026-08-04T00:55:00.000-04:00,"2026-8-4 0:55,81.22,81.23,81.13,80.99,7,0,0,1,-,-,neutral"
2026-08-04T01:00:00.000-04:00,"2026-8-4 1:00,81.24,81.24,81.14,81,7,1,0,1,-,-,tide_only"
2026-08-04T01:05:00.000-04:00,"2026-8-4 1:05,81.25,81.25,81.15,81.01,7,1,0,1,-,-,tide_only"
2026-08-04T01:10:00.000-04:00,"2026-8-4 1:10,81.31,81.28,81.16,81.02,7,1,0,1,-,-,tide_only"
2026-08-04T01:15:00.000-04:00,"2026-8-4 1:15,81.28,81.29,81.17,81.03,7,1,0,1,-,-,tide_only"
2026-08-04T01:20:00.000-04:00,"2026-8-4 1:20,81.28,81.29,81.18,81.04,7,0,0,1,-,-,neutral"
2026-08-04T01:25:00.000-04:00,"2026-8-4 1:25,81.35,81.32,81.19,81.05,7,1,1,1,-,-,RIDE_both"
2026-08-04T01:30:00.000-04:00,"2026-8-4 1:30,81.43,81.37,81.21,81.07,7,1,1,1,-,-,RIDE_both"
2026-08-04T01:35:00.000-04:00,"2026-8-4 1:35,81.28,81.35,81.21,81.08,0,0,1,1,-,-,neutral"
2026-08-04T01:40:00.000-04:00,"2026-8-4 1:40,81.29,81.34,81.22,81.09,0,0,0,1,-,-,neutral"
2026-08-04T01:45:00.000-04:00,"2026-8-4 1:45,81.21,81.3,81.22,81.09,-3,-1,0,1,S,-,FIGHT"
2026-08-04T01:50:00.000-04:00,"2026-8-4 1:50,81.03,81.2,81.21,81.09,-5,-1,0,1,-,-,FIGHT"
2026-08-04T01:55:00.000-04:00,"2026-8-4 1:55,80.9,81.08,81.18,81.08,-5,-1,0,0,-,-,FIGHT"
2026-08-04T02:00:00.000-04:00,"2026-8-4 2:00,80.92,81,81.16,81.07,-5,-1,0,0,-,-,FIGHT"
2026-08-04T02:05:00.000-04:00,"2026-8-4 2:05,80.88,80.93,81.14,81.07,-5,-1,0,0,-,-,FIGHT"
2026-08-04T02:10:00.000-04:00,"2026-8-4 2:10,80.75,80.83,81.11,81.05,-5,-1,-1,0,-,-,wave_only"
2026-08-04T02:15:00.000-04:00,"2026-8-4 2:15,80.97,80.85,81.1,81.05,0,0,-1,0,-,-,neutral"
2026-08-04T02:20:00.000-04:00,"2026-8-4 2:20,80.99,80.87,81.09,81.05,0,0,-1,0,-,-,neutral"
2026-08-04T02:25:00.000-04:00,"2026-8-4 2:25,80.82,80.83,81.07,81.04,-5,-1,-1,0,-,-,wave_only"
2026-08-04T02:30:00.000-04:00,"2026-8-4 2:30,80.95,80.84,81.06,81.04,0,0,-1,0,-,-,neutral"
2026-08-04T02:35:00.000-04:00,"2026-8-4 2:35,80.9,80.84,81.05,81.03,0,0,-1,0,-,-,neutral"
2026-08-04T02:40:00.000-04:00,"2026-8-4 2:40,80.66,80.76,81.02,81.02,-7,-1,-1,0,-,-,wave_only"
2026-08-04T02:45:00.000-04:00,"2026-8-4 2:45,80.68,80.7,80.99,81,-3,-1,-1,0,-,-,wave_only"
2026-08-04T02:50:00.000-04:00,"2026-8-4 2:50,80.67,80.66,80.97,80.99,-3,-1,-1,0,-,-,wave_only"
2026-08-04T02:55:00.000-04:00,"2026-8-4 2:55,80.45,80.55,80.93,80.97,-5,-1,-1,0,-,-,wave_only"
2026-08-04T03:00:00.000-04:00,"2026-8-4 3:00,80.4,80.46,80.89,80.95,-7,-1,-1,0,-,-,wave_only"
2026-08-04T03:05:00.000-04:00,"2026-8-4 3:05,80.48,80.43,80.86,80.93,0,0,-1,0,-,-,neutral"
2026-08-04T03:10:00.000-04:00,"2026-8-4 3:10,80.64,80.47,80.84,80.92,0,0,-1,0,-,-,neutral"
2026-08-04T03:15:00.000-04:00,"2026-8-4 3:15,80.5,80.45,80.81,80.9,0,0,-1,0,-,-,neutral"
2026-08-04T03:20:00.000-04:00,"2026-8-4 3:20,80.79,80.55,80.81,80.9,0,0,-1,0,-,-,neutral"
2026-08-04T03:25:00.000-04:00,"2026-8-4 3:25,80.96,80.69,80.82,80.9,0,0,0,0,-,-,neutral"
2026-08-04T03:30:00.000-04:00,"2026-8-4 3:30,80.95,80.78,80.83,80.9,3,1,0,0,B,-,FIGHT"
2026-08-04T03:35:00.000-04:00,"2026-8-4 3:35,80.85,80.82,80.83,80.9,3,1,0,0,-,-,FIGHT"
2026-08-04T03:40:00.000-04:00,"2026-8-4 3:40,80.89,80.86,80.84,80.9,5,1,0,0,-,-,FIGHT"
2026-08-04T03:45:00.000-04:00,"2026-8-4 3:45,80.79,80.85,80.83,80.89,0,0,0,0,-,-,neutral"
2026-08-04T03:50:00.000-04:00,"2026-8-4 3:50,80.83,80.86,80.83,80.89,0,0,0,0,-,-,neutral"
2026-08-04T03:55:00.000-04:00,"2026-8-4 3:55,80.73,80.83,80.83,80.89,0,0,-1,0,-,-,neutral"
2026-08-04T04:00:00.000-04:00,"2026-8-4 4:00,80.65,80.77,80.81,80.88,-7,-1,-1,0,S,-,wave_only"
2026-08-04T04:05:00.000-04:00,"2026-8-4 4:05,80.88,80.82,80.82,80.88,5,1,-1,0,B,-,FIGHT"
2026-08-04T04:10:00.000-04:00,"2026-8-4 4:10,80.77,80.81,80.81,80.87,-5,-1,0,0,S,-,FIGHT"
2026-08-04T04:15:00.000-04:00,"2026-8-4 4:15,80.73,80.79,80.81,80.87,-5,-1,0,0,-,-,FIGHT"
2026-08-04T04:20:00.000-04:00,"2026-8-4 4:20,80.81,80.8,80.81,80.86,0,0,0,0,-,-,neutral"
2026-08-04T04:25:00.000-04:00,"2026-8-4 4:25,80.78,80.8,80.81,80.86,0,0,0,0,-,-,neutral"
2026-08-04T04:30:00.000-04:00,"2026-8-4 4:30,81.34,81,80.85,80.88,5,1,0,0,B,-,FIGHT"
2026-08-04T04:35:00.000-04:00,"2026-8-4 4:35,81.36,81.16,80.89,80.9,7,1,0,0,-,-,FIGHT"
2026-08-04T04:40:00.000-04:00,"2026-8-4 4:40,81.64,81.38,80.94,80.93,5,1,1,0,-,-,wave_only"
2026-08-04T04:45:00.000-04:00,"2026-8-4 4:45,81.89,81.62,81.02,80.97,7,1,1,0,-,-,wave_only"
2026-08-04T04:50:00.000-04:00,"2026-8-4 4:50,82.23,81.92,81.11,81.02,5,1,1,0,-,-,wave_only"
2026-08-04T04:55:00.000-04:00,"2026-8-4 4:55,82.11,82.09,81.19,81.06,5,1,1,1,-,-,RIDE_both"
2026-08-04T05:00:00.000-04:00,"2026-8-4 5:00,82.08,82.19,81.26,81.1,7,1,1,1,-,-,RIDE_both"
2026-08-04T05:05:00.000-04:00,"2026-8-4 5:05,82.12,82.26,81.32,81.14,0,0,1,1,-,-,neutral"
2026-08-04T05:10:00.000-04:00,"2026-8-4 5:10,82.23,82.35,81.39,81.18,3,1,1,1,-,-,RIDE_both"
2026-08-04T05:15:00.000-04:00,"2026-8-4 5:15,82.1,82.35,81.45,81.22,0,0,1,1,-,-,neutral"
2026-08-04T05:20:00.000-04:00,"2026-8-4 5:20,82.18,82.37,81.5,81.25,0,0,1,1,-,-,neutral"
2026-08-04T05:25:00.000-04:00,"2026-8-4 5:25,82.06,82.33,81.55,81.29,0,0,1,1,-,-,neutral"
2026-08-04T05:30:00.000-04:00,"2026-8-4 5:30,81.9,82.23,81.57,81.31,0,0,1,1,-,-,neutral"
2026-08-04T05:35:00.000-04:00,"2026-8-4 5:35,81.77,82.1,81.59,81.33,0,0,1,1,-,-,neutral"
2026-08-04T05:40:00.000-04:00,"2026-8-4 5:40,82.06,82.11,81.62,81.36,0,0,1,1,-,-,neutral"
2026-08-04T05:45:00.000-04:00,"2026-8-4 5:45,82.08,82.12,81.66,81.39,0,0,1,1,-,-,neutral"
2026-08-04T05:50:00.000-04:00,"2026-8-4 5:50,82.25,82.18,81.71,81.42,7,0,1,1,-,-,neutral"
2026-08-04T05:55:00.000-04:00,"2026-8-4 5:55,81.84,82.08,81.72,81.44,0,0,0,1,-,-,neutral"
2026-08-04T06:00:00.000-04:00,"2026-8-4 6:00,81.75,81.96,81.72,81.45,0,0,0,1,-,-,neutral"
2026-08-04T06:05:00.000-04:00,"2026-8-4 6:05,81.65,81.84,81.71,81.46,-3,-1,0,1,S,-,FIGHT"
2026-08-04T06:10:00.000-04:00,"2026-8-4 6:10,81.86,81.83,81.72,81.47,0,0,0,1,-,-,neutral"
2026-08-04T06:15:00.000-04:00,"2026-8-4 6:15,81.75,81.78,81.73,81.48,-3,-1,0,1,-,-,FIGHT"
2026-08-04T06:20:00.000-04:00,"2026-8-4 6:20,81.87,81.79,81.74,81.5,7,1,0,1,B,-,tide_only"
2026-08-04T06:25:00.000-04:00,"2026-8-4 6:25,81.99,81.84,81.76,81.52,7,1,0,1,-,-,tide_only"
2026-08-04T06:30:00.000-04:00,"2026-8-4 6:30,81.82,81.82,81.76,81.53,-3,-1,0,1,S,-,FIGHT"
2026-08-04T06:35:00.000-04:00,"2026-8-4 6:35,81.83,81.8,81.77,81.54,-3,-1,0,1,-,-,FIGHT"
2026-08-04T06:40:00.000-04:00,"2026-8-4 6:40,81.52,81.68,81.75,81.54,-5,-1,0,1,-,-,FIGHT"
2026-08-04T06:45:00.000-04:00,"2026-8-4 6:45,80.94,81.38,81.69,81.52,-5,-1,0,1,-,-,FIGHT"
2026-08-04T06:50:00.000-04:00,"2026-8-4 6:50,80.9,81.14,81.63,81.49,-5,-1,0,1,-,-,FIGHT"
2026-08-04T06:55:00.000-04:00,"2026-8-4 6:55,80.84,80.96,81.56,81.47,-5,-1,0,0,-,-,FIGHT"
2026-08-04T07:00:00.000-04:00,"2026-8-4 7:00,80.63,80.75,81.49,81.43,-5,-1,0,0,-,-,FIGHT"
2026-08-04T07:05:00.000-04:00,"2026-8-4 7:05,80.36,80.51,81.41,81.39,-5,-1,0,0,-,-,FIGHT"
2026-08-04T07:10:00.000-04:00,"2026-8-4 7:10,80.25,80.3,81.32,81.35,-5,-1,-1,0,-,-,wave_only"
2026-08-04T07:15:00.000-04:00,"2026-8-4 7:15,79.88,80.03,81.21,81.29,-5,-1,-1,0,-,-,wave_only"
2026-08-04T07:20:00.000-04:00,"2026-8-4 7:20,80,79.89,81.11,81.24,0,0,-1,0,-,-,neutral"
2026-08-04T07:25:00.000-04:00,"2026-8-4 7:25,79.65,79.67,81,81.18,-5,-1,-1,0,-,-,wave_only"
2026-08-04T07:30:00.000-04:00,"2026-8-4 7:30,79.88,79.61,80.91,81.13,0,0,-1,0,-,-,neutral"
2026-08-04T07:35:00.000-04:00,"2026-8-4 7:35,79.47,79.43,80.8,81.06,-3,-1,-1,0,-,-,wave_only"
2026-08-04T07:40:00.000-04:00,"2026-8-4 7:40,78.55,78.97,80.63,80.96,-5,-1,-1,0,-,-,wave_only"
2026-08-04T07:45:00.000-04:00,"2026-8-4 7:45,78.03,78.46,80.43,80.85,-7,-1,-1,0,-,-,wave_only"
2026-08-04T07:50:00.000-04:00,"2026-8-4 7:50,77.3,77.84,80.19,80.71,-7,-1,-1,0,-,-,wave_only"
2026-08-04T07:55:00.000-04:00,"2026-8-4 7:55,76.68,77.18,79.92,80.55,-3,-1,-1,-1,-,-,RIDE_both"
2026-08-04T08:00:00.000-04:00,"2026-8-4 8:00,77.41,77,79.73,80.43,-7,0,-1,-1,-,-,neutral"
2026-08-04T08:05:00.000-04:00,"2026-8-4 8:05,77.59,76.96,79.56,80.32,0,0,-1,-1,-,-,neutral"
2026-08-04T08:10:00.000-04:00,"2026-8-4 8:10,77.98,77.11,79.44,80.22,0,0,-1,-1,-,-,neutral"
2026-08-04T08:15:00.000-04:00,"2026-8-4 8:15,77.73,77.16,79.31,80.13,0,0,-1,-1,-,-,neutral"
2026-08-04T08:20:00.000-04:00,"2026-8-4 8:20,78,77.32,79.21,80.04,0,0,-1,-1,-,-,neutral"
2026-08-04T08:25:00.000-04:00,"2026-8-4 8:25,77.88,77.41,79.11,79.96,0,0,0,-1,-,-,neutral"
2026-08-04T08:30:00.000-04:00,"2026-8-4 8:30,77.7,77.43,79,79.87,0,0,0,-1,-,-,neutral"
2026-08-04T08:35:00.000-04:00,"2026-8-4 8:35,77.84,77.5,78.91,79.79,0,0,0,-1,-,-,neutral"
2026-08-04T08:40:00.000-04:00,"2026-8-4 8:40,77.93,77.61,78.83,79.72,0,0,0,-1,-,-,neutral"
2026-08-04T08:45:00.000-04:00,"2026-8-4 8:45,77.78,77.64,78.75,79.64,0,0,0,-1,-,-,neutral"
2026-08-04T08:50:00.000-04:00,"2026-8-4 8:50,77.44,77.54,78.65,79.55,-7,-1,0,-1,-,-,tide_only"
2026-08-04T08:55:00.000-04:00,"2026-8-4 8:55,77.5,77.5,78.56,79.47,-3,-1,-1,-1,-,-,RIDE_both"
2026-08-04T09:00:00.000-04:00,"2026-8-4 9:00,77.73,77.57,78.5,79.41,0,0,-1,-1,-,-,neutral"
2026-08-04T09:05:00.000-04:00,"2026-8-4 9:05,77.61,77.57,78.43,79.34,0,0,-1,-1,-,-,neutral"
2026-08-04T09:10:00.000-04:00,"2026-8-4 9:10,77.49,77.54,78.36,79.26,-7,-1,0,-1,-,-,tide_only"
2026-08-04T09:15:00.000-04:00,"2026-8-4 9:15,77.56,77.55,78.3,79.2,0,0,0,-1,-,-,neutral"
2026-08-04T09:20:00.000-04:00,"2026-8-4 9:20,76.67,77.22,78.17,79.1,-7,-1,0,-1,-,-,tide_only"
2026-08-04T09:25:00.000-04:00,"2026-8-4 9:25,76.46,76.92,78.04,78.99,-7,-1,-1,-1,-,-,RIDE_both"
2026-08-04T09:30:00.000-04:00,"2026-8-4 9:30,76.55,76.73,77.93,78.9,-7,-1,-1,-1,-,-,RIDE_both"
2026-08-04T09:35:00.000-04:00,"2026-8-4 9:35,75.99,76.4,77.78,78.78,-7,-1,-1,-1,-,-,RIDE_both"
2026-08-04T09:40:00.000-04:00,"2026-8-4 9:40,76.35,76.3,77.67,78.69,-7,0,-1,-1,-,-,neutral"
2026-08-04T09:45:00.000-04:00,"2026-8-4 9:45,76.2,76.18,77.55,78.59,-7,0,-1,-1,-,-,neutral"
2026-08-04T09:50:00.000-04:00,"2026-8-4 9:50,75.96,76.02,77.43,78.49,-7,-1,-1,-1,-,-,RIDE_both"
2026-08-04T09:55:00.000-04:00,"2026-8-4 9:55,75.97,75.91,77.32,78.39,-7,-1,-1,-1,-,-,RIDE_both"
2026-08-04T10:00:00.000-04:00,"2026-8-4 10:00,76.24,75.95,77.24,78.3,0,0,-1,-1,-,-,neutral"
2026-08-04T10:05:00.000-04:00,"2026-8-4 10:05,76.02,75.91,77.14,78.22,-3,-1,-1,-1,-,-,RIDE_both"
2026-08-04T10:10:00.000-04:00,"2026-8-4 10:10,75.99,75.88,77.05,78.13,-7,-1,0,-1,-,-,tide_only"
2026-08-04T10:15:00.000-04:00,"2026-8-4 10:15,76.11,75.91,76.98,78.05,0,0,0,-1,-,-,neutral"
2026-08-04T10:20:00.000-04:00,"2026-8-4 10:20,76.14,75.96,76.92,77.97,0,0,0,-1,-,-,neutral"
2026-08-04T10:25:00.000-04:00,"2026-8-4 10:25,76.47,76.12,76.88,77.91,0,0,0,-1,-,-,neutral"
2026-08-04T10:30:00.000-04:00,"2026-8-4 10:30,76.61,76.29,76.86,77.86,0,0,0,-1,-,-,neutral"
2026-08-04T10:35:00.000-04:00,"2026-8-4 10:35,76.68,76.45,76.85,77.82,3,1,0,-1,B,-,FIGHT"
2026-08-04T10:40:00.000-04:00,"2026-8-4 10:40,76.83,76.62,76.85,77.78,3,1,0,-1,-,-,FIGHT"
2026-08-04T10:45:00.000-04:00,"2026-8-4 10:45,76.69,76.7,76.83,77.74,3,1,0,-1,-,-,FIGHT"
2026-08-04T10:50:00.000-04:00,"2026-8-4 10:50,76.9,76.82,76.84,77.7,5,1,0,-1,-,-,FIGHT"
2026-08-04T10:55:00.000-04:00,"2026-8-4 10:55,76.89,76.91,76.84,77.67,5,1,0,-1,-,-,FIGHT"
2026-08-04T11:00:00.000-04:00,"2026-8-4 11:00,76.97,77,76.85,77.64,5,1,0,-1,-,-,FIGHT"
2026-08-04T11:05:00.000-04:00,"2026-8-4 11:05,76.86,77.02,76.85,77.61,0,0,0,-1,-,-,neutral"
2026-08-04T11:10:00.000-04:00,"2026-8-4 11:10,76.87,77.03,76.85,77.58,0,0,0,-1,-,-,neutral"
2026-08-04T11:15:00.000-04:00,"2026-8-4 11:15,76.6,76.93,76.83,77.55,0,0,0,-1,-,-,neutral"
2026-08-04T11:20:00.000-04:00,"2026-8-4 11:20,76.51,76.82,76.81,77.5,0,0,0,-1,-,-,neutral"
2026-08-04T11:25:00.000-04:00,"2026-8-4 11:25,76.32,76.67,76.77,77.46,-7,-1,0,-1,S,-,tide_only"
2026-08-04T11:30:00.000-04:00,"2026-8-4 11:30,76,76.43,76.71,77.4,-7,-1,0,-1,-,-,tide_only"
2026-08-04T11:35:00.000-04:00,"2026-8-4 11:35,75.61,76.12,76.63,77.33,-7,-1,0,-1,-,-,tide_only"
2026-08-04T11:40:00.000-04:00,"2026-8-4 11:40,75.37,75.8,76.53,77.25,-7,-1,-1,-1,-,-,RIDE_both"
2026-08-04T11:45:00.000-04:00,"2026-8-4 11:45,75.81,75.74,76.48,77.2,-7,-1,-1,-1,-,-,RIDE_both"
2026-08-04T11:50:00.000-04:00,"2026-8-4 11:50,75.6,75.62,76.41,77.13,-7,-1,-1,-1,-,-,RIDE_both"
2026-08-04T11:55:00.000-04:00,"2026-8-4 11:55,75.73,75.59,76.36,77.08,-3,-1,0,-1,-,-,tide_only"
2026-08-04T12:00:00.000-04:00,"2026-8-4 12:00,75.96,75.67,76.33,77.04,0,0,0,-1,-,-,neutral"
2026-08-04T12:05:00.000-04:00,"2026-8-4 12:05,75.93,75.71,76.3,76.99,0,0,0,-1,-,-,neutral"
2026-08-04T12:10:00.000-04:00,"2026-8-4 12:10,76.18,75.85,76.29,76.96,0,0,0,-1,-,-,neutral"
2026-08-04T12:15:00.000-04:00,"2026-8-4 12:15,76.13,75.93,76.27,76.93,3,1,0,-1,B,-,FIGHT"
2026-08-04T12:20:00.000-04:00,"2026-8-4 12:20,75.96,75.94,76.25,76.89,3,1,0,-1,-,-,FIGHT"
2026-08-04T12:25:00.000-04:00,"2026-8-4 12:25,76.01,75.96,76.23,76.86,3,1,0,-1,-,-,FIGHT"
2026-08-04T12:30:00.000-04:00,"2026-8-4 12:30,76.18,76.04,76.23,76.83,3,1,0,-1,-,-,FIGHT"
2026-08-04T12:35:00.000-04:00,"2026-8-4 12:35,76.12,76.08,76.22,76.8,3,1,0,-1,-,-,FIGHT"
2026-08-04T12:40:00.000-04:00,"2026-8-4 12:40,76.09,76.09,76.21,76.77,3,0,0,-1,-,-,neutral"
2026-08-04T12:45:00.000-04:00,"2026-8-4 12:45,76.26,76.17,76.21,76.75,5,1,0,-1,-,-,FIGHT"
2026-08-04T12:50:00.000-04:00,"2026-8-4 12:50,76.17,76.19,76.21,76.73,3,1,0,-1,-,-,FIGHT"
2026-08-04T12:55:00.000-04:00,"2026-8-4 12:55,76.22,76.22,76.21,76.71,3,1,0,-1,-,-,FIGHT"
2026-08-04T13:00:00.000-04:00,"2026-8-4 13:00,76.03,76.17,76.2,76.68,-3,-1,0,-1,S,-,tide_only"
2026-08-04T13:05:00.000-04:00,"2026-8-4 13:05,76.02,76.13,76.18,76.66,-7,-1,0,-1,-,-,tide_only"
2026-08-04T13:10:00.000-04:00,"2026-8-4 13:10,75.6,75.95,76.14,76.62,-7,-1,-1,-1,-,-,RIDE_both"
2026-08-04T13:15:00.000-04:00,"2026-8-4 13:15,75.94,75.94,76.12,76.59,-7,-1,-1,-1,-,-,RIDE_both"
2026-08-04T13:20:00.000-04:00,"2026-8-4 13:20,75.87,75.9,76.1,76.56,-7,-1,-1,-1,-,-,RIDE_both"
2026-08-04T13:25:00.000-04:00,"2026-8-4 13:25,75.93,75.9,76.09,76.54,-7,0,0,-1,-,-,neutral"
2026-08-04T13:30:00.000-04:00,"2026-8-4 13:30,75.69,75.82,76.06,76.5,-7,-1,0,-1,-,-,tide_only"
2026-08-04T13:35:00.000-04:00,"2026-8-4 13:35,75.65,75.74,76.03,76.47,-7,-1,0,-1,-,-,tide_only"
2026-08-04T13:40:00.000-04:00,"2026-8-4 13:40,75.63,75.68,76,76.44,-7,-1,-1,-1,-,-,RIDE_both"
2026-08-04T13:45:00.000-04:00,"2026-8-4 13:45,75.71,75.66,75.98,76.41,-7,-1,-1,-1,-,-,RIDE_both"
2026-08-04T13:50:00.000-04:00,"2026-8-4 13:50,75.8,75.69,75.96,76.38,3,1,-1,-1,B,-,FIGHT"
2026-08-04T13:55:00.000-04:00,"2026-8-4 13:55,75.87,75.74,75.95,76.36,3,1,0,-1,-,-,FIGHT"
2026-08-04T14:00:00.000-04:00,"2026-8-4 14:00,75.9,75.79,75.95,76.35,3,1,0,-1,-,-,FIGHT"
2026-08-04T14:05:00.000-04:00,"2026-8-4 14:05,75.8,75.79,75.94,76.32,0,0,0,-1,-,-,neutral"
2026-08-04T14:10:00.000-04:00,"2026-8-4 14:10,75.71,75.76,75.92,76.3,-7,-1,-1,-1,S,SELL,RIDE_both"
2026-08-04T14:15:00.000-04:00,"2026-8-4 14:15,75.68,75.72,75.9,76.28,-7,-1,-1,-1,-,-,RIDE_both"
2026-08-04T14:20:00.000-04:00,"2026-8-4 14:20,75.66,75.69,75.88,76.25,-7,-1,-1,-1,-,-,RIDE_both"
2026-08-04T14:25:00.000-04:00,"2026-8-4 14:25,75.73,75.7,75.87,76.23,0,0,0,-1,-,-,neutral"
2026-08-04T14:30:00.000-04:00,"2026-8-4 14:30,75.82,75.74,75.87,76.22,3,1,0,-1,B,-,FIGHT"
2026-08-04T14:35:00.000-04:00,"2026-8-4 14:35,75.89,75.79,75.87,76.2,3,1,0,-1,-,-,FIGHT"
2026-08-04T14:40:00.000-04:00,"2026-8-4 14:40,75.81,75.8,75.87,76.19,3,0,0,-1,-,-,neutral"
2026-08-04T14:45:00.000-04:00,"2026-8-4 14:45,75.82,75.81,75.86,76.17,3,0,0,-1,-,-,neutral"
2026-08-04T14:50:00.000-04:00,"2026-8-4 14:50,75.79,75.81,75.86,76.16,-7,0,0,-1,-,-,neutral"
2026-08-04T14:55:00.000-04:00,"2026-8-4 14:55,75.81,75.82,75.85,76.14,3,0,0,0,-,-,neutral"
2026-08-04T15:00:00.000-04:00,"2026-8-4 15:00,75.82,75.82,75.85,76.13,0,0,0,0,-,-,neutral"
2026-08-04T15:05:00.000-04:00,"2026-8-4 15:05,75.81,75.83,75.85,76.12,0,0,0,0,-,-,neutral"
2026-08-04T15:10:00.000-04:00,"2026-8-4 15:10,75.81,75.83,75.84,76.11,0,0,0,0,-,-,neutral"
2026-08-04T15:15:00.000-04:00,"2026-8-4 15:15,75.86,75.84,75.85,76.1,5,1,0,0,-,-,FIGHT"
2026-08-04T15:20:00.000-04:00,"2026-8-4 15:20,75.81,75.84,75.84,76.09,0,0,0,0,-,-,neutral"
2026-08-04T15:25:00.000-04:00,"2026-8-4 15:25,75.73,75.8,75.83,76.07,-7,-1,0,0,S,-,FIGHT"
2026-08-04T15:30:00.000-04:00,"2026-8-4 15:30,75.73,75.78,75.83,76.06,-7,-1,0,0,-,-,FIGHT"
2026-08-04T15:35:00.000-04:00,"2026-8-4 15:35,75.75,75.77,75.82,76.05,-7,-1,0,0,-,-,FIGHT"
2026-08-04T15:40:00.000-04:00,"2026-8-4 15:40,75.8,75.78,75.82,76.04,3,0,0,0,-,-,neutral"
2026-08-04T15:45:00.000-04:00,"2026-8-4 15:45,75.88,75.82,75.82,76.03,5,1,0,0,B,-,FIGHT"
2026-08-04T15:50:00.000-04:00,"2026-8-4 15:50,75.9,75.85,75.83,76.03,5,1,0,0,-,-,FIGHT"
2026-08-04T15:55:00.000-04:00,"2026-8-4 15:55,75.78,75.83,75.83,76.02,0,0,1,0,-,-,neutral"
2026-08-04T16:00:00.000-04:00,"2026-8-4 16:00,75.64,75.77,75.81,76,-7,-1,1,0,S,-,FIGHT"
2026-08-04T16:05:00.000-04:00,"2026-8-4 16:05,75.63,75.71,75.8,75.99,-7,-1,1,0,-,-,FIGHT"
2026-08-04T16:10:00.000-04:00,"2026-8-4 16:10,75.37,75.58,75.76,75.96,-7,-1,-1,0,-,-,wave_only"
2026-08-04T16:15:00.000-04:00,"2026-8-4 16:15,75.38,75.49,75.73,75.94,-7,-1,-1,0,-,-,wave_only"
2026-08-04T16:20:00.000-04:00,"2026-8-4 16:20,75.32,75.4,75.7,75.92,-7,-1,-1,0,-,-,wave_only"
2026-08-04T16:25:00.000-04:00,"2026-8-4 16:25,75.41,75.37,75.68,75.9,-7,-1,-1,0,-,-,wave_only"
2026-08-04T16:30:00.000-04:00,"2026-8-4 16:30,75.33,75.32,75.65,75.87,-7,-1,-1,0,-,-,wave_only"
2026-08-04T16:35:00.000-04:00,"2026-8-4 16:35,75.42,75.33,75.64,75.86,0,0,-1,0,-,-,neutral"
2026-08-04T16:40:00.000-04:00,"2026-8-4 16:40,75.26,75.27,75.61,75.83,-7,-1,-1,0,-,-,wave_only"
2026-08-04T16:45:00.000-04:00,"2026-8-4 16:45,75.38,75.28,75.59,75.81,0,0,-1,0,-,-,neutral"
2026-08-04T16:50:00.000-04:00,"2026-8-4 16:50,75.35,75.28,75.57,75.8,-7,0,-1,0,-,-,neutral"
2026-08-04T16:55:00.000-04:00,"2026-8-4 16:55,75.13,75.2,75.54,75.77,-7,-1,-1,-1,-,-,RIDE_both"
2026-08-04T18:00:00.000-04:00,"2026-8-4 18:00,75.29,75.21,75.52,75.75,0,0,-1,-1,-,-,neutral"
2026-08-04T18:05:00.000-04:00,"2026-8-4 18:05,75.25,75.2,75.5,75.73,-7,-1,-1,-1,-,-,RIDE_both"
2026-08-04T18:10:00.000-04:00,"2026-8-4 18:10,75.34,75.23,75.49,75.72,0,0,-1,-1,-,-,neutral"
2026-08-04T18:15:00.000-04:00,"2026-8-4 18:15,75.34,75.26,75.47,75.7,0,0,-1,-1,-,-,neutral"
2026-08-04T18:20:00.000-04:00,"2026-8-4 18:20,75.36,75.28,75.47,75.69,0,0,-1,-1,-,-,neutral"
2026-08-04T18:25:00.000-04:00,"2026-8-4 18:25,75.31,75.29,75.45,75.67,0,0,-1,-1,-,-,neutral"
2026-08-04T18:30:00.000-04:00,"2026-8-4 18:30,75.28,75.28,75.44,75.66,-7,-1,-1,-1,-,-,RIDE_both"
2026-08-04T18:35:00.000-04:00,"2026-8-4 18:35,75.23,75.26,75.42,75.64,-7,-1,-1,-1,-,-,RIDE_both"
2026-08-04T18:40:00.000-04:00,"2026-8-4 18:40,75.21,75.24,75.41,75.62,-7,-1,-1,-1,-,-,RIDE_both"
2026-08-04T18:45:00.000-04:00,"2026-8-4 18:45,75.33,75.26,75.4,75.61,0,0,-1,-1,-,-,neutral"
2026-08-04T18:50:00.000-04:00,"2026-8-4 18:50,75.41,75.32,75.4,75.6,3,1,-1,-1,B,-,FIGHT"
2026-08-04T18:55:00.000-04:00,"2026-8-4 18:55,75.36,75.34,75.4,75.6,3,1,0,0,-,-,FIGHT"
2026-08-04T19:00:00.000-04:00,"2026-8-4 19:00,75.33,75.34,75.39,75.58,3,0,0,0,-,-,neutral"
2026-08-04T19:05:00.000-04:00,"2026-8-4 19:05,75.33,75.34,75.39,75.57,0,0,0,0,-,-,neutral"
2026-08-04T19:10:00.000-04:00,"2026-8-4 19:10,75.29,75.33,75.38,75.56,-7,-1,0,0,S,-,FIGHT"
2026-08-04T19:15:00.000-04:00,"2026-8-4 19:15,75.14,75.26,75.36,75.55,-7,-1,0,0,-,-,FIGHT"
2026-08-04T19:20:00.000-04:00,"2026-8-4 19:20,75.15,75.22,75.35,75.53,-7,-1,0,0,-,-,FIGHT"
2026-08-04T19:25:00.000-04:00,"2026-8-4 19:25,75.13,75.18,75.33,75.52,-7,-1,-1,0,-,-,wave_only"
2026-08-04T19:30:00.000-04:00,"2026-8-4 19:30,75.26,75.2,75.32,75.51,0,0,-1,0,-,-,neutral"
2026-08-04T19:35:00.000-04:00,"2026-8-4 19:35,75.17,75.18,75.31,75.49,-7,-1,-1,0,-,-,wave_only"
2026-08-04T19:40:00.000-04:00,"2026-8-4 19:40,75.19,75.18,75.3,75.48,-7,-1,-1,0,-,-,wave_only"
2026-08-04T19:45:00.000-04:00,"2026-8-4 19:45,75.21,75.19,75.3,75.47,0,0,-1,0,-,-,neutral"
2026-08-04T19:50:00.000-04:00,"2026-8-4 19:50,75.26,75.21,75.29,75.46,3,1,-1,0,B,-,FIGHT"
2026-08-04T19:55:00.000-04:00,"2026-8-4 19:55,75.24,75.22,75.29,75.45,0,0,0,0,-,-,neutral"
2026-08-04T20:00:00.000-04:00,"2026-8-4 20:00,74.97,75.13,75.26,75.43,-7,-1,0,0,S,-,FIGHT"
2026-08-04T20:05:00.000-04:00,"2026-8-4 20:05,75.12,75.12,75.25,75.42,-7,-1,0,0,-,-,FIGHT"
2026-08-04T20:10:00.000-04:00,"2026-8-4 20:10,75.16,75.12,75.25,75.41,0,0,-1,0,-,-,neutral"
2026-08-04T20:15:00.000-04:00,"2026-8-4 20:15,75.33,75.19,75.25,75.41,3,1,-1,0,B,-,FIGHT"
2026-08-04T20:20:00.000-04:00,"2026-8-4 20:20,75.38,75.26,75.26,75.41,5,1,-1,0,-,-,FIGHT"
2026-08-04T20:25:00.000-04:00,"2026-8-4 20:25,75.39,75.32,75.27,75.41,5,1,1,0,-,-,wave_only"
2026-08-04T20:30:00.000-04:00,"2026-8-4 20:30,75.4,75.36,75.28,75.41,5,1,1,0,-,-,wave_only"
2026-08-04T20:35:00.000-04:00,"2026-8-4 20:35,75.33,75.37,75.29,75.4,0,0,1,0,-,-,neutral"
2026-08-04T20:40:00.000-04:00,"2026-8-4 20:40,75.42,75.4,75.3,75.4,5,1,1,0,-,-,wave_only"
2026-08-04T20:45:00.000-04:00,"2026-8-4 20:45,75.44,75.43,75.31,75.41,5,1,1,0,-,-,wave_only"
2026-08-04T20:50:00.000-04:00,"2026-8-4 20:50,75.44,75.45,75.32,75.41,5,1,1,0,-,-,wave_only"
2026-08-04T20:55:00.000-04:00,"2026-8-4 20:55,75.4,75.45,75.32,75.41,0,0,1,0,-,-,neutral"
2026-08-04T21:00:00.000-04:00,"2026-8-4 21:00,75.88,75.63,75.37,75.43,5,1,1,0,-,-,wave_only"
2026-08-04T21:05:00.000-04:00,"2026-8-4 21:05,75.86,75.75,75.4,75.44,5,1,1,0,-,-,wave_only"
2026-08-04T21:10:00.000-04:00,"2026-8-4 21:10,75.82,75.81,75.44,75.46,5,1,1,0,-,-,wave_only"
2026-08-04T21:15:00.000-04:00,"2026-8-4 21:15,75.96,75.91,75.48,75.48,5,1,1,0,-,-,wave_only"
2026-08-04T21:20:00.000-04:00,"2026-8-4 21:20,75.93,75.97,75.51,75.49,0,0,1,0,-,-,neutral"
2026-08-04T21:25:00.000-04:00,"2026-8-4 21:25,76.01,76.03,75.55,75.51,5,1,1,0,-,-,wave_only"
2026-08-04T21:30:00.000-04:00,"2026-8-4 21:30,76.03,76.08,75.59,75.53,5,1,1,0,-,-,wave_only"
2026-08-04T21:35:00.000-04:00,"2026-8-4 21:35,75.89,76.06,75.61,75.55,0,0,1,0,-,-,neutral"
2026-08-04T21:40:00.000-04:00,"2026-8-4 21:40,75.93,76.05,75.63,75.56,0,0,1,0,-,-,neutral"
2026-08-04T21:45:00.000-04:00,"2026-8-4 21:45,75.85,76.01,75.65,75.57,0,0,1,0,-,-,neutral"
2026-08-04T21:50:00.000-04:00,"2026-8-4 21:50,75.9,75.99,75.67,75.59,0,0,1,0,-,-,neutral"
2026-08-04T21:55:00.000-04:00,"2026-8-4 21:55,75.97,76.01,75.69,75.6,0,0,1,0,-,-,neutral"
2026-08-04T22:00:00.000-04:00,"2026-8-4 22:00,75.58,75.87,75.68,75.6,0,0,1,0,-,-,neutral"
2026-08-04T22:05:00.000-04:00,"2026-8-4 22:05,75.22,75.63,75.65,75.59,-5,-1,1,0,S,-,FIGHT"
2026-08-04T22:10:00.000-04:00,"2026-8-4 22:10,75.2,75.45,75.61,75.57,-5,-1,0,0,-,-,FIGHT"
2026-08-04T22:15:00.000-04:00,"2026-8-4 22:15,75.28,75.35,75.59,75.56,-5,-1,0,0,-,-,FIGHT"
2026-08-04T22:20:00.000-04:00,"2026-8-4 22:20,74.98,75.16,75.54,75.54,-5,-1,0,0,-,-,FIGHT"
2026-08-04T22:25:00.000-04:00,"2026-8-4 22:25,74.86,74.99,75.49,75.51,-5,-1,-1,0,-,-,wave_only"
2026-08-04T22:30:00.000-04:00,"2026-8-4 22:30,74.44,74.72,75.41,75.47,-5,-1,-1,0,-,-,wave_only"
2026-08-04T22:35:00.000-04:00,"2026-8-4 22:35,74.38,74.5,75.33,75.43,-5,-1,-1,0,-,-,wave_only"
2026-08-04T22:40:00.000-04:00,"2026-8-4 22:40,74.28,74.32,75.25,75.38,-5,-1,-1,0,-,-,wave_only"
2026-08-04T22:45:00.000-04:00,"2026-8-4 22:45,74.52,74.28,75.19,75.35,0,0,-1,0,-,-,neutral"
2026-08-04T22:50:00.000-04:00,"2026-8-4 22:50,74.66,74.32,75.15,75.32,0,0,-1,0,-,-,neutral"
2026-08-04T22:55:00.000-04:00,"2026-8-4 22:55,74.74,74.39,75.12,75.3,0,0,-1,-1,-,-,neutral"
2026-08-04T23:00:00.000-04:00,"2026-8-4 23:00,74.72,74.44,75.09,75.28,0,0,-1,-1,-,-,neutral"
2026-08-04T23:05:00.000-04:00,"2026-8-4 23:05,74.55,74.43,75.05,75.25,0,0,-1,-1,-,-,neutral"
2026-08-04T23:10:00.000-04:00,"2026-8-4 23:10,74.58,74.44,75.01,75.22,0,0,-1,-1,-,-,neutral"
2026-08-04T23:15:00.000-04:00,"2026-8-4 23:15,74.46,74.4,74.97,75.19,-3,-1,-1,-1,-,-,RIDE_both"
2026-08-04T23:20:00.000-04:00,"2026-8-4 23:20,74.61,74.44,74.94,75.17,0,0,-1,-1,-,-,neutral"
2026-08-04T23:25:00.000-04:00,"2026-8-4 23:25,74.72,74.51,74.92,75.15,0,0,-1,-1,-,-,neutral"
2026-08-04T23:30:00.000-04:00,"2026-8-4 23:30,74.73,74.58,74.91,75.13,0,0,-1,-1,-,-,neutral"
2026-08-04T23:35:00.000-04:00,"2026-8-4 23:35,74.53,74.55,74.88,75.11,-7,-1,-1,-1,-,-,RIDE_both"
2026-08-04T23:40:00.000-04:00,"2026-8-4 23:40,74.65,74.58,74.86,75.09,0,0,-1,-1,-,-,neutral"
2026-08-04T23:45:00.000-04:00,"2026-8-4 23:45,74.67,74.61,74.85,75.08,0,0,-1,-1,-,-,neutral"
2026-08-04T23:50:00.000-04:00,"2026-8-4 23:50,74.69,74.64,74.84,75.06,0,0,-1,-1,-,-,neutral"
2026-08-04T23:55:00.000-04:00,"2026-8-4 23:55,74.54,74.61,74.81,75.04,-7,-1,-1,0,-,-,wave_only"
2026-08-05T00:00:00.000-04:00,"2026-8-5 0:00,74.63,74.62,74.8,75.02,0,0,-1,0,-,-,neutral"
2026-08-05T00:05:00.000-04:00,"2026-8-5 0:05,74.59,74.61,74.78,75.01,-7,-1,-1,0,-,-,wave_only"
2026-08-05T00:10:00.000-04:00,"2026-8-5 0:10,74.86,74.71,74.79,75,3,1,0,0,B,-,FIGHT"
2026-08-05T00:15:00.000-04:00,"2026-8-5 0:15,75,74.83,74.81,75,5,1,0,0,-,-,FIGHT"
2026-08-05T00:20:00.000-04:00,"2026-8-5 0:20,75,74.92,74.82,75,5,1,0,0,-,-,FIGHT"
2026-08-05T00:25:00.000-04:00,"2026-8-5 0:25,74.95,74.96,74.83,75,5,1,0,0,-,-,FIGHT"
2026-08-05T00:30:00.000-04:00,"2026-8-5 0:30,74.96,75,74.84,75,5,1,0,0,-,-,FIGHT"
2026-08-05T00:35:00.000-04:00,"2026-8-5 0:35,75.19,75.1,74.87,75.01,5,1,0,0,-,-,FIGHT"
2026-08-05T00:40:00.000-04:00,"2026-8-5 0:40,75.14,75.16,74.89,75.01,5,1,1,0,-,-,wave_only"
2026-08-05T00:45:00.000-04:00,"2026-8-5 0:45,75.2,75.22,74.91,75.02,5,1,1,0,-,-,wave_only"
2026-08-05T00:50:00.000-04:00,"2026-8-5 0:50,75.18,75.25,74.93,75.02,3,1,1,0,-,-,wave_only"
2026-08-05T00:55:00.000-04:00,"2026-8-5 0:55,75.16,75.26,74.95,75.03,0,0,1,0,-,-,neutral"
2026-08-05T01:00:00.000-04:00,"2026-8-5 1:00,75.27,75.3,74.97,75.04,3,1,1,0,-,-,wave_only"
2026-08-05T01:05:00.000-04:00,"2026-8-5 1:05,75.22,75.31,74.99,75.05,0,0,1,0,-,-,neutral"
2026-08-05T01:10:00.000-04:00,"2026-8-5 1:10,75.24,75.32,75.01,75.05,0,0,1,0,-,-,neutral"
2026-08-05T01:15:00.000-04:00,"2026-8-5 1:15,75.23,75.32,75.03,75.06,0,0,1,0,-,-,neutral"
2026-08-05T01:20:00.000-04:00,"2026-8-5 1:20,75.21,75.31,75.04,75.07,0,0,1,0,-,-,neutral"
2026-08-05T01:25:00.000-04:00,"2026-8-5 1:25,75.22,75.3,75.06,75.07,0,0,1,0,-,-,neutral"
2026-08-05T01:30:00.000-04:00,"2026-8-5 1:30,74.88,75.16,75.04,75.06,0,0,1,0,-,-,neutral"
2026-08-05T01:35:00.000-04:00,"2026-8-5 1:35,74.88,75.06,75.03,75.06,0,0,1,0,-,-,neutral"
2026-08-05T01:40:00.000-04:00,"2026-8-5 1:40,75.01,75.04,75.03,75.06,0,0,-1,0,-,-,neutral"
2026-08-05T01:45:00.000-04:00,"2026-8-5 1:45,75.01,75.02,75.03,75.05,-5,-1,-1,0,S,-,wave_only"
2026-08-05T01:50:00.000-04:00,"2026-8-5 1:50,74.98,74.99,75.02,75.05,-5,-1,-1,0,-,-,wave_only"
2026-08-05T01:55:00.000-04:00,"2026-8-5 1:55,75.05,75,75.03,75.05,0,0,0,0,-,-,neutral"
2026-08-05T02:00:00.000-04:00,"2026-8-5 2:00,75.18,75.06,75.04,75.06,5,1,0,0,B,-,FIGHT"
2026-08-05T02:05:00.000-04:00,"2026-8-5 2:05,75.18,75.1,75.05,75.06,7,1,0,0,-,-,FIGHT"
2026-08-05T02:10:00.000-04:00,"2026-8-5 2:10,75.21,75.14,75.06,75.07,7,1,1,0,-,-,wave_only"
2026-08-05T02:15:00.000-04:00,"2026-8-5 2:15,75.22,75.17,75.07,75.07,7,1,1,0,-,-,wave_only"
2026-08-05T02:20:00.000-04:00,"2026-8-5 2:20,74.99,75.11,75.07,75.07,0,0,1,0,-,-,neutral"
2026-08-05T02:25:00.000-04:00,"2026-8-5 2:25,75.19,75.14,75.08,75.07,7,1,1,0,-,-,wave_only"
2026-08-05T02:30:00.000-04:00,"2026-8-5 2:30,75.35,75.22,75.1,75.09,7,1,1,0,-,-,wave_only"
2026-08-05T02:35:00.000-04:00,"2026-8-5 2:35,75.42,75.3,75.12,75.1,7,1,1,0,-,-,wave_only"
2026-08-05T02:40:00.000-04:00,"2026-8-5 2:40,75.19,75.28,75.13,75.1,0,0,0,0,-,-,neutral"
2026-08-05T02:45:00.000-04:00,"2026-8-5 2:45,75.29,75.29,75.14,75.11,3,1,0,0,-,-,FIGHT"
2026-08-05T02:50:00.000-04:00,"2026-8-5 2:50,75.15,75.25,75.14,75.11,0,0,0,0,-,-,neutral"
2026-08-05T02:55:00.000-04:00,"2026-8-5 2:55,75.02,75.17,75.13,75.11,-3,0,0,0,-,-,neutral"
2026-08-05T03:00:00.000-04:00,"2026-8-5 3:00,75.21,75.18,75.14,75.11,7,0,0,0,-,-,neutral"
2026-08-05T03:05:00.000-04:00,"2026-8-5 3:05,75.48,75.29,75.16,75.13,7,1,0,0,-,-,FIGHT"
2026-08-05T03:10:00.000-04:00,"2026-8-5 3:10,75.79,75.49,75.21,75.15,7,1,1,0,-,-,wave_only"
2026-08-05T03:15:00.000-04:00,"2026-8-5 3:15,75.9,75.67,75.26,75.18,7,1,1,0,-,-,wave_only"
2026-08-05T03:20:00.000-04:00,"2026-8-5 3:20,75.93,75.81,75.32,75.21,7,1,1,0,-,-,wave_only"
2026-08-05T03:25:00.000-04:00,"2026-8-5 3:25,76.1,75.97,75.38,75.25,7,1,1,0,-,-,wave_only"
2026-08-05T03:30:00.000-04:00,"2026-8-5 3:30,76.2,76.11,75.44,75.28,7,1,1,0,-,-,wave_only"
2026-08-05T03:35:00.000-04:00,"2026-8-5 3:35,76.11,76.18,75.49,75.32,7,1,1,0,-,-,wave_only"
2026-08-05T03:40:00.000-04:00,"2026-8-5 3:40,76.02,76.19,75.53,75.34,0,0,1,0,-,-,neutral"
2026-08-05T03:45:00.000-04:00,"2026-8-5 3:45,76.02,76.19,75.57,75.37,0,0,1,0,-,-,neutral"
2026-08-05T03:50:00.000-04:00,"2026-8-5 3:50,76.18,76.24,75.62,75.4,0,0,1,0,-,-,neutral"
2026-08-05T03:55:00.000-04:00,"2026-8-5 3:55,76.01,76.2,75.65,75.43,0,0,1,0,-,-,neutral"
2026-08-05T04:00:00.000-04:00,"2026-8-5 4:00,76.06,76.19,75.68,75.45,0,0,1,0,-,-,neutral"
2026-08-05T04:05:00.000-04:00,"2026-8-5 4:05,75.79,76.08,75.69,75.46,0,0,1,0,-,-,neutral"
2026-08-05T04:10:00.000-04:00,"2026-8-5 4:10,76.27,76.17,75.73,75.49,7,1,1,0,-,-,wave_only"
2026-08-05T04:15:00.000-04:00,"2026-8-5 4:15,76.07,76.15,75.76,75.52,0,0,1,0,-,-,neutral"
2026-08-05T04:20:00.000-04:00,"2026-8-5 4:20,76.13,76.16,75.79,75.54,0,0,1,0,-,-,neutral"
2026-08-05T04:25:00.000-04:00,"2026-8-5 4:25,76.02,76.13,75.8,75.56,0,0,0,0,-,-,neutral"
2026-08-05T04:30:00.000-04:00,"2026-8-5 4:30,76.17,76.15,75.83,75.58,7,1,0,0,-,-,FIGHT"
2026-08-05T04:35:00.000-04:00,"2026-8-5 4:35,76.23,76.19,75.86,75.61,7,1,0,0,-,-,FIGHT"
2026-08-05T04:40:00.000-04:00,"2026-8-5 4:40,76.15,76.19,75.89,75.63,0,0,0,0,-,-,neutral"
2026-08-05T04:45:00.000-04:00,"2026-8-5 4:45,76.27,76.23,75.91,75.66,7,1,0,0,-,-,FIGHT"
2026-08-05T04:50:00.000-04:00,"2026-8-5 4:50,76.26,76.25,75.94,75.68,7,1,0,0,-,-,FIGHT"
2026-08-05T04:55:00.000-04:00,"2026-8-5 4:55,76.23,76.25,75.96,75.7,7,0,0,1,-,-,neutral"
2026-08-05T05:00:00.000-04:00,"2026-8-5 5:00,76.19,76.24,75.98,75.72,0,0,0,1,-,-,neutral"
2026-08-05T05:05:00.000-04:00,"2026-8-5 5:05,76.06,76.18,75.99,75.73,0,0,0,1,-,-,neutral"
2026-08-05T05:10:00.000-04:00,"2026-8-5 5:10,75.9,76.07,75.98,75.74,-3,-1,0,1,S,-,FIGHT"
2026-08-05T05:15:00.000-04:00,"2026-8-5 5:15,76.1,76.07,75.99,75.75,-3,-1,0,1,-,-,FIGHT"
2026-08-05T05:20:00.000-04:00,"2026-8-5 5:20,76.33,76.15,76.02,75.78,7,1,0,1,B,-,tide_only"
2026-08-05T05:25:00.000-04:00,"2026-8-5 5:25,76.27,76.19,76.04,75.8,7,1,0,1,-,-,tide_only"
2026-08-05T05:30:00.000-04:00,"2026-8-5 5:30,76.15,76.18,76.04,75.81,0,0,0,1,-,-,neutral"
2026-08-05T05:35:00.000-04:00,"2026-8-5 5:35,76.28,76.21,76.06,75.83,7,1,0,1,-,-,tide_only"
2026-08-05T05:40:00.000-04:00,"2026-8-5 5:40,76.23,76.22,76.08,75.84,7,0,0,1,-,-,neutral"
2026-08-05T05:45:00.000-04:00,"2026-8-5 5:45,76.37,76.28,76.1,75.86,7,1,0,1,-,-,tide_only"
2026-08-05T05:50:00.000-04:00,"2026-8-5 5:50,76.47,76.35,76.13,75.89,7,1,0,1,-,-,tide_only"
2026-08-05T05:55:00.000-04:00,"2026-8-5 5:55,76.51,76.42,76.16,75.91,7,1,1,1,-,-,RIDE_both"
2026-08-05T06:00:00.000-04:00,"2026-8-5 6:00,76.59,76.5,76.19,75.94,7,1,1,1,-,-,RIDE_both"
2026-08-05T06:05:00.000-04:00,"2026-8-5 6:05,76.51,76.53,76.21,75.96,0,0,1,1,-,-,neutral"
2026-08-05T06:10:00.000-04:00,"2026-8-5 6:10,76.46,76.52,76.23,75.98,0,0,0,1,-,-,neutral"
2026-08-05T06:15:00.000-04:00,"2026-8-5 6:15,76.57,76.56,76.26,76,0,0,0,1,-,-,neutral"
2026-08-05T06:20:00.000-04:00,"2026-8-5 6:20,76.65,76.61,76.29,76.03,7,1,0,1,-,-,tide_only"
2026-08-05T06:25:00.000-04:00,"2026-8-5 6:25,76.64,76.65,76.32,76.05,7,1,1,1,-,-,RIDE_both"
2026-08-05T06:30:00.000-04:00,"2026-8-5 6:30,76.42,76.58,76.32,76.07,0,0,1,1,-,-,neutral"
2026-08-05T06:35:00.000-04:00,"2026-8-5 6:35,76.31,76.5,76.32,76.08,0,0,1,1,-,-,neutral"
2026-08-05T06:40:00.000-04:00,"2026-8-5 6:40,76.44,76.48,76.33,76.09,-3,-1,0,1,S,-,FIGHT"
2026-08-05T06:45:00.000-04:00,"2026-8-5 6:45,76.51,76.49,76.35,76.11,7,0,0,1,-,-,neutral"
2026-08-05T06:50:00.000-04:00,"2026-8-5 6:50,76.5,76.49,76.36,76.12,7,0,0,1,-,-,neutral"
2026-08-05T06:55:00.000-04:00,"2026-8-5 6:55,76.23,76.4,76.35,76.13,-3,-1,0,1,-,-,FIGHT"
2026-08-05T07:00:00.000-04:00,"2026-8-5 7:00,76.29,76.35,76.34,76.13,-5,-1,0,1,-,-,FIGHT"
2026-08-05T07:05:00.000-04:00,"2026-8-5 7:05,76.1,76.24,76.32,76.13,-5,-1,0,1,-,-,FIGHT"
2026-08-05T07:10:00.000-04:00,"2026-8-5 7:10,76.05,76.15,76.3,76.13,-5,-1,0,1,-,-,FIGHT"
2026-08-05T07:15:00.000-04:00,"2026-8-5 7:15,76.06,76.08,76.28,76.13,-5,-1,0,1,-,-,FIGHT"
2026-08-05T07:20:00.000-04:00,"2026-8-5 7:20,76.26,76.11,76.28,76.13,0,0,0,1,-,-,neutral"
2026-08-05T07:25:00.000-04:00,"2026-8-5 7:25,76.2,76.12,76.28,76.13,0,0,0,1,-,-,neutral"
2026-08-05T07:30:00.000-04:00,"2026-8-5 7:30,76.02,76.06,76.26,76.13,-5,-1,0,1,-,-,FIGHT"
2026-08-05T07:35:00.000-04:00,"2026-8-5 7:35,75.96,75.99,76.23,76.12,-5,-1,0,1,-,-,FIGHT"
2026-08-05T07:40:00.000-04:00,"2026-8-5 7:40,75.95,75.94,76.21,76.12,-5,-1,0,1,-,-,FIGHT"
2026-08-05T07:45:00.000-04:00,"2026-8-5 7:45,76.16,75.99,76.21,76.12,0,0,0,1,-,-,neutral"
2026-08-05T07:50:00.000-04:00,"2026-8-5 7:50,76.04,75.98,76.2,76.12,-3,-1,0,1,-,-,FIGHT"
2026-08-05T07:55:00.000-04:00,"2026-8-5 7:55,76.06,75.99,76.18,76.11,0,0,0,1,-,-,neutral"
2026-08-05T08:00:00.000-04:00,"2026-8-5 8:00,76.19,76.04,76.19,76.12,0,0,0,1,-,-,neutral"
2026-08-05T08:05:00.000-04:00,"2026-8-5 8:05,76.14,76.07,76.18,76.12,0,0,0,1,-,-,neutral"
2026-08-05T08:10:00.000-04:00,"2026-8-5 8:10,75.91,76,76.16,76.11,-5,-1,0,1,-,-,FIGHT"
2026-08-05T08:15:00.000-04:00,"2026-8-5 8:15,75.99,75.98,76.15,76.1,-3,-1,0,1,-,-,FIGHT"
2026-08-05T08:20:00.000-04:00,"2026-8-5 8:20,75.98,75.97,76.13,76.1,-3,-1,0,1,-,-,FIGHT"
2026-08-05T08:25:00.000-04:00,"2026-8-5 8:25,76.37,76.11,76.15,76.11,0,0,1,1,-,-,neutral"
2026-08-05T08:30:00.000-04:00,"2026-8-5 8:30,76.27,76.17,76.16,76.12,7,1,1,1,B,BUY,RIDE_both"
2026-08-05T08:35:00.000-04:00,"2026-8-5 8:35,76.4,76.26,76.18,76.13,7,1,1,1,-,-,RIDE_both"
2026-08-05T08:40:00.000-04:00,"2026-8-5 8:40,76.25,76.28,76.19,76.13,7,0,1,1,-,-,neutral"
2026-08-05T08:45:00.000-04:00,"2026-8-5 8:45,76.08,76.22,76.18,76.13,-3,0,1,1,-,-,neutral"
2026-08-05T08:50:00.000-04:00,"2026-8-5 8:50,76.27,76.25,76.18,76.14,7,1,1,1,-,-,RIDE_both"
2026-08-05T08:55:00.000-04:00,"2026-8-5 8:55,76.51,76.36,76.21,76.15,7,1,1,1,-,-,RIDE_both"
2026-08-05T09:00:00.000-04:00,"2026-8-5 9:00,75.84,76.19,76.18,76.14,-5,-1,1,1,S,-,FIGHT"
2026-08-05T09:05:00.000-04:00,"2026-8-5 9:05,75.86,76.07,76.16,76.13,-5,-1,1,1,-,-,FIGHT"
2026-08-05T09:10:00.000-04:00,"2026-8-5 9:10,75.81,75.96,76.13,76.11,-7,-1,0,1,-,-,FIGHT"
2026-08-05T09:15:00.000-04:00,"2026-8-5 9:15,75.8,75.88,76.1,76.1,-5,-1,0,1,-,-,FIGHT"
2026-08-05T09:20:00.000-04:00,"2026-8-5 9:20,75.83,75.84,76.08,76.09,-5,-1,0,1,-,-,FIGHT"
2026-08-05T09:25:00.000-04:00,"2026-8-5 9:25,75.84,75.81,76.06,76.08,-5,-1,-1,1,-,-,wave_only"
2026-08-05T09:30:00.000-04:00,"2026-8-5 9:30,75.58,75.7,76.03,76.06,-7,-1,-1,1,-,-,wave_only"
2026-08-05T09:35:00.000-04:00,"2026-8-5 9:35,75.24,75.5,75.97,76.03,-7,-1,-1,1,-,-,wave_only"
2026-08-05T09:40:00.000-04:00,"2026-8-5 9:40,75.46,75.43,75.93,76.01,-5,-1,-1,1,-,-,wave_only"
2026-08-05T09:45:00.000-04:00,"2026-8-5 9:45,75.43,75.38,75.89,75.98,-3,-1,-1,1,-,-,wave_only"
2026-08-05T09:50:00.000-04:00,"2026-8-5 9:50,75.3,75.3,75.84,75.96,-7,-1,-1,1,-,-,wave_only"
2026-08-05T09:55:00.000-04:00,"2026-8-5 9:55,75.51,75.33,75.82,75.94,0,0,-1,-1,-,-,neutral"
2026-08-05T10:00:00.000-04:00,"2026-8-5 10:00,75.34,75.29,75.78,75.92,0,0,-1,-1,-,-,neutral"
2026-08-05T10:05:00.000-04:00,"2026-8-5 10:05,74.97,75.13,75.72,75.88,-7,-1,-1,-1,-,-,RIDE_both"
2026-08-05T10:10:00.000-04:00,"2026-8-5 10:10,75,75.03,75.66,75.85,-7,-1,-1,-1,-,-,RIDE_both"
2026-08-05T10:15:00.000-04:00,"2026-8-5 10:15,75.06,74.98,75.62,75.81,0,0,-1,-1,-,-,neutral"
2026-08-05T10:20:00.000-04:00,"2026-8-5 10:20,74.83,74.87,75.56,75.78,-7,-1,-1,-1,-,-,RIDE_both"
2026-08-05T10:25:00.000-04:00,"2026-8-5 10:25,75.1,74.9,75.52,75.75,0,0,-1,-1,-,-,neutral"
2026-08-05T10:30:00.000-04:00,"2026-8-5 10:30,74.91,74.86,75.47,75.72,-3,-1,-1,-1,-,-,RIDE_both"
2026-08-05T10:35:00.000-04:00,"2026-8-5 10:35,75,74.86,75.44,75.69,0,0,-1,-1,-,-,neutral"
2026-08-05T10:40:00.000-04:00,"2026-8-5 10:40,75.03,74.89,75.41,75.66,0,0,-1,-1,-,-,neutral"
2026-08-05T10:45:00.000-04:00,"2026-8-5 10:45,75.18,74.97,75.39,75.64,0,0,-1,-1,-,-,neutral"
2026-08-05T10:50:00.000-04:00,"2026-8-5 10:50,75.13,75.01,75.37,75.62,0,0,-1,-1,-,-,neutral"
2026-08-05T10:55:00.000-04:00,"2026-8-5 10:55,75.15,75.05,75.35,75.6,0,0,0,-1,-,-,neutral"
2026-08-05T11:00:00.000-04:00,"2026-8-5 11:00,74.86,74.98,75.31,75.58,-7,-1,0,-1,-,-,tide_only"
2026-08-05T11:05:00.000-04:00,"2026-8-5 11:05,75.32,75.09,75.32,75.57,0,0,0,-1,-,-,neutral"
2026-08-05T11:10:00.000-04:00,"2026-8-5 11:10,75.56,75.27,75.33,75.57,3,1,0,-1,B,-,FIGHT"
2026-08-05T11:15:00.000-04:00,"2026-8-5 11:15,75.66,75.44,75.36,75.57,5,1,0,-1,-,-,FIGHT"
2026-08-05T11:20:00.000-04:00,"2026-8-5 11:20,75.38,75.45,75.36,75.56,0,0,0,-1,-,-,neutral"
2026-08-05T11:25:00.000-04:00,"2026-8-5 11:25,75.16,75.38,75.35,75.55,0,0,-1,-1,-,-,neutral"
2026-08-05T11:30:00.000-04:00,"2026-8-5 11:30,75.32,75.39,75.34,75.54,0,0,-1,-1,-,-,neutral"
2026-08-05T11:35:00.000-04:00,"2026-8-5 11:35,75.13,75.32,75.33,75.52,-3,-1,-1,-1,S,SELL,RIDE_both"
2026-08-05T11:40:00.000-04:00,"2026-8-5 11:40,75.24,75.3,75.32,75.51,-3,-1,0,-1,-,-,tide_only"
2026-08-05T11:45:00.000-04:00,"2026-8-5 11:45,75.44,75.37,75.33,75.51,5,1,0,-1,B,-,FIGHT"
2026-08-05T11:50:00.000-04:00,"2026-8-5 11:50,75.58,75.46,75.35,75.51,5,1,0,-1,-,-,FIGHT"
2026-08-05T11:55:00.000-04:00,"2026-8-5 11:55,75.61,75.55,75.37,75.51,5,1,0,-1,-,-,FIGHT"
2026-08-05T12:00:00.000-04:00,"2026-8-5 12:00,75.74,75.65,75.4,75.52,5,1,0,-1,-,-,FIGHT"
2026-08-05T12:05:00.000-04:00,"2026-8-5 12:05,75.59,75.67,75.41,75.53,0,0,0,-1,-,-,neutral"
2026-08-05T12:10:00.000-04:00,"2026-8-5 12:10,75.55,75.66,75.42,75.53,0,0,0,-1,-,-,neutral"
2026-08-05T12:15:00.000-04:00,"2026-8-5 12:15,75.67,75.7,75.44,75.53,3,1,0,-1,-,-,FIGHT"
2026-08-05T12:20:00.000-04:00,"2026-8-5 12:20,75.64,75.71,75.46,75.54,0,0,0,-1,-,-,neutral"
2026-08-05T12:25:00.000-04:00,"2026-8-5 12:25,75.65,75.72,75.47,75.54,0,0,0,-1,-,-,neutral"
2026-08-05T12:30:00.000-04:00,"2026-8-5 12:30,75.59,75.7,75.48,75.54,0,0,0,-1,-,-,neutral"
2026-08-05T12:35:00.000-04:00,"2026-8-5 12:35,75.53,75.66,75.48,75.54,0,0,0,-1,-,-,neutral"
2026-08-05T12:40:00.000-04:00,"2026-8-5 12:40,75.18,75.5,75.46,75.53,0,0,-1,-1,-,-,neutral"
2026-08-05T12:45:00.000-04:00,"2026-8-5 12:45,75.08,75.34,75.43,75.51,-7,-1,-1,-1,S,SELL,RIDE_both"
2026-08-05T12:50:00.000-04:00,"2026-8-5 12:50,74.89,75.16,75.39,75.49,-7,-1,-1,-1,-,-,RIDE_both"
2026-08-05T12:55:00.000-04:00,"2026-8-5 12:55,74.9,75.03,75.35,75.46,-7,-1,-1,-1,-,-,RIDE_both"
2026-08-05T13:00:00.000-04:00,"2026-8-5 13:00,74.92,74.94,75.32,75.44,-7,-1,-1,-1,-,-,RIDE_both"
2026-08-05T13:05:00.000-04:00,"2026-8-5 13:05,74.8,74.84,75.28,75.42,-7,-1,-1,-1,-,-,RIDE_both"
2026-08-05T13:10:00.000-04:00,"2026-8-5 13:10,74.68,74.73,75.23,75.39,-7,-1,-1,-1,-,-,RIDE_both"
2026-08-05T13:15:00.000-04:00,"2026-8-5 13:15,74.54,74.6,75.18,75.35,-7,-1,-1,-1,-,-,RIDE_both"
2026-08-05T13:20:00.000-04:00,"2026-8-5 13:20,74.57,74.53,75.13,75.32,-7,-1,-1,-1,-,-,RIDE_both"
2026-08-05T13:25:00.000-04:00,"2026-8-5 13:25,74.56,74.47,75.09,75.29,-3,-1,-1,-1,-,-,RIDE_both"
2026-08-05T13:30:00.000-04:00,"2026-8-5 13:30,74.48,74.41,75.04,75.26,-7,-1,-1,-1,-,-,RIDE_both"
2026-08-05T13:35:00.000-04:00,"2026-8-5 13:35,74.61,74.43,75.01,75.24,0,0,-1,-1,-,-,neutral"
2026-08-05T13:40:00.000-04:00,"2026-8-5 13:40,74.64,74.45,74.98,75.21,0,0,-1,-1,-,-,neutral"
2026-08-05T13:45:00.000-04:00,"2026-8-5 13:45,74.65,74.48,74.96,75.19,0,0,-1,-1,-,-,neutral"
2026-08-05T13:50:00.000-04:00,"2026-8-5 13:50,74.72,74.54,74.94,75.17,0,0,-1,-1,-,-,neutral"
2026-08-05T13:55:00.000-04:00,"2026-8-5 13:55,74.87,74.63,74.93,75.16,0,0,0,-1,-,-,neutral"
2026-08-05T14:00:00.000-04:00,"2026-8-5 14:00,75.1,74.8,74.94,75.16,0,0,0,-1,-,-,neutral"
2026-08-05T14:05:00.000-04:00,"2026-8-5 14:05,75.1,74.92,74.96,75.16,5,1,0,-1,B,-,FIGHT"
2026-08-05T14:10:00.000-04:00,"2026-8-5 14:10,75.27,75.07,74.98,75.16,5,1,0,-1,-,-,FIGHT"
2026-08-05T14:15:00.000-04:00,"2026-8-5 14:15,75.32,75.19,75.01,75.17,5,1,0,-1,-,-,FIGHT"
2026-08-05T14:20:00.000-04:00,"2026-8-5 14:20,75.27,75.26,75.03,75.17,5,1,0,-1,-,-,FIGHT"
2026-08-05T14:25:00.000-04:00,"2026-8-5 14:25,75.18,75.28,75.04,75.17,0,0,0,-1,-,-,neutral"
2026-08-05T14:30:00.000-04:00,"2026-8-5 14:30,75.36,75.35,75.06,75.18,5,1,0,-1,-,-,FIGHT"
2026-08-05T14:35:00.000-04:00,"2026-8-5 14:35,75.28,75.37,75.08,75.18,0,0,0,-1,-,-,neutral"
2026-08-05T14:40:00.000-04:00,"2026-8-5 14:40,75.23,75.36,75.09,75.18,0,0,0,-1,-,-,neutral"
2026-08-05T14:45:00.000-04:00,"2026-8-5 14:45,75.15,75.32,75.1,75.18,0,0,0,-1,-,-,neutral"
2026-08-05T14:50:00.000-04:00,"2026-8-5 14:50,75.08,75.26,75.09,75.18,0,0,0,-1,-,-,neutral"
2026-08-05T14:55:00.000-04:00,"2026-8-5 14:55,75.3,75.3,75.11,75.18,5,1,0,0,-,-,FIGHT"
2026-08-05T15:00:00.000-04:00,"2026-8-5 15:00,75.23,75.29,75.12,75.19,0,0,0,0,-,-,neutral"
2026-08-05T15:05:00.000-04:00,"2026-8-5 15:05,75.17,75.27,75.12,75.18,0,0,0,0,-,-,neutral"
2026-08-05T15:10:00.000-04:00,"2026-8-5 15:10,75.15,75.24,75.13,75.18,0,0,0,0,-,-,neutral"
2026-08-05T15:15:00.000-04:00,"2026-8-5 15:15,75.24,75.25,75.13,75.19,0,0,0,0,-,-,neutral"
2026-08-05T15:20:00.000-04:00,"2026-8-5 15:20,75.24,75.25,75.14,75.19,0,0,0,0,-,-,neutral"
2026-08-05T15:25:00.000-04:00,"2026-8-5 15:25,75.27,75.27,75.15,75.19,5,1,0,0,-,-,FIGHT"
2026-08-05T15:30:00.000-04:00,"2026-8-5 15:30,75.25,75.27,75.16,75.19,0,0,0,0,-,-,neutral"
2026-08-05T15:35:00.000-04:00,"2026-8-5 15:35,75.19,75.25,75.16,75.19,0,0,0,0,-,-,neutral"
2026-08-05T15:40:00.000-04:00,"2026-8-5 15:40,75.13,75.21,75.16,75.19,0,0,-1,0,-,-,neutral"
2026-08-05T15:45:00.000-04:00,"2026-8-5 15:45,75.13,75.18,75.16,75.19,0,0,-1,0,-,-,neutral"
2026-08-05T15:50:00.000-04:00,"2026-8-5 15:50,75.08,75.14,75.15,75.18,-5,-1,-1,0,S,-,wave_only"
2026-08-05T15:55:00.000-04:00,"2026-8-5 15:55,75.16,75.14,75.15,75.18,0,0,0,-1,-,-,neutral"
2026-08-05T16:00:00.000-04:00,"2026-8-5 16:00,74.97,75.07,75.14,75.17,-7,-1,0,-1,-,-,tide_only"
2026-08-05T16:05:00.000-04:00,"2026-8-5 16:05,74.93,75,75.12,75.17,-7,-1,0,-1,-,-,tide_only"
2026-08-05T16:10:00.000-04:00,"2026-8-5 16:10,75.01,74.99,75.11,75.16,-7,-1,-1,-1,-,-,RIDE_both"
2026-08-05T16:15:00.000-04:00,"2026-8-5 16:15,75.05,74.99,75.11,75.15,0,0,-1,-1,-,-,neutral"
2026-08-05T16:20:00.000-04:00,"2026-8-5 16:20,75.01,74.98,75.1,75.15,-3,-1,-1,-1,-,-,RIDE_both"
2026-08-05T16:25:00.000-04:00,"2026-8-5 16:25,75.09,75.01,75.1,75.15,0,0,-1,-1,-,-,neutral"
2026-08-05T16:30:00.000-04:00,"2026-8-5 16:30,74.95,74.98,75.09,75.14,-7,-1,-1,-1,-,-,RIDE_both"
2026-08-05T16:35:00.000-04:00,"2026-8-5 16:35,74.96,74.96,75.08,75.13,-7,-1,-1,-1,-,-,RIDE_both"
2026-08-05T16:40:00.000-04:00,"2026-8-5 16:40,74.99,74.96,75.07,75.13,0,0,-1,-1,-,-,neutral"
2026-08-05T16:45:00.000-04:00,"2026-8-5 16:45,75.05,74.98,75.07,75.12,0,0,-1,-1,-,-,neutral"
2026-08-05T16:50:00.000-04:00,"2026-8-5 16:50,75.05,75,75.07,75.12,3,0,-1,-1,-,-,neutral"
2026-08-05T16:55:00.000-04:00,"2026-8-5 16:55,75.05,75.01,75.07,75.12,3,0,-1,-1,-,-,neutral"
2026-08-05T18:00:00.000-04:00,"2026-8-5 18:00,75.04,75.02,75.07,75.11,0,0,-1,-1,-,-,neutral"
2026-08-05T18:05:00.000-04:00,"2026-8-5 18:05,75.11,75.05,75.07,75.11,3,1,-1,-1,B,-,FIGHT"
2026-08-05T18:10:00.000-04:00,"2026-8-5 18:10,75.12,75.08,75.07,75.11,5,1,0,-1,-,-,FIGHT"
2026-08-05T18:15:00.000-04:00,"2026-8-5 18:15,75.16,75.11,75.08,75.12,5,1,0,-1,-,-,FIGHT"
2026-08-05T18:20:00.000-04:00,"2026-8-5 18:20,75.15,75.13,75.08,75.12,5,1,0,-1,-,-,FIGHT"
2026-08-05T18:25:00.000-04:00,"2026-8-5 18:25,75.11,75.13,75.09,75.12,0,0,0,-1,-,-,neutral"
2026-08-05T18:30:00.000-04:00,"2026-8-5 18:30,75.1,75.13,75.09,75.12,0,0,0,-1,-,-,neutral"
2026-08-05T18:35:00.000-04:00,"2026-8-5 18:35,75.08,75.12,75.09,75.12,0,0,0,-1,-,-,neutral"
2026-08-05T18:40:00.000-04:00,"2026-8-5 18:40,75.06,75.1,75.09,75.11,0,0,-1,-1,-,-,neutral"
2026-08-05T18:45:00.000-04:00,"2026-8-5 18:45,75.07,75.09,75.08,75.11,0,0,-1,-1,-,-,neutral"
2026-08-05T18:50:00.000-04:00,"2026-8-5 18:50,75.04,75.07,75.08,75.11,-5,-1,-1,-1,S,SELL,RIDE_both"
2026-08-05T18:55:00.000-04:00,"2026-8-5 18:55,75.05,75.07,75.08,75.11,-5,-1,-1,-1,-,-,RIDE_both"
2026-08-05T19:00:00.000-04:00,"2026-8-5 19:00,75.1,75.08,75.08,75.11,5,1,-1,-1,B,-,FIGHT"
2026-08-05T19:05:00.000-04:00,"2026-8-5 19:05,75.07,75.07,75.08,75.1,0,0,-1,-1,-,-,neutral"
2026-08-05T19:10:00.000-04:00,"2026-8-5 19:10,75,75.05,75.07,75.1,-7,-1,-1,-1,S,SELL,RIDE_both"
2026-08-05T19:15:00.000-04:00,"2026-8-5 19:15,75.02,75.03,75.07,75.1,-7,-1,-1,-1,-,-,RIDE_both"
2026-08-05T19:20:00.000-04:00,"2026-8-5 19:20,75.03,75.03,75.07,75.09,-3,-1,-1,-1,-,-,RIDE_both"
2026-08-05T19:25:00.000-04:00,"2026-8-5 19:25,75.07,75.04,75.07,75.09,0,0,0,-1,-,-,neutral"
2026-08-05T19:30:00.000-04:00,"2026-8-5 19:30,75,75.02,75.06,75.09,-7,-1,0,-1,-,-,tide_only"
2026-08-05T19:35:00.000-04:00,"2026-8-5 19:35,75.03,75.02,75.06,75.09,0,0,0,-1,-,-,neutral"
2026-08-05T19:40:00.000-04:00,"2026-8-5 19:40,75.01,75.01,75.05,75.08,-7,-1,-1,-1,-,-,RIDE_both"
2026-08-05T19:45:00.000-04:00,"2026-8-5 19:45,75.02,75.01,75.05,75.08,0,0,-1,-1,-,-,neutral"
2026-08-05T19:50:00.000-04:00,"2026-8-5 19:50,74.97,74.99,75.05,75.08,-7,-1,-1,-1,-,-,RIDE_both"
2026-08-05T19:55:00.000-04:00,"2026-8-5 19:55,74.88,74.95,75.03,75.07,-7,-1,-1,-1,-,-,RIDE_both"
2026-08-05T20:00:00.000-04:00,"2026-8-5 20:00,74.95,74.94,75.03,75.07,-3,-1,-1,-1,-,-,RIDE_both"
2026-08-05T20:05:00.000-04:00,"2026-8-5 20:05,74.85,74.9,75.01,75.06,-7,-1,-1,-1,-,-,RIDE_both"
2026-08-05T20:10:00.000-04:00,"2026-8-5 20:10,74.77,74.84,74.99,75.05,-7,-1,-1,-1,-,-,RIDE_both"
2026-08-05T20:15:00.000-04:00,"2026-8-5 20:15,74.79,74.8,74.98,75.04,-7,-1,-1,-1,-,-,RIDE_both"
2026-08-05T20:20:00.000-04:00,"2026-8-5 20:20,74.69,74.74,74.96,75.02,-7,-1,-1,-1,-,-,RIDE_both"
2026-08-05T20:25:00.000-04:00,"2026-8-5 20:25,75.02,74.82,74.96,75.02,0,0,0,-1,-,-,neutral"
2026-08-05T20:30:00.000-04:00,"2026-8-5 20:30,74.96,74.86,74.96,75.02,0,0,0,-1,-,-,neutral"
2026-08-05T20:35:00.000-04:00,"2026-8-5 20:35,74.96,74.89,74.96,75.02,3,0,0,-1,-,-,neutral"
2026-08-05T20:40:00.000-04:00,"2026-8-5 20:40,75.04,74.95,74.97,75.02,3,1,1,-1,B,-,wave_only"
2026-08-05T20:45:00.000-04:00,"2026-8-5 20:45,74.93,74.94,74.96,75.01,0,0,1,-1,-,-,neutral"
2026-08-05T20:50:00.000-04:00,"2026-8-5 20:50,74.9,74.93,74.96,75.01,-7,-1,1,-1,S,-,tide_only"
2026-08-05T20:55:00.000-04:00,"2026-8-5 20:55,74.93,74.93,74.96,75.01,0,0,-1,-1,-,-,neutral"
2026-08-05T21:00:00.000-04:00,"2026-8-5 21:00,75.08,74.99,74.97,75.01,5,1,-1,-1,B,-,FIGHT"
2026-08-05T21:05:00.000-04:00,"2026-8-5 21:05,75.17,75.06,74.98,75.02,5,1,-1,-1,-,-,FIGHT"
2026-08-05T21:10:00.000-04:00,"2026-8-5 21:10,75.45,75.22,75.02,75.03,5,1,1,-1,-,-,wave_only"
2026-08-05T21:15:00.000-04:00,"2026-8-5 21:15,75.7,75.43,75.07,75.06,5,1,1,-1,-,-,wave_only"
2026-08-05T21:20:00.000-04:00,"2026-8-5 21:20,75.78,75.6,75.13,75.09,5,1,1,-1,-,-,wave_only"
2026-08-05T21:25:00.000-04:00,"2026-8-5 21:25,75.7,75.7,75.17,75.11,5,1,1,-1,-,-,wave_only"
2026-08-05T21:30:00.000-04:00,"2026-8-5 21:30,75.88,75.83,75.22,75.14,5,1,1,-1,-,-,wave_only"
2026-08-05T21:35:00.000-04:00,"2026-8-5 21:35,75.72,75.86,75.26,75.16,0,0,1,-1,-,-,neutral"
2026-08-05T21:40:00.000-04:00,"2026-8-5 21:40,75.72,75.87,75.3,75.19,0,0,1,-1,-,-,neutral"
2026-08-05T21:45:00.000-04:00,"2026-8-5 21:45,75.76,75.88,75.33,75.21,0,0,1,-1,-,-,neutral"
2026-08-05T21:50:00.000-04:00,"2026-8-5 21:50,75.73,75.88,75.36,75.23,0,0,1,-1,-,-,neutral"
2026-08-05T21:55:00.000-04:00,"2026-8-5 21:55,75.76,75.88,75.39,75.25,0,0,1,1,-,-,neutral"
2026-08-05T22:00:00.000-04:00,"2026-8-5 22:00,75.73,75.86,75.42,75.27,0,0,1,1,-,-,neutral"
2026-08-05T22:05:00.000-04:00,"2026-8-5 22:05,75.53,75.77,75.43,75.28,0,0,1,1,-,-,neutral"
2026-08-05T22:10:00.000-04:00,"2026-8-5 22:10,75.6,75.73,75.44,75.29,0,0,0,1,-,-,neutral"
2026-08-05T22:15:00.000-04:00,"2026-8-5 22:15,75.51,75.66,75.45,75.3,0,0,0,1,-,-,neutral"
2026-08-05T22:20:00.000-04:00,"2026-8-5 22:20,75.51,75.61,75.45,75.31,0,0,0,1,-,-,neutral"
2026-08-05T22:25:00.000-04:00,"2026-8-5 22:25,75.5,75.56,75.46,75.32,0,0,0,1,-,-,neutral"
2026-08-05T22:30:00.000-04:00,"2026-8-5 22:30,75.64,75.58,75.47,75.33,7,1,0,1,-,-,tide_only"
2026-08-05T22:35:00.000-04:00,"2026-8-5 22:35,75.58,75.57,75.48,75.34,0,0,0,1,-,-,neutral"
2026-08-05T22:40:00.000-04:00,"2026-8-5 22:40,75.54,75.55,75.48,75.35,0,0,0,1,-,-,neutral"
2026-08-05T22:45:00.000-04:00,"2026-8-5 22:45,75.56,75.55,75.49,75.35,0,0,0,1,-,-,neutral"
2026-08-05T22:50:00.000-04:00,"2026-8-5 22:50,75.51,75.52,75.49,75.36,-3,-1,0,1,S,-,FIGHT"
2026-08-05T22:55:00.000-04:00,"2026-8-5 22:55,75.48,75.5,75.49,75.37,-5,-1,0,1,-,-,FIGHT"
2026-08-05T23:00:00.000-04:00,"2026-8-5 23:00,75.45,75.46,75.49,75.37,-5,-1,0,1,-,-,FIGHT"
2026-08-05T23:05:00.000-04:00,"2026-8-5 23:05,75.42,75.43,75.48,75.37,-5,-1,0,1,-,-,FIGHT"
2026-08-05T23:10:00.000-04:00,"2026-8-5 23:10,75.49,75.44,75.48,75.38,0,0,0,1,-,-,neutral"
2026-08-05T23:15:00.000-04:00,"2026-8-5 23:15,75.46,75.43,75.48,75.38,-5,-1,0,1,-,-,FIGHT"
2026-08-05T23:20:00.000-04:00,"2026-8-5 23:20,75.51,75.44,75.48,75.38,0,0,0,1,-,-,neutral"
2026-08-05T23:25:00.000-04:00,"2026-8-5 23:25,75.24,75.36,75.46,75.38,-5,-1,0,1,-,-,FIGHT"
2026-08-05T23:30:00.000-04:00,"2026-8-5 23:30,74.92,75.17,75.42,75.36,-5,-1,0,1,-,-,FIGHT"
2026-08-05T23:35:00.000-04:00,"2026-8-5 23:35,74.97,75.06,75.39,75.35,-5,-1,0,1,-,-,FIGHT"
2026-08-05T23:40:00.000-04:00,"2026-8-5 23:40,75.01,75,75.36,75.33,-5,-1,0,1,-,-,FIGHT"
2026-08-05T23:45:00.000-04:00,"2026-8-5 23:45,75,74.95,75.33,75.32,-3,-1,0,1,-,-,FIGHT"
2026-08-05T23:50:00.000-04:00,"2026-8-5 23:50,75.08,74.96,75.31,75.31,0,0,0,1,-,-,neutral"
2026-08-05T23:55:00.000-04:00,"2026-8-5 23:55,74.92,74.9,75.28,75.29,0,0,-1,-1,-,-,neutral"
2026-08-06T00:00:00.000-04:00,"2026-8-6 0:00,74.84,74.84,75.25,75.28,0,0,-1,-1,-,-,neutral"
2026-08-06T00:05:00.000-04:00,"2026-8-6 0:05,74.85,74.8,75.22,75.26,0,0,-1,-1,-,-,neutral"
2026-08-06T00:10:00.000-04:00,"2026-8-6 0:10,74.8,74.76,75.18,75.24,0,0,-1,-1,-,-,neutral"
2026-08-06T00:15:00.000-04:00,"2026-8-6 0:15,74.76,74.72,75.15,75.22,0,0,-1,-1,-,-,neutral"
2026-08-06T00:20:00.000-04:00,"2026-8-6 0:20,74.77,74.7,75.12,75.21,0,0,-1,-1,-,-,neutral"
2026-08-06T00:25:00.000-04:00,"2026-8-6 0:25,74.76,74.69,75.09,75.19,0,0,-1,-1,-,-,neutral"
2026-08-06T00:30:00.000-04:00,"2026-8-6 0:30,74.75,74.68,75.07,75.17,0,0,-1,-1,-,-,neutral"
2026-08-06T00:35:00.000-04:00,"2026-8-6 0:35,74.71,74.66,75.04,75.15,0,0,-1,-1,-,-,neutral"
2026-08-06T00:40:00.000-04:00,"2026-8-6 0:40,74.81,74.69,75.02,75.14,0,0,-1,-1,-,-,neutral"
2026-08-06T00:45:00.000-04:00,"2026-8-6 0:45,74.77,74.7,75,75.12,0,0,-1,-1,-,-,neutral"
2026-08-06T00:50:00.000-04:00,"2026-8-6 0:50,74.8,74.72,74.99,75.11,0,0,-1,-1,-,-,neutral"
2026-08-06T00:55:00.000-04:00,"2026-8-6 0:55,74.82,74.75,74.97,75.1,0,0,-1,-1,-,-,neutral"
2026-08-06T01:00:00.000-04:00,"2026-8-6 1:00,74.95,74.81,74.97,75.09,0,0,-1,-1,-,-,neutral"
2026-08-06T01:05:00.000-04:00,"2026-8-6 1:05,74.92,74.85,74.97,75.09,0,0,-1,-1,-,-,neutral"
2026-08-06T01:10:00.000-04:00,"2026-8-6 1:10,74.82,74.85,74.96,75.08,-7,-1,0,-1,-,-,tide_only"
2026-08-06T01:15:00.000-04:00,"2026-8-6 1:15,74.72,74.81,74.94,75.06,-7,-1,0,-1,-,-,tide_only"
2026-08-06T01:20:00.000-04:00,"2026-8-6 1:20,74.75,74.79,74.92,75.05,-7,-1,0,-1,-,-,tide_only"
2026-08-06T01:25:00.000-04:00,"2026-8-6 1:25,74.65,74.74,74.9,75.04,-7,-1,-1,-1,-,-,RIDE_both"
2026-08-06T01:30:00.000-04:00,"2026-8-6 1:30,74.77,74.75,74.89,75.02,0,0,-1,-1,-,-,neutral"
2026-08-06T01:35:00.000-04:00,"2026-8-6 1:35,74.84,74.78,74.89,75.02,0,0,-1,-1,-,-,neutral"
2026-08-06T01:40:00.000-04:00,"2026-8-6 1:40,74.9,74.83,74.89,75.01,3,1,0,-1,B,-,FIGHT"
2026-08-06T01:45:00.000-04:00,"2026-8-6 1:45,74.89,74.86,74.89,75.01,3,1,0,-1,-,-,FIGHT"
2026-08-06T01:50:00.000-04:00,"2026-8-6 1:50,74.86,74.87,74.89,75,3,1,0,-1,-,-,FIGHT"
2026-08-06T01:55:00.000-04:00,"2026-8-6 1:55,74.87,74.88,74.89,75,5,1,0,-1,-,-,FIGHT"
2026-08-06T02:00:00.000-04:00,"2026-8-6 2:00,75.1,74.97,74.9,75,5,1,0,-1,-,-,FIGHT"
2026-08-06T02:05:00.000-04:00,"2026-8-6 2:05,75.12,75.05,74.92,75.01,5,1,0,-1,-,-,FIGHT"
2026-08-06T02:10:00.000-04:00,"2026-8-6 2:10,75.41,75.21,74.96,75.02,5,1,0,-1,-,-,FIGHT"
2026-08-06T02:15:00.000-04:00,"2026-8-6 2:15,75.21,75.25,74.98,75.03,5,1,0,-1,-,-,FIGHT"
2026-08-06T02:20:00.000-04:00,"2026-8-6 2:20,75.39,75.34,75.01,75.04,5,1,0,-1,-,-,FIGHT"
2026-08-06T02:25:00.000-04:00,"2026-8-6 2:25,75.25,75.35,75.03,75.05,0,0,1,-1,-,-,neutral"
2026-08-06T02:30:00.000-04:00,"2026-8-6 2:30,75.4,75.41,75.06,75.06,5,1,1,-1,-,-,wave_only"
2026-08-06T02:35:00.000-04:00,"2026-8-6 2:35,75.54,75.5,75.09,75.08,5,1,1,-1,-,-,wave_only"
2026-08-06T02:40:00.000-04:00,"2026-8-6 2:40,75.47,75.53,75.12,75.1,0,0,1,-1,-,-,neutral"
2026-08-06T02:45:00.000-04:00,"2026-8-6 2:45,75.54,75.58,75.15,75.12,5,1,1,-1,-,-,wave_only"
2026-08-06T02:50:00.000-04:00,"2026-8-6 2:50,75.43,75.57,75.18,75.13,0,0,1,-1,-,-,neutral"
2026-08-06T02:55:00.000-04:00,"2026-8-6 2:55,75.27,75.49,75.18,75.13,0,0,1,1,-,-,neutral"
2026-08-06T03:00:00.000-04:00,"2026-8-6 3:00,75.02,75.34,75.17,75.13,0,0,1,1,-,-,neutral"
2026-08-06T03:05:00.000-04:00,"2026-8-6 3:05,75.28,75.33,75.18,75.14,0,0,1,1,-,-,neutral"
2026-08-06T03:10:00.000-04:00,"2026-8-6 3:10,75.25,75.3,75.18,75.14,0,0,1,1,-,-,neutral"
2026-08-06T03:15:00.000-04:00,"2026-8-6 3:15,75.3,75.3,75.19,75.15,0,0,1,1,-,-,neutral"
2026-08-06T03:20:00.000-04:00,"2026-8-6 3:20,75.19,75.26,75.19,75.15,0,0,1,1,-,-,neutral"
2026-08-06T03:25:00.000-04:00,"2026-8-6 3:25,75.19,75.23,75.19,75.15,0,0,0,1,-,-,neutral"
2026-08-06T03:30:00.000-04:00,"2026-8-6 3:30,75.15,75.19,75.19,75.15,-5,-1,0,1,S,-,FIGHT"
2026-08-06T03:35:00.000-04:00,"2026-8-6 3:35,75.42,75.26,75.21,75.16,7,1,0,1,B,-,tide_only"
2026-08-06T03:40:00.000-04:00,"2026-8-6 3:40,75.4,75.31,75.22,75.17,7,1,1,1,-,-,RIDE_both"
2026-08-06T03:45:00.000-04:00,"2026-8-6 3:45,75.38,75.34,75.23,75.18,7,1,1,1,-,-,RIDE_both"
2026-08-06T03:50:00.000-04:00,"2026-8-6 3:50,75.48,75.39,75.25,75.19,7,1,1,1,-,-,RIDE_both"
2026-08-06T03:55:00.000-04:00,"2026-8-6 3:55,75.4,75.4,75.26,75.2,3,1,1,1,-,-,RIDE_both"
2026-08-06T04:00:00.000-04:00,"2026-8-6 4:00,75.5,75.45,75.28,75.21,7,1,1,1,-,-,RIDE_both"
2026-08-06T04:05:00.000-04:00,"2026-8-6 4:05,75.39,75.44,75.29,75.22,0,0,1,1,-,-,neutral"
2026-08-06T04:10:00.000-04:00,"2026-8-6 4:10,75.65,75.52,75.32,75.23,7,1,1,1,-,-,RIDE_both"
2026-08-06T04:15:00.000-04:00,"2026-8-6 4:15,75.72,75.61,75.35,75.25,7,1,1,1,-,-,RIDE_both"
2026-08-06T04:20:00.000-04:00,"2026-8-6 4:20,75.65,75.65,75.37,75.27,5,1,1,1,-,-,RIDE_both"
2026-08-06T04:25:00.000-04:00,"2026-8-6 4:25,75.15,75.49,75.36,75.26,0,0,0,1,-,-,neutral"
2026-08-06T04:30:00.000-04:00,"2026-8-6 4:30,75.09,75.34,75.33,75.26,-5,-1,0,1,S,-,FIGHT"
2026-08-06T04:35:00.000-04:00,"2026-8-6 4:35,75.27,75.31,75.33,75.26,-5,-1,0,1,-,-,FIGHT"
2026-08-06T04:40:00.000-04:00,"2026-8-6 4:40,75.09,75.21,75.31,75.25,-5,-1,0,1,-,-,FIGHT"
2026-08-06T04:45:00.000-04:00,"2026-8-6 4:45,75.03,75.12,75.29,75.24,-5,-1,0,1,-,-,FIGHT"
2026-08-06T04:50:00.000-04:00,"2026-8-6 4:50,75.01,75.05,75.27,75.23,-5,-1,0,1,-,-,FIGHT"
2026-08-06T04:55:00.000-04:00,"2026-8-6 4:55,75.18,75.07,75.26,75.23,0,0,0,0,-,-,neutral"
2026-08-06T05:00:00.000-04:00,"2026-8-6 5:00,75.41,75.16,75.27,75.24,0,0,0,0,-,-,neutral"
2026-08-06T05:05:00.000-04:00,"2026-8-6 5:05,75.43,75.25,75.28,75.25,0,0,0,0,-,-,neutral"
2026-08-06T05:10:00.000-04:00,"2026-8-6 5:10,75.38,75.29,75.29,75.25,7,1,1,0,B,-,wave_only"
2026-08-06T05:15:00.000-04:00,"2026-8-6 5:15,75.21,75.26,75.29,75.25,-5,-1,1,0,S,-,FIGHT"
2026-08-06T05:20:00.000-04:00,"2026-8-6 5:20,75.14,75.21,75.27,75.24,-5,-1,1,0,-,-,FIGHT"
2026-08-06T05:25:00.000-04:00,"2026-8-6 5:25,75.19,75.2,75.27,75.24,-5,-1,0,0,-,-,FIGHT"
2026-08-06T05:30:00.000-04:00,"2026-8-6 5:30,75.29,75.22,75.27,75.24,0,0,0,0,-,-,neutral"
2026-08-06T05:35:00.000-04:00,"2026-8-6 5:35,75.42,75.29,75.28,75.25,7,1,0,0,B,-,FIGHT"
2026-08-06T05:40:00.000-04:00,"2026-8-6 5:40,75.4,75.33,75.29,75.26,7,1,1,0,-,-,wave_only"
2026-08-06T05:45:00.000-04:00,"2026-8-6 5:45,75.34,75.34,75.29,75.26,7,0,1,0,-,-,neutral"
2026-08-06T05:50:00.000-04:00,"2026-8-6 5:50,75.22,75.3,75.29,75.26,-5,-1,1,0,S,-,FIGHT"
2026-08-06T05:55:00.000-04:00,"2026-8-6 5:55,75.15,75.25,75.28,75.25,-5,-1,0,0,-,-,FIGHT"
2026-08-06T06:00:00.000-04:00,"2026-8-6 6:00,75.24,75.24,75.28,75.25,-5,-1,0,0,-,-,FIGHT"
2026-08-06T06:05:00.000-04:00,"2026-8-6 6:05,75.38,75.29,75.28,75.26,7,1,0,0,B,-,FIGHT"
2026-08-06T06:10:00.000-04:00,"2026-8-6 6:10,75.59,75.4,75.31,75.27,7,1,1,0,-,-,wave_only"
2026-08-06T06:15:00.000-04:00,"2026-8-6 6:15,75.62,75.5,75.33,75.29,7,1,1,0,-,-,wave_only"
2026-08-06T06:20:00.000-04:00,"2026-8-6 6:20,75.83,75.64,75.37,75.31,7,1,1,0,-,-,wave_only"
2026-08-06T06:25:00.000-04:00,"2026-8-6 6:25,75.74,75.71,75.4,75.32,7,1,1,0,-,-,wave_only"
2026-08-06T06:30:00.000-04:00,"2026-8-6 6:30,75.84,75.79,75.43,75.34,7,1,1,0,-,-,wave_only"
2026-08-06T06:35:00.000-04:00,"2026-8-6 6:35,75.8,75.84,75.46,75.36,5,1,1,0,-,-,wave_only"
2026-08-06T06:40:00.000-04:00,"2026-8-6 6:40,75.9,75.9,75.49,75.38,7,1,1,0,-,-,wave_only"
2026-08-06T06:45:00.000-04:00,"2026-8-6 6:45,75.94,75.96,75.53,75.41,7,0,1,0,-,-,neutral"
2026-08-06T06:50:00.000-04:00,"2026-8-6 6:50,75.99,76.01,75.56,75.43,7,0,1,0,-,-,neutral"
2026-08-06T06:55:00.000-04:00,"2026-8-6 6:55,75.87,76,75.59,75.45,0,0,1,1,-,-,neutral"
2026-08-06T07:00:00.000-04:00,"2026-8-6 7:00,75.81,75.97,75.6,75.46,0,0,1,1,-,-,neutral"
2026-08-06T07:05:00.000-04:00,"2026-8-6 7:05,75.95,75.99,75.63,75.48,0,0,1,1,-,-,neutral"
2026-08-06T07:10:00.000-04:00,"2026-8-6 7:10,75.9,75.98,75.65,75.5,0,0,1,1,-,-,neutral"
2026-08-06T07:15:00.000-04:00,"2026-8-6 7:15,75.84,75.95,75.67,75.51,0,0,1,1,-,-,neutral"
2026-08-06T07:20:00.000-04:00,"2026-8-6 7:20,75.92,75.96,75.69,75.53,0,0,1,1,-,-,neutral"
2026-08-06T07:25:00.000-04:00,"2026-8-6 7:25,75.85,75.93,75.7,75.54,0,0,0,1,-,-,neutral"
2026-08-06T07:30:00.000-04:00,"2026-8-6 7:30,75.81,75.9,75.71,75.55,0,0,0,1,-,-,neutral"
2026-08-06T07:35:00.000-04:00,"2026-8-6 7:35,75.84,75.88,75.72,75.56,0,0,0,1,-,-,neutral"
2026-08-06T07:40:00.000-04:00,"2026-8-6 7:40,75.78,75.84,75.72,75.57,0,0,0,1,-,-,neutral"
2026-08-06T07:45:00.000-04:00,"2026-8-6 7:45,75.87,75.85,75.73,75.58,7,0,0,1,-,-,neutral"
2026-08-06T07:50:00.000-04:00,"2026-8-6 7:50,76.19,75.97,75.77,75.6,7,1,0,1,-,-,tide_only"
2026-08-06T07:55:00.000-04:00,"2026-8-6 7:55,75.69,75.88,75.76,75.61,0,0,0,1,-,-,neutral"
2026-08-06T08:00:00.000-04:00,"2026-8-6 8:00,75.73,75.82,75.76,75.61,-3,-1,0,1,S,-,FIGHT"
2026-08-06T08:05:00.000-04:00,"2026-8-6 8:05,76.03,75.89,75.78,75.63,7,1,0,1,B,-,tide_only"
2026-08-06T08:10:00.000-04:00,"2026-8-6 8:10,75.86,75.88,75.79,75.64,0,0,0,1,-,-,neutral"
2026-08-06T08:15:00.000-04:00,"2026-8-6 8:15,76.07,75.95,75.81,75.65,7,1,0,1,-,-,tide_only"
2026-08-06T08:20:00.000-04:00,"2026-8-6 8:20,76.21,76.05,75.84,75.68,7,1,0,1,-,-,tide_only"
2026-08-06T08:25:00.000-04:00,"2026-8-6 8:25,76.21,76.12,75.87,75.7,7,1,1,1,-,-,RIDE_both"
2026-08-06T08:30:00.000-04:00,"2026-8-6 8:30,76.23,76.18,75.9,75.72,7,1,1,1,-,-,RIDE_both"
2026-08-06T08:35:00.000-04:00,"2026-8-6 8:35,76.39,76.28,75.93,75.74,7,1,1,1,-,-,RIDE_both"
2026-08-06T08:40:00.000-04:00,"2026-8-6 8:40,76.28,76.31,75.96,75.77,0,0,1,1,-,-,neutral"
2026-08-06T08:45:00.000-04:00,"2026-8-6 8:45,76.2,76.3,75.98,75.78,0,0,1,1,-,-,neutral"
2026-08-06T08:50:00.000-04:00,"2026-8-6 8:50,76.29,76.32,76,75.8,0,0,1,1,-,-,neutral"
2026-08-06T08:55:00.000-04:00,"2026-8-6 8:55,76.22,76.3,76.02,75.82,0,0,1,1,-,-,neutral"
2026-08-06T09:00:00.000-04:00,"2026-8-6 9:00,76.3,76.32,76.04,75.84,0,0,1,1,-,-,neutral"
2026-08-06T09:05:00.000-04:00,"2026-8-6 9:05,76.59,76.44,76.08,75.87,7,1,1,1,-,-,RIDE_both"
2026-08-06T09:10:00.000-04:00,"2026-8-6 9:10,76.64,76.54,76.13,75.9,7,1,1,1,-,-,RIDE_both"
2026-08-06T09:15:00.000-04:00,"2026-8-6 9:15,76.42,76.53,76.15,75.92,0,0,1,1,-,-,neutral"
2026-08-06T09:20:00.000-04:00,"2026-8-6 9:20,76.22,76.44,76.15,75.93,0,0,1,1,-,-,neutral"
2026-08-06T09:25:00.000-04:00,"2026-8-6 9:25,76.18,76.36,76.16,75.94,0,0,0,1,-,-,neutral"
2026-08-06T09:30:00.000-04:00,"2026-8-6 9:30,76.21,76.31,76.16,75.95,-3,-1,0,1,S,-,FIGHT"
2026-08-06T09:35:00.000-04:00,"2026-8-6 9:35,76.26,76.29,76.17,75.96,-3,-1,0,1,-,-,FIGHT"
2026-08-06T09:40:00.000-04:00,"2026-8-6 9:40,75.98,76.17,76.15,75.96,-5,-1,0,1,-,-,FIGHT"
2026-08-06T09:45:00.000-04:00,"2026-8-6 9:45,76.23,76.18,76.16,75.97,0,0,0,1,-,-,neutral"
2026-08-06T09:50:00.000-04:00,"2026-8-6 9:50,76.04,76.11,76.15,75.98,-5,-1,0,1,-,-,FIGHT"
2026-08-06T09:55:00.000-04:00,"2026-8-6 9:55,76.12,76.09,76.15,75.98,-5,-1,0,1,-,-,FIGHT"
2026-08-06T10:00:00.000-04:00,"2026-8-6 10:00,75.98,76.03,76.14,75.98,-5,-1,0,1,-,-,FIGHT"
2026-08-06T10:05:00.000-04:00,"2026-8-6 10:05,76.2,76.07,76.14,75.99,0,0,0,1,-,-,neutral"
2026-08-06T10:10:00.000-04:00,"2026-8-6 10:10,76.15,76.08,76.14,76,0,0,0,1,-,-,neutral"
2026-08-06T10:15:00.000-04:00,"2026-8-6 10:15,76.26,76.13,76.15,76.01,0,0,0,1,-,-,neutral"
2026-08-06T10:20:00.000-04:00,"2026-8-6 10:20,76.31,76.19,76.16,76.02,7,1,0,1,B,-,tide_only"
2026-08-06T10:25:00.000-04:00,"2026-8-6 10:25,76.4,76.26,76.18,76.03,7,1,1,1,-,-,RIDE_both"
2026-08-06T10:30:00.000-04:00,"2026-8-6 10:30,76.31,76.29,76.19,76.04,7,1,1,1,-,-,RIDE_both"
2026-08-06T10:35:00.000-04:00,"2026-8-6 10:35,76.51,76.37,76.22,76.06,7,1,1,1,-,-,RIDE_both"
2026-08-06T10:40:00.000-04:00,"2026-8-6 10:40,76.42,76.41,76.23,76.08,7,1,1,1,-,-,RIDE_both"
2026-08-06T10:45:00.000-04:00,"2026-8-6 10:45,76.54,76.47,76.25,76.1,7,1,1,1,-,-,RIDE_both"
2026-08-06T10:50:00.000-04:00,"2026-8-6 10:50,76.65,76.56,76.29,76.12,7,1,1,1,-,-,RIDE_both"
2026-08-06T10:55:00.000-04:00,"2026-8-6 10:55,76.57,76.59,76.31,76.13,0,0,1,1,-,-,neutral"
2026-08-06T11:00:00.000-04:00,"2026-8-6 11:00,76.7,76.66,76.34,76.16,7,1,1,1,-,-,RIDE_both"
2026-08-06T11:05:00.000-04:00,"2026-8-6 11:05,76.61,76.67,76.36,76.17,0,0,1,1,-,-,neutral"
2026-08-06T11:10:00.000-04:00,"2026-8-6 11:10,76.71,76.71,76.39,76.2,7,1,1,1,-,-,RIDE_both"
2026-08-06T11:15:00.000-04:00,"2026-8-6 11:15,77.11,76.89,76.44,76.23,7,1,1,1,-,-,RIDE_both"
2026-08-06T11:20:00.000-04:00,"2026-8-6 11:20,77.13,77.02,76.49,76.27,7,1,1,1,-,-,RIDE_both"
2026-08-06T11:25:00.000-04:00,"2026-8-6 11:25,76.84,77,76.52,76.29,0,0,1,1,-,-,neutral"
2026-08-06T11:30:00.000-04:00,"2026-8-6 11:30,77.04,77.06,76.56,76.32,7,1,1,1,-,-,RIDE_both"
2026-08-06T11:35:00.000-04:00,"2026-8-6 11:35,76.93,77.06,76.59,76.34,0,0,1,1,-,-,neutral"
2026-08-06T11:40:00.000-04:00,"2026-8-6 11:40,76.85,77.02,76.61,76.36,0,0,0,1,-,-,neutral"
2026-08-06T11:45:00.000-04:00,"2026-8-6 11:45,76.99,77.04,76.64,76.39,0,0,0,1,-,-,neutral"
2026-08-06T11:50:00.000-04:00,"2026-8-6 11:50,77.91,77.39,76.74,76.45,7,1,0,1,-,-,tide_only"
2026-08-06T11:55:00.000-04:00,"2026-8-6 11:55,77.75,77.58,76.81,76.5,7,1,1,1,-,-,RIDE_both"
2026-08-06T12:00:00.000-04:00,"2026-8-6 12:00,77.75,77.71,76.89,76.55,7,1,1,1,-,-,RIDE_both"
2026-08-06T12:05:00.000-04:00,"2026-8-6 12:05,77.74,77.8,76.95,76.59,7,1,1,1,-,-,RIDE_both"
2026-08-06T12:10:00.000-04:00,"2026-8-6 12:10,77.86,77.89,77.02,76.64,7,1,1,1,-,-,RIDE_both"
2026-08-06T12:15:00.000-04:00,"2026-8-6 12:15,77.98,78,77.1,76.7,7,1,1,1,-,-,RIDE_both"
2026-08-06T12:20:00.000-04:00,"2026-8-6 12:20,77.77,77.99,77.15,76.74,0,0,1,1,-,-,neutral"
2026-08-06T12:25:00.000-04:00,"2026-8-6 12:25,77.67,77.94,77.19,76.77,0,0,1,1,-,-,neutral"
2026-08-06T12:30:00.000-04:00,"2026-8-6 12:30,77.71,77.9,77.23,76.81,0,0,1,1,-,-,neutral"
2026-08-06T12:35:00.000-04:00,"2026-8-6 12:35,77.82,77.91,77.27,76.85,0,0,1,1,-,-,neutral"
2026-08-06T12:40:00.000-04:00,"2026-8-6 12:40,78.06,78,77.33,76.9,7,1,1,1,-,-,RIDE_both"
2026-08-06T12:45:00.000-04:00,"2026-8-6 12:45,77.8,77.97,77.37,76.93,0,0,1,1,-,-,neutral"
2026-08-06T12:50:00.000-04:00,"2026-8-6 12:50,77.99,78,77.42,76.97,7,1,1,1,-,-,RIDE_both"
2026-08-06T12:55:00.000-04:00,"2026-8-6 12:55,77.87,77.98,77.45,77.01,0,0,0,1,-,-,neutral"
2026-08-06T13:00:00.000-04:00,"2026-8-6 13:00,77.79,77.93,77.48,77.04,0,0,0,1,-,-,neutral"
2026-08-06T13:05:00.000-04:00,"2026-8-6 13:05,77.73,77.87,77.5,77.07,0,0,0,1,-,-,neutral"
2026-08-06T13:10:00.000-04:00,"2026-8-6 13:10,77.75,77.83,77.52,77.09,0,0,0,1,-,-,neutral"
2026-08-06T13:15:00.000-04:00,"2026-8-6 13:15,77.7,77.78,77.53,77.12,0,0,0,1,-,-,neutral"
2026-08-06T13:20:00.000-04:00,"2026-8-6 13:20,77.76,77.76,77.55,77.14,0,0,0,1,-,-,neutral"
2026-08-06T13:25:00.000-04:00,"2026-8-6 13:25,77.64,77.7,77.56,77.16,-3,-1,0,1,S,-,FIGHT"
2026-08-06T13:30:00.000-04:00,"2026-8-6 13:30,77.3,77.54,77.54,77.17,-5,-1,0,1,-,-,FIGHT"
2026-08-06T13:35:00.000-04:00,"2026-8-6 13:35,77.29,77.41,77.52,77.17,-5,-1,0,1,-,-,FIGHT"
2026-08-06T13:40:00.000-04:00,"2026-8-6 13:40,77.36,77.35,77.51,77.18,-5,-1,0,1,-,-,FIGHT"
2026-08-06T13:45:00.000-04:00,"2026-8-6 13:45,77.27,77.27,77.49,77.18,-5,-1,0,1,-,-,FIGHT"
2026-08-06T13:50:00.000-04:00,"2026-8-6 13:50,77.22,77.2,77.47,77.19,-5,-1,0,1,-,-,FIGHT"
2026-08-06T13:55:00.000-04:00,"2026-8-6 13:55,77.32,77.2,77.46,77.19,-3,-1,0,1,-,-,FIGHT"
2026-08-06T14:00:00.000-04:00,"2026-8-6 14:00,77.16,77.14,77.43,77.19,-5,-1,0,1,-,-,FIGHT"
2026-08-06T14:05:00.000-04:00,"2026-8-6 14:05,77.18,77.1,77.41,77.19,-5,-1,0,1,-,-,FIGHT"
2026-08-06T14:10:00.000-04:00,"2026-8-6 14:10,77.31,77.13,77.41,77.19,0,0,0,1,-,-,neutral"
2026-08-06T14:15:00.000-04:00,"2026-8-6 14:15,77.33,77.17,77.4,77.2,0,0,0,1,-,-,neutral"
2026-08-06T14:20:00.000-04:00,"2026-8-6 14:20,77.39,77.22,77.4,77.21,0,0,0,1,-,-,neutral"
2026-08-06T14:25:00.000-04:00,"2026-8-6 14:25,77.28,77.22,77.39,77.21,0,0,0,1,-,-,neutral"
2026-08-06T14:30:00.000-04:00,"2026-8-6 14:30,77.27,77.22,77.38,77.21,0,0,0,1,-,-,neutral"
2026-08-06T14:35:00.000-04:00,"2026-8-6 14:35,77.3,77.23,77.37,77.22,0,0,0,1,-,-,neutral"
2026-08-06T14:40:00.000-04:00,"2026-8-6 14:40,77.28,77.23,77.37,77.22,0,0,0,1,-,-,neutral"
2026-08-06T14:45:00.000-04:00,"2026-8-6 14:45,77.29,77.24,77.36,77.22,0,0,0,1,-,-,neutral"
2026-08-06T14:50:00.000-04:00,"2026-8-6 14:50,77.39,77.29,77.36,77.23,0,0,0,1,-,-,neutral"
2026-08-06T14:55:00.000-04:00,"2026-8-6 14:55,77.41,77.33,77.37,77.23,0,0,0,0,-,-,neutral"
2026-08-06T15:00:00.000-04:00,"2026-8-6 15:00,77.56,77.42,77.38,77.25,7,1,0,0,B,-,FIGHT"
2026-08-06T15:05:00.000-04:00,"2026-8-6 15:05,77.6,77.49,77.4,77.26,7,1,0,0,-,-,FIGHT"
2026-08-06T15:10:00.000-04:00,"2026-8-6 15:10,77.59,77.55,77.41,77.27,7,1,1,0,-,-,wave_only"
2026-08-06T15:15:00.000-04:00,"2026-8-6 15:15,77.55,77.57,77.42,77.28,7,1,1,0,-,-,wave_only"
2026-08-06T15:20:00.000-04:00,"2026-8-6 15:20,77.97,77.74,77.47,77.31,7,1,1,0,-,-,wave_only"
2026-08-06T15:25:00.000-04:00,"2026-8-6 15:25,78.15,77.93,77.52,77.34,7,1,1,0,-,-,wave_only"
2026-08-06T15:30:00.000-04:00,"2026-8-6 15:30,78.08,78.03,77.56,77.37,7,1,1,0,-,-,wave_only"
2026-08-06T15:35:00.000-04:00,"2026-8-6 15:35,78.05,78.09,77.6,77.4,7,0,1,0,-,-,neutral"
2026-08-06T15:40:00.000-04:00,"2026-8-6 15:40,77.94,78.09,77.63,77.42,0,0,1,0,-,-,neutral"
2026-08-06T15:45:00.000-04:00,"2026-8-6 15:45,77.86,78.06,77.64,77.44,0,0,1,0,-,-,neutral"
2026-08-06T15:50:00.000-04:00,"2026-8-6 15:50,77.61,77.93,77.64,77.45,0,0,1,0,-,-,neutral"
2026-08-06T15:55:00.000-04:00,"2026-8-6 15:55,77.7,77.87,77.65,77.46,0,0,0,1,-,-,neutral"
2026-08-06T16:00:00.000-04:00,"2026-8-6 16:00,77.73,77.83,77.65,77.47,0,0,0,1,-,-,neutral"
2026-08-06T16:05:00.000-04:00,"2026-8-6 16:05,77.74,77.8,77.66,77.48,0,0,0,1,-,-,neutral"
2026-08-06T16:10:00.000-04:00,"2026-8-6 16:10,77.77,77.8,77.67,77.49,0,0,0,1,-,-,neutral"
2026-08-06T16:15:00.000-04:00,"2026-8-6 16:15,77.7,77.76,77.67,77.5,0,0,0,1,-,-,neutral"
2026-08-06T16:20:00.000-04:00,"2026-8-6 16:20,77.97,77.84,77.69,77.51,7,1,0,1,-,-,tide_only"
2026-08-06T16:25:00.000-04:00,"2026-8-6 16:25,78.09,77.94,77.72,77.54,7,1,1,1,-,-,RIDE_both"
2026-08-06T16:30:00.000-04:00,"2026-8-6 16:30,78.02,77.98,77.75,77.56,7,1,1,1,-,-,RIDE_both"
2026-08-06T16:35:00.000-04:00,"2026-8-6 16:35,78.18,78.07,77.78,77.58,7,1,1,1,-,-,RIDE_both"
2026-08-06T16:40:00.000-04:00,"2026-8-6 16:40,78.15,78.12,77.81,77.6,7,1,1,1,-,-,RIDE_both"
2026-08-06T16:45:00.000-04:00,"2026-8-6 16:45,78.35,78.23,77.85,77.63,7,1,1,1,-,-,RIDE_both"
2026-08-06T16:50:00.000-04:00,"2026-8-6 16:50,78.23,78.26,77.88,77.66,0,0,1,1,-,-,neutral"
2026-08-06T16:55:00.000-04:00,"2026-8-6 16:55,78.25,78.29,77.91,77.68,0,0,0,1,-,-,neutral"
2026-08-06T18:00:00.000-04:00,"2026-8-6 18:00,78.17,78.28,77.93,77.7,0,0,0,1,-,-,neutral"
2026-08-06T18:05:00.000-04:00,"2026-8-6 18:05,78.1,78.24,77.94,77.71,0,0,0,1,-,-,neutral"
2026-08-06T18:10:00.000-04:00,"2026-8-6 18:10,78.11,78.21,77.95,77.73,0,0,0,1,-,-,neutral"
2026-08-06T18:15:00.000-04:00,"2026-8-6 18:15,78.1,78.18,77.97,77.74,0,0,0,1,-,-,neutral"
2026-08-06T18:20:00.000-04:00,"2026-8-6 18:20,78.06,78.14,77.97,77.76,0,0,0,1,-,-,neutral"
2026-08-06T18:25:00.000-04:00,"2026-8-6 18:25,78.08,78.12,77.98,77.77,-3,-1,0,1,S,-,FIGHT"
2026-08-06T18:30:00.000-04:00,"2026-8-6 18:30,78.1,78.11,77.99,77.78,0,0,0,1,-,-,neutral"
2026-08-06T18:35:00.000-04:00,"2026-8-6 18:35,78.11,78.11,78,77.8,0,0,0,1,-,-,neutral"
2026-08-06T18:40:00.000-04:00,"2026-8-6 18:40,78.11,78.11,78.01,77.81,0,0,0,1,-,-,neutral"
2026-08-06T18:45:00.000-04:00,"2026-8-6 18:45,78.1,78.1,78.01,77.82,0,0,0,1,-,-,neutral"
2026-08-06T18:50:00.000-04:00,"2026-8-6 18:50,78.11,78.1,78.02,77.83,0,0,0,1,-,-,neutral"
2026-08-06T18:55:00.000-04:00,"2026-8-6 18:55,78.1,78.09,78.03,77.84,0,0,0,0,-,-,neutral"
2026-08-06T19:00:00.000-04:00,"2026-8-6 19:00,78.08,78.08,78.03,77.85,-3,0,0,0,-,-,neutral"
2026-08-06T19:05:00.000-04:00,"2026-8-6 19:05,78.07,78.07,78.04,77.86,-3,-1,0,0,-,-,FIGHT"
2026-08-06T19:10:00.000-04:00,"2026-8-6 19:10,78.09,78.07,78.04,77.87,0,0,0,0,-,-,neutral"
2026-08-06T19:15:00.000-04:00,"2026-8-6 19:15,78.08,78.07,78.04,77.88,-3,-1,0,0,-,-,FIGHT"
2026-08-06T19:20:00.000-04:00,"2026-8-6 19:20,78.1,78.07,78.05,77.89,7,1,0,0,B,-,FIGHT"
2026-08-06T19:25:00.000-04:00,"2026-8-6 19:25,78.05,78.06,78.05,77.89,-5,-1,0,0,S,-,FIGHT"
2026-08-06T19:30:00.000-04:00,"2026-8-6 19:30,78.04,78.04,78.05,77.9,-5,-1,0,0,-,-,FIGHT"
2026-08-06T19:35:00.000-04:00,"2026-8-6 19:35,78.07,78.05,78.05,77.9,0,0,0,0,-,-,neutral"
2026-08-06T19:40:00.000-04:00,"2026-8-6 19:40,78.06,78.04,78.05,77.91,0,0,0,0,-,-,neutral"
2026-08-06T19:45:00.000-04:00,"2026-8-6 19:45,78.05,78.04,78.05,77.92,-5,-1,0,0,-,-,FIGHT"
2026-08-06T19:50:00.000-04:00,"2026-8-6 19:50,78.06,78.04,78.05,77.92,0,0,0,0,-,-,neutral"
2026-08-06T19:55:00.000-04:00,"2026-8-6 19:55,77.97,78.01,78.04,77.92,-5,-1,0,0,-,-,FIGHT"
2026-08-06T20:00:00.000-04:00,"2026-8-6 20:00,78.14,78.05,78.05,77.93,0,0,0,0,-,-,neutral"
2026-08-06T20:05:00.000-04:00,"2026-8-6 20:05,78.07,78.05,78.05,77.94,0,0,0,0,-,-,neutral"
2026-08-06T20:10:00.000-04:00,"2026-8-6 20:10,78.15,78.09,78.06,77.95,7,1,1,0,B,-,wave_only"
2026-08-06T20:15:00.000-04:00,"2026-8-6 20:15,78.16,78.11,78.07,77.95,7,1,1,0,-,-,wave_only"
2026-08-06T20:20:00.000-04:00,"2026-8-6 20:20,78.25,78.17,78.08,77.97,7,1,1,0,-,-,wave_only"
2026-08-06T20:25:00.000-04:00,"2026-8-6 20:25,78.28,78.22,78.1,77.98,7,1,1,0,-,-,wave_only"
2026-08-06T20:30:00.000-04:00,"2026-8-6 20:30,78.24,78.24,78.11,77.99,7,1,1,0,-,-,wave_only"
2026-08-06T20:35:00.000-04:00,"2026-8-6 20:35,78.38,78.3,78.13,78,7,1,1,0,-,-,wave_only"
2026-08-06T20:40:00.000-04:00,"2026-8-6 20:40,78.22,78.29,78.14,78.01,0,0,1,0,-,-,neutral"
2026-08-06T20:45:00.000-04:00,"2026-8-6 20:45,78.14,78.25,78.14,78.02,0,0,1,0,-,-,neutral"
2026-08-06T20:50:00.000-04:00,"2026-8-6 20:50,78.02,78.17,78.13,78.02,-3,-1,1,0,S,-,FIGHT"
2026-08-06T20:55:00.000-04:00,"2026-8-6 20:55,77.93,78.08,78.11,78.01,-5,-1,0,0,-,-,FIGHT"
2026-08-06T21:00:00.000-04:00,"2026-8-6 21:00,77.92,78.01,78.1,78.01,-5,-1,0,0,-,-,FIGHT"
2026-08-06T21:05:00.000-04:00,"2026-8-6 21:05,77.86,77.94,78.08,78,-5,-1,0,0,-,-,FIGHT"
2026-08-06T21:10:00.000-04:00,"2026-8-6 21:10,77.82,77.88,78.06,78,-5,-1,-1,0,-,-,wave_only"
2026-08-06T21:15:00.000-04:00,"2026-8-6 21:15,77.85,77.84,78.04,77.99,-5,-1,-1,0,-,-,wave_only"
2026-08-06T21:20:00.000-04:00,"2026-8-6 21:20,78.02,77.88,78.04,77.99,0,0,-1,0,-,-,neutral"
2026-08-06T21:25:00.000-04:00,"2026-8-6 21:25,77.84,77.85,78.03,77.99,-5,-1,-1,0,-,-,wave_only"
2026-08-06T21:30:00.000-04:00,"2026-8-6 21:30,77.83,77.82,78.01,77.98,-5,-1,-1,0,-,-,wave_only"
2026-08-06T21:35:00.000-04:00,"2026-8-6 21:35,77.76,77.78,77.99,77.97,-5,-1,-1,0,-,-,wave_only"
2026-08-06T21:40:00.000-04:00,"2026-8-6 21:40,77.79,77.76,77.98,77.96,-5,0,-1,0,-,-,neutral"
2026-08-06T21:45:00.000-04:00,"2026-8-6 21:45,77.96,77.81,77.97,77.96,0,0,-1,0,-,-,neutral"
2026-08-06T21:50:00.000-04:00,"2026-8-6 21:50,77.95,77.85,77.97,77.96,0,0,-1,0,-,-,neutral"
2026-08-06T21:55:00.000-04:00,"2026-8-6 21:55,77.92,77.87,77.97,77.96,0,0,0,0,-,-,neutral"
2026-08-06T22:00:00.000-04:00,"2026-8-6 22:00,78.08,77.94,77.98,77.97,0,0,0,0,-,-,neutral"
2026-08-06T22:05:00.000-04:00,"2026-8-6 22:05,78.03,77.98,77.98,77.97,7,0,0,0,-,-,neutral"
2026-08-06T22:10:00.000-04:00,"2026-8-6 22:10,78.02,78,77.98,77.97,7,1,0,0,B,-,FIGHT"
2026-08-06T22:15:00.000-04:00,"2026-8-6 22:15,78.12,78.05,77.99,77.98,7,1,0,0,-,-,FIGHT"
2026-08-06T22:20:00.000-04:00,"2026-8-6 22:20,78.03,78.06,78,77.98,7,0,0,0,-,-,neutral"
2026-08-06T22:25:00.000-04:00,"2026-8-6 22:25,78.11,78.09,78.01,77.98,7,1,1,0,-,-,wave_only"
2026-08-06T22:30:00.000-04:00,"2026-8-6 22:30,78.14,78.12,78.02,77.99,7,1,1,0,-,-,wave_only"
2026-08-06T22:35:00.000-04:00,"2026-8-6 22:35,78.19,78.16,78.03,78,7,1,1,0,-,-,wave_only"
2026-08-06T22:40:00.000-04:00,"2026-8-6 22:40,78.09,78.15,78.03,78,0,0,1,0,-,-,neutral"
2026-08-06T22:45:00.000-04:00,"2026-8-6 22:45,78.08,78.14,78.04,78,0,0,1,0,-,-,neutral"
2026-08-06T22:50:00.000-04:00,"2026-8-6 22:50,78,78.1,78.04,78,0,0,1,0,-,-,neutral"
2026-08-06T22:55:00.000-04:00,"2026-8-6 22:55,78.01,78.08,78.03,78,0,0,0,0,-,-,neutral"
2026-08-06T23:00:00.000-04:00,"2026-8-6 23:00,77.91,78.02,78.02,78,-5,-1,0,0,S,-,FIGHT"
2026-08-06T23:05:00.000-04:00,"2026-8-6 23:05,78.04,78.02,78.02,78,0,0,0,0,-,-,neutral"
2026-08-06T23:10:00.000-04:00,"2026-8-6 23:10,78.09,78.05,78.03,78.01,7,1,1,0,B,-,wave_only"
2026-08-06T23:15:00.000-04:00,"2026-8-6 23:15,78.16,78.09,78.04,78.01,7,1,1,0,-,-,wave_only"
2026-08-06T23:20:00.000-04:00,"2026-8-6 23:20,78.1,78.1,78.04,78.02,7,0,1,0,-,-,neutral"
2026-08-06T23:25:00.000-04:00,"2026-8-6 23:25,78.07,78.09,78.05,78.02,0,0,0,0,-,-,neutral"
2026-08-06T23:30:00.000-04:00,"2026-8-6 23:30,78.07,78.09,78.05,78.02,0,0,0,0,-,-,neutral"
2026-08-06T23:35:00.000-04:00,"2026-8-6 23:35,77.98,78.05,78.04,78.02,-5,-1,0,0,S,-,FIGHT"
2026-08-06T23:40:00.000-04:00,"2026-8-6 23:40,78.03,78.04,78.04,78.02,-5,0,0,0,-,-,neutral"
2026-08-06T23:45:00.000-04:00,"2026-8-6 23:45,78.06,78.05,78.04,78.02,0,0,0,0,-,-,neutral"
2026-08-06T23:50:00.000-04:00,"2026-8-6 23:50,78.05,78.05,78.04,78.02,0,0,0,0,-,-,neutral"
2026-08-06T23:55:00.000-04:00,"2026-8-6 23:55,78.05,78.05,78.04,78.02,0,0,0,0,-,-,neutral"
2026-08-07T00:00:00.000-04:00,"2026-8-7 0:00,78.08,78.06,78.05,78.02,7,0,0,0,-,-,neutral"
2026-08-07T00:05:00.000-04:00,"2026-8-7 0:05,78.16,78.1,78.06,78.03,7,1,0,0,B,-,FIGHT"
2026-08-07T00:10:00.000-04:00,"2026-8-7 0:10,78.27,78.16,78.07,78.04,7,1,1,0,-,-,wave_only"
2026-08-07T00:15:00.000-04:00,"2026-8-7 0:15,78.6,78.34,78.11,78.06,7,1,1,0,-,-,wave_only"
2026-08-07T00:20:00.000-04:00,"2026-8-7 0:20,78.55,78.44,78.15,78.08,7,1,1,0,-,-,wave_only"
2026-08-07T00:25:00.000-04:00,"2026-8-7 0:25,78.63,78.54,78.18,78.1,7,1,1,0,-,-,wave_only"
2026-08-07T00:30:00.000-04:00,"2026-8-7 0:30,78.29,78.49,78.19,78.11,0,0,1,0,-,-,neutral"
2026-08-07T00:35:00.000-04:00,"2026-8-7 0:35,78.32,78.46,78.2,78.12,0,0,1,0,-,-,neutral"
2026-08-07T00:40:00.000-04:00,"2026-8-7 0:40,78.47,78.49,78.22,78.13,0,0,1,0,-,-,neutral"
2026-08-07T00:45:00.000-04:00,"2026-8-7 0:45,78.4,78.48,78.24,78.14,0,0,1,0,-,-,neutral"
2026-08-07T00:50:00.000-04:00,"2026-8-7 0:50,78.33,78.44,78.24,78.15,0,0,1,0,-,-,neutral"
2026-08-07T00:55:00.000-04:00,"2026-8-7 0:55,78.33,78.41,78.25,78.16,0,0,0,0,-,-,neutral"
2026-08-07T01:00:00.000-04:00,"2026-8-7 1:00,78.26,78.37,78.25,78.16,0,0,0,0,-,-,neutral"
2026-08-07T01:05:00.000-04:00,"2026-8-7 1:05,78.26,78.33,78.25,78.16,0,0,0,0,-,-,neutral"
2026-08-07T01:10:00.000-04:00,"2026-8-7 1:10,78.33,78.33,78.26,78.17,0,0,0,0,-,-,neutral"
2026-08-07T01:15:00.000-04:00,"2026-8-7 1:15,78.32,78.32,78.26,78.18,0,0,0,0,-,-,neutral"
2026-08-07T01:20:00.000-04:00,"2026-8-7 1:20,78.27,78.3,78.26,78.18,-3,-1,0,0,S,-,FIGHT"
2026-08-07T01:25:00.000-04:00,"2026-8-7 1:25,78.33,78.31,78.27,78.19,7,1,0,0,B,-,FIGHT"
2026-08-07T01:30:00.000-04:00,"2026-8-7 1:30,78.36,78.32,78.28,78.19,7,1,0,0,-,-,FIGHT"
2026-08-07T01:35:00.000-04:00,"2026-8-7 1:35,78.19,78.27,78.27,78.19,-5,-1,0,0,S,-,FIGHT"
2026-08-07T01:40:00.000-04:00,"2026-8-7 1:40,78.24,78.25,78.27,78.19,-5,-1,0,0,-,-,FIGHT"
2026-08-07T01:45:00.000-04:00,"2026-8-7 1:45,78.25,78.24,78.27,78.2,-5,-1,0,0,-,-,FIGHT"
2026-08-07T01:50:00.000-04:00,"2026-8-7 1:50,78.12,78.19,78.25,78.19,-5,-1,0,0,-,-,FIGHT"
2026-08-07T01:55:00.000-04:00,"2026-8-7 1:55,78.06,78.13,78.24,78.19,-5,-1,-1,0,-,-,wave_only"
2026-08-07T02:00:00.000-04:00,"2026-8-7 2:00,77.88,78.02,78.21,78.18,-5,-1,-1,0,-,-,wave_only"
2026-08-07T02:05:00.000-04:00,"2026-8-7 2:05,77.91,77.95,78.19,78.17,-5,-1,-1,0,-,-,wave_only"
2026-08-07T02:10:00.000-04:00,"2026-8-7 2:10,77.83,77.87,78.16,78.15,-5,-1,-1,0,-,-,wave_only"
2026-08-07T02:15:00.000-04:00,"2026-8-7 2:15,77.89,77.84,78.14,78.14,-3,-1,-1,0,-,-,wave_only"
2026-08-07T02:20:00.000-04:00,"2026-8-7 2:20,77.63,77.73,78.1,78.12,-5,-1,-1,0,-,-,wave_only"
2026-08-07T02:25:00.000-04:00,"2026-8-7 2:25,77.58,77.63,78.06,78.1,-5,-1,-1,0,-,-,wave_only"
2026-08-07T02:30:00.000-04:00,"2026-8-7 2:30,77.77,77.64,78.04,78.09,0,0,-1,0,-,-,neutral"
2026-08-07T02:35:00.000-04:00,"2026-8-7 2:35,77.91,77.7,78.03,78.08,0,0,-1,0,-,-,neutral"
2026-08-07T02:40:00.000-04:00,"2026-8-7 2:40,78.08,77.81,78.03,78.08,0,0,0,0,-,-,neutral"
2026-08-07T02:45:00.000-04:00,"2026-8-7 2:45,78.06,77.89,78.03,78.08,0,0,0,0,-,-,neutral"
2026-08-07T02:50:00.000-04:00,"2026-8-7 2:50,77.94,77.9,78.03,78.07,0,0,0,0,-,-,neutral"
2026-08-07T02:55:00.000-04:00,"2026-8-7 2:55,77.86,77.88,78.01,78.07,-7,-1,-1,0,-,-,wave_only"
2026-08-07T03:00:00.000-04:00,"2026-8-7 3:00,77.94,77.9,78.01,78.06,0,0,-1,0,-,-,neutral"
2026-08-07T03:05:00.000-04:00,"2026-8-7 3:05,77.92,77.91,78,78.06,0,0,-1,0,-,-,neutral"
2026-08-07T03:10:00.000-04:00,"2026-8-7 3:10,77.68,77.82,77.98,78.04,-7,-1,-1,0,-,-,wave_only"
2026-08-07T03:15:00.000-04:00,"2026-8-7 3:15,77.77,77.8,77.96,78.03,-7,-1,-1,0,-,-,wave_only"
2026-08-07T03:20:00.000-04:00,"2026-8-7 3:20,77.7,77.75,77.94,78.02,-7,-1,-1,0,-,-,wave_only"
2026-08-07T03:25:00.000-04:00,"2026-8-7 3:25,77.54,77.66,77.91,78,-7,-1,-1,0,-,-,wave_only"
2026-08-07T03:30:00.000-04:00,"2026-8-7 3:30,77.66,77.64,77.89,77.99,0,0,-1,0,-,-,neutral"
2026-08-07T03:35:00.000-04:00,"2026-8-7 3:35,77.7,77.64,77.88,77.97,0,0,-1,0,-,-,neutral"
2026-08-07T03:40:00.000-04:00,"2026-8-7 3:40,77.83,77.7,77.87,77.97,0,0,0,0,-,-,neutral"
2026-08-07T03:45:00.000-04:00,"2026-8-7 3:45,77.77,77.72,77.86,77.96,0,0,0,0,-,-,neutral"
2026-08-07T03:50:00.000-04:00,"2026-8-7 3:50,77.92,77.79,77.87,77.96,3,0,0,0,-,-,neutral"
2026-08-07T03:55:00.000-04:00,"2026-8-7 3:55,77.76,77.78,77.86,77.95,-3,-1,0,0,-,-,FIGHT"
2026-08-07T04:00:00.000-04:00,"2026-8-7 4:00,77.66,77.74,77.85,77.94,-7,-1,0,0,-,-,FIGHT"
2026-08-07T04:05:00.000-04:00,"2026-8-7 4:05,77.61,77.69,77.83,77.93,-7,-1,0,0,-,-,FIGHT"
2026-08-07T04:10:00.000-04:00,"2026-8-7 4:10,77.67,77.68,77.82,77.92,-3,-1,-1,0,-,-,wave_only"
2026-08-07T04:15:00.000-04:00,"2026-8-7 4:15,77.81,77.72,77.81,77.91,3,0,-1,0,-,-,neutral"
2026-08-07T04:20:00.000-04:00,"2026-8-7 4:20,77.75,77.73,77.81,77.91,0,0,-1,0,-,-,neutral"
2026-08-07T04:25:00.000-04:00,"2026-8-7 4:25,77.84,77.77,77.81,77.9,3,0,0,0,-,-,neutral"
2026-08-07T04:30:00.000-04:00,"2026-8-7 4:30,77.71,77.75,77.8,77.9,-7,-1,0,0,-,-,FIGHT"
2026-08-07T04:35:00.000-04:00,"2026-8-7 4:35,77.87,77.8,77.81,77.9,5,1,0,0,B,-,FIGHT"
2026-08-07T04:40:00.000-04:00,"2026-8-7 4:40,77.84,77.82,77.81,77.89,5,1,0,0,-,-,FIGHT"
2026-08-07T04:45:00.000-04:00,"2026-8-7 4:45,77.91,77.87,77.82,77.89,5,1,0,0,-,-,FIGHT"
2026-08-07T04:50:00.000-04:00,"2026-8-7 4:50,77.85,77.87,77.82,77.89,0,0,0,0,-,-,neutral"
2026-08-07T04:55:00.000-04:00,"2026-8-7 4:55,77.72,77.83,77.81,77.89,0,0,-1,0,-,-,neutral"
2026-08-07T05:00:00.000-04:00,"2026-8-7 5:00,77.65,77.77,77.8,77.88,-7,-1,-1,0,S,-,wave_only"
2026-08-07T05:05:00.000-04:00,"2026-8-7 5:05,77.69,77.74,77.79,77.87,-7,-1,-1,0,-,-,wave_only"
2026-08-07T05:10:00.000-04:00,"2026-8-7 5:10,77.61,77.69,77.78,77.86,-7,-1,-1,0,-,-,wave_only"
2026-08-07T05:15:00.000-04:00,"2026-8-7 5:15,77.65,77.67,77.77,77.85,-7,-1,-1,0,-,-,wave_only"
2026-08-07T05:20:00.000-04:00,"2026-8-7 5:20,77.56,77.62,77.75,77.84,-7,-1,-1,0,-,-,wave_only"
2026-08-07T05:25:00.000-04:00,"2026-8-7 5:25,77.52,77.57,77.73,77.83,-7,-1,-1,0,-,-,wave_only"
2026-08-07T05:30:00.000-04:00,"2026-8-7 5:30,77.49,77.53,77.72,77.81,-7,-1,-1,0,-,-,wave_only"
2026-08-07T05:35:00.000-04:00,"2026-8-7 5:35,77.22,77.39,77.68,77.79,-7,-1,-1,0,-,-,wave_only"
2026-08-07T05:40:00.000-04:00,"2026-8-7 5:40,77.25,77.31,77.64,77.77,-7,-1,-1,0,-,-,wave_only"
2026-08-07T05:45:00.000-04:00,"2026-8-7 5:45,77.1,77.2,77.6,77.74,-7,-1,-1,0,-,-,wave_only"
2026-08-07T05:50:00.000-04:00,"2026-8-7 5:50,77.29,77.19,77.58,77.72,-7,-1,-1,0,-,-,wave_only"
2026-08-07T05:55:00.000-04:00,"2026-8-7 5:55,77.26,77.18,77.55,77.71,-7,-1,-1,0,-,-,wave_only"
2026-08-07T06:00:00.000-04:00,"2026-8-7 6:00,77.14,77.13,77.52,77.68,-7,-1,-1,0,-,-,wave_only"
2026-08-07T06:05:00.000-04:00,"2026-8-7 6:05,77.16,77.11,77.49,77.66,-3,-1,-1,0,-,-,wave_only"
2026-08-07T06:10:00.000-04:00,"2026-8-7 6:10,77.03,77.05,77.46,77.64,-7,-1,-1,0,-,-,wave_only"
2026-08-07T06:15:00.000-04:00,"2026-8-7 6:15,77.13,77.04,77.43,77.62,-7,0,-1,0,-,-,neutral"
2026-08-07T06:20:00.000-04:00,"2026-8-7 6:20,77.2,77.07,77.42,77.6,0,0,-1,0,-,-,neutral"
2026-08-07T06:25:00.000-04:00,"2026-8-7 6:25,77.1,77.06,77.39,77.58,-7,-1,-1,0,-,-,wave_only"
2026-08-07T06:30:00.000-04:00,"2026-8-7 6:30,76.96,77,77.36,77.56,-7,-1,-1,0,-,-,wave_only"
2026-08-07T06:35:00.000-04:00,"2026-8-7 6:35,76.91,76.94,77.32,77.53,-7,-1,-1,0,-,-,wave_only"
2026-08-07T06:40:00.000-04:00,"2026-8-7 6:40,76.87,76.89,77.29,77.51,-7,-1,-1,0,-,-,wave_only"
2026-08-07T06:45:00.000-04:00,"2026-8-7 6:45,76.88,76.86,77.26,77.48,-7,-1,-1,0,-,-,wave_only"
2026-08-07T06:50:00.000-04:00,"2026-8-7 6:50,76.85,76.83,77.23,77.46,-7,-1,-1,0,-,-,wave_only"
2026-08-07T06:55:00.000-04:00,"2026-8-7 6:55,76.83,76.8,77.2,77.43,-3,-1,-1,0,-,-,wave_only"
2026-08-07T07:00:00.000-04:00,"2026-8-7 7:00,76.74,76.75,77.16,77.41,-7,-1,-1,0,-,-,wave_only"
2026-08-07T07:05:00.000-04:00,"2026-8-7 7:05,76.74,76.72,77.13,77.38,-7,-1,-1,0,-,-,wave_only"
2026-08-07T07:10:00.000-04:00,"2026-8-7 7:10,76.98,76.79,77.12,77.36,0,0,0,0,-,-,neutral"
2026-08-07T07:15:00.000-04:00,"2026-8-7 7:15,76.98,76.85,77.11,77.35,0,0,0,0,-,-,neutral"
2026-08-07T07:20:00.000-04:00,"2026-8-7 7:20,76.83,76.83,77.08,77.33,-7,-1,0,0,-,-,FIGHT"
2026-08-07T07:25:00.000-04:00,"2026-8-7 7:25,76.78,76.81,77.06,77.31,-7,-1,-1,0,-,-,wave_only"
2026-08-07T07:30:00.000-04:00,"2026-8-7 7:30,76.75,76.78,77.04,77.29,-7,-1,-1,0,-,-,wave_only"
2026-08-07T07:35:00.000-04:00,"2026-8-7 7:35,76.67,76.73,77.01,77.26,-7,-1,-1,0,-,-,wave_only"
2026-08-07T07:40:00.000-04:00,"2026-8-7 7:40,76.71,76.71,76.99,77.24,-7,-1,-1,0,-,-,wave_only"
2026-08-07T07:45:00.000-04:00,"2026-8-7 7:45,76.66,76.68,76.96,77.22,-7,-1,-1,0,-,-,wave_only"
2026-08-07T07:50:00.000-04:00,"2026-8-7 7:50,76.64,76.65,76.94,77.19,-7,-1,-1,0,-,-,wave_only"
2026-08-07T07:55:00.000-04:00,"2026-8-7 7:55,76.75,76.68,76.92,77.18,0,0,0,-1,-,-,neutral"
2026-08-07T08:00:00.000-04:00,"2026-8-7 8:00,76.71,76.68,76.91,77.16,0,0,0,-1,-,-,neutral"
2026-08-07T08:05:00.000-04:00,"2026-8-7 8:05,76.85,76.74,76.9,77.15,0,0,0,-1,-,-,neutral"
2026-08-07T08:10:00.000-04:00,"2026-8-7 8:10,77.03,76.85,76.91,77.14,3,1,0,-1,B,-,FIGHT"
2026-08-07T08:15:00.000-04:00,"2026-8-7 8:15,77.13,76.96,76.93,77.14,5,1,0,-1,-,-,FIGHT"
2026-08-07T08:20:00.000-04:00,"2026-8-7 8:20,77.28,77.1,76.96,77.15,5,1,0,-1,-,-,FIGHT"
2026-08-07T08:25:00.000-04:00,"2026-8-7 8:25,77.41,77.25,76.99,77.16,5,1,0,-1,-,-,FIGHT"
2026-08-07T08:30:00.000-04:00,"2026-8-7 8:30,76.96,77.19,76.99,77.15,0,0,0,-1,-,-,neutral"
2026-08-07T08:35:00.000-04:00,"2026-8-7 8:35,76.82,77.09,76.98,77.14,0,0,0,-1,-,-,neutral"
2026-08-07T08:40:00.000-04:00,"2026-8-7 8:40,76.76,76.99,76.96,77.12,0,0,-1,-1,-,-,neutral"
2026-08-07T08:45:00.000-04:00,"2026-8-7 8:45,76.79,76.93,76.95,77.11,-3,-1,-1,-1,S,SELL,RIDE_both"
2026-08-07T08:50:00.000-04:00,"2026-8-7 8:50,76.68,76.84,76.93,77.09,-7,-1,-1,-1,-,-,RIDE_both"
2026-08-07T08:55:00.000-04:00,"2026-8-7 8:55,76.74,76.8,76.91,77.08,-7,-1,-1,-1,-,-,RIDE_both"
2026-08-07T09:00:00.000-04:00,"2026-8-7 9:00,76.86,76.81,76.91,77.07,0,0,-1,-1,-,-,neutral"
2026-08-07T09:05:00.000-04:00,"2026-8-7 9:05,76.83,76.81,76.9,77.06,0,0,-1,-1,-,-,neutral"
2026-08-07T09:10:00.000-04:00,"2026-8-7 9:10,76.77,76.79,76.89,77.05,-7,-1,-1,-1,-,-,RIDE_both"
2026-08-07T09:15:00.000-04:00,"2026-8-7 9:15,76.79,76.78,76.88,77.04,-3,-1,-1,-1,-,-,RIDE_both"
2026-08-07T09:20:00.000-04:00,"2026-8-7 9:20,77.03,76.87,76.89,77.04,5,1,-1,-1,B,-,FIGHT"
2026-08-07T09:25:00.000-04:00,"2026-8-7 9:25,76.93,76.89,76.9,77.03,5,1,0,-1,-,-,FIGHT"
2026-08-07T09:30:00.000-04:00,"2026-8-7 9:30,77.05,76.96,76.91,77.03,5,1,0,-1,-,-,FIGHT"
2026-08-07T09:35:00.000-04:00,"2026-8-7 9:35,76.98,76.98,76.91,77.03,5,1,0,-1,-,-,FIGHT"
2026-08-07T09:40:00.000-04:00,"2026-8-7 9:40,77.04,77.01,76.92,77.03,5,1,0,-1,-,-,FIGHT"
2026-08-07T09:45:00.000-04:00,"2026-8-7 9:45,77.29,77.13,76.95,77.04,5,1,0,-1,-,-,FIGHT"
2026-08-07T09:50:00.000-04:00,"2026-8-7 9:50,77.29,77.21,76.98,77.05,5,1,0,-1,-,-,FIGHT"
2026-08-07T09:55:00.000-04:00,"2026-8-7 9:55,77.33,77.29,77.01,77.06,5,1,0,0,-,-,FIGHT"
2026-08-07T10:00:00.000-04:00,"2026-8-7 10:00,77.59,77.43,77.05,77.08,5,1,0,0,-,-,FIGHT"
2026-08-07T10:05:00.000-04:00,"2026-8-7 10:05,77.83,77.62,77.11,77.11,5,1,0,0,-,-,FIGHT"
2026-08-07T10:10:00.000-04:00,"2026-8-7 10:10,77.71,77.71,77.16,77.14,5,1,1,0,-,-,wave_only"
2026-08-07T10:15:00.000-04:00,"2026-8-7 10:15,77.47,77.69,77.18,77.15,0,0,1,0,-,-,neutral"
2026-08-07T10:20:00.000-04:00,"2026-8-7 10:20,77.64,77.72,77.22,77.17,0,0,1,0,-,-,neutral"
2026-08-07T10:25:00.000-04:00,"2026-8-7 10:25,77.64,77.74,77.25,77.19,0,0,1,0,-,-,neutral"
2026-08-07T10:30:00.000-04:00,"2026-8-7 10:30,77.56,77.72,77.27,77.2,0,0,1,0,-,-,neutral"
2026-08-07T10:35:00.000-04:00,"2026-8-7 10:35,77.57,77.7,77.3,77.22,0,0,1,0,-,-,neutral"
2026-08-07T10:40:00.000-04:00,"2026-8-7 10:40,77.49,77.65,77.31,77.23,0,0,1,0,-,-,neutral"
2026-08-07T10:45:00.000-04:00,"2026-8-7 10:45,77.63,77.67,77.33,77.24,0,0,1,0,-,-,neutral"
2026-08-07T10:50:00.000-04:00,"2026-8-7 10:50,77.88,77.76,77.38,77.27,7,1,1,0,-,-,wave_only"
2026-08-07T10:55:00.000-04:00,"2026-8-7 10:55,78.08,77.91,77.43,77.3,7,1,1,1,-,-,RIDE_both"
2026-08-07T11:00:00.000-04:00,"2026-8-7 11:00,78.32,78.1,77.5,77.34,7,1,1,1,-,-,RIDE_both"
2026-08-07T11:05:00.000-04:00,"2026-8-7 11:05,78.21,78.19,77.55,77.37,7,1,1,1,-,-,RIDE_both"
2026-08-07T11:10:00.000-04:00,"2026-8-7 11:10,78.17,78.24,77.6,77.41,0,0,1,1,-,-,neutral"
2026-08-07T11:15:00.000-04:00,"2026-8-7 11:15,78.34,78.33,77.66,77.44,7,1,1,1,-,-,RIDE_both"
2026-08-07T11:20:00.000-04:00,"2026-8-7 11:20,78.12,78.3,77.69,77.47,0,0,1,1,-,-,neutral"
2026-08-07T11:25:00.000-04:00,"2026-8-7 11:25,78.15,78.29,77.73,77.5,0,0,1,1,-,-,neutral"
2026-08-07T11:30:00.000-04:00,"2026-8-7 11:30,78.08,78.25,77.76,77.52,0,0,1,1,-,-,neutral"
2026-08-07T11:35:00.000-04:00,"2026-8-7 11:35,78.11,78.23,77.78,77.54,0,0,1,1,-,-,neutral"
2026-08-07T11:40:00.000-04:00,"2026-8-7 11:40,78.06,78.19,77.8,77.56,0,0,0,1,-,-,neutral"
2026-08-07T11:45:00.000-04:00,"2026-8-7 11:45,78.1,78.17,77.83,77.58,0,0,0,1,-,-,neutral"
2026-08-07T11:50:00.000-04:00,"2026-8-7 11:50,78.22,78.2,77.86,77.61,0,0,0,1,-,-,neutral"
2026-08-07T11:55:00.000-04:00,"2026-8-7 11:55,78.4,78.28,77.9,77.64,7,1,1,1,-,-,RIDE_both"
2026-08-07T12:00:00.000-04:00,"2026-8-7 12:00,78.36,78.33,77.93,77.67,0,0,1,1,-,-,neutral"
2026-08-07T12:05:00.000-04:00,"2026-8-7 12:05,78.29,78.33,77.96,77.69,0,0,1,1,-,-,neutral"
2026-08-07T12:10:00.000-04:00,"2026-8-7 12:10,78.29,78.33,77.99,77.72,0,0,0,1,-,-,neutral"
2026-08-07T12:15:00.000-04:00,"2026-8-7 12:15,78.32,78.34,78.01,77.74,0,0,0,1,-,-,neutral"
2026-08-07T12:20:00.000-04:00,"2026-8-7 12:20,78.43,78.38,78.04,77.77,7,1,0,1,-,-,tide_only"
2026-08-07T12:25:00.000-04:00,"2026-8-7 12:25,78.38,78.39,78.07,77.79,0,0,0,1,-,-,neutral"
2026-08-07T12:30:00.000-04:00,"2026-8-7 12:30,78.39,78.4,78.1,77.81,0,0,0,1,-,-,neutral"
2026-08-07T12:35:00.000-04:00,"2026-8-7 12:35,78.25,78.36,78.11,77.83,0,0,0,1,-,-,neutral"
2026-08-07T12:40:00.000-04:00,"2026-8-7 12:40,78.22,78.31,78.12,77.85,0,0,0,1,-,-,neutral"
2026-08-07T12:45:00.000-04:00,"2026-8-7 12:45,78.25,78.28,78.13,77.86,0,0,0,1,-,-,neutral"
2026-08-07T12:50:00.000-04:00,"2026-8-7 12:50,78.26,78.27,78.14,77.88,-3,-1,0,1,S,-,FIGHT"
2026-08-07T12:55:00.000-04:00,"2026-8-7 12:55,78.36,78.29,78.15,77.9,7,1,0,1,B,-,tide_only"
2026-08-07T13:00:00.000-04:00,"2026-8-7 13:00,78.12,78.22,78.15,77.91,-3,-1,0,1,S,-,FIGHT"
2026-08-07T13:05:00.000-04:00,"2026-8-7 13:05,78.06,78.15,78.14,77.91,-5,-1,0,1,-,-,FIGHT"
2026-08-07T13:10:00.000-04:00,"2026-8-7 13:10,77.99,78.07,78.13,77.91,-5,-1,0,1,-,-,FIGHT"
2026-08-07T13:15:00.000-04:00,"2026-8-7 13:15,77.91,77.99,78.12,77.91,-5,-1,0,1,-,-,FIGHT"
2026-08-07T13:20:00.000-04:00,"2026-8-7 13:20,77.98,77.95,78.1,77.92,-5,-1,0,1,-,-,FIGHT"
2026-08-07T13:25:00.000-04:00,"2026-8-7 13:25,77.99,77.93,78.1,77.92,-5,-1,0,1,-,-,FIGHT"
2026-08-07T13:30:00.000-04:00,"2026-8-7 13:30,77.83,77.86,78.08,77.92,-5,-1,0,1,-,-,FIGHT"
2026-08-07T13:35:00.000-04:00,"2026-8-7 13:35,77.92,77.85,78.06,77.92,-3,-1,0,1,-,-,FIGHT"
2026-08-07T13:40:00.000-04:00,"2026-8-7 13:40,77.93,77.85,78.05,77.92,0,0,0,1,-,-,neutral"
2026-08-07T13:45:00.000-04:00,"2026-8-7 13:45,78.05,77.89,78.05,77.92,0,0,0,1,-,-,neutral"
2026-08-07T13:50:00.000-04:00,"2026-8-7 13:50,78.06,77.93,78.05,77.93,0,0,0,1,-,-,neutral"
2026-08-07T13:55:00.000-04:00,"2026-8-7 13:55,78.08,77.97,78.06,77.93,0,0,0,1,-,-,neutral"
2026-08-07T14:00:00.000-04:00,"2026-8-7 14:00,78.06,77.99,78.06,77.94,0,0,0,1,-,-,neutral"
2026-08-07T14:05:00.000-04:00,"2026-8-7 14:05,78.18,78.06,78.07,77.95,0,0,0,1,-,-,neutral"
2026-08-07T14:10:00.000-04:00,"2026-8-7 14:10,78.26,78.13,78.08,77.96,7,1,0,1,B,-,tide_only"
2026-08-07T14:15:00.000-04:00,"2026-8-7 14:15,78.09,78.12,78.08,77.97,0,0,0,1,-,-,neutral"
2026-08-07T14:20:00.000-04:00,"2026-8-7 14:20,78.31,78.2,78.1,77.98,7,1,0,1,-,-,tide_only"
2026-08-07T14:25:00.000-04:00,"2026-8-7 14:25,78.18,78.21,78.1,77.99,7,1,1,1,-,-,RIDE_both"
2026-08-07T14:30:00.000-04:00,"2026-8-7 14:30,78.13,78.19,78.11,77.99,0,0,1,1,-,-,neutral"
2026-08-07T14:35:00.000-04:00,"2026-8-7 14:35,78.21,78.21,78.11,78,7,1,1,1,-,-,RIDE_both"
2026-08-07T14:40:00.000-04:00,"2026-8-7 14:40,78.25,78.23,78.13,78.01,7,1,1,1,-,-,RIDE_both"
2026-08-07T14:45:00.000-04:00,"2026-8-7 14:45,78.19,78.23,78.13,78.02,0,0,1,1,-,-,neutral"
2026-08-07T14:50:00.000-04:00,"2026-8-7 14:50,78.18,78.22,78.13,78.02,0,0,1,1,-,-,neutral"
2026-08-07T14:55:00.000-04:00,"2026-8-7 14:55,78.09,78.18,78.13,78.03,-3,-1,0,1,S,-,FIGHT"
2026-08-07T15:00:00.000-04:00,"2026-8-7 15:00,77.61,77.97,78.09,78.01,-5,-1,0,1,-,-,FIGHT"
2026-08-07T15:05:00.000-04:00,"2026-8-7 15:05,77.37,77.73,78.04,77.99,-5,-1,0,1,-,-,FIGHT"
2026-08-07T15:10:00.000-04:00,"2026-8-7 15:10,77.39,77.57,77.99,77.96,-5,-1,-1,1,-,-,wave_only"
2026-08-07T15:15:00.000-04:00,"2026-8-7 15:15,77.22,77.39,77.93,77.93,-5,-1,-1,1,-,-,wave_only"
2026-08-07T15:20:00.000-04:00,"2026-8-7 15:20,76.96,77.16,77.85,77.89,-5,-1,-1,1,-,-,wave_only"
2026-08-07T15:25:00.000-04:00,"2026-8-7 15:25,76.91,76.99,77.78,77.86,-5,-1,-1,1,-,-,wave_only"
2026-08-07T15:30:00.000-04:00,"2026-8-7 15:30,76.97,76.9,77.72,77.82,0,0,-1,1,-,-,neutral"
2026-08-07T15:35:00.000-04:00,"2026-8-7 15:35,77.04,76.86,77.67,77.79,0,0,-1,1,-,-,neutral"
2026-08-07T15:40:00.000-04:00,"2026-8-7 15:40,76.94,76.81,77.61,77.76,0,0,-1,1,-,-,neutral"
2026-08-07T15:45:00.000-04:00,"2026-8-7 15:45,76.94,76.78,77.56,77.73,0,0,-1,1,-,-,neutral"
2026-08-07T15:50:00.000-04:00,"2026-8-7 15:50,76.99,76.79,77.51,77.7,0,0,-1,1,-,-,neutral"
2026-08-07T15:55:00.000-04:00,"2026-8-7 15:55,77.04,76.82,77.48,77.67,0,0,-1,0,-,-,neutral"
2026-08-07T16:00:00.000-04:00,"2026-8-7 16:00,76.91,76.81,77.43,77.64,0,0,-1,0,-,-,neutral"
2026-08-07T16:05:00.000-04:00,"2026-8-7 16:05,76.96,76.82,77.4,77.61,0,0,-1,0,-,-,neutral"
2026-08-07T16:10:00.000-04:00,"2026-8-7 16:10,77.07,76.88,77.37,77.59,0,0,-1,0,-,-,neutral"
2026-08-07T16:15:00.000-04:00,"2026-8-7 16:15,77.08,76.93,77.35,77.57,0,0,-1,0,-,-,neutral"
2026-08-07T16:20:00.000-04:00,"2026-8-7 16:20,76.97,76.93,77.32,77.55,0,0,-1,0,-,-,neutral"
2026-08-07T16:25:00.000-04:00,"2026-8-7 16:25,77.04,76.95,77.3,77.53,0,0,-1,0,-,-,neutral"
2026-08-07T16:30:00.000-04:00,"2026-8-7 16:30,77.16,77.02,77.29,77.51,0,0,-1,0,-,-,neutral"
2026-08-07T16:35:00.000-04:00,"2026-8-7 16:35,77.13,77.06,77.28,77.5,0,0,-1,0,-,-,neutral"
2026-08-07T16:40:00.000-04:00,"2026-8-7 16:40,77.17,77.11,77.27,77.49,0,0,0,0,-,-,neutral"
2026-08-07T16:45:00.000-04:00,"2026-8-7 16:45,77.33,77.2,77.27,77.48,3,1,0,0,B,-,FIGHT"
2026-08-07T16:50:00.000-04:00,"2026-8-7 16:50,77.13,77.2,77.26,77.47,-7,-1,0,0,S,-,FIGHT"
2026-08-07T16:55:00.000-04:00,"2026-8-7 16:55,77.09,77.18,77.25,77.45,-7,-1,0,-1,-,-,tide_only"
