Date,Message
2026-06-04T03:40:00.000-04:00,"2026-6-4 3:40,2904.9,2907.02,2901.81,2899.9,0,0,1,0,-,-,neutral"
2026-06-04T03:45:00.000-04:00,"2026-6-4 3:45,2904.4,2906.46,2902.01,2900.08,0,0,1,0,-,-,neutral"
2026-06-04T03:50:00.000-04:00,"2026-6-4 3:50,2904.5,2906.04,2902.2,2900.25,0,0,1,0,-,-,neutral"
2026-06-04T03:55:00.000-04:00,"2026-6-4 3:55,2904.3,2905.61,2902.36,2900.41,0,0,0,0,-,-,neutral"
2026-06-04T04:00:00.000-04:00,"2026-6-4 4:00,2904.2,2905.23,2902.5,2900.56,0,0,0,0,-,-,neutral"
2026-06-04T04:05:00.000-04:00,"2026-6-4 4:05,2903.7,2904.74,2902.6,2900.68,0,0,0,0,-,-,neutral"
2026-06-04T04:10:00.000-04:00,"2026-6-4 4:10,2901.3,2903.47,2902.5,2900.71,-3,-1,0,0,S,-,FIGHT"
2026-06-04T04:15:00.000-04:00,"2026-6-4 4:15,2901.9,2902.76,2902.45,2900.75,-3,-1,0,0,-,-,FIGHT"
2026-06-04T04:20:00.000-04:00,"2026-6-4 4:20,2899.5,2901.36,2902.22,2900.7,-5,-1,0,0,-,-,FIGHT"
2026-06-04T04:25:00.000-04:00,"2026-6-4 4:25,2902.2,2901.35,2902.22,2900.76,0,0,0,0,-,-,neutral"
2026-06-04T04:30:00.000-04:00,"2026-6-4 4:30,2903.7,2901.92,2902.33,2900.88,0,0,0,0,-,-,neutral"
2026-06-04T04:35:00.000-04:00,"2026-6-4 4:35,2901.6,2901.59,2902.28,2900.91,-5,-1,0,0,-,-,FIGHT"
2026-06-04T04:40:00.000-04:00,"2026-6-4 4:40,2900.1,2900.81,2902.11,2900.88,-5,-1,0,0,-,-,FIGHT"
2026-06-04T04:45:00.000-04:00,"2026-6-4 4:45,2898.7,2899.74,2901.85,2900.79,-5,-1,0,0,-,-,FIGHT"
2026-06-04T04:50:00.000-04:00,"2026-6-4 4:50,2898.1,2898.76,2901.56,2900.68,-5,-1,0,0,-,-,FIGHT"
2026-06-04T04:55:00.000-04:00,"2026-6-4 4:55,2898.5,2898.24,2901.32,2900.6,-5,-1,0,0,-,-,FIGHT"
2026-06-04T05:00:00.000-04:00,"2026-6-4 5:00,2898.6,2897.94,2901.12,2900.52,0,0,0,0,-,-,neutral"
2026-06-04T05:05:00.000-04:00,"2026-6-4 5:05,2897.4,2897.32,2900.83,2900.4,-5,-1,0,0,-,-,FIGHT"
2026-06-04T05:10:00.000-04:00,"2026-6-4 5:10,2895.1,2896.06,2900.39,2900.19,-5,-1,-1,0,-,-,wave_only"
2026-06-04T05:15:00.000-04:00,"2026-6-4 5:15,2896,2895.53,2900.05,2900.03,-3,-1,-1,0,-,-,wave_only"
2026-06-04T05:20:00.000-04:00,"2026-6-4 5:20,2896.3,2895.3,2899.76,2899.88,0,0,-1,0,-,-,neutral"
2026-06-04T05:25:00.000-04:00,"2026-6-4 5:25,2898.5,2896.01,2899.67,2899.83,0,0,-1,0,-,-,neutral"
2026-06-04T05:30:00.000-04:00,"2026-6-4 5:30,2899.6,2897,2899.66,2899.82,0,0,-1,0,-,-,neutral"
2026-06-04T05:35:00.000-04:00,"2026-6-4 5:35,2901.9,2898.6,2899.83,2899.9,0,0,-1,0,-,-,neutral"
2026-06-04T05:40:00.000-04:00,"2026-6-4 5:40,2902.3,2899.95,2900.02,2899.99,7,1,1,0,B,-,wave_only"
2026-06-04T05:45:00.000-04:00,"2026-6-4 5:45,2904.5,2901.76,2900.37,2900.17,7,1,1,0,-,-,wave_only"
2026-06-04T05:50:00.000-04:00,"2026-6-4 5:50,2904.9,2903.22,2900.72,2900.36,7,1,1,0,-,-,wave_only"
2026-06-04T05:55:00.000-04:00,"2026-6-4 5:55,2903.4,2903.7,2900.92,2900.47,7,1,1,0,-,-,wave_only"
2026-06-04T06:00:00.000-04:00,"2026-6-4 6:00,2901.1,2903.16,2900.94,2900.5,0,0,1,0,-,-,neutral"
2026-06-04T06:05:00.000-04:00,"2026-6-4 6:05,2901.1,2902.72,2900.95,2900.52,0,0,1,0,-,-,neutral"
2026-06-04T06:10:00.000-04:00,"2026-6-4 6:10,2900,2901.96,2900.88,2900.5,0,0,0,0,-,-,neutral"
2026-06-04T06:15:00.000-04:00,"2026-6-4 6:15,2898.9,2900.98,2900.72,2900.44,-3,-1,0,0,S,-,FIGHT"
2026-06-04T06:20:00.000-04:00,"2026-6-4 6:20,2899.3,2900.39,2900.61,2900.39,-5,-1,0,0,-,-,FIGHT"
2026-06-04T06:25:00.000-04:00,"2026-6-4 6:25,2897.2,2899.18,2900.35,2900.27,-7,-1,-1,0,-,-,wave_only"
2026-06-04T06:30:00.000-04:00,"2026-6-4 6:30,2896.1,2897.9,2900.02,2900.11,-7,-1,-1,0,-,-,wave_only"
2026-06-04T06:35:00.000-04:00,"2026-6-4 6:35,2893.7,2896.09,2899.54,2899.85,-7,-1,-1,0,-,-,wave_only"
2026-06-04T06:40:00.000-04:00,"2026-6-4 6:40,2894.9,2895.24,2899.18,2899.66,-3,-1,-1,0,-,-,wave_only"
2026-06-04T06:45:00.000-04:00,"2026-6-4 6:45,2894.1,2894.37,2898.79,2899.44,-7,-1,-1,0,-,-,wave_only"
2026-06-04T06:50:00.000-04:00,"2026-6-4 6:50,2893.7,2893.64,2898.4,2899.22,-7,-1,-1,0,-,-,wave_only"
2026-06-04T06:55:00.000-04:00,"2026-6-4 6:55,2893.3,2893.01,2898.01,2898.99,-7,-1,-1,-1,-,-,RIDE_both"
2026-06-04T07:00:00.000-04:00,"2026-6-4 7:00,2896.8,2893.91,2897.91,2898.9,0,0,-1,-1,-,-,neutral"
2026-06-04T07:05:00.000-04:00,"2026-6-4 7:05,2896.8,2894.62,2897.83,2898.82,0,0,-1,-1,-,-,neutral"
2026-06-04T07:10:00.000-04:00,"2026-6-4 7:10,2898,2895.63,2897.84,2898.78,0,0,0,-1,-,-,neutral"
2026-06-04T07:15:00.000-04:00,"2026-6-4 7:15,2902.2,2897.95,2898.18,2898.92,3,1,0,-1,B,-,FIGHT"
2026-06-04T07:20:00.000-04:00,"2026-6-4 7:20,2900,2898.85,2898.32,2898.96,5,1,0,-1,-,-,FIGHT"
2026-06-04T07:25:00.000-04:00,"2026-6-4 7:25,2901,2899.87,2898.52,2899.04,5,1,1,-1,-,-,wave_only"
2026-06-04T07:30:00.000-04:00,"2026-6-4 7:30,2898.8,2899.78,2898.54,2899.03,0,0,1,-1,-,-,neutral"
2026-06-04T07:35:00.000-04:00,"2026-6-4 7:35,2897.9,2899.35,2898.49,2898.99,0,0,1,-1,-,-,neutral"
2026-06-04T07:40:00.000-04:00,"2026-6-4 7:40,2896.9,2898.64,2898.37,2898.91,0,0,-1,-1,-,-,neutral"
2026-06-04T07:45:00.000-04:00,"2026-6-4 7:45,2900.8,2899.55,2898.56,2898.98,5,1,-1,-1,-,-,FIGHT"
2026-06-04T07:50:00.000-04:00,"2026-6-4 7:50,2904.4,2901.54,2899.01,2899.19,7,1,-1,-1,-,-,FIGHT"
2026-06-04T07:55:00.000-04:00,"2026-6-4 7:55,2907.4,2904.08,2899.65,2899.51,7,1,1,1,-,-,RIDE_both"
2026-06-04T08:00:00.000-04:00,"2026-6-4 8:00,2905.8,2905.3,2900.13,2899.76,7,1,1,1,-,-,RIDE_both"
2026-06-04T08:05:00.000-04:00,"2026-6-4 8:05,2906.6,2906.43,2900.62,2900.03,7,1,1,1,-,-,RIDE_both"
2026-06-04T08:10:00.000-04:00,"2026-6-4 8:10,2902.4,2905.62,2900.76,2900.12,0,0,1,1,-,-,neutral"
2026-06-04T08:15:00.000-04:00,"2026-6-4 8:15,2900.3,2904.18,2900.73,2900.13,0,0,1,1,-,-,neutral"
2026-06-04T08:20:00.000-04:00,"2026-6-4 8:20,2902.4,2903.85,2900.85,2900.22,0,0,1,1,-,-,neutral"
2026-06-04T08:25:00.000-04:00,"2026-6-4 8:25,2902.5,2903.6,2900.98,2900.31,0,0,1,1,-,-,neutral"
2026-06-04T08:30:00.000-04:00,"2026-6-4 8:30,2903.6,2903.8,2901.18,2900.44,0,0,1,1,-,-,neutral"
2026-06-04T08:35:00.000-04:00,"2026-6-4 8:35,2903.7,2903.95,2901.38,2900.56,0,0,1,1,-,-,neutral"
2026-06-04T08:40:00.000-04:00,"2026-6-4 8:40,2905.5,2904.7,2901.69,2900.76,7,1,1,1,-,-,RIDE_both"
2026-06-04T08:45:00.000-04:00,"2026-6-4 8:45,2904.6,2904.89,2901.92,2900.91,3,1,1,1,-,-,RIDE_both"
2026-06-04T08:50:00.000-04:00,"2026-6-4 8:50,2904.1,2904.81,2902.08,2901.03,0,0,1,1,-,-,neutral"
2026-06-04T08:55:00.000-04:00,"2026-6-4 8:55,2903.2,2904.39,2902.17,2901.12,0,0,0,1,-,-,neutral"
2026-06-04T09:00:00.000-04:00,"2026-6-4 9:00,2903.3,2904.1,2902.26,2901.2,0,0,0,1,-,-,neutral"
2026-06-04T09:05:00.000-04:00,"2026-6-4 9:05,2902.5,2903.57,2902.28,2901.26,0,0,0,1,-,-,neutral"
2026-06-04T09:10:00.000-04:00,"2026-6-4 9:10,2901.4,2902.76,2902.21,2901.26,-3,0,0,1,-,-,neutral"
2026-06-04T09:15:00.000-04:00,"2026-6-4 9:15,2902.1,2902.42,2902.2,2901.29,-5,0,0,1,-,-,neutral"
2026-06-04T09:20:00.000-04:00,"2026-6-4 9:20,2901,2901.77,2902.11,2901.28,-5,-1,0,1,S,-,FIGHT"
2026-06-04T09:25:00.000-04:00,"2026-6-4 9:25,2893.8,2898.64,2901.47,2900.99,-5,-1,-1,1,-,-,wave_only"
2026-06-04T09:30:00.000-04:00,"2026-6-4 9:30,2895.2,2896.89,2900.99,2900.76,-7,-1,-1,1,-,-,wave_only"
2026-06-04T09:35:00.000-04:00,"2026-6-4 9:35,2901.6,2898.03,2901.03,2900.79,0,0,-1,1,-,-,neutral"
2026-06-04T09:40:00.000-04:00,"2026-6-4 9:40,2901.7,2898.96,2901.09,2900.83,0,0,0,1,-,-,neutral"
2026-06-04T09:45:00.000-04:00,"2026-6-4 9:45,2905.9,2901.24,2901.46,2901.03,7,0,0,1,-,-,neutral"
2026-06-04T09:50:00.000-04:00,"2026-6-4 9:50,2906.7,2903.23,2901.86,2901.25,7,1,0,1,B,-,tide_only"
2026-06-04T09:55:00.000-04:00,"2026-6-4 9:55,2908.7,2905.42,2902.39,2901.54,7,1,1,1,-,-,RIDE_both"
2026-06-04T10:00:00.000-04:00,"2026-6-4 10:00,2905.7,2905.89,2902.64,2901.71,7,1,1,1,-,-,RIDE_both"
2026-06-04T10:05:00.000-04:00,"2026-6-4 10:05,2909.6,2907.64,2903.18,2902.02,7,1,1,1,-,-,RIDE_both"
2026-06-04T10:10:00.000-04:00,"2026-6-4 10:10,2918.5,2912.17,2904.35,2902.66,7,1,1,1,-,-,RIDE_both"
2026-06-04T10:15:00.000-04:00,"2026-6-4 10:15,2916.8,2914.78,2905.31,2903.22,7,1,1,1,-,-,RIDE_both"
2026-06-04T10:20:00.000-04:00,"2026-6-4 10:20,2923.2,2918.96,2906.69,2904,7,1,1,1,-,-,RIDE_both"
2026-06-04T10:25:00.000-04:00,"2026-6-4 10:25,2925.4,2922.7,2908.13,2904.84,7,1,1,1,-,-,RIDE_both"
2026-06-04T10:30:00.000-04:00,"2026-6-4 10:30,2924,2924.75,2909.35,2905.59,7,1,1,1,-,-,RIDE_both"
2026-06-04T10:35:00.000-04:00,"2026-6-4 10:35,2924.7,2926.33,2910.53,2906.34,7,1,1,1,-,-,RIDE_both"
2026-06-04T10:40:00.000-04:00,"2026-6-4 10:40,2920.9,2925.89,2911.33,2906.91,0,0,1,1,-,-,neutral"
2026-06-04T10:45:00.000-04:00,"2026-6-4 10:45,2921.3,2925.53,2912.09,2907.48,0,0,1,1,-,-,neutral"
2026-06-04T10:50:00.000-04:00,"2026-6-4 10:50,2925,2926.47,2913.09,2908.16,0,0,1,1,-,-,neutral"
2026-06-04T10:55:00.000-04:00,"2026-6-4 10:55,2927.4,2927.9,2914.19,2908.92,7,1,1,1,-,-,RIDE_both"
2026-06-04T11:00:00.000-04:00,"2026-6-4 11:00,2927.7,2928.91,2915.23,2909.65,0,0,1,1,-,-,neutral"
2026-06-04T11:05:00.000-04:00,"2026-6-4 11:05,2934.2,2931.92,2916.69,2910.62,7,1,1,1,-,-,RIDE_both"
2026-06-04T11:10:00.000-04:00,"2026-6-4 11:10,2936.2,2934.71,2918.19,2911.62,7,1,1,1,-,-,RIDE_both"
2026-06-04T11:15:00.000-04:00,"2026-6-4 11:15,2937.6,2937.1,2919.68,2912.64,7,1,1,1,-,-,RIDE_both"
2026-06-04T11:20:00.000-04:00,"2026-6-4 11:20,2936.6,2938.3,2920.98,2913.58,7,1,1,1,-,-,RIDE_both"
2026-06-04T11:25:00.000-04:00,"2026-6-4 11:25,2935,2938.41,2922.06,2914.42,0,0,1,1,-,-,neutral"
2026-06-04T11:30:00.000-04:00,"2026-6-4 11:30,2933.6,2937.79,2922.95,2915.17,0,0,1,1,-,-,neutral"
2026-06-04T11:35:00.000-04:00,"2026-6-4 11:35,2929.7,2935.73,2923.47,2915.74,0,0,1,1,-,-,neutral"
2026-06-04T11:40:00.000-04:00,"2026-6-4 11:40,2927.5,2933.28,2923.78,2916.2,0,0,0,1,-,-,neutral"
2026-06-04T11:45:00.000-04:00,"2026-6-4 11:45,2923.6,2929.95,2923.76,2916.49,0,0,0,1,-,-,neutral"
2026-06-04T11:50:00.000-04:00,"2026-6-4 11:50,2926.4,2928.49,2923.97,2916.88,0,0,0,1,-,-,neutral"
2026-06-04T11:55:00.000-04:00,"2026-6-4 11:55,2927.5,2927.82,2924.24,2917.3,0,0,0,1,-,-,neutral"
2026-06-04T12:00:00.000-04:00,"2026-6-4 12:00,2925.9,2926.74,2924.37,2917.63,-3,-1,0,1,S,-,FIGHT"
2026-06-04T12:05:00.000-04:00,"2026-6-4 12:05,2929.3,2927.21,2924.75,2918.09,7,1,0,1,B,-,tide_only"
2026-06-04T12:10:00.000-04:00,"2026-6-4 12:10,2928.3,2927.21,2925.02,2918.49,0,0,0,1,-,-,neutral"
2026-06-04T12:15:00.000-04:00,"2026-6-4 12:15,2928.4,2927.27,2925.28,2918.88,7,0,0,1,-,-,neutral"
2026-06-04T12:20:00.000-04:00,"2026-6-4 12:20,2931.6,2928.51,2925.77,2919.38,7,1,0,1,-,-,tide_only"
2026-06-04T12:25:00.000-04:00,"2026-6-4 12:25,2931.1,2929.25,2926.18,2919.84,7,1,0,1,-,-,tide_only"
2026-06-04T12:30:00.000-04:00,"2026-6-4 12:30,2928.7,2928.9,2926.37,2920.19,-3,-1,0,1,S,-,FIGHT"
2026-06-04T12:35:00.000-04:00,"2026-6-4 12:35,2932,2929.87,2926.8,2920.65,7,1,0,1,B,-,tide_only"
2026-06-04T12:40:00.000-04:00,"2026-6-4 12:40,2931.4,2930.36,2927.16,2921.07,7,1,0,1,-,-,tide_only"
2026-06-04T12:45:00.000-04:00,"2026-6-4 12:45,2933,2931.29,2927.61,2921.54,7,1,0,1,-,-,tide_only"
2026-06-04T12:50:00.000-04:00,"2026-6-4 12:50,2933.1,2932.01,2928.03,2921.99,7,1,0,1,-,-,tide_only"
2026-06-04T12:55:00.000-04:00,"2026-6-4 12:55,2933.3,2932.58,2928.43,2922.44,7,1,0,1,-,-,tide_only"
2026-06-04T13:00:00.000-04:00,"2026-6-4 13:00,2933,2932.87,2928.79,2922.85,7,1,0,1,-,-,tide_only"
2026-06-04T13:05:00.000-04:00,"2026-6-4 13:05,2935.1,2933.82,2929.27,2923.33,7,1,0,1,-,-,tide_only"
2026-06-04T13:10:00.000-04:00,"2026-6-4 13:10,2933.3,2933.83,2929.58,2923.72,3,1,0,1,-,-,tide_only"
2026-06-04T13:15:00.000-04:00,"2026-6-4 13:15,2933.4,2933.84,2929.87,2924.1,7,0,0,1,-,-,neutral"
2026-06-04T13:20:00.000-04:00,"2026-6-4 13:20,2931.3,2933.04,2929.98,2924.38,0,0,0,1,-,-,neutral"
2026-06-04T13:25:00.000-04:00,"2026-6-4 13:25,2933.8,2933.35,2930.28,2924.75,7,1,0,1,-,-,tide_only"
2026-06-04T13:30:00.000-04:00,"2026-6-4 13:30,2936,2934.38,2930.72,2925.19,7,1,0,1,-,-,tide_only"
2026-06-04T13:35:00.000-04:00,"2026-6-4 13:35,2934.2,2934.45,2930.99,2925.55,7,0,0,1,-,-,neutral"
2026-06-04T13:40:00.000-04:00,"2026-6-4 13:40,2933.1,2934.06,2931.15,2925.84,0,0,0,1,-,-,neutral"
2026-06-04T13:45:00.000-04:00,"2026-6-4 13:45,2934.9,2934.43,2931.44,2926.2,7,1,0,1,-,-,tide_only"
2026-06-04T13:50:00.000-04:00,"2026-6-4 13:50,2935.7,2934.97,2931.77,2926.57,7,1,0,1,-,-,tide_only"
2026-06-04T13:55:00.000-04:00,"2026-6-4 13:55,2936.8,2935.76,2932.15,2926.97,7,1,1,1,-,-,RIDE_both"
2026-06-04T14:00:00.000-04:00,"2026-6-4 14:00,2938.7,2937.02,2932.66,2927.43,7,1,1,1,-,-,RIDE_both"
2026-06-04T14:05:00.000-04:00,"2026-6-4 14:05,2939.3,2938.13,2933.17,2927.9,7,1,1,1,-,-,RIDE_both"
2026-06-04T14:10:00.000-04:00,"2026-6-4 14:10,2940,2939.16,2933.69,2928.37,7,1,1,1,-,-,RIDE_both"
2026-06-04T14:15:00.000-04:00,"2026-6-4 14:15,2943.1,2941.01,2934.42,2928.95,7,1,1,1,-,-,RIDE_both"
2026-06-04T14:20:00.000-04:00,"2026-6-4 14:20,2943.9,2942.61,2935.15,2929.54,7,1,1,1,-,-,RIDE_both"
2026-06-04T14:25:00.000-04:00,"2026-6-4 14:25,2944.5,2943.93,2935.87,2930.12,7,1,1,1,-,-,RIDE_both"
2026-06-04T14:30:00.000-04:00,"2026-6-4 14:30,2945.4,2945.14,2936.6,2930.72,7,1,1,1,-,-,RIDE_both"
2026-06-04T14:35:00.000-04:00,"2026-6-4 14:35,2943.8,2945.35,2937.15,2931.23,7,0,1,1,-,-,neutral"
2026-06-04T14:40:00.000-04:00,"2026-6-4 14:40,2944,2945.49,2937.68,2931.74,7,0,1,1,-,-,neutral"
2026-06-04T14:45:00.000-04:00,"2026-6-4 14:45,2944.7,2945.77,2938.22,2932.24,7,0,1,1,-,-,neutral"
2026-06-04T14:50:00.000-04:00,"2026-6-4 14:50,2944.1,2945.67,2938.67,2932.71,0,0,1,1,-,-,neutral"
2026-06-04T14:55:00.000-04:00,"2026-6-4 14:55,2942.3,2944.86,2938.95,2933.08,0,0,0,1,-,-,neutral"
2026-06-04T15:00:00.000-04:00,"2026-6-4 15:00,2943.7,2944.73,2939.32,2933.5,0,0,0,1,-,-,neutral"
2026-06-04T15:05:00.000-04:00,"2026-6-4 15:05,2942.9,2944.28,2939.59,2933.87,0,0,0,1,-,-,neutral"
2026-06-04T15:10:00.000-04:00,"2026-6-4 15:10,2942.2,2943.66,2939.79,2934.2,0,0,0,1,-,-,neutral"
2026-06-04T15:15:00.000-04:00,"2026-6-4 15:15,2940.8,2942.66,2939.87,2934.46,0,0,0,1,-,-,neutral"
2026-06-04T15:20:00.000-04:00,"2026-6-4 15:20,2944.4,2943.23,2940.22,2934.85,7,1,0,1,-,-,tide_only"
2026-06-04T15:25:00.000-04:00,"2026-6-4 15:25,2945.1,2943.91,2940.59,2935.25,7,1,0,1,-,-,tide_only"
2026-06-04T15:30:00.000-04:00,"2026-6-4 15:30,2947.4,2945.24,2941.12,2935.72,7,1,0,1,-,-,tide_only"
2026-06-04T15:35:00.000-04:00,"2026-6-4 15:35,2947.5,2946.23,2941.61,2936.19,7,1,0,1,-,-,tide_only"
2026-06-04T15:40:00.000-04:00,"2026-6-4 15:40,2943.7,2945.51,2941.77,2936.48,0,0,1,1,-,-,neutral"
2026-06-04T15:45:00.000-04:00,"2026-6-4 15:45,2943.3,2944.81,2941.89,2936.75,0,0,1,1,-,-,neutral"
2026-06-04T15:50:00.000-04:00,"2026-6-4 15:50,2941.3,2943.53,2941.84,2936.93,-3,-1,1,1,S,-,FIGHT"
2026-06-04T15:55:00.000-04:00,"2026-6-4 15:55,2938.9,2941.69,2941.62,2937,-5,-1,0,0,-,-,FIGHT"
2026-06-04T16:00:00.000-04:00,"2026-6-4 16:00,2937.3,2939.76,2941.28,2937.02,-5,-1,0,0,-,-,FIGHT"
2026-06-04T16:05:00.000-04:00,"2026-6-4 16:05,2938.6,2938.86,2941.08,2937.08,-5,-1,0,0,-,-,FIGHT"
2026-06-04T16:10:00.000-04:00,"2026-6-4 16:10,2937.9,2937.98,2940.83,2937.11,-5,-1,0,0,-,-,FIGHT"
2026-06-04T16:15:00.000-04:00,"2026-6-4 16:15,2936.4,2936.84,2940.49,2937.08,-5,-1,0,0,-,-,FIGHT"
2026-06-04T16:20:00.000-04:00,"2026-6-4 16:20,2936.2,2935.98,2940.16,2937.05,-5,-1,0,0,-,-,FIGHT"
2026-06-04T16:25:00.000-04:00,"2026-6-4 16:25,2935.6,2935.2,2939.81,2936.99,-5,-1,0,0,-,-,FIGHT"
2026-06-04T16:30:00.000-04:00,"2026-6-4 16:30,2936.4,2934.99,2939.55,2936.97,0,0,0,0,-,-,neutral"
2026-06-04T16:35:00.000-04:00,"2026-6-4 16:35,2934.5,2934.2,2939.16,2936.87,-5,-1,0,0,-,-,FIGHT"
2026-06-04T16:40:00.000-04:00,"2026-6-4 16:40,2933.4,2933.29,2938.72,2936.73,-5,-1,-1,0,-,-,wave_only"
2026-06-04T16:45:00.000-04:00,"2026-6-4 16:45,2933.3,2932.65,2938.3,2936.6,-5,0,-1,0,-,-,neutral"
2026-06-04T16:50:00.000-04:00,"2026-6-4 16:50,2934,2932.52,2937.97,2936.5,0,0,-1,0,-,-,neutral"
2026-06-04T16:55:00.000-04:00,"2026-6-4 16:55,2934.2,2932.57,2937.68,2936.41,0,0,-1,0,-,-,neutral"
2026-06-04T18:00:00.000-04:00,"2026-6-4 18:00,2931.8,2931.79,2937.23,2936.23,-5,-1,-1,0,-,-,wave_only"
2026-06-04T18:05:00.000-04:00,"2026-6-4 18:05,2932.9,2931.69,2936.89,2936.1,0,0,-1,0,-,-,neutral"
2026-06-04T18:10:00.000-04:00,"2026-6-4 18:10,2932,2931.34,2936.52,2935.94,0,0,-1,0,-,-,neutral"
2026-06-04T18:15:00.000-04:00,"2026-6-4 18:15,2931.6,2931,2936.14,2935.77,0,0,-1,0,-,-,neutral"
2026-06-04T18:20:00.000-04:00,"2026-6-4 18:20,2931.1,2930.63,2935.75,2935.58,0,0,-1,0,-,-,neutral"
2026-06-04T18:25:00.000-04:00,"2026-6-4 18:25,2930.9,2930.33,2935.38,2935.4,0,0,-1,0,-,-,neutral"
2026-06-04T18:30:00.000-04:00,"2026-6-4 18:30,2931.3,2930.32,2935.06,2935.24,0,0,-1,0,-,-,neutral"
2026-06-04T18:35:00.000-04:00,"2026-6-4 18:35,2931.8,2930.55,2934.81,2935.1,0,0,-1,0,-,-,neutral"
2026-06-04T18:40:00.000-04:00,"2026-6-4 18:40,2931,2930.46,2934.52,2934.94,0,0,-1,0,-,-,neutral"
2026-06-04T18:45:00.000-04:00,"2026-6-4 18:45,2932,2930.81,2934.33,2934.83,0,0,-1,0,-,-,neutral"
2026-06-04T18:50:00.000-04:00,"2026-6-4 18:50,2933.4,2931.62,2934.26,2934.77,0,0,-1,0,-,-,neutral"
2026-06-04T18:55:00.000-04:00,"2026-6-4 18:55,2933.2,2932.16,2934.17,2934.71,0,0,0,0,-,-,neutral"
2026-06-04T19:00:00.000-04:00,"2026-6-4 19:00,2932.6,2932.35,2934.05,2934.63,0,0,0,0,-,-,neutral"
2026-06-04T19:05:00.000-04:00,"2026-6-4 19:05,2931.9,2932.24,2933.89,2934.52,-3,-1,0,0,-,-,FIGHT"
2026-06-04T19:10:00.000-04:00,"2026-6-4 19:10,2931.3,2931.94,2933.69,2934.39,-7,-1,-1,0,-,-,wave_only"
2026-06-04T19:15:00.000-04:00,"2026-6-4 19:15,2930.3,2931.36,2933.43,2934.23,-7,-1,-1,0,-,-,wave_only"
2026-06-04T19:20:00.000-04:00,"2026-6-4 19:20,2928.8,2930.38,2933.07,2934.02,-7,-1,-1,0,-,-,wave_only"
2026-06-04T19:25:00.000-04:00,"2026-6-4 19:25,2929.1,2929.8,2932.77,2933.83,-7,-1,-1,0,-,-,wave_only"
2026-06-04T19:30:00.000-04:00,"2026-6-4 19:30,2928.2,2929.05,2932.41,2933.61,-7,-1,-1,0,-,-,wave_only"
2026-06-04T19:35:00.000-04:00,"2026-6-4 19:35,2928,2928.47,2932.08,2933.39,-7,-1,-1,0,-,-,wave_only"
2026-06-04T19:40:00.000-04:00,"2026-6-4 19:40,2928.3,2928.18,2931.78,2933.19,-3,-1,-1,0,-,-,wave_only"
2026-06-04T19:45:00.000-04:00,"2026-6-4 19:45,2927.6,2927.74,2931.46,2932.97,-7,-1,-1,0,-,-,wave_only"
2026-06-04T19:50:00.000-04:00,"2026-6-4 19:50,2927.7,2927.49,2931.17,2932.76,-3,-1,-1,0,-,-,wave_only"
2026-06-04T19:55:00.000-04:00,"2026-6-4 19:55,2925.9,2926.68,2930.77,2932.49,-7,-1,-1,0,-,-,wave_only"
2026-06-04T20:00:00.000-04:00,"2026-6-4 20:00,2924.3,2925.52,2930.27,2932.17,-7,-1,-1,0,-,-,wave_only"
2026-06-04T20:05:00.000-04:00,"2026-6-4 20:05,2923.9,2924.57,2929.78,2931.85,-7,-1,-1,0,-,-,wave_only"
2026-06-04T20:10:00.000-04:00,"2026-6-4 20:10,2921.4,2923,2929.14,2931.44,-7,-1,-1,0,-,-,wave_only"
2026-06-04T20:15:00.000-04:00,"2026-6-4 20:15,2921,2921.76,2928.51,2931.03,-7,-1,-1,0,-,-,wave_only"
2026-06-04T20:20:00.000-04:00,"2026-6-4 20:20,2921.5,2921.1,2927.97,2930.65,-7,-1,-1,0,-,-,wave_only"
2026-06-04T20:25:00.000-04:00,"2026-6-4 20:25,2922.5,2921.07,2927.55,2930.33,0,0,-1,0,-,-,neutral"
2026-06-04T20:30:00.000-04:00,"2026-6-4 20:30,2923.2,2921.37,2927.22,2930.05,0,0,-1,0,-,-,neutral"
2026-06-04T20:35:00.000-04:00,"2026-6-4 20:35,2921.7,2921.1,2926.79,2929.73,0,0,-1,0,-,-,neutral"
2026-06-04T20:40:00.000-04:00,"2026-6-4 20:40,2921.8,2921,2926.41,2929.42,0,0,-1,0,-,-,neutral"
2026-06-04T20:45:00.000-04:00,"2026-6-4 20:45,2922,2921.05,2926.07,2929.13,0,0,-1,0,-,-,neutral"
2026-06-04T20:50:00.000-04:00,"2026-6-4 20:50,2921.3,2920.87,2925.7,2928.82,-3,-1,-1,0,-,-,wave_only"
2026-06-04T20:55:00.000-04:00,"2026-6-4 20:55,2920.8,2920.6,2925.32,2928.5,-3,-1,-1,0,-,-,wave_only"
2026-06-04T21:00:00.000-04:00,"2026-6-4 21:00,2920.9,2920.48,2924.98,2928.21,-3,-1,-1,0,-,-,wave_only"
2026-06-04T21:05:00.000-04:00,"2026-6-4 21:05,2920.9,2920.44,2924.67,2927.92,-3,-1,-1,0,-,-,wave_only"
2026-06-04T21:10:00.000-04:00,"2026-6-4 21:10,2920.1,2920.14,2924.32,2927.61,-3,-1,0,0,-,-,FIGHT"
2026-06-04T21:15:00.000-04:00,"2026-6-4 21:15,2920.5,2920.1,2924.02,2927.33,0,0,0,0,-,-,neutral"
2026-06-04T21:20:00.000-04:00,"2026-6-4 21:20,2917.5,2919,2923.52,2926.95,-7,-1,0,0,-,-,FIGHT"
2026-06-04T21:25:00.000-04:00,"2026-6-4 21:25,2916.8,2917.96,2923.01,2926.55,-7,-1,0,0,-,-,FIGHT"
2026-06-04T21:30:00.000-04:00,"2026-6-4 21:30,2919.5,2918.24,2922.74,2926.27,0,0,0,0,-,-,neutral"
2026-06-04T21:35:00.000-04:00,"2026-6-4 21:35,2919,2918.3,2922.45,2925.99,0,0,0,0,-,-,neutral"
2026-06-04T21:40:00.000-04:00,"2026-6-4 21:40,2919.1,2918.42,2922.19,2925.72,0,0,0,0,-,-,neutral"
2026-06-04T21:45:00.000-04:00,"2026-6-4 21:45,2918.6,2918.36,2921.91,2925.44,-7,-1,0,0,-,-,FIGHT"
2026-06-04T21:50:00.000-04:00,"2026-6-4 21:50,2920.6,2919.07,2921.81,2925.25,0,0,0,0,-,-,neutral"
2026-06-04T21:55:00.000-04:00,"2026-6-4 21:55,2922.8,2920.44,2921.89,2925.15,3,1,0,0,B,-,FIGHT"
2026-06-04T22:00:00.000-04:00,"2026-6-4 22:00,2923.7,2921.78,2922.03,2925.1,5,1,0,0,-,-,FIGHT"
2026-06-04T22:05:00.000-04:00,"2026-6-4 22:05,2924.5,2923.05,2922.22,2925.07,5,1,0,0,-,-,FIGHT"
2026-06-04T22:10:00.000-04:00,"2026-6-4 22:10,2925.2,2924.21,2922.45,2925.08,5,1,0,0,-,-,FIGHT"
2026-06-04T22:15:00.000-04:00,"2026-6-4 22:15,2923.3,2924.33,2922.51,2925.01,0,0,0,0,-,-,neutral"
2026-06-04T22:20:00.000-04:00,"2026-6-4 22:20,2924.5,2924.82,2922.67,2924.99,5,1,0,0,-,-,FIGHT"
2026-06-04T22:25:00.000-04:00,"2026-6-4 22:25,2923.9,2924.91,2922.76,2924.95,0,0,0,0,-,-,neutral"
2026-06-04T22:30:00.000-04:00,"2026-6-4 22:30,2923.6,2924.83,2922.83,2924.89,0,0,0,0,-,-,neutral"
2026-06-04T22:35:00.000-04:00,"2026-6-4 22:35,2923.2,2924.58,2922.85,2924.83,0,0,0,0,-,-,neutral"
2026-06-04T22:40:00.000-04:00,"2026-6-4 22:40,2921.7,2923.81,2922.77,2924.7,0,0,0,0,-,-,neutral"
2026-06-04T22:45:00.000-04:00,"2026-6-4 22:45,2920.7,2922.84,2922.61,2924.55,0,0,0,0,-,-,neutral"
2026-06-04T22:50:00.000-04:00,"2026-6-4 22:50,2920.9,2922.2,2922.48,2924.4,-7,-1,0,0,S,-,FIGHT"
2026-06-04T22:55:00.000-04:00,"2026-6-4 22:55,2921,2921.75,2922.36,2924.27,-7,-1,0,0,-,-,FIGHT"
2026-06-04T23:00:00.000-04:00,"2026-6-4 23:00,2920.5,2921.24,2922.22,2924.12,-7,-1,0,0,-,-,FIGHT"
2026-06-04T23:05:00.000-04:00,"2026-6-4 23:05,2919.6,2920.55,2922.02,2923.95,-7,-1,0,0,-,-,FIGHT"
2026-06-04T23:10:00.000-04:00,"2026-6-4 23:10,2919.9,2920.16,2921.85,2923.79,-7,-1,0,0,-,-,FIGHT"
2026-06-04T23:15:00.000-04:00,"2026-6-4 23:15,2920.3,2920.04,2921.73,2923.65,-7,-1,0,0,-,-,FIGHT"
2026-06-04T23:20:00.000-04:00,"2026-6-4 23:20,2920.8,2920.16,2921.66,2923.54,0,0,0,0,-,-,neutral"
2026-06-04T23:25:00.000-04:00,"2026-6-4 23:25,2918.7,2919.48,2921.44,2923.35,-7,-1,-1,0,-,-,wave_only"
2026-06-04T23:30:00.000-04:00,"2026-6-4 23:30,2919.9,2919.45,2921.32,2923.21,-7,0,-1,0,-,-,neutral"
2026-06-04T23:35:00.000-04:00,"2026-6-4 23:35,2920.4,2919.64,2921.25,2923.1,0,0,-1,0,-,-,neutral"
2026-06-04T23:40:00.000-04:00,"2026-6-4 23:40,2920.8,2919.94,2921.21,2923.01,3,1,0,0,B,-,FIGHT"
2026-06-04T23:45:00.000-04:00,"2026-6-4 23:45,2919.8,2919.8,2921.1,2922.89,-7,-1,0,0,S,-,FIGHT"
2026-06-04T23:50:00.000-04:00,"2026-6-4 23:50,2918.4,2919.2,2920.9,2922.71,-7,-1,0,0,-,-,FIGHT"
2026-06-04T23:55:00.000-04:00,"2026-6-4 23:55,2919,2918.99,2920.75,2922.57,-7,-1,0,0,-,-,FIGHT"
2026-06-05T00:00:00.000-04:00,"2026-6-5 0:00,2918.8,2918.79,2920.6,2922.42,-7,-1,0,0,-,-,FIGHT"
2026-06-05T00:05:00.000-04:00,"2026-6-5 0:05,2920.6,2919.32,2920.6,2922.35,3,1,0,0,B,-,FIGHT"
2026-06-05T00:10:00.000-04:00,"2026-6-5 0:10,2919.4,2919.28,2920.51,2922.23,-7,0,0,0,-,-,neutral"
2026-06-05T00:15:00.000-04:00,"2026-6-5 0:15,2919.9,2919.45,2920.46,2922.14,3,1,0,0,-,-,FIGHT"
2026-06-05T00:20:00.000-04:00,"2026-6-5 0:20,2920.6,2919.84,2920.47,2922.08,3,1,0,0,-,-,FIGHT"
2026-06-05T00:25:00.000-04:00,"2026-6-5 0:25,2919.9,2919.87,2920.43,2921.99,0,0,0,0,-,-,neutral"
2026-06-05T00:30:00.000-04:00,"2026-6-5 0:30,2919,2919.57,2920.32,2921.88,-7,-1,0,0,S,-,FIGHT"
2026-06-05T00:35:00.000-04:00,"2026-6-5 0:35,2920.1,2919.75,2920.3,2921.81,3,1,0,0,B,-,FIGHT"
2026-06-05T00:40:00.000-04:00,"2026-6-5 0:40,2920.2,2919.93,2920.29,2921.74,3,1,0,0,-,-,FIGHT"
2026-06-05T00:45:00.000-04:00,"2026-6-5 0:45,2921.6,2920.57,2920.39,2921.74,5,1,0,0,-,-,FIGHT"
2026-06-05T00:50:00.000-04:00,"2026-6-5 0:50,2923.1,2921.6,2920.6,2921.79,5,1,0,0,-,-,FIGHT"
2026-06-05T00:55:00.000-04:00,"2026-6-5 0:55,2923.3,2922.42,2920.81,2921.85,5,1,0,0,-,-,FIGHT"
2026-06-05T01:00:00.000-04:00,"2026-6-5 1:00,2920.4,2921.92,2920.78,2921.79,0,0,0,0,-,-,neutral"
2026-06-05T01:05:00.000-04:00,"2026-6-5 1:05,2920.2,2921.46,2920.73,2921.73,0,0,0,0,-,-,neutral"
2026-06-05T01:10:00.000-04:00,"2026-6-5 1:10,2919.1,2920.7,2920.61,2921.63,0,0,-1,0,-,-,neutral"
2026-06-05T01:15:00.000-04:00,"2026-6-5 1:15,2919.7,2920.35,2920.54,2921.55,-7,-1,-1,0,S,-,wave_only"
2026-06-05T01:20:00.000-04:00,"2026-6-5 1:20,2921.4,2920.73,2920.6,2921.55,5,1,-1,0,B,-,FIGHT"
2026-06-05T01:25:00.000-04:00,"2026-6-5 1:25,2919.7,2920.37,2920.53,2921.47,-3,-1,-1,0,S,-,wave_only"
2026-06-05T01:30:00.000-04:00,"2026-6-5 1:30,2921.8,2920.89,2920.63,2921.49,5,1,-1,0,B,-,FIGHT"
2026-06-05T01:35:00.000-04:00,"2026-6-5 1:35,2921.8,2921.27,2920.72,2921.5,5,1,-1,0,-,-,FIGHT"
2026-06-05T01:40:00.000-04:00,"2026-6-5 1:40,2920.8,2921.17,2920.73,2921.47,0,0,0,0,-,-,neutral"
2026-06-05T01:45:00.000-04:00,"2026-6-5 1:45,2920.2,2920.86,2920.69,2921.42,0,0,0,0,-,-,neutral"
2026-06-05T01:50:00.000-04:00,"2026-6-5 1:50,2919.1,2920.23,2920.57,2921.33,-7,-1,0,0,S,-,FIGHT"
2026-06-05T01:55:00.000-04:00,"2026-6-5 1:55,2919.2,2919.8,2920.46,2921.25,-7,-1,-1,0,-,-,wave_only"
2026-06-05T02:00:00.000-04:00,"2026-6-5 2:00,2922.3,2920.64,2920.6,2921.29,5,1,-1,0,B,-,FIGHT"
2026-06-05T02:05:00.000-04:00,"2026-6-5 2:05,2924.1,2921.93,2920.87,2921.4,5,1,-1,0,-,-,FIGHT"
2026-06-05T02:10:00.000-04:00,"2026-6-5 2:10,2922.2,2922.16,2920.97,2921.43,5,1,1,0,-,-,wave_only"
2026-06-05T02:15:00.000-04:00,"2026-6-5 2:15,2919.9,2921.47,2920.89,2921.37,0,0,1,0,-,-,neutral"
2026-06-05T02:20:00.000-04:00,"2026-6-5 2:20,2918.6,2920.47,2920.71,2921.26,-7,-1,1,0,S,-,FIGHT"
2026-06-05T02:25:00.000-04:00,"2026-6-5 2:25,2918.7,2919.76,2920.56,2921.16,-7,-1,-1,0,-,-,wave_only"
2026-06-05T02:30:00.000-04:00,"2026-6-5 2:30,2919.1,2919.4,2920.45,2921.08,-7,-1,-1,0,-,-,wave_only"
2026-06-05T02:35:00.000-04:00,"2026-6-5 2:35,2918.2,2918.82,2920.27,2920.97,-7,-1,-1,0,-,-,wave_only"
2026-06-05T02:40:00.000-04:00,"2026-6-5 2:40,2918.6,2918.56,2920.15,2920.87,-7,-1,-1,0,-,-,wave_only"
2026-06-05T02:45:00.000-04:00,"2026-6-5 2:45,2918.6,2918.39,2920.03,2920.79,-7,-1,-1,0,-,-,wave_only"
2026-06-05T02:50:00.000-04:00,"2026-6-5 2:50,2919.3,2918.54,2919.97,2920.73,0,0,-1,0,-,-,neutral"
2026-06-05T02:55:00.000-04:00,"2026-6-5 2:55,2919.1,2918.6,2919.9,2920.66,0,0,-1,-1,-,-,neutral"
2026-06-05T03:00:00.000-04:00,"2026-6-5 3:00,2918.1,2918.29,2919.76,2920.56,-7,-1,-1,-1,-,-,RIDE_both"
2026-06-05T03:05:00.000-04:00,"2026-6-5 3:05,2916.9,2917.63,2919.54,2920.42,-7,-1,-1,-1,-,-,RIDE_both"
2026-06-05T03:10:00.000-04:00,"2026-6-5 3:10,2916.4,2916.99,2919.3,2920.26,-7,-1,-1,-1,-,-,RIDE_both"
2026-06-05T03:15:00.000-04:00,"2026-6-5 3:15,2916,2916.39,2919.05,2920.09,-7,-1,-1,-1,-,-,RIDE_both"
2026-06-05T03:20:00.000-04:00,"2026-6-5 3:20,2918.5,2916.91,2919.01,2920.03,0,0,-1,-1,-,-,neutral"
2026-06-05T03:25:00.000-04:00,"2026-6-5 3:25,2920,2917.87,2919.08,2920.03,3,0,0,-1,-,-,neutral"
2026-06-05T03:30:00.000-04:00,"2026-6-5 3:30,2921.1,2919.01,2919.24,2920.07,5,1,0,-1,B,-,FIGHT"
2026-06-05T03:35:00.000-04:00,"2026-6-5 3:35,2920.6,2919.66,2919.34,2920.09,5,1,0,-1,-,-,FIGHT"
2026-06-05T03:40:00.000-04:00,"2026-6-5 3:40,2919.6,2919.76,2919.36,2920.07,0,0,0,-1,-,-,neutral"
2026-06-05T03:45:00.000-04:00,"2026-6-5 3:45,2920.4,2920.12,2919.44,2920.09,5,1,0,-1,-,-,FIGHT"
2026-06-05T03:50:00.000-04:00,"2026-6-5 3:50,2919.5,2920.04,2919.45,2920.06,0,0,0,-1,-,-,neutral"
2026-06-05T03:55:00.000-04:00,"2026-6-5 3:55,2918.8,2919.71,2919.4,2920.01,0,0,-1,-1,-,-,neutral"
2026-06-05T04:00:00.000-04:00,"2026-6-5 4:00,2917.7,2919.05,2919.27,2919.92,-7,-1,-1,-1,S,SELL,RIDE_both"
2026-06-05T04:05:00.000-04:00,"2026-6-5 4:05,2919.5,2919.22,2919.28,2919.91,3,1,-1,-1,B,-,FIGHT"
2026-06-05T04:10:00.000-04:00,"2026-6-5 4:10,2920.8,2919.83,2919.4,2919.94,5,1,0,-1,-,-,FIGHT"
2026-06-05T04:15:00.000-04:00,"2026-6-5 4:15,2921,2920.35,2919.52,2919.98,5,1,0,-1,-,-,FIGHT"
2026-06-05T04:20:00.000-04:00,"2026-6-5 4:20,2922.2,2921.16,2919.73,2920.07,5,1,0,-1,-,-,FIGHT"
2026-06-05T04:25:00.000-04:00,"2026-6-5 4:25,2924.4,2922.56,2920.09,2920.24,5,1,1,-1,-,-,wave_only"
2026-06-05T04:30:00.000-04:00,"2026-6-5 4:30,2923.8,2923.33,2920.37,2920.38,7,1,1,-1,-,-,wave_only"
2026-06-05T04:35:00.000-04:00,"2026-6-5 4:35,2923.2,2923.64,2920.59,2920.49,5,1,1,-1,-,-,wave_only"
2026-06-05T04:40:00.000-04:00,"2026-6-5 4:40,2921.3,2923.12,2920.65,2920.52,0,0,0,-1,-,-,neutral"
2026-06-05T04:45:00.000-04:00,"2026-6-5 4:45,2921.1,2922.63,2920.68,2920.54,0,0,0,-1,-,-,neutral"
2026-06-05T04:50:00.000-04:00,"2026-6-5 4:50,2921.5,2922.39,2920.74,2920.58,0,0,0,-1,-,-,neutral"
2026-06-05T04:55:00.000-04:00,"2026-6-5 4:55,2921.1,2922.05,2920.77,2920.6,0,0,0,0,-,-,neutral"
2026-06-05T05:00:00.000-04:00,"2026-6-5 5:00,2921.1,2921.78,2920.8,2920.62,0,0,0,0,-,-,neutral"
2026-06-05T05:05:00.000-04:00,"2026-6-5 5:05,2921.3,2921.64,2920.84,2920.65,0,0,0,0,-,-,neutral"
2026-06-05T05:10:00.000-04:00,"2026-6-5 5:10,2927.5,2923.83,2921.35,2920.92,7,1,1,0,-,-,wave_only"
2026-06-05T05:15:00.000-04:00,"2026-6-5 5:15,2924.8,2924.42,2921.61,2921.07,7,1,1,0,-,-,wave_only"
2026-06-05T05:20:00.000-04:00,"2026-6-5 5:20,2925.4,2925.05,2921.91,2921.24,5,1,1,0,-,-,wave_only"
2026-06-05T05:25:00.000-04:00,"2026-6-5 5:25,2924.4,2925.1,2922.1,2921.36,3,1,1,0,-,-,wave_only"
2026-06-05T05:30:00.000-04:00,"2026-6-5 5:30,2924.9,2925.29,2922.31,2921.5,0,0,1,0,-,-,neutral"
2026-06-05T05:35:00.000-04:00,"2026-6-5 5:35,2924.4,2925.21,2922.47,2921.62,0,0,1,0,-,-,neutral"
2026-06-05T05:40:00.000-04:00,"2026-6-5 5:40,2923.1,2924.63,2922.52,2921.67,0,0,0,0,-,-,neutral"
2026-06-05T05:45:00.000-04:00,"2026-6-5 5:45,2925.2,2924.97,2922.73,2921.81,3,1,0,0,-,-,FIGHT"
2026-06-05T05:50:00.000-04:00,"2026-6-5 5:50,2926.2,2925.56,2922.99,2921.98,5,1,0,0,-,-,FIGHT"
2026-06-05T05:55:00.000-04:00,"2026-6-5 5:55,2924.5,2925.34,2923.11,2922.08,0,0,1,1,-,-,neutral"
2026-06-05T06:00:00.000-04:00,"2026-6-5 6:00,2924.7,2925.23,2923.23,2922.19,0,0,1,1,-,-,neutral"
2026-06-05T06:05:00.000-04:00,"2026-6-5 6:05,2924.8,2925.17,2923.35,2922.29,0,0,1,1,-,-,neutral"
2026-06-05T06:10:00.000-04:00,"2026-6-5 6:10,2925,2925.18,2923.48,2922.39,3,1,1,1,-,-,RIDE_both"
2026-06-05T06:15:00.000-04:00,"2026-6-5 6:15,2925.7,2925.44,2923.65,2922.52,3,1,1,1,-,-,RIDE_both"
2026-06-05T06:20:00.000-04:00,"2026-6-5 6:20,2926.9,2926.05,2923.9,2922.7,7,1,1,1,-,-,RIDE_both"
2026-06-05T06:25:00.000-04:00,"2026-6-5 6:25,2926.9,2926.49,2924.13,2922.86,7,1,1,1,-,-,RIDE_both"
2026-06-05T06:30:00.000-04:00,"2026-6-5 6:30,2927.5,2927.01,2924.39,2923.04,7,1,1,1,-,-,RIDE_both"
2026-06-05T06:35:00.000-04:00,"2026-6-5 6:35,2926.9,2927.15,2924.58,2923.19,0,0,1,1,-,-,neutral"
2026-06-05T06:40:00.000-04:00,"2026-6-5 6:40,2927.5,2927.44,2924.81,2923.36,0,0,1,1,-,-,neutral"
2026-06-05T06:45:00.000-04:00,"2026-6-5 6:45,2926.3,2927.19,2924.92,2923.48,0,0,1,1,-,-,neutral"
2026-06-05T06:50:00.000-04:00,"2026-6-5 6:50,2925,2926.5,2924.93,2923.54,0,0,1,1,-,-,neutral"
2026-06-05T06:55:00.000-04:00,"2026-6-5 6:55,2925,2925.98,2924.93,2923.59,0,0,0,1,-,-,neutral"
2026-06-05T07:00:00.000-04:00,"2026-6-5 7:00,2925.2,2925.67,2924.95,2923.66,0,0,0,1,-,-,neutral"
2026-06-05T07:05:00.000-04:00,"2026-6-5 7:05,2924.9,2925.32,2924.95,2923.71,-3,-1,0,1,S,-,FIGHT"
2026-06-05T07:10:00.000-04:00,"2026-6-5 7:10,2925,2925.11,2924.95,2923.76,-3,-1,0,1,-,-,FIGHT"
2026-06-05T07:15:00.000-04:00,"2026-6-5 7:15,2923.7,2924.48,2924.86,2923.75,-5,-1,0,1,-,-,FIGHT"
2026-06-05T07:20:00.000-04:00,"2026-6-5 7:20,2921.2,2923.1,2924.58,2923.65,-5,-1,0,1,-,-,FIGHT"
2026-06-05T07:25:00.000-04:00,"2026-6-5 7:25,2926,2923.88,2924.69,2923.75,0,0,0,1,-,-,neutral"
2026-06-05T07:30:00.000-04:00,"2026-6-5 7:30,2926.9,2924.82,2924.86,2923.87,3,1,0,1,B,-,tide_only"
2026-06-05T07:35:00.000-04:00,"2026-6-5 7:35,2924.2,2924.51,2924.81,2923.88,-5,-1,0,1,S,-,FIGHT"
2026-06-05T07:40:00.000-04:00,"2026-6-5 7:40,2925.6,2924.82,2924.87,2923.95,7,1,0,1,B,-,tide_only"
2026-06-05T07:45:00.000-04:00,"2026-6-5 7:45,2923.9,2924.42,2924.79,2923.95,-5,-1,0,1,S,-,FIGHT"
2026-06-05T07:50:00.000-04:00,"2026-6-5 7:50,2922.9,2923.76,2924.65,2923.91,-5,-1,0,1,-,-,FIGHT"
2026-06-05T07:55:00.000-04:00,"2026-6-5 7:55,2921.6,2922.81,2924.41,2923.82,-5,-1,0,0,-,-,FIGHT"
2026-06-05T08:00:00.000-04:00,"2026-6-5 8:00,2920.4,2921.69,2924.1,2923.68,-5,-1,0,0,-,-,FIGHT"
2026-06-05T08:05:00.000-04:00,"2026-6-5 8:05,2921.6,2921.34,2923.91,2923.6,-5,-1,0,0,-,-,FIGHT"
2026-06-05T08:10:00.000-04:00,"2026-6-5 8:10,2920,2920.53,2923.61,2923.46,-7,-1,-1,0,-,-,wave_only"
2026-06-05T08:15:00.000-04:00,"2026-6-5 8:15,2922.6,2920.93,2923.53,2923.43,0,0,-1,0,-,-,neutral"
2026-06-05T08:20:00.000-04:00,"2026-6-5 8:20,2921.8,2920.97,2923.4,2923.36,0,0,-1,0,-,-,neutral"
2026-06-05T08:25:00.000-04:00,"2026-6-5 8:25,2920.6,2920.59,2923.18,2923.25,-5,-1,-1,0,-,-,wave_only"
2026-06-05T08:30:00.000-04:00,"2026-6-5 8:30,2912.2,2917.23,2922.34,2922.82,-5,-1,-1,0,-,-,wave_only"
2026-06-05T08:35:00.000-04:00,"2026-6-5 8:35,2914.7,2915.74,2921.75,2922.5,-5,-1,-1,0,-,-,wave_only"
2026-06-05T08:40:00.000-04:00,"2026-6-5 8:40,2918.4,2916.08,2921.49,2922.34,0,0,-1,0,-,-,neutral"
2026-06-05T08:45:00.000-04:00,"2026-6-5 8:45,2919.3,2916.74,2921.32,2922.22,0,0,-1,0,-,-,neutral"
2026-06-05T08:50:00.000-04:00,"2026-6-5 8:50,2911.9,2914.55,2920.6,2921.82,-7,-1,-1,0,-,-,wave_only"
2026-06-05T08:55:00.000-04:00,"2026-6-5 8:55,2911.5,2912.85,2919.9,2921.41,-7,-1,-1,-1,-,-,RIDE_both"
2026-06-05T09:00:00.000-04:00,"2026-6-5 9:00,2912,2911.87,2919.29,2921.04,-7,-1,-1,-1,-,-,RIDE_both"
2026-06-05T09:05:00.000-04:00,"2026-6-5 9:05,2913.9,2911.93,2918.88,2920.76,0,0,-1,-1,-,-,neutral"
2026-06-05T09:10:00.000-04:00,"2026-6-5 9:10,2912.1,2911.4,2918.36,2920.42,0,0,-1,-1,-,-,neutral"
2026-06-05T09:15:00.000-04:00,"2026-6-5 9:15,2912.2,2911.12,2917.88,2920.1,0,0,-1,-1,-,-,neutral"
2026-06-05T09:20:00.000-04:00,"2026-6-5 9:20,2909.7,2910.07,2917.25,2919.69,-7,-1,-1,-1,-,-,RIDE_both"
2026-06-05T09:25:00.000-04:00,"2026-6-5 9:25,2909.1,2909.15,2916.63,2919.28,-7,-1,-1,-1,-,-,RIDE_both"
2026-06-05T09:30:00.000-04:00,"2026-6-5 9:30,2908.5,2908.33,2916,2918.86,-3,-1,-1,-1,-,-,RIDE_both"
2026-06-05T09:35:00.000-04:00,"2026-6-5 9:35,2898.6,2904.15,2914.66,2918.06,-7,-1,-1,-1,-,-,RIDE_both"
2026-06-05T09:40:00.000-04:00,"2026-6-5 9:40,2889.2,2897.69,2912.7,2916.93,-7,-1,-1,-1,-,-,RIDE_both"
2026-06-05T09:45:00.000-04:00,"2026-6-5 9:45,2881.9,2890.4,2910.33,2915.56,-7,-1,-1,-1,-,-,RIDE_both"
2026-06-05T09:50:00.000-04:00,"2026-6-5 9:50,2888.6,2887.74,2908.66,2914.5,-7,-1,-1,-1,-,-,RIDE_both"
2026-06-05T09:55:00.000-04:00,"2026-6-5 9:55,2877.6,2881.96,2906.27,2913.05,-7,-1,-1,-1,-,-,RIDE_both"
2026-06-05T10:00:00.000-04:00,"2026-6-5 10:00,2881.3,2879.36,2904.35,2911.81,-7,-1,-1,-1,-,-,RIDE_both"
2026-06-05T10:05:00.000-04:00,"2026-6-5 10:05,2885.2,2879.19,2902.88,2910.76,0,0,-1,-1,-,-,neutral"
2026-06-05T10:10:00.000-04:00,"2026-6-5 10:10,2888.6,2880.61,2901.78,2909.89,0,0,-1,-1,-,-,neutral"
2026-06-05T10:15:00.000-04:00,"2026-6-5 10:15,2894.7,2884.16,2901.24,2909.3,0,0,-1,-1,-,-,neutral"
2026-06-05T10:20:00.000-04:00,"2026-6-5 10:20,2887.3,2884.23,2900.16,2908.44,0,0,-1,-1,-,-,neutral"
2026-06-05T10:25:00.000-04:00,"2026-6-5 10:25,2882,2882.48,2898.77,2907.4,-7,-1,-1,-1,-,-,RIDE_both"
2026-06-05T10:30:00.000-04:00,"2026-6-5 10:30,2892,2885.04,2898.25,2906.79,0,0,-1,-1,-,-,neutral"
2026-06-05T10:35:00.000-04:00,"2026-6-5 10:35,2893.1,2887.47,2897.85,2906.26,0,0,-1,-1,-,-,neutral"
2026-06-05T10:40:00.000-04:00,"2026-6-5 10:40,2890.7,2888.45,2897.3,2905.65,0,0,0,-1,-,-,neutral"
2026-06-05T10:45:00.000-04:00,"2026-6-5 10:45,2892.3,2889.82,2896.92,2905.12,0,0,0,-1,-,-,neutral"
2026-06-05T10:50:00.000-04:00,"2026-6-5 10:50,2895,2891.87,2896.77,2904.73,3,1,0,-1,B,-,FIGHT"
2026-06-05T10:55:00.000-04:00,"2026-6-5 10:55,2895.6,2893.61,2896.68,2904.37,3,1,0,-1,-,-,FIGHT"
2026-06-05T11:00:00.000-04:00,"2026-6-5 11:00,2890.9,2893.14,2896.23,2903.84,-7,-1,0,-1,S,-,tide_only"
2026-06-05T11:05:00.000-04:00,"2026-6-5 11:05,2886.9,2891.29,2895.52,2903.18,-7,-1,0,-1,-,-,tide_only"
2026-06-05T11:10:00.000-04:00,"2026-6-5 11:10,2881.8,2888.03,2894.46,2902.34,-7,-1,-1,-1,-,-,RIDE_both"
2026-06-05T11:15:00.000-04:00,"2026-6-5 11:15,2884.5,2886.66,2893.69,2901.64,-7,-1,-1,-1,-,-,RIDE_both"
2026-06-05T11:20:00.000-04:00,"2026-6-5 11:20,2879.9,2883.99,2892.63,2900.79,-7,-1,-1,-1,-,-,RIDE_both"
2026-06-05T11:25:00.000-04:00,"2026-6-5 11:25,2880.5,2882.31,2891.7,2899.99,-7,-1,-1,-1,-,-,RIDE_both"
2026-06-05T11:30:00.000-04:00,"2026-6-5 11:30,2878.3,2880.33,2890.67,2899.14,-7,-1,-1,-1,-,-,RIDE_both"
2026-06-05T11:35:00.000-04:00,"2026-6-5 11:35,2873.9,2877.34,2889.38,2898.15,-7,-1,-1,-1,-,-,RIDE_both"
2026-06-05T11:40:00.000-04:00,"2026-6-5 11:40,2873.4,2875.07,2888.15,2897.18,-7,-1,-1,-1,-,-,RIDE_both"
2026-06-05T11:45:00.000-04:00,"2026-6-5 11:45,2873.6,2873.59,2887.03,2896.25,-7,-1,-1,-1,-,-,RIDE_both"
2026-06-05T11:50:00.000-04:00,"2026-6-5 11:50,2876.4,2873.68,2886.21,2895.48,0,0,-1,-1,-,-,neutral"
2026-06-05T11:55:00.000-04:00,"2026-6-5 11:55,2873.6,2872.84,2885.24,2894.62,-7,-1,-1,-1,-,-,RIDE_both"
2026-06-05T12:00:00.000-04:00,"2026-6-5 12:00,2869.8,2870.93,2884.06,2893.65,-7,-1,-1,-1,-,-,RIDE_both"
2026-06-05T12:05:00.000-04:00,"2026-6-5 12:05,2866.6,2868.47,2882.71,2892.58,-7,-1,-1,-1,-,-,RIDE_both"
2026-06-05T12:10:00.000-04:00,"2026-6-5 12:10,2867.6,2867.16,2881.55,2891.6,-7,-1,-1,-1,-,-,RIDE_both"
2026-06-05T12:15:00.000-04:00,"2026-6-5 12:15,2862.9,2864.61,2880.12,2890.48,-7,-1,-1,-1,-,-,RIDE_both"
2026-06-05T12:20:00.000-04:00,"2026-6-5 12:20,2865,2863.66,2878.95,2889.48,0,0,-1,-1,-,-,neutral"
2026-06-05T12:25:00.000-04:00,"2026-6-5 12:25,2862.3,2862.11,2877.67,2888.41,-7,-1,-1,-1,-,-,RIDE_both"
2026-06-05T12:30:00.000-04:00,"2026-6-5 12:30,2860.6,2860.5,2876.36,2887.32,-7,-1,-1,-1,-,-,RIDE_both"
2026-06-05T12:35:00.000-04:00,"2026-6-5 12:35,2859.2,2858.96,2875.04,2886.22,-7,-1,-1,-1,-,-,RIDE_both"
2026-06-05T12:40:00.000-04:00,"2026-6-5 12:40,2853.9,2856.02,2873.41,2884.95,-7,-1,-1,-1,-,-,RIDE_both"
2026-06-05T12:45:00.000-04:00,"2026-6-5 12:45,2855.8,2854.73,2872.06,2883.81,-7,0,-1,-1,-,-,neutral"
2026-06-05T12:50:00.000-04:00,"2026-6-5 12:50,2863.2,2856.69,2871.38,2883,0,0,-1,-1,-,-,neutral"
2026-06-05T12:55:00.000-04:00,"2026-6-5 12:55,2863.4,2858.36,2870.76,2882.23,0,0,0,-1,-,-,neutral"
2026-06-05T13:00:00.000-04:00,"2026-6-5 13:00,2860.3,2858.56,2869.96,2881.37,0,0,0,-1,-,-,neutral"
2026-06-05T13:05:00.000-04:00,"2026-6-5 13:05,2859,2858.31,2869.11,2880.5,-7,-1,0,-1,-,-,tide_only"
2026-06-05T13:10:00.000-04:00,"2026-6-5 13:10,2856.7,2857.37,2868.16,2879.56,-7,-1,0,-1,-,-,tide_only"
2026-06-05T13:15:00.000-04:00,"2026-6-5 13:15,2854.3,2855.86,2867.09,2878.57,-7,-1,0,-1,-,-,tide_only"
2026-06-05T13:20:00.000-04:00,"2026-6-5 13:20,2859,2856.58,2866.47,2877.8,0,0,0,-1,-,-,neutral"
2026-06-05T13:25:00.000-04:00,"2026-6-5 13:25,2857.7,2856.71,2865.8,2877.02,0,0,0,-1,-,-,neutral"
2026-06-05T13:30:00.000-04:00,"2026-6-5 13:30,2859.1,2857.38,2865.28,2876.31,0,0,0,-1,-,-,neutral"
2026-06-05T13:35:00.000-04:00,"2026-6-5 13:35,2861.3,2858.74,2864.98,2875.72,3,1,0,-1,B,-,FIGHT"
2026-06-05T13:40:00.000-04:00,"2026-6-5 13:40,2853.9,2857.04,2864.12,2874.87,-7,-1,0,-1,S,-,tide_only"
2026-06-05T13:45:00.000-04:00,"2026-6-5 13:45,2854.2,2855.93,2863.36,2874.06,-7,-1,0,-1,-,-,tide_only"
2026-06-05T13:50:00.000-04:00,"2026-6-5 13:50,2855.9,2855.79,2862.79,2873.35,-7,-1,0,-1,-,-,tide_only"
2026-06-05T13:55:00.000-04:00,"2026-6-5 13:55,2858.3,2856.61,2862.44,2872.76,3,1,0,-1,B,-,FIGHT"
2026-06-05T14:00:00.000-04:00,"2026-6-5 14:00,2851.6,2854.77,2861.61,2871.93,-7,-1,0,-1,S,-,tide_only"
2026-06-05T14:05:00.000-04:00,"2026-6-5 14:05,2850.5,2853.05,2860.75,2871.09,-7,-1,0,-1,-,-,tide_only"
2026-06-05T14:10:00.000-04:00,"2026-6-5 14:10,2847,2850.53,2859.69,2870.14,-7,-1,-1,-1,-,-,RIDE_both"
2026-06-05T14:15:00.000-04:00,"2026-6-5 14:15,2845.2,2848.09,2858.58,2869.16,-7,-1,-1,-1,-,-,RIDE_both"
2026-06-05T14:20:00.000-04:00,"2026-6-5 14:20,2843.7,2845.82,2857.44,2868.16,-7,-1,-1,-1,-,-,RIDE_both"
2026-06-05T14:25:00.000-04:00,"2026-6-5 14:25,2841.1,2843.3,2856.18,2867.1,-7,-1,-1,-1,-,-,RIDE_both"
2026-06-05T14:30:00.000-04:00,"2026-6-5 14:30,2840.3,2841.27,2854.96,2866.05,-7,-1,-1,-1,-,-,RIDE_both"
2026-06-05T14:35:00.000-04:00,"2026-6-5 14:35,2838.3,2839.18,2853.68,2864.96,-7,-1,-1,-1,-,-,RIDE_both"
2026-06-05T14:40:00.000-04:00,"2026-6-5 14:40,2837.4,2837.45,2852.42,2863.88,-7,-1,-1,-1,-,-,RIDE_both"
2026-06-05T14:45:00.000-04:00,"2026-6-5 14:45,2834.5,2835.26,2851.05,2862.73,-7,-1,-1,-1,-,-,RIDE_both"
2026-06-05T14:50:00.000-04:00,"2026-6-5 14:50,2831,2832.51,2849.5,2861.49,-7,-1,-1,-1,-,-,RIDE_both"
2026-06-05T14:55:00.000-04:00,"2026-6-5 14:55,2833.9,2831.74,2848.3,2860.4,-3,-1,-1,-1,-,-,RIDE_both"
2026-06-05T15:00:00.000-04:00,"2026-6-5 15:00,2834.7,2831.64,2847.26,2859.4,0,0,-1,-1,-,-,neutral"
2026-06-05T15:05:00.000-04:00,"2026-6-5 15:05,2829.5,2829.8,2845.89,2858.22,-7,-1,-1,-1,-,-,RIDE_both"
2026-06-05T15:10:00.000-04:00,"2026-6-5 15:10,2825.8,2827.24,2844.35,2856.95,-7,-1,-1,-1,-,-,RIDE_both"
2026-06-05T15:15:00.000-04:00,"2026-6-5 15:15,2823.5,2824.67,2842.74,2855.64,-7,-1,-1,-1,-,-,RIDE_both"
2026-06-05T15:20:00.000-04:00,"2026-6-5 15:20,2827.2,2824.33,2841.55,2854.53,0,0,-1,-1,-,-,neutral"
2026-06-05T15:25:00.000-04:00,"2026-6-5 15:25,2832.7,2826.29,2840.87,2853.67,0,0,0,-1,-,-,neutral"
2026-06-05T15:30:00.000-04:00,"2026-6-5 15:30,2830.6,2827.11,2840.08,2852.76,0,0,0,-1,-,-,neutral"
2026-06-05T15:35:00.000-04:00,"2026-6-5 15:35,2836.5,2830.01,2839.8,2852.13,0,0,0,-1,-,-,neutral"
2026-06-05T15:40:00.000-04:00,"2026-6-5 15:40,2833.1,2830.97,2839.29,2851.38,0,0,0,-1,-,-,neutral"
2026-06-05T15:45:00.000-04:00,"2026-6-5 15:45,2838.3,2833.65,2839.21,2850.87,3,1,0,-1,B,-,FIGHT"
2026-06-05T15:50:00.000-04:00,"2026-6-5 15:50,2839.4,2836.05,2839.22,2850.42,3,1,0,-1,-,-,FIGHT"
2026-06-05T15:55:00.000-04:00,"2026-6-5 15:55,2834.1,2835.84,2838.83,2849.78,-7,-1,0,-1,S,-,tide_only"
2026-06-05T16:00:00.000-04:00,"2026-6-5 16:00,2822.6,2831.41,2837.58,2848.71,-7,-1,0,-1,-,-,tide_only"
2026-06-05T16:05:00.000-04:00,"2026-6-5 16:05,2819.6,2827.05,2836.2,2847.57,-7,-1,0,-1,-,-,tide_only"
2026-06-05T16:10:00.000-04:00,"2026-6-5 16:10,2816,2822.57,2834.64,2846.33,-7,-1,-1,-1,-,-,RIDE_both"
2026-06-05T16:15:00.000-04:00,"2026-6-5 16:15,2814.6,2818.85,2833.1,2845.09,-7,-1,-1,-1,-,-,RIDE_both"
2026-06-05T16:20:00.000-04:00,"2026-6-5 16:20,2816.4,2816.91,2831.82,2843.96,-7,-1,-1,-1,-,-,RIDE_both"
2026-06-05T16:25:00.000-04:00,"2026-6-5 16:25,2818.1,2816.27,2830.76,2842.95,-3,-1,-1,-1,-,-,RIDE_both"
2026-06-05T16:30:00.000-04:00,"2026-6-5 16:30,2815.5,2814.98,2829.59,2841.87,-7,0,-1,-1,-,-,neutral"
2026-06-05T16:35:00.000-04:00,"2026-6-5 16:35,2814.7,2813.88,2828.44,2840.81,-7,-1,-1,-1,-,-,RIDE_both"
2026-06-05T16:40:00.000-04:00,"2026-6-5 16:40,2814.3,2813.07,2827.36,2839.77,-3,-1,-1,-1,-,-,RIDE_both"
2026-06-05T16:45:00.000-04:00,"2026-6-5 16:45,2815.5,2813.05,2826.44,2838.82,-3,-1,-1,-1,-,-,RIDE_both"
2026-06-05T16:50:00.000-04:00,"2026-6-5 16:50,2816.5,2813.54,2825.68,2837.94,0,0,-1,-1,-,-,neutral"
2026-06-05T16:55:00.000-04:00,"2026-6-5 16:55,2818.1,2814.61,2825.1,2837.16,0,0,-1,-1,-,-,neutral"
2026-06-07T18:00:00.000-04:00,"2026-6-7 18:00,2817.9,2815.42,2824.54,2836.41,0,0,-1,-1,-,-,neutral"
2026-06-07T18:05:00.000-04:00,"2026-6-7 18:05,2815.7,2815.26,2823.86,2835.6,-7,-1,-1,-1,-,-,RIDE_both"
2026-06-07T18:10:00.000-04:00,"2026-6-7 18:10,2825.5,2818.84,2823.99,2835.2,3,1,0,-1,B,-,FIGHT"
2026-06-07T18:15:00.000-04:00,"2026-6-7 18:15,2828.8,2822.72,2824.36,2834.95,3,1,0,-1,-,-,FIGHT"
2026-06-07T18:20:00.000-04:00,"2026-6-7 18:20,2828.7,2825.53,2824.69,2834.7,5,1,0,-1,-,-,FIGHT"
2026-06-07T18:25:00.000-04:00,"2026-6-7 18:25,2826.2,2826.61,2824.81,2834.37,5,1,0,-1,-,-,FIGHT"
2026-06-07T18:30:00.000-04:00,"2026-6-7 18:30,2828.4,2828.15,2825.08,2834.14,5,1,0,-1,-,-,FIGHT"
2026-06-07T18:35:00.000-04:00,"2026-6-7 18:35,2829.5,2829.61,2825.42,2833.95,5,1,0,-1,-,-,FIGHT"
2026-06-07T18:40:00.000-04:00,"2026-6-7 18:40,2826.6,2829.51,2825.51,2833.67,0,0,0,-1,-,-,neutral"
2026-06-07T18:45:00.000-04:00,"2026-6-7 18:45,2825.5,2828.94,2825.51,2833.35,0,0,0,-1,-,-,neutral"
2026-06-07T18:50:00.000-04:00,"2026-6-7 18:50,2824.2,2827.95,2825.41,2832.99,0,0,0,-1,-,-,neutral"
2026-06-07T18:55:00.000-04:00,"2026-6-7 18:55,2817.8,2824.79,2824.83,2832.39,0,0,-1,-1,-,-,neutral"
2026-06-07T19:00:00.000-04:00,"2026-6-7 19:00,2823.8,2824.65,2824.75,2832.05,0,0,-1,-1,-,-,neutral"
2026-06-07T19:05:00.000-04:00,"2026-6-7 19:05,2826.3,2825.46,2824.87,2831.83,5,1,-1,-1,-,-,FIGHT"
2026-06-07T19:10:00.000-04:00,"2026-6-7 19:10,2826.2,2825.99,2824.97,2831.61,5,1,0,-1,-,-,FIGHT"
2026-06-07T19:15:00.000-04:00,"2026-6-7 19:15,2823.3,2825.28,2824.84,2831.28,0,0,0,-1,-,-,neutral"
2026-06-07T19:20:00.000-04:00,"2026-6-7 19:20,2820.8,2823.81,2824.53,2830.87,-7,-1,0,-1,S,-,tide_only"
2026-06-07T19:25:00.000-04:00,"2026-6-7 19:25,2822.8,2823.46,2824.4,2830.55,-3,-1,0,-1,-,-,tide_only"
2026-06-07T19:30:00.000-04:00,"2026-6-7 19:30,2825,2824.02,2824.44,2830.34,5,1,0,-1,B,-,FIGHT"
2026-06-07T19:35:00.000-04:00,"2026-6-7 19:35,2823.3,2823.8,2824.36,2830.06,-3,-1,0,-1,S,-,tide_only"
2026-06-07T19:40:00.000-04:00,"2026-6-7 19:40,2828,2825.37,2824.64,2829.98,5,1,0,-1,B,-,FIGHT"
2026-06-07T19:45:00.000-04:00,"2026-6-7 19:45,2832.2,2828.07,2825.22,2830.07,5,1,0,-1,-,-,FIGHT"
2026-06-07T19:50:00.000-04:00,"2026-6-7 19:50,2832,2829.95,2825.74,2830.14,5,1,0,-1,-,-,FIGHT"
2026-06-07T19:55:00.000-04:00,"2026-6-7 19:55,2832.5,2831.46,2826.26,2830.24,5,1,1,0,-,-,wave_only"
2026-06-07T20:00:00.000-04:00,"2026-6-7 20:00,2834.7,2833.31,2826.91,2830.41,5,1,1,0,-,-,wave_only"
2026-06-07T20:05:00.000-04:00,"2026-6-7 20:05,2833.4,2834.11,2827.41,2830.53,5,1,1,0,-,-,wave_only"
2026-06-07T20:10:00.000-04:00,"2026-6-7 20:10,2836.4,2835.72,2828.1,2830.76,5,1,1,0,-,-,wave_only"
2026-06-07T20:15:00.000-04:00,"2026-6-7 20:15,2838.5,2837.58,2828.9,2831.06,5,1,1,0,-,-,wave_only"
2026-06-07T20:20:00.000-04:00,"2026-6-7 20:20,2839.9,2839.36,2829.75,2831.41,5,1,1,0,-,-,wave_only"
2026-06-07T20:25:00.000-04:00,"2026-6-7 20:25,2842.3,2841.43,2830.71,2831.84,5,1,1,0,-,-,wave_only"
2026-06-07T20:30:00.000-04:00,"2026-6-7 20:30,2842.4,2842.87,2831.61,2832.25,5,1,1,0,-,-,wave_only"
2026-06-07T20:35:00.000-04:00,"2026-6-7 20:35,2846.4,2845.27,2832.75,2832.8,5,1,1,0,-,-,wave_only"
2026-06-07T20:40:00.000-04:00,"2026-6-7 20:40,2843.7,2845.88,2833.59,2833.23,0,0,1,0,-,-,neutral"
2026-06-07T20:45:00.000-04:00,"2026-6-7 20:45,2843,2845.93,2834.31,2833.61,0,0,1,0,-,-,neutral"
2026-06-07T20:50:00.000-04:00,"2026-6-7 20:50,2841.4,2845.23,2834.86,2833.92,0,0,1,0,-,-,neutral"
2026-06-07T20:55:00.000-04:00,"2026-6-7 20:55,2842.7,2845.08,2835.46,2834.26,0,0,1,0,-,-,neutral"
2026-06-07T21:00:00.000-04:00,"2026-6-7 21:00,2843,2844.97,2836.04,2834.61,0,0,1,0,-,-,neutral"
2026-06-07T21:05:00.000-04:00,"2026-6-7 21:05,2841.5,2844.24,2836.46,2834.88,0,0,1,0,-,-,neutral"
2026-06-07T21:10:00.000-04:00,"2026-6-7 21:10,2835.6,2841.45,2836.4,2834.91,0,0,0,0,-,-,neutral"
2026-06-07T21:15:00.000-04:00,"2026-6-7 21:15,2832.8,2838.3,2836.12,2834.82,0,0,0,0,-,-,neutral"
2026-06-07T21:20:00.000-04:00,"2026-6-7 21:20,2832.9,2836.02,2835.87,2834.75,-5,-1,0,0,S,-,FIGHT"
2026-06-07T21:25:00.000-04:00,"2026-6-7 21:25,2828.8,2832.84,2835.33,2834.51,-5,-1,0,0,-,-,FIGHT"
2026-06-07T21:30:00.000-04:00,"2026-6-7 21:30,2832,2831.75,2835.07,2834.42,-5,-1,0,0,-,-,FIGHT"
2026-06-07T21:35:00.000-04:00,"2026-6-7 21:35,2832.8,2831.31,2834.9,2834.35,-5,-1,0,0,-,-,FIGHT"
2026-06-07T21:40:00.000-04:00,"2026-6-7 21:40,2838.3,2833.1,2835.16,2834.51,0,0,1,0,-,-,neutral"
2026-06-07T21:45:00.000-04:00,"2026-6-7 21:45,2838.2,2834.44,2835.39,2834.65,0,0,1,0,-,-,neutral"
2026-06-07T21:50:00.000-04:00,"2026-6-7 21:50,2837.1,2835.06,2835.52,2834.75,0,0,1,0,-,-,neutral"
2026-06-07T21:55:00.000-04:00,"2026-6-7 21:55,2839.1,2836.29,2835.8,2834.92,7,1,1,0,B,-,wave_only"
2026-06-07T22:00:00.000-04:00,"2026-6-7 22:00,2839.5,2837.35,2836.08,2835.1,7,1,1,0,-,-,wave_only"
2026-06-07T22:05:00.000-04:00,"2026-6-7 22:05,2838.1,2837.61,2836.24,2835.22,7,0,1,0,-,-,neutral"
2026-06-07T22:10:00.000-04:00,"2026-6-7 22:10,2839.9,2838.47,2836.52,2835.4,7,1,1,0,-,-,wave_only"
2026-06-07T22:15:00.000-04:00,"2026-6-7 22:15,2836.3,2837.75,2836.5,2835.44,0,0,1,0,-,-,neutral"
2026-06-07T22:20:00.000-04:00,"2026-6-7 22:20,2839.7,2838.48,2836.75,2835.6,7,1,1,0,-,-,wave_only"
2026-06-07T22:25:00.000-04:00,"2026-6-7 22:25,2841.2,2839.55,2837.09,2835.82,7,1,1,0,-,-,wave_only"
2026-06-07T22:30:00.000-04:00,"2026-6-7 22:30,2840.6,2840.11,2837.36,2836.01,7,1,1,0,-,-,wave_only"
2026-06-07T22:35:00.000-04:00,"2026-6-7 22:35,2843.7,2841.63,2837.85,2836.31,7,1,1,0,-,-,wave_only"
2026-06-07T22:40:00.000-04:00,"2026-6-7 22:40,2846.4,2843.72,2838.51,2836.71,7,1,1,0,-,-,wave_only"
2026-06-07T22:45:00.000-04:00,"2026-6-7 22:45,2847,2845.42,2839.16,2837.11,7,1,1,0,-,-,wave_only"
2026-06-07T22:50:00.000-04:00,"2026-6-7 22:50,2844.4,2845.65,2839.56,2837.4,0,0,1,0,-,-,neutral"
2026-06-07T22:55:00.000-04:00,"2026-6-7 22:55,2843.7,2845.48,2839.88,2837.64,0,0,1,0,-,-,neutral"
2026-06-07T23:00:00.000-04:00,"2026-6-7 23:00,2842.9,2844.99,2840.11,2837.85,0,0,1,0,-,-,neutral"
2026-06-07T23:05:00.000-04:00,"2026-6-7 23:05,2845.1,2845.39,2840.5,2838.13,0,0,1,0,-,-,neutral"
2026-06-07T23:10:00.000-04:00,"2026-6-7 23:10,2843.8,2845.16,2840.75,2838.36,0,0,0,0,-,-,neutral"
2026-06-07T23:15:00.000-04:00,"2026-6-7 23:15,2842.1,2844.31,2840.86,2838.5,0,0,0,0,-,-,neutral"
2026-06-07T23:20:00.000-04:00,"2026-6-7 23:20,2845.4,2844.87,2841.2,2838.77,7,1,0,0,-,-,FIGHT"
2026-06-07T23:25:00.000-04:00,"2026-6-7 23:25,2844.7,2844.99,2841.47,2839.01,0,0,1,0,-,-,neutral"
2026-06-07T23:30:00.000-04:00,"2026-6-7 23:30,2844.7,2845.05,2841.72,2839.23,0,0,1,0,-,-,neutral"
2026-06-07T23:35:00.000-04:00,"2026-6-7 23:35,2844.5,2844.99,2841.94,2839.44,0,0,1,0,-,-,neutral"
2026-06-07T23:40:00.000-04:00,"2026-6-7 23:40,2844.5,2844.92,2842.13,2839.63,0,0,0,0,-,-,neutral"
2026-06-07T23:45:00.000-04:00,"2026-6-7 23:45,2844.9,2845,2842.35,2839.84,0,0,0,0,-,-,neutral"
2026-06-07T23:50:00.000-04:00,"2026-6-7 23:50,2845.3,2845.19,2842.57,2840.05,0,0,0,0,-,-,neutral"
2026-06-07T23:55:00.000-04:00,"2026-6-7 23:55,2844.7,2845.08,2842.74,2840.24,0,0,0,0,-,-,neutral"
2026-06-08T00:00:00.000-04:00,"2026-6-8 0:00,2843.5,2844.54,2842.8,2840.36,0,0,0,0,-,-,neutral"
2026-06-08T00:05:00.000-04:00,"2026-6-8 0:05,2843.4,2844.1,2842.84,2840.48,0,0,0,0,-,-,neutral"
2026-06-08T00:10:00.000-04:00,"2026-6-8 0:10,2842.6,2843.47,2842.82,2840.57,-3,-1,0,0,S,-,FIGHT"
2026-06-08T00:15:00.000-04:00,"2026-6-8 0:15,2841.4,2842.57,2842.71,2840.6,-5,-1,0,0,-,-,FIGHT"
2026-06-08T00:20:00.000-04:00,"2026-6-8 0:20,2840.1,2841.44,2842.51,2840.58,-5,-1,0,0,-,-,FIGHT"
2026-06-08T00:25:00.000-04:00,"2026-6-8 0:25,2841.7,2841.23,2842.45,2840.62,-5,-1,0,0,-,-,FIGHT"
2026-06-08T00:30:00.000-04:00,"2026-6-8 0:30,2839.1,2840.13,2842.19,2840.56,-5,-1,0,0,-,-,FIGHT"
2026-06-08T00:35:00.000-04:00,"2026-6-8 0:35,2838.9,2839.29,2841.94,2840.5,-5,-1,0,0,-,-,FIGHT"
2026-06-08T00:40:00.000-04:00,"2026-6-8 0:40,2836.2,2837.72,2841.5,2840.33,-5,-1,0,0,-,-,FIGHT"
2026-06-08T00:45:00.000-04:00,"2026-6-8 0:45,2837.5,2837.09,2841.19,2840.22,-5,-1,0,0,-,-,FIGHT"
2026-06-08T00:50:00.000-04:00,"2026-6-8 0:50,2838.3,2836.99,2840.97,2840.14,0,0,0,0,-,-,neutral"
2026-06-08T00:55:00.000-04:00,"2026-6-8 0:55,2835.9,2836.09,2840.58,2839.98,-5,-1,0,0,-,-,FIGHT"
2026-06-08T01:00:00.000-04:00,"2026-6-8 1:00,2840,2837,2840.53,2839.98,0,0,0,0,-,-,neutral"
2026-06-08T01:05:00.000-04:00,"2026-6-8 1:05,2837,2836.62,2840.26,2839.86,0,0,0,0,-,-,neutral"
2026-06-08T01:10:00.000-04:00,"2026-6-8 1:10,2833.2,2834.97,2839.72,2839.6,-7,-1,-1,0,-,-,wave_only"
2026-06-08T01:15:00.000-04:00,"2026-6-8 1:15,2836.3,2834.97,2839.46,2839.47,0,0,-1,0,-,-,neutral"
2026-06-08T01:20:00.000-04:00,"2026-6-8 1:20,2836.3,2835.03,2839.21,2839.35,0,0,-1,0,-,-,neutral"
2026-06-08T01:25:00.000-04:00,"2026-6-8 1:25,2835.5,2834.82,2838.93,2839.2,0,0,-1,0,-,-,neutral"
2026-06-08T01:30:00.000-04:00,"2026-6-8 1:30,2831.9,2833.39,2838.39,2838.91,-5,-1,-1,0,-,-,wave_only"
2026-06-08T01:35:00.000-04:00,"2026-6-8 1:35,2831.6,2832.28,2837.86,2838.62,-3,-1,-1,0,-,-,wave_only"
2026-06-08T01:40:00.000-04:00,"2026-6-8 1:40,2829.3,2830.68,2837.21,2838.26,-7,-1,-1,0,-,-,wave_only"
2026-06-08T01:45:00.000-04:00,"2026-6-8 1:45,2827.6,2828.94,2836.47,2837.84,-7,-1,-1,0,-,-,wave_only"
2026-06-08T01:50:00.000-04:00,"2026-6-8 1:50,2828.5,2828.08,2835.85,2837.47,-7,0,-1,0,-,-,neutral"
2026-06-08T01:55:00.000-04:00,"2026-6-8 1:55,2830,2828.1,2835.4,2837.18,0,0,-1,-1,-,-,neutral"
2026-06-08T02:00:00.000-04:00,"2026-6-8 2:00,2832.6,2829.16,2835.19,2837,0,0,-1,-1,-,-,neutral"
2026-06-08T02:05:00.000-04:00,"2026-6-8 2:05,2831.8,2829.71,2834.93,2836.8,0,0,-1,-1,-,-,neutral"
2026-06-08T02:10:00.000-04:00,"2026-6-8 2:10,2830.2,2829.58,2834.56,2836.54,0,0,-1,-1,-,-,neutral"
2026-06-08T02:15:00.000-04:00,"2026-6-8 2:15,2832.1,2830.24,2834.37,2836.36,0,0,-1,-1,-,-,neutral"
2026-06-08T02:20:00.000-04:00,"2026-6-8 2:20,2834.3,2831.58,2834.37,2836.28,0,0,-1,-1,-,-,neutral"
2026-06-08T02:25:00.000-04:00,"2026-6-8 2:25,2837.3,2833.69,2834.59,2836.32,3,1,0,-1,B,-,FIGHT"
2026-06-08T02:30:00.000-04:00,"2026-6-8 2:30,2835.5,2834.59,2834.66,2836.29,5,1,0,-1,-,-,FIGHT"
2026-06-08T02:35:00.000-04:00,"2026-6-8 2:35,2834.2,2834.74,2834.63,2836.21,0,0,0,-1,-,-,neutral"
2026-06-08T02:40:00.000-04:00,"2026-6-8 2:40,2835.8,2835.43,2834.72,2836.19,5,1,1,-1,-,-,wave_only"
2026-06-08T02:45:00.000-04:00,"2026-6-8 2:45,2834.2,2835.32,2834.68,2836.11,0,0,1,-1,-,-,neutral"
2026-06-08T02:50:00.000-04:00,"2026-6-8 2:50,2834.8,2835.43,2834.69,2836.06,0,0,1,-1,-,-,neutral"
2026-06-08T02:55:00.000-04:00,"2026-6-8 2:55,2835.3,2835.67,2834.73,2836.03,5,1,0,0,-,-,FIGHT"
2026-06-08T03:00:00.000-04:00,"2026-6-8 3:00,2837,2836.45,2834.91,2836.07,5,1,0,0,-,-,FIGHT"
2026-06-08T03:05:00.000-04:00,"2026-6-8 3:05,2839.2,2837.81,2835.24,2836.19,5,1,0,0,-,-,FIGHT"
2026-06-08T03:10:00.000-04:00,"2026-6-8 3:10,2841.4,2839.59,2835.71,2836.4,5,1,1,0,-,-,wave_only"
2026-06-08T03:15:00.000-04:00,"2026-6-8 3:15,2843.4,2841.58,2836.3,2836.67,5,1,1,0,-,-,wave_only"
2026-06-08T03:20:00.000-04:00,"2026-6-8 3:20,2848.9,2845,2837.27,2837.15,5,1,1,0,-,-,wave_only"
2026-06-08T03:25:00.000-04:00,"2026-6-8 3:25,2849.1,2847.5,2838.18,2837.62,5,1,1,0,-,-,wave_only"
2026-06-08T03:30:00.000-04:00,"2026-6-8 3:30,2848.8,2849.1,2839,2838.06,5,1,1,0,-,-,wave_only"
2026-06-08T03:35:00.000-04:00,"2026-6-8 3:35,2851.8,2851.26,2839.98,2838.6,5,1,1,0,-,-,wave_only"
2026-06-08T03:40:00.000-04:00,"2026-6-8 3:40,2851.9,2852.73,2840.9,2839.12,7,1,1,0,-,-,wave_only"
2026-06-08T03:45:00.000-04:00,"2026-6-8 3:45,2853.4,2854.22,2841.86,2839.68,7,1,1,0,-,-,wave_only"
2026-06-08T03:50:00.000-04:00,"2026-6-8 3:50,2850.6,2854.13,2842.53,2840.11,0,0,1,0,-,-,neutral"
2026-06-08T03:55:00.000-04:00,"2026-6-8 3:55,2849.7,2853.58,2843.09,2840.48,0,0,1,0,-,-,neutral"
2026-06-08T04:00:00.000-04:00,"2026-6-8 4:00,2849.5,2852.97,2843.58,2840.84,0,0,1,0,-,-,neutral"
2026-06-08T04:05:00.000-04:00,"2026-6-8 4:05,2849.6,2852.45,2844.04,2841.18,0,0,1,0,-,-,neutral"
2026-06-08T04:10:00.000-04:00,"2026-6-8 4:10,2848.2,2851.45,2844.36,2841.46,0,0,1,0,-,-,neutral"
2026-06-08T04:15:00.000-04:00,"2026-6-8 4:15,2849.8,2851.24,2844.78,2841.78,0,0,1,0,-,-,neutral"
2026-06-08T04:20:00.000-04:00,"2026-6-8 4:20,2847.8,2850.27,2845.01,2842.02,0,0,1,0,-,-,neutral"
2026-06-08T04:25:00.000-04:00,"2026-6-8 4:25,2848.1,2849.63,2845.25,2842.26,0,0,0,0,-,-,neutral"
2026-06-08T04:30:00.000-04:00,"2026-6-8 4:30,2850.2,2849.9,2845.63,2842.57,0,0,0,0,-,-,neutral"
2026-06-08T04:35:00.000-04:00,"2026-6-8 4:35,2848.8,2849.55,2845.87,2842.81,0,0,0,0,-,-,neutral"
2026-06-08T04:40:00.000-04:00,"2026-6-8 4:40,2847.3,2848.72,2845.98,2842.99,0,0,0,0,-,-,neutral"
2026-06-08T04:45:00.000-04:00,"2026-6-8 4:45,2848.3,2848.46,2846.16,2843.2,0,0,0,0,-,-,neutral"
2026-06-08T04:50:00.000-04:00,"2026-6-8 4:50,2846.6,2847.64,2846.2,2843.33,-3,-1,0,0,S,-,FIGHT"
2026-06-08T04:55:00.000-04:00,"2026-6-8 4:55,2847.2,2847.26,2846.27,2843.48,-3,-1,0,0,-,-,FIGHT"
2026-06-08T05:00:00.000-04:00,"2026-6-8 5:00,2849.9,2847.99,2846.55,2843.73,7,1,0,0,B,-,FIGHT"
2026-06-08T05:05:00.000-04:00,"2026-6-8 5:05,2845.6,2846.95,2846.48,2843.81,-3,-1,0,0,S,-,FIGHT"
2026-06-08T05:10:00.000-04:00,"2026-6-8 5:10,2849.1,2847.49,2846.68,2844.02,7,1,0,0,B,-,FIGHT"
2026-06-08T05:15:00.000-04:00,"2026-6-8 5:15,2849.6,2848.08,2846.91,2844.23,7,1,0,0,-,-,FIGHT"
2026-06-08T05:20:00.000-04:00,"2026-6-8 5:20,2852,2849.41,2847.3,2844.54,7,1,0,0,-,-,FIGHT"
2026-06-08T05:25:00.000-04:00,"2026-6-8 5:25,2851.6,2850.24,2847.63,2844.82,7,1,1,0,-,-,wave_only"
2026-06-08T05:30:00.000-04:00,"2026-6-8 5:30,2850,2850.24,2847.81,2845.02,0,0,1,0,-,-,neutral"
2026-06-08T05:35:00.000-04:00,"2026-6-8 5:35,2852.8,2851.26,2848.19,2845.32,7,1,1,0,-,-,wave_only"
2026-06-08T05:40:00.000-04:00,"2026-6-8 5:40,2856.3,2853.28,2848.82,2845.75,7,1,1,0,-,-,wave_only"
2026-06-08T05:45:00.000-04:00,"2026-6-8 5:45,2857.5,2855.17,2849.49,2846.22,7,1,1,0,-,-,wave_only"
2026-06-08T05:50:00.000-04:00,"2026-6-8 5:50,2855.9,2855.92,2849.98,2846.6,7,1,1,0,-,-,wave_only"
2026-06-08T05:55:00.000-04:00,"2026-6-8 5:55,2857,2856.81,2850.52,2847,7,0,1,0,-,-,neutral"
2026-06-08T06:00:00.000-04:00,"2026-6-8 6:00,2854.7,2856.55,2850.84,2847.3,0,0,1,0,-,-,neutral"
2026-06-08T06:05:00.000-04:00,"2026-6-8 6:05,2856.8,2857.07,2851.3,2847.68,0,0,1,0,-,-,neutral"
2026-06-08T06:10:00.000-04:00,"2026-6-8 6:10,2856.1,2857.13,2851.67,2848.01,0,0,0,0,-,-,neutral"
2026-06-08T06:15:00.000-04:00,"2026-6-8 6:15,2853.3,2856.08,2851.79,2848.22,0,0,0,0,-,-,neutral"
2026-06-08T06:20:00.000-04:00,"2026-6-8 6:20,2852.3,2854.9,2851.83,2848.38,0,0,0,0,-,-,neutral"
2026-06-08T06:25:00.000-04:00,"2026-6-8 6:25,2853.9,2854.59,2851.99,2848.59,0,0,0,0,-,-,neutral"
2026-06-08T06:30:00.000-04:00,"2026-6-8 6:30,2860.1,2856.65,2852.62,2849.04,7,1,0,0,-,-,FIGHT"
2026-06-08T06:35:00.000-04:00,"2026-6-8 6:35,2858.3,2857.46,2853.05,2849.41,7,1,0,0,-,-,FIGHT"
2026-06-08T06:40:00.000-04:00,"2026-6-8 6:40,2858.5,2858.1,2853.47,2849.76,7,1,1,0,-,-,wave_only"
2026-06-08T06:45:00.000-04:00,"2026-6-8 6:45,2858.8,2858.64,2853.88,2850.12,0,0,1,0,-,-,neutral"
2026-06-08T06:50:00.000-04:00,"2026-6-8 6:50,2859.1,2859.1,2854.28,2850.47,0,0,1,0,-,-,neutral"
2026-06-08T06:55:00.000-04:00,"2026-6-8 6:55,2858.3,2859.1,2854.59,2850.78,0,0,0,1,-,-,neutral"
2026-06-08T07:00:00.000-04:00,"2026-6-8 7:00,2858.8,2859.24,2854.92,2851.09,0,0,0,1,-,-,neutral"
2026-06-08T07:05:00.000-04:00,"2026-6-8 7:05,2858.8,2859.3,2855.21,2851.39,0,0,0,1,-,-,neutral"
2026-06-08T07:10:00.000-04:00,"2026-6-8 7:10,2870.2,2863.54,2856.37,2852.13,7,1,1,1,-,-,RIDE_both"
2026-06-08T07:15:00.000-04:00,"2026-6-8 7:15,2868.9,2866.11,2857.33,2852.79,7,1,1,1,-,-,RIDE_both"
2026-06-08T07:20:00.000-04:00,"2026-6-8 7:20,2866.3,2866.94,2858.02,2853.32,0,0,1,1,-,-,neutral"
2026-06-08T07:25:00.000-04:00,"2026-6-8 7:25,2871.5,2869.38,2859.06,2854.03,7,1,1,1,-,-,RIDE_both"
2026-06-08T07:30:00.000-04:00,"2026-6-8 7:30,2874.1,2872.03,2860.22,2854.82,7,1,1,1,-,-,RIDE_both"
2026-06-08T07:35:00.000-04:00,"2026-6-8 7:35,2873.3,2873.55,2861.22,2855.54,7,1,1,1,-,-,RIDE_both"
2026-06-08T07:40:00.000-04:00,"2026-6-8 7:40,2871.1,2873.72,2861.98,2856.15,0,0,1,1,-,-,neutral"
2026-06-08T07:45:00.000-04:00,"2026-6-8 7:45,2870.4,2873.45,2862.63,2856.71,0,0,1,1,-,-,neutral"
2026-06-08T07:50:00.000-04:00,"2026-6-8 7:50,2868.8,2872.53,2863.1,2857.19,0,0,1,1,-,-,neutral"
2026-06-08T07:55:00.000-04:00,"2026-6-8 7:55,2869.5,2872.02,2863.6,2857.67,0,0,0,1,-,-,neutral"
2026-06-08T08:00:00.000-04:00,"2026-6-8 8:00,2871,2872.11,2864.17,2858.19,3,1,0,1,-,-,tide_only"
2026-06-08T08:05:00.000-04:00,"2026-6-8 8:05,2873.2,2872.92,2864.86,2858.78,7,1,0,1,-,-,tide_only"
2026-06-08T08:10:00.000-04:00,"2026-6-8 8:10,2872.2,2873.07,2865.42,2859.31,3,1,0,1,-,-,tide_only"
2026-06-08T08:15:00.000-04:00,"2026-6-8 8:15,2872.3,2873.15,2865.95,2859.82,3,1,0,1,-,-,tide_only"
2026-06-08T08:20:00.000-04:00,"2026-6-8 8:20,2874.2,2873.85,2866.59,2860.38,7,1,0,1,-,-,tide_only"
2026-06-08T08:25:00.000-04:00,"2026-6-8 8:25,2875,2874.61,2867.24,2860.95,7,1,1,1,-,-,RIDE_both"
2026-06-08T08:30:00.000-04:00,"2026-6-8 8:30,2874.5,2874.91,2867.79,2861.48,7,1,1,1,-,-,RIDE_both"
2026-06-08T08:35:00.000-04:00,"2026-6-8 8:35,2875.3,2875.37,2868.37,2862.03,7,1,1,1,-,-,RIDE_both"
2026-06-08T08:40:00.000-04:00,"2026-6-8 8:40,2876.2,2875.98,2868.97,2862.58,7,1,1,1,-,-,RIDE_both"
2026-06-08T08:45:00.000-04:00,"2026-6-8 8:45,2876.1,2876.34,2869.52,2863.11,7,1,1,1,-,-,RIDE_both"
2026-06-08T08:50:00.000-04:00,"2026-6-8 8:50,2874.6,2875.99,2869.91,2863.56,0,0,1,1,-,-,neutral"
2026-06-08T08:55:00.000-04:00,"2026-6-8 8:55,2874.1,2875.5,2870.23,2863.98,0,0,0,1,-,-,neutral"
2026-06-08T09:00:00.000-04:00,"2026-6-8 9:00,2875.2,2875.5,2870.62,2864.42,7,1,0,1,-,-,tide_only"
2026-06-08T09:05:00.000-04:00,"2026-6-8 9:05,2875,2875.4,2870.95,2864.83,0,0,0,1,-,-,neutral"
2026-06-08T09:10:00.000-04:00,"2026-6-8 9:10,2874.4,2875.07,2871.22,2865.21,0,0,0,1,-,-,neutral"
2026-06-08T09:15:00.000-04:00,"2026-6-8 9:15,2873.7,2874.56,2871.41,2865.54,0,0,0,1,-,-,neutral"
2026-06-08T09:20:00.000-04:00,"2026-6-8 9:20,2876.9,2875.35,2871.83,2865.99,7,1,0,1,-,-,tide_only"
2026-06-08T09:25:00.000-04:00,"2026-6-8 9:25,2873,2874.47,2871.92,2866.26,-3,0,0,1,-,-,neutral"
2026-06-08T09:30:00.000-04:00,"2026-6-8 9:30,2861.2,2869.45,2871.1,2866.06,-5,-1,0,1,S,-,FIGHT"
2026-06-08T09:35:00.000-04:00,"2026-6-8 9:35,2858.2,2864.67,2870.1,2865.75,-5,-1,0,1,-,-,FIGHT"
2026-06-08T09:40:00.000-04:00,"2026-6-8 9:40,2864.3,2863.5,2869.66,2865.7,-5,-1,0,1,-,-,FIGHT"
2026-06-08T09:45:00.000-04:00,"2026-6-8 9:45,2863.5,2862.45,2869.18,2865.61,-5,-1,0,1,-,-,FIGHT"
2026-06-08T09:50:00.000-04:00,"2026-6-8 9:50,2865,2862.35,2868.86,2865.59,0,0,0,1,-,-,neutral"
2026-06-08T09:55:00.000-04:00,"2026-6-8 9:55,2859.6,2860.38,2868.15,2865.35,-5,-1,0,0,-,-,FIGHT"
2026-06-08T10:00:00.000-04:00,"2026-6-8 10:00,2863.1,2860.34,2867.76,2865.26,0,0,0,0,-,-,neutral"
2026-06-08T10:05:00.000-04:00,"2026-6-8 10:05,2869.3,2862.72,2867.88,2865.42,0,0,0,0,-,-,neutral"
2026-06-08T10:10:00.000-04:00,"2026-6-8 10:10,2867.3,2863.81,2867.84,2865.5,0,0,0,0,-,-,neutral"
2026-06-08T10:15:00.000-04:00,"2026-6-8 10:15,2866.2,2864.28,2867.71,2865.52,0,0,0,0,-,-,neutral"
2026-06-08T10:20:00.000-04:00,"2026-6-8 10:20,2867.7,2865.22,2867.71,2865.61,0,0,0,0,-,-,neutral"
2026-06-08T10:25:00.000-04:00,"2026-6-8 10:25,2870.8,2867.1,2867.95,2865.81,0,0,1,0,-,-,neutral"
2026-06-08T10:30:00.000-04:00,"2026-6-8 10:30,2875.6,2870.27,2868.54,2866.2,7,1,1,0,B,-,wave_only"
2026-06-08T10:35:00.000-04:00,"2026-6-8 10:35,2877.6,2873.33,2869.23,2866.64,7,1,1,0,-,-,wave_only"
2026-06-08T10:40:00.000-04:00,"2026-6-8 10:40,2874.6,2874.42,2869.65,2866.96,7,1,1,0,-,-,wave_only"
2026-06-08T10:45:00.000-04:00,"2026-6-8 10:45,2874.4,2875.08,2870.01,2867.25,3,1,1,0,-,-,wave_only"
2026-06-08T10:50:00.000-04:00,"2026-6-8 10:50,2879,2877.19,2870.7,2867.71,7,1,1,0,-,-,wave_only"
2026-06-08T10:55:00.000-04:00,"2026-6-8 10:55,2882.4,2879.92,2871.6,2868.28,7,1,1,1,-,-,RIDE_both"
2026-06-08T11:00:00.000-04:00,"2026-6-8 11:00,2879.9,2880.9,2872.24,2868.74,7,1,1,1,-,-,RIDE_both"
2026-06-08T11:05:00.000-04:00,"2026-6-8 11:05,2884.2,2883.1,2873.16,2869.35,7,1,1,1,-,-,RIDE_both"
2026-06-08T11:10:00.000-04:00,"2026-6-8 11:10,2882.6,2884,2873.89,2869.87,0,0,1,1,-,-,neutral"
2026-06-08T11:15:00.000-04:00,"2026-6-8 11:15,2884.5,2885.24,2874.7,2870.44,7,0,1,1,-,-,neutral"
2026-06-08T11:20:00.000-04:00,"2026-6-8 11:20,2885.3,2886.32,2875.52,2871.02,3,1,1,1,-,-,RIDE_both"
2026-06-08T11:25:00.000-04:00,"2026-6-8 11:25,2879.2,2884.72,2875.8,2871.34,0,0,0,1,-,-,neutral"
2026-06-08T11:30:00.000-04:00,"2026-6-8 11:30,2872.7,2881.02,2875.56,2871.4,0,0,0,1,-,-,neutral"
2026-06-08T11:35:00.000-04:00,"2026-6-8 11:35,2878.8,2880.49,2875.81,2871.69,0,0,0,1,-,-,neutral"
2026-06-08T11:40:00.000-04:00,"2026-6-8 11:40,2879.8,2880.42,2876.12,2872,0,0,0,1,-,-,neutral"
2026-06-08T11:45:00.000-04:00,"2026-6-8 11:45,2875.7,2878.82,2876.09,2872.15,0,0,0,1,-,-,neutral"
2026-06-08T11:50:00.000-04:00,"2026-6-8 11:50,2875.7,2877.62,2876.06,2872.29,-3,-1,0,1,S,-,FIGHT"
2026-06-08T11:55:00.000-04:00,"2026-6-8 11:55,2874,2876.11,2875.9,2872.36,-5,-1,0,1,-,-,FIGHT"
2026-06-08T12:00:00.000-04:00,"2026-6-8 12:00,2873.9,2874.97,2875.74,2872.42,-5,-1,0,1,-,-,FIGHT"
2026-06-08T12:05:00.000-04:00,"2026-6-8 12:05,2870.7,2872.98,2875.36,2872.35,-5,-1,0,1,-,-,FIGHT"
2026-06-08T12:10:00.000-04:00,"2026-6-8 12:10,2873,2872.41,2875.18,2872.37,-5,-1,0,1,-,-,FIGHT"
2026-06-08T12:15:00.000-04:00,"2026-6-8 12:15,2875.9,2873.12,2875.23,2872.51,0,0,0,1,-,-,neutral"
2026-06-08T12:20:00.000-04:00,"2026-6-8 12:20,2873.9,2872.96,2875.13,2872.57,-5,-1,0,1,-,-,FIGHT"
2026-06-08T12:25:00.000-04:00,"2026-6-8 12:25,2869.8,2871.36,2874.72,2872.46,-5,-1,0,1,-,-,FIGHT"
2026-06-08T12:30:00.000-04:00,"2026-6-8 12:30,2870.3,2870.42,2874.38,2872.37,-5,-1,0,1,-,-,FIGHT"
2026-06-08T12:35:00.000-04:00,"2026-6-8 12:35,2868.6,2869.16,2873.93,2872.23,-5,-1,0,1,-,-,FIGHT"
2026-06-08T12:40:00.000-04:00,"2026-6-8 12:40,2871.5,2869.38,2873.75,2872.2,0,0,0,1,-,-,neutral"
2026-06-08T12:45:00.000-04:00,"2026-6-8 12:45,2871.5,2869.61,2873.57,2872.17,0,0,0,1,-,-,neutral"
2026-06-08T12:50:00.000-04:00,"2026-6-8 12:50,2871.6,2869.87,2873.42,2872.15,0,0,0,1,-,-,neutral"
2026-06-08T12:55:00.000-04:00,"2026-6-8 12:55,2868.6,2869.01,2873.05,2872.01,-5,-1,-1,0,-,-,wave_only"
2026-06-08T13:00:00.000-04:00,"2026-6-8 13:00,2863.7,2866.61,2872.33,2871.68,-5,-1,-1,0,-,-,wave_only"
2026-06-08T13:05:00.000-04:00,"2026-6-8 13:05,2861.8,2864.21,2871.52,2871.3,-7,-1,-1,0,-,-,wave_only"
2026-06-08T13:10:00.000-04:00,"2026-6-8 13:10,2862.2,2862.68,2870.8,2870.94,-3,-1,-1,0,-,-,wave_only"
2026-06-08T13:15:00.000-04:00,"2026-6-8 13:15,2859.1,2860.5,2869.9,2870.47,-5,-1,-1,0,-,-,wave_only"
2026-06-08T13:20:00.000-04:00,"2026-6-8 13:20,2858.1,2858.65,2869,2869.99,-3,-1,-1,0,-,-,wave_only"
2026-06-08T13:25:00.000-04:00,"2026-6-8 13:25,2862.9,2859.19,2868.53,2869.71,0,0,-1,0,-,-,neutral"
2026-06-08T13:30:00.000-04:00,"2026-6-8 13:30,2857.6,2857.74,2867.69,2869.24,-7,-1,-1,0,-,-,wave_only"
2026-06-08T13:35:00.000-04:00,"2026-6-8 13:35,2858.2,2857.02,2866.96,2868.8,0,0,-1,0,-,-,neutral"
2026-06-08T13:40:00.000-04:00,"2026-6-8 13:40,2858.9,2856.86,2866.34,2868.42,0,0,-1,0,-,-,neutral"
2026-06-08T13:45:00.000-04:00,"2026-6-8 13:45,2863.3,2858.48,2866.1,2868.21,0,0,-1,0,-,-,neutral"
2026-06-08T13:50:00.000-04:00,"2026-6-8 13:50,2864,2860.02,2865.94,2868.05,0,0,-1,0,-,-,neutral"
2026-06-08T13:55:00.000-04:00,"2026-6-8 13:55,2861.6,2860.33,2865.61,2867.8,0,0,-1,0,-,-,neutral"
2026-06-08T14:00:00.000-04:00,"2026-6-8 14:00,2866.3,2862.34,2865.66,2867.74,0,0,-1,0,-,-,neutral"
2026-06-08T14:05:00.000-04:00,"2026-6-8 14:05,2867.7,2864.37,2865.82,2867.74,3,1,-1,0,B,-,FIGHT"
2026-06-08T14:10:00.000-04:00,"2026-6-8 14:10,2865.2,2864.94,2865.77,2867.64,3,1,0,0,-,-,FIGHT"
2026-06-08T14:15:00.000-04:00,"2026-6-8 14:15,2866.5,2865.82,2865.83,2867.59,5,1,0,0,-,-,FIGHT"
2026-06-08T14:20:00.000-04:00,"2026-6-8 14:20,2868.3,2867.11,2866.02,2867.62,5,1,0,0,-,-,FIGHT"
2026-06-08T14:25:00.000-04:00,"2026-6-8 14:25,2869.2,2868.36,2866.26,2867.68,5,1,0,0,-,-,FIGHT"
2026-06-08T14:30:00.000-04:00,"2026-6-8 14:30,2869,2869.16,2866.47,2867.73,5,1,0,0,-,-,FIGHT"
2026-06-08T14:35:00.000-04:00,"2026-6-8 14:35,2865.3,2868.32,2866.38,2867.64,0,0,0,0,-,-,neutral"
2026-06-08T14:40:00.000-04:00,"2026-6-8 14:40,2864.5,2867.36,2866.24,2867.52,0,0,0,0,-,-,neutral"
2026-06-08T14:45:00.000-04:00,"2026-6-8 14:45,2865.7,2867.07,2866.2,2867.44,0,0,0,0,-,-,neutral"
2026-06-08T14:50:00.000-04:00,"2026-6-8 14:50,2866.8,2867.23,2866.24,2867.42,0,0,0,0,-,-,neutral"
2026-06-08T14:55:00.000-04:00,"2026-6-8 14:55,2863.7,2866.17,2866.05,2867.27,0,0,-1,0,-,-,neutral"
2026-06-08T15:00:00.000-04:00,"2026-6-8 15:00,2865.7,2866.12,2866.02,2867.21,0,0,-1,0,-,-,neutral"
2026-06-08T15:05:00.000-04:00,"2026-6-8 15:05,2861.5,2864.52,2865.67,2866.99,-7,-1,-1,0,S,-,wave_only"
2026-06-08T15:10:00.000-04:00,"2026-6-8 15:10,2859.6,2862.64,2865.21,2866.7,-7,-1,-1,0,-,-,wave_only"
2026-06-08T15:15:00.000-04:00,"2026-6-8 15:15,2859.5,2861.24,2864.77,2866.42,-7,-1,-1,0,-,-,wave_only"
2026-06-08T15:20:00.000-04:00,"2026-6-8 15:20,2856.3,2859.06,2864.12,2866.02,-7,-1,-1,0,-,-,wave_only"
2026-06-08T15:25:00.000-04:00,"2026-6-8 15:25,2861,2859.25,2863.88,2865.82,0,0,-1,0,-,-,neutral"
2026-06-08T15:30:00.000-04:00,"2026-6-8 15:30,2860.6,2859.31,2863.62,2865.62,0,0,-1,0,-,-,neutral"
2026-06-08T15:35:00.000-04:00,"2026-6-8 15:35,2860.2,2859.25,2863.36,2865.4,0,0,-1,0,-,-,neutral"
2026-06-08T15:40:00.000-04:00,"2026-6-8 15:40,2859.8,2859.11,2863.09,2865.18,-3,-1,-1,0,-,-,wave_only"
2026-06-08T15:45:00.000-04:00,"2026-6-8 15:45,2860.9,2859.45,2862.92,2865.02,0,0,-1,0,-,-,neutral"
2026-06-08T15:50:00.000-04:00,"2026-6-8 15:50,2859.8,2859.34,2862.68,2864.81,-3,-1,-1,0,-,-,wave_only"
2026-06-08T15:55:00.000-04:00,"2026-6-8 15:55,2859.3,2859.1,2862.42,2864.6,-3,-1,-1,0,-,-,wave_only"
2026-06-08T16:00:00.000-04:00,"2026-6-8 16:00,2862.3,2860.07,2862.41,2864.51,0,0,-1,0,-,-,neutral"
2026-06-08T16:05:00.000-04:00,"2026-6-8 16:05,2862,2860.7,2862.38,2864.41,3,0,-1,0,-,-,neutral"
2026-06-08T16:10:00.000-04:00,"2026-6-8 16:10,2860.6,2860.66,2862.24,2864.26,0,0,0,0,-,-,neutral"
2026-06-08T16:15:00.000-04:00,"2026-6-8 16:15,2859.9,2860.37,2862.06,2864.09,-7,-1,0,0,-,-,FIGHT"
2026-06-08T16:20:00.000-04:00,"2026-6-8 16:20,2859,2859.84,2861.83,2863.89,-7,-1,0,0,-,-,FIGHT"
2026-06-08T16:25:00.000-04:00,"2026-6-8 16:25,2860.7,2860.09,2861.74,2863.76,0,0,0,0,-,-,neutral"
2026-06-08T16:30:00.000-04:00,"2026-6-8 16:30,2860.3,2860.14,2861.63,2863.63,0,0,0,0,-,-,neutral"
2026-06-08T16:35:00.000-04:00,"2026-6-8 16:35,2859.4,2859.85,2861.46,2863.46,-7,-1,0,0,-,-,FIGHT"
2026-06-08T16:40:00.000-04:00,"2026-6-8 16:40,2859.2,2859.57,2861.28,2863.29,-7,-1,-1,0,-,-,wave_only"
2026-06-08T16:45:00.000-04:00,"2026-6-8 16:45,2858.9,2859.27,2861.1,2863.12,-7,-1,-1,0,-,-,wave_only"
2026-06-08T16:50:00.000-04:00,"2026-6-8 16:50,2858.3,2858.84,2860.88,2862.93,-7,-1,-1,0,-,-,wave_only"
2026-06-08T16:55:00.000-04:00,"2026-6-8 16:55,2858.1,2858.46,2860.67,2862.74,-7,-1,-1,0,-,-,wave_only"
2026-06-08T18:00:00.000-04:00,"2026-6-8 18:00,2853.7,2856.58,2860.13,2862.39,-7,-1,-1,0,-,-,wave_only"
2026-06-08T18:05:00.000-04:00,"2026-6-8 18:05,2850.7,2854.11,2859.41,2861.93,-7,-1,-1,0,-,-,wave_only"
2026-06-08T18:10:00.000-04:00,"2026-6-8 18:10,2850.1,2852.13,2858.69,2861.47,-7,-1,-1,0,-,-,wave_only"
2026-06-08T18:15:00.000-04:00,"2026-6-8 18:15,2848,2849.96,2857.87,2860.94,-7,-1,-1,0,-,-,wave_only"
2026-06-08T18:20:00.000-04:00,"2026-6-8 18:20,2850.7,2849.46,2857.32,2860.54,-7,-1,-1,0,-,-,wave_only"
2026-06-08T18:25:00.000-04:00,"2026-6-8 18:25,2849.4,2848.7,2856.71,2860.1,-7,-1,-1,0,-,-,wave_only"
2026-06-08T18:30:00.000-04:00,"2026-6-8 18:30,2851.9,2849.17,2856.34,2859.78,0,0,-1,0,-,-,neutral"
2026-06-08T18:35:00.000-04:00,"2026-6-8 18:35,2851.6,2849.48,2855.97,2859.46,0,0,-1,0,-,-,neutral"
2026-06-08T18:40:00.000-04:00,"2026-6-8 18:40,2852.2,2850.01,2855.68,2859.17,0,0,0,0,-,-,neutral"
2026-06-08T18:45:00.000-04:00,"2026-6-8 18:45,2852.9,2850.72,2855.47,2858.93,0,0,0,0,-,-,neutral"
2026-06-08T18:50:00.000-04:00,"2026-6-8 18:50,2853.6,2851.54,2855.33,2858.72,0,0,0,0,-,-,neutral"
2026-06-08T18:55:00.000-04:00,"2026-6-8 18:55,2855.6,2852.93,2855.35,2858.6,0,0,0,0,-,-,neutral"
2026-06-08T19:00:00.000-04:00,"2026-6-8 19:00,2855.2,2853.81,2855.34,2858.46,3,1,0,0,B,-,FIGHT"
2026-06-08T19:05:00.000-04:00,"2026-6-8 19:05,2855.6,2854.62,2855.36,2858.35,3,1,0,0,-,-,FIGHT"
2026-06-08T19:10:00.000-04:00,"2026-6-8 19:10,2858.5,2856.27,2855.6,2858.36,5,1,0,0,-,-,FIGHT"
2026-06-08T19:15:00.000-04:00,"2026-6-8 19:15,2856.7,2856.8,2855.68,2858.29,5,1,0,0,-,-,FIGHT"
2026-06-08T19:20:00.000-04:00,"2026-6-8 19:20,2857.5,2857.45,2855.82,2858.26,5,1,0,0,-,-,FIGHT"
2026-06-08T19:25:00.000-04:00,"2026-6-8 19:25,2856.2,2857.42,2855.85,2858.18,0,0,0,0,-,-,neutral"
2026-06-08T19:30:00.000-04:00,"2026-6-8 19:30,2856.2,2857.35,2855.88,2858.1,0,0,0,0,-,-,neutral"
2026-06-08T19:35:00.000-04:00,"2026-6-8 19:35,2859.9,2858.64,2856.19,2858.17,5,1,0,0,-,-,FIGHT"
2026-06-08T19:40:00.000-04:00,"2026-6-8 19:40,2856.7,2858.36,2856.23,2858.11,0,0,0,0,-,-,neutral"
2026-06-08T19:45:00.000-04:00,"2026-6-8 19:45,2853.8,2857.04,2856.04,2857.95,0,0,0,0,-,-,neutral"
2026-06-08T19:50:00.000-04:00,"2026-6-8 19:50,2851.5,2855.18,2855.69,2857.69,-7,-1,0,0,S,-,FIGHT"
2026-06-08T19:55:00.000-04:00,"2026-6-8 19:55,2854.4,2854.89,2855.59,2857.56,-7,-1,-1,-1,-,-,RIDE_both"
2026-06-08T20:00:00.000-04:00,"2026-6-8 20:00,2850.6,2853.27,2855.21,2857.29,-7,-1,-1,-1,-,-,RIDE_both"
2026-06-08T20:05:00.000-04:00,"2026-6-8 20:05,2848.2,2851.2,2854.67,2856.93,-7,-1,-1,-1,-,-,RIDE_both"
2026-06-08T20:10:00.000-04:00,"2026-6-8 20:10,2848.9,2849.98,2854.23,2856.62,-7,-1,-1,-1,-,-,RIDE_both"
2026-06-08T20:15:00.000-04:00,"2026-6-8 20:15,2848.5,2848.98,2853.78,2856.3,-7,-1,-1,-1,-,-,RIDE_both"
2026-06-08T20:20:00.000-04:00,"2026-6-8 20:20,2847.6,2847.97,2853.31,2855.96,-7,-1,-1,-1,-,-,RIDE_both"
2026-06-08T20:25:00.000-04:00,"2026-6-8 20:25,2849.1,2847.84,2852.99,2855.69,-7,-1,-1,-1,-,-,RIDE_both"
2026-06-08T20:30:00.000-04:00,"2026-6-8 20:30,2846.7,2846.93,2852.5,2855.34,-7,-1,-1,-1,-,-,RIDE_both"
2026-06-08T20:35:00.000-04:00,"2026-6-8 20:35,2846,2846.06,2852,2854.97,-7,-1,-1,-1,-,-,RIDE_both"
2026-06-08T20:40:00.000-04:00,"2026-6-8 20:40,2848.3,2846.34,2851.72,2854.71,0,0,-1,-1,-,-,neutral"
2026-06-08T20:45:00.000-04:00,"2026-6-8 20:45,2846.9,2846.09,2851.35,2854.4,-7,-1,-1,-1,-,-,RIDE_both"
2026-06-08T20:50:00.000-04:00,"2026-6-8 20:50,2845.2,2845.34,2850.87,2854.04,-7,-1,-1,-1,-,-,RIDE_both"
2026-06-08T20:55:00.000-04:00,"2026-6-8 20:55,2847.1,2845.55,2850.58,2853.77,0,0,-1,-1,-,-,neutral"
2026-06-08T21:00:00.000-04:00,"2026-6-8 21:00,2847.1,2845.76,2850.32,2853.51,0,0,-1,-1,-,-,neutral"
2026-06-08T21:05:00.000-04:00,"2026-6-8 21:05,2848,2846.29,2850.14,2853.29,0,0,-1,-1,-,-,neutral"
2026-06-08T21:10:00.000-04:00,"2026-6-8 21:10,2850.1,2847.51,2850.13,2853.17,0,0,0,-1,-,-,neutral"
2026-06-08T21:15:00.000-04:00,"2026-6-8 21:15,2851.6,2848.98,2850.25,2853.11,3,1,0,-1,B,-,FIGHT"
2026-06-08T21:20:00.000-04:00,"2026-6-8 21:20,2859.3,2852.91,2850.94,2853.35,5,1,0,-1,-,-,FIGHT"
2026-06-08T21:25:00.000-04:00,"2026-6-8 21:25,2858.1,2855.34,2851.49,2853.54,5,1,0,-1,-,-,FIGHT"
2026-06-08T21:30:00.000-04:00,"2026-6-8 21:30,2858.5,2857.21,2852.03,2853.73,5,1,0,-1,-,-,FIGHT"
2026-06-08T21:35:00.000-04:00,"2026-6-8 21:35,2860.3,2859.17,2852.67,2853.99,5,1,0,-1,-,-,FIGHT"
2026-06-08T21:40:00.000-04:00,"2026-6-8 21:40,2859.8,2860.33,2853.22,2854.22,5,1,1,-1,-,-,wave_only"
2026-06-08T21:45:00.000-04:00,"2026-6-8 21:45,2862,2861.9,2853.89,2854.52,5,1,1,-1,-,-,wave_only"
2026-06-08T21:50:00.000-04:00,"2026-6-8 21:50,2861.1,2862.61,2854.45,2854.78,5,0,1,-1,-,-,neutral"
2026-06-08T21:55:00.000-04:00,"2026-6-8 21:55,2859.9,2862.57,2854.87,2854.98,0,0,1,1,-,-,neutral"
2026-06-08T22:00:00.000-04:00,"2026-6-8 22:00,2861.4,2862.99,2855.37,2855.23,0,0,1,1,-,-,neutral"
2026-06-08T22:05:00.000-04:00,"2026-6-8 22:05,2862.3,2863.53,2855.9,2855.51,0,0,1,1,-,-,neutral"
2026-06-08T22:10:00.000-04:00,"2026-6-8 22:10,2861.6,2863.57,2856.34,2855.75,0,0,1,1,-,-,neutral"
2026-06-08T22:15:00.000-04:00,"2026-6-8 22:15,2860.6,2863.14,2856.67,2855.94,0,0,1,1,-,-,neutral"
2026-06-08T22:20:00.000-04:00,"2026-6-8 22:20,2859.9,2862.49,2856.92,2856.09,0,0,1,1,-,-,neutral"
2026-06-08T22:25:00.000-04:00,"2026-6-8 22:25,2860.8,2862.27,2857.22,2856.28,0,0,1,1,-,-,neutral"
2026-06-08T22:30:00.000-04:00,"2026-6-8 22:30,2861.5,2862.32,2857.55,2856.48,0,0,1,1,-,-,neutral"
2026-06-08T22:35:00.000-04:00,"2026-6-8 22:35,2860.2,2861.82,2857.75,2856.63,0,0,1,1,-,-,neutral"
2026-06-08T22:40:00.000-04:00,"2026-6-8 22:40,2861.4,2861.86,2858.03,2856.82,0,0,1,1,-,-,neutral"
2026-06-08T22:45:00.000-04:00,"2026-6-8 22:45,2862,2862.07,2858.34,2857.02,0,0,1,1,-,-,neutral"
2026-06-08T22:50:00.000-04:00,"2026-6-8 22:50,2861.6,2862.05,2858.59,2857.2,0,0,1,1,-,-,neutral"
2026-06-08T22:55:00.000-04:00,"2026-6-8 22:55,2862.2,2862.23,2858.86,2857.39,0,0,1,1,-,-,neutral"
2026-06-08T23:00:00.000-04:00,"2026-6-8 23:00,2862.4,2862.4,2859.14,2857.59,0,0,1,1,-,-,neutral"
2026-06-08T23:05:00.000-04:00,"2026-6-8 23:05,2863.2,2862.81,2859.45,2857.81,0,0,1,1,-,-,neutral"
2026-06-08T23:10:00.000-04:00,"2026-6-8 23:10,2863.7,2863.26,2859.78,2858.04,3,1,1,1,-,-,RIDE_both"
2026-06-08T23:15:00.000-04:00,"2026-6-8 23:15,2863.9,2863.64,2860.09,2858.27,0,0,1,1,-,-,neutral"
2026-06-08T23:20:00.000-04:00,"2026-6-8 23:20,2861.5,2863,2860.2,2858.4,0,0,1,1,-,-,neutral"
2026-06-08T23:25:00.000-04:00,"2026-6-8 23:25,2863,2863.06,2860.42,2858.58,0,0,0,1,-,-,neutral"
2026-06-08T23:30:00.000-04:00,"2026-6-8 23:30,2865,2863.83,2860.77,2858.83,7,1,0,1,-,-,tide_only"
2026-06-08T23:35:00.000-04:00,"2026-6-8 23:35,2865.8,2864.67,2861.16,2859.1,7,1,0,1,-,-,tide_only"
2026-06-08T23:40:00.000-04:00,"2026-6-8 23:40,2867.9,2866.04,2861.68,2859.45,7,1,1,1,-,-,RIDE_both"
2026-06-08T23:45:00.000-04:00,"2026-6-8 23:45,2867,2866.67,2862.08,2859.74,7,0,1,1,-,-,neutral"
2026-06-08T23:50:00.000-04:00,"2026-6-8 23:50,2867.2,2867.17,2862.48,2860.04,3,1,1,1,-,-,RIDE_both"
2026-06-08T23:55:00.000-04:00,"2026-6-8 23:55,2867.5,2867.6,2862.86,2860.33,0,0,1,1,-,-,neutral"
2026-06-09T00:00:00.000-04:00,"2026-6-9 0:00,2866.4,2867.46,2863.14,2860.57,0,0,1,1,-,-,neutral"
2026-06-09T00:05:00.000-04:00,"2026-6-9 0:05,2867.7,2867.8,2863.49,2860.85,7,1,1,1,-,-,RIDE_both"
2026-06-09T00:10:00.000-04:00,"2026-6-9 0:10,2867.1,2867.79,2863.77,2861.09,0,0,0,1,-,-,neutral"
2026-06-09T00:15:00.000-04:00,"2026-6-9 0:15,2868.4,2868.22,2864.12,2861.38,7,1,0,1,-,-,tide_only"
2026-06-09T00:20:00.000-04:00,"2026-6-9 0:20,2868.2,2868.43,2864.44,2861.65,3,1,0,1,-,-,tide_only"
2026-06-09T00:25:00.000-04:00,"2026-6-9 0:25,2868,2868.48,2864.71,2861.9,0,0,0,1,-,-,neutral"
2026-06-09T00:30:00.000-04:00,"2026-6-9 0:30,2869.7,2869.1,2865.09,2862.2,7,1,0,1,-,-,tide_only"
2026-06-09T00:35:00.000-04:00,"2026-6-9 0:35,2870.7,2869.9,2865.52,2862.54,7,1,0,1,-,-,tide_only"
2026-06-09T00:40:00.000-04:00,"2026-6-9 0:40,2869.4,2869.97,2865.82,2862.8,3,1,1,1,-,-,RIDE_both"
2026-06-09T00:45:00.000-04:00,"2026-6-9 0:45,2870.2,2870.28,2866.16,2863.09,7,1,1,1,-,-,RIDE_both"
2026-06-09T00:50:00.000-04:00,"2026-6-9 0:50,2869.1,2870.06,2866.39,2863.33,0,0,1,1,-,-,neutral"
2026-06-09T00:55:00.000-04:00,"2026-6-9 0:55,2868.7,2869.72,2866.56,2863.54,0,0,0,1,-,-,neutral"
2026-06-09T01:00:00.000-04:00,"2026-6-9 1:00,2871,2870.29,2866.91,2863.83,7,1,0,1,-,-,tide_only"
2026-06-09T01:05:00.000-04:00,"2026-6-9 1:05,2870,2870.32,2867.14,2864.07,3,1,0,1,-,-,tide_only"
2026-06-09T01:10:00.000-04:00,"2026-6-9 1:10,2870.2,2870.39,2867.38,2864.32,3,1,0,1,-,-,tide_only"
2026-06-09T01:15:00.000-04:00,"2026-6-9 1:15,2870.6,2870.56,2867.63,2864.56,7,1,0,1,-,-,tide_only"
2026-06-09T01:20:00.000-04:00,"2026-6-9 1:20,2871.2,2870.89,2867.9,2864.82,7,1,0,1,-,-,tide_only"
2026-06-09T01:25:00.000-04:00,"2026-6-9 1:25,2870,2870.67,2868.06,2865.03,0,0,0,1,-,-,neutral"
2026-06-09T01:30:00.000-04:00,"2026-6-9 1:30,2874.2,2872.04,2868.53,2865.38,7,1,0,1,-,-,tide_only"
2026-06-09T01:35:00.000-04:00,"2026-6-9 1:35,2873.4,2872.73,2868.91,2865.7,7,1,0,1,-,-,tide_only"
2026-06-09T01:40:00.000-04:00,"2026-6-9 1:40,2873,2873.05,2869.22,2865.99,7,1,1,1,-,-,RIDE_both"
2026-06-09T01:45:00.000-04:00,"2026-6-9 1:45,2875,2873.99,2869.67,2866.34,7,1,1,1,-,-,RIDE_both"
2026-06-09T01:50:00.000-04:00,"2026-6-9 1:50,2872.5,2873.72,2869.89,2866.58,0,0,1,1,-,-,neutral"
2026-06-09T01:55:00.000-04:00,"2026-6-9 1:55,2872.2,2873.38,2870.06,2866.8,0,0,0,1,-,-,neutral"
2026-06-09T02:00:00.000-04:00,"2026-6-9 2:00,2872.2,2873.09,2870.23,2867.01,0,0,0,1,-,-,neutral"
2026-06-09T02:05:00.000-04:00,"2026-6-9 2:05,2872.3,2872.89,2870.39,2867.22,0,0,0,1,-,-,neutral"
2026-06-09T02:10:00.000-04:00,"2026-6-9 2:10,2872,2872.62,2870.51,2867.41,0,0,0,1,-,-,neutral"
2026-06-09T02:15:00.000-04:00,"2026-6-9 2:15,2872.6,2872.62,2870.67,2867.61,7,0,0,1,-,-,neutral"
2026-06-09T02:20:00.000-04:00,"2026-6-9 2:20,2873.2,2872.84,2870.87,2867.83,7,1,0,1,-,-,tide_only"
2026-06-09T02:25:00.000-04:00,"2026-6-9 2:25,2870.7,2872.06,2870.85,2867.94,-3,-1,0,1,S,-,FIGHT"
2026-06-09T02:30:00.000-04:00,"2026-6-9 2:30,2870,2871.23,2870.79,2868.02,-3,-1,0,1,-,-,FIGHT"
2026-06-09T02:35:00.000-04:00,"2026-6-9 2:35,2870.7,2870.88,2870.78,2868.13,-5,-1,0,1,-,-,FIGHT"
2026-06-09T02:40:00.000-04:00,"2026-6-9 2:40,2871,2870.75,2870.8,2868.24,-5,-1,0,1,-,-,FIGHT"
2026-06-09T02:45:00.000-04:00,"2026-6-9 2:45,2870.8,2870.59,2870.8,2868.34,-5,-1,0,1,-,-,FIGHT"
2026-06-09T02:50:00.000-04:00,"2026-6-9 2:50,2867.8,2869.37,2870.57,2868.32,-5,-1,0,1,-,-,FIGHT"
2026-06-09T02:55:00.000-04:00,"2026-6-9 2:55,2869.4,2869.1,2870.48,2868.36,-5,-1,0,1,-,-,FIGHT"
2026-06-09T03:00:00.000-04:00,"2026-6-9 3:00,2875.6,2871.22,2870.87,2868.65,7,0,0,1,-,-,neutral"
2026-06-09T03:05:00.000-04:00,"2026-6-9 3:05,2877,2873.31,2871.34,2868.97,7,1,0,1,B,-,tide_only"
2026-06-09T03:10:00.000-04:00,"2026-6-9 3:10,2872.9,2873.32,2871.46,2869.13,7,0,0,1,-,-,neutral"
2026-06-09T03:15:00.000-04:00,"2026-6-9 3:15,2873,2873.34,2871.58,2869.28,7,0,0,1,-,-,neutral"
2026-06-09T03:20:00.000-04:00,"2026-6-9 3:20,2872.1,2873.01,2871.62,2869.39,-3,-1,0,1,S,-,FIGHT"
2026-06-09T03:25:00.000-04:00,"2026-6-9 3:25,2869.9,2871.93,2871.49,2869.41,-3,-1,0,1,-,-,FIGHT"
2026-06-09T03:30:00.000-04:00,"2026-6-9 3:30,2870.1,2871.22,2871.38,2869.44,-5,-1,0,1,-,-,FIGHT"
2026-06-09T03:35:00.000-04:00,"2026-6-9 3:35,2870.2,2870.73,2871.29,2869.47,-5,-1,0,1,-,-,FIGHT"
2026-06-09T03:40:00.000-04:00,"2026-6-9 3:40,2871.5,2870.87,2871.31,2869.55,0,0,0,1,-,-,neutral"
2026-06-09T03:45:00.000-04:00,"2026-6-9 3:45,2872.5,2871.35,2871.4,2869.66,0,0,0,1,-,-,neutral"
2026-06-09T03:50:00.000-04:00,"2026-6-9 3:50,2870.2,2870.86,2871.31,2869.68,-5,-1,0,1,-,-,FIGHT"
2026-06-09T03:55:00.000-04:00,"2026-6-9 3:55,2870.5,2870.62,2871.24,2869.72,-5,-1,0,1,-,-,FIGHT"
2026-06-09T04:00:00.000-04:00,"2026-6-9 4:00,2871.8,2870.94,2871.29,2869.8,0,0,0,1,-,-,neutral"
2026-06-09T04:05:00.000-04:00,"2026-6-9 4:05,2875.2,2872.44,2871.59,2870.01,7,1,0,1,B,-,tide_only"
2026-06-09T04:10:00.000-04:00,"2026-6-9 4:10,2877.7,2874.47,2872.06,2870.31,7,1,1,1,-,-,RIDE_both"
2026-06-09T04:15:00.000-04:00,"2026-6-9 4:15,2878.4,2876.2,2872.55,2870.63,7,1,1,1,-,-,RIDE_both"
2026-06-09T04:20:00.000-04:00,"2026-6-9 4:20,2878.4,2877.43,2873,2870.93,7,1,1,1,-,-,RIDE_both"
2026-06-09T04:25:00.000-04:00,"2026-6-9 4:25,2879.5,2878.69,2873.5,2871.27,7,1,1,1,-,-,RIDE_both"
2026-06-09T04:30:00.000-04:00,"2026-6-9 4:30,2878.8,2879.29,2873.9,2871.56,7,0,1,1,-,-,neutral"
2026-06-09T04:35:00.000-04:00,"2026-6-9 4:35,2881.1,2880.52,2874.46,2871.94,7,1,1,1,-,-,RIDE_both"
2026-06-09T04:40:00.000-04:00,"2026-6-9 4:40,2881.5,2881.5,2875,2872.31,7,1,1,1,-,-,RIDE_both"
2026-06-09T04:45:00.000-04:00,"2026-6-9 4:45,2880.2,2881.66,2875.4,2872.62,0,0,1,1,-,-,neutral"
2026-06-09T04:50:00.000-04:00,"2026-6-9 4:50,2878.4,2881.03,2875.63,2872.85,0,0,1,1,-,-,neutral"
2026-06-09T04:55:00.000-04:00,"2026-6-9 4:55,2879.5,2880.91,2875.93,2873.11,0,0,1,1,-,-,neutral"
2026-06-09T05:00:00.000-04:00,"2026-6-9 5:00,2881.6,2881.54,2876.36,2873.44,7,0,1,1,-,-,neutral"
2026-06-09T05:05:00.000-04:00,"2026-6-9 5:05,2882.5,2882.29,2876.84,2873.8,7,1,1,1,-,-,RIDE_both"
2026-06-09T05:10:00.000-04:00,"2026-6-9 5:10,2882.3,2882.71,2877.26,2874.13,7,0,1,1,-,-,neutral"
2026-06-09T05:15:00.000-04:00,"2026-6-9 5:15,2883.6,2883.44,2877.74,2874.5,7,1,1,1,-,-,RIDE_both"
2026-06-09T05:20:00.000-04:00,"2026-6-9 5:20,2883.4,2883.84,2878.18,2874.85,7,0,1,1,-,-,neutral"
2026-06-09T05:25:00.000-04:00,"2026-6-9 5:25,2884.1,2884.34,2878.64,2875.21,7,1,1,1,-,-,RIDE_both"
2026-06-09T05:30:00.000-04:00,"2026-6-9 5:30,2883.1,2884.27,2878.98,2875.52,0,0,1,1,-,-,neutral"
2026-06-09T05:35:00.000-04:00,"2026-6-9 5:35,2884.5,2884.69,2879.4,2875.88,7,0,1,1,-,-,neutral"
2026-06-09T05:40:00.000-04:00,"2026-6-9 5:40,2884.8,2885.06,2879.82,2876.23,7,0,1,1,-,-,neutral"
2026-06-09T05:45:00.000-04:00,"2026-6-9 5:45,2884.8,2885.28,2880.2,2876.56,0,0,1,1,-,-,neutral"
2026-06-09T05:50:00.000-04:00,"2026-6-9 5:50,2885.3,2885.57,2880.59,2876.9,7,0,1,1,-,-,neutral"
2026-06-09T05:55:00.000-04:00,"2026-6-9 5:55,2885.5,2885.82,2880.97,2877.24,7,0,1,1,-,-,neutral"
2026-06-09T06:00:00.000-04:00,"2026-6-9 6:00,2884.5,2885.59,2881.24,2877.53,0,0,1,1,-,-,neutral"
2026-06-09T06:05:00.000-04:00,"2026-6-9 6:05,2879.4,2883.49,2881.1,2877.6,0,0,1,1,-,-,neutral"
2026-06-09T06:10:00.000-04:00,"2026-6-9 6:10,2883.7,2883.52,2881.3,2877.84,7,0,0,1,-,-,neutral"
2026-06-09T06:15:00.000-04:00,"2026-6-9 6:15,2882.1,2882.94,2881.36,2878.01,-3,-1,0,1,S,-,FIGHT"
2026-06-09T06:20:00.000-04:00,"2026-6-9 6:20,2882.4,2882.62,2881.44,2878.18,-3,-1,0,1,-,-,FIGHT"
2026-06-09T06:25:00.000-04:00,"2026-6-9 6:25,2883.2,2882.68,2881.58,2878.38,7,0,0,1,-,-,neutral"
2026-06-09T06:30:00.000-04:00,"2026-6-9 6:30,2882.8,2882.59,2881.67,2878.55,0,0,0,1,-,-,neutral"
2026-06-09T06:35:00.000-04:00,"2026-6-9 6:35,2882.7,2882.49,2881.75,2878.71,-3,-1,0,1,-,-,FIGHT"
2026-06-09T06:40:00.000-04:00,"2026-6-9 6:40,2884.1,2882.94,2881.93,2878.92,7,1,0,1,B,-,tide_only"
2026-06-09T06:45:00.000-04:00,"2026-6-9 6:45,2884.6,2883.46,2882.14,2879.15,7,1,0,1,-,-,tide_only"
2026-06-09T06:50:00.000-04:00,"2026-6-9 6:50,2886.5,2884.55,2882.47,2879.43,7,1,0,1,-,-,tide_only"
2026-06-09T06:55:00.000-04:00,"2026-6-9 6:55,2887.6,2885.74,2882.87,2879.75,7,1,1,1,-,-,RIDE_both"
2026-06-09T07:00:00.000-04:00,"2026-6-9 7:00,2885.3,2885.75,2883.05,2879.97,7,0,1,1,-,-,neutral"
2026-06-09T07:05:00.000-04:00,"2026-6-9 7:05,2886.2,2886.06,2883.3,2880.22,7,1,1,1,-,-,RIDE_both"
2026-06-09T07:10:00.000-04:00,"2026-6-9 7:10,2884.8,2885.75,2883.41,2880.4,0,0,0,1,-,-,neutral"
2026-06-09T07:15:00.000-04:00,"2026-6-9 7:15,2883.6,2885.06,2883.43,2880.52,-3,-1,0,1,S,-,FIGHT"
2026-06-09T07:20:00.000-04:00,"2026-6-9 7:20,2881.9,2883.9,2883.31,2880.58,-3,-1,0,1,-,-,FIGHT"
2026-06-09T07:25:00.000-04:00,"2026-6-9 7:25,2882.7,2883.35,2883.26,2880.66,-5,-1,0,1,-,-,FIGHT"
2026-06-09T07:30:00.000-04:00,"2026-6-9 7:30,2886,2884.18,2883.47,2880.87,7,1,0,1,B,-,tide_only"
2026-06-09T07:35:00.000-04:00,"2026-6-9 7:35,2884.3,2884.16,2883.54,2881,0,0,0,1,-,-,neutral"
2026-06-09T07:40:00.000-04:00,"2026-6-9 7:40,2886.1,2884.81,2883.73,2881.2,7,1,1,1,-,-,RIDE_both"
2026-06-09T07:45:00.000-04:00,"2026-6-9 7:45,2885,2884.89,2883.83,2881.35,7,1,1,1,-,-,RIDE_both"
2026-06-09T07:50:00.000-04:00,"2026-6-9 7:50,2883.9,2884.53,2883.84,2881.45,-3,-1,1,1,S,-,FIGHT"
2026-06-09T07:55:00.000-04:00,"2026-6-9 7:55,2883.3,2884.04,2883.79,2881.52,-3,-1,0,0,-,-,FIGHT"
2026-06-09T08:00:00.000-04:00,"2026-6-9 8:00,2884.7,2884.2,2883.86,2881.65,7,1,0,0,B,-,FIGHT"
2026-06-09T08:05:00.000-04:00,"2026-6-9 8:05,2886.5,2884.99,2884.07,2881.84,7,1,0,0,-,-,FIGHT"
2026-06-09T08:10:00.000-04:00,"2026-6-9 8:10,2885.2,2885.09,2884.15,2881.97,7,1,0,0,-,-,FIGHT"
2026-06-09T08:15:00.000-04:00,"2026-6-9 8:15,2885.6,2885.31,2884.27,2882.11,7,1,0,0,-,-,FIGHT"
2026-06-09T08:20:00.000-04:00,"2026-6-9 8:20,2885.4,2885.38,2884.35,2882.24,7,1,0,0,-,-,FIGHT"
2026-06-09T08:25:00.000-04:00,"2026-6-9 8:25,2886.3,2885.76,2884.5,2882.4,7,1,1,0,-,-,wave_only"
2026-06-09T08:30:00.000-04:00,"2026-6-9 8:30,2890.3,2887.52,2884.95,2882.71,7,1,1,0,-,-,wave_only"
2026-06-09T08:35:00.000-04:00,"2026-6-9 8:35,2888.4,2888.08,2885.21,2882.93,7,1,1,0,-,-,wave_only"
2026-06-09T08:40:00.000-04:00,"2026-6-9 8:40,2886.2,2887.65,2885.29,2883.06,0,0,0,0,-,-,neutral"
2026-06-09T08:45:00.000-04:00,"2026-6-9 8:45,2884.8,2886.78,2885.25,2883.13,0,0,0,0,-,-,neutral"
2026-06-09T08:50:00.000-04:00,"2026-6-9 8:50,2883.8,2885.76,2885.14,2883.16,-3,-1,0,0,S,-,FIGHT"
2026-06-09T08:55:00.000-04:00,"2026-6-9 8:55,2888.1,2886.59,2885.37,2883.35,7,1,1,1,B,BUY,RIDE_both"
2026-06-09T09:00:00.000-04:00,"2026-6-9 9:00,2887.3,2886.9,2885.52,2883.51,7,1,1,1,-,-,RIDE_both"
2026-06-09T09:05:00.000-04:00,"2026-6-9 9:05,2888,2887.38,2885.71,2883.68,7,1,1,1,-,-,RIDE_both"
2026-06-09T09:10:00.000-04:00,"2026-6-9 9:10,2885.2,2886.68,2885.67,2883.74,0,0,0,1,-,-,neutral"
2026-06-09T09:15:00.000-04:00,"2026-6-9 9:15,2883.9,2885.67,2885.53,2883.75,-5,-1,0,1,S,-,FIGHT"
2026-06-09T09:20:00.000-04:00,"2026-6-9 9:20,2884.9,2885.3,2885.48,2883.79,-5,-1,0,1,-,-,FIGHT"
2026-06-09T09:25:00.000-04:00,"2026-6-9 9:25,2889.6,2886.78,2885.8,2884.02,7,1,1,1,B,BUY,RIDE_both"
2026-06-09T09:30:00.000-04:00,"2026-6-9 9:30,2900.3,2891.83,2886.92,2884.66,7,1,1,1,-,-,RIDE_both"
2026-06-09T09:35:00.000-04:00,"2026-6-9 9:35,2907.6,2898.2,2888.51,2885.56,7,1,1,1,-,-,RIDE_both"
2026-06-09T09:40:00.000-04:00,"2026-6-9 9:40,2912.3,2904.53,2890.34,2886.61,7,1,1,1,-,-,RIDE_both"
2026-06-09T09:45:00.000-04:00,"2026-6-9 9:45,2922.2,2912.68,2892.79,2888,7,1,1,1,-,-,RIDE_both"
2026-06-09T09:50:00.000-04:00,"2026-6-9 9:50,2921.8,2918.3,2895.02,2889.33,7,1,1,1,-,-,RIDE_both"
2026-06-09T09:55:00.000-04:00,"2026-6-9 9:55,2922.2,2922.29,2897.11,2890.62,7,1,1,1,-,-,RIDE_both"
2026-06-09T10:00:00.000-04:00,"2026-6-9 10:00,2918.1,2923.39,2898.73,2891.69,0,0,1,1,-,-,neutral"
2026-06-09T10:05:00.000-04:00,"2026-6-9 10:05,2914.4,2922.52,2899.93,2892.59,0,0,1,1,-,-,neutral"
2026-06-09T10:10:00.000-04:00,"2026-6-9 10:10,2902.3,2917.11,2900.11,2892.97,0,0,0,1,-,-,neutral"
2026-06-09T10:15:00.000-04:00,"2026-6-9 10:15,2891.9,2909.07,2899.48,2892.92,0,0,0,1,-,-,neutral"
2026-06-09T10:20:00.000-04:00,"2026-6-9 10:20,2905.2,2907.95,2899.92,2893.41,0,0,0,1,-,-,neutral"
2026-06-09T10:25:00.000-04:00,"2026-6-9 10:25,2895,2903.29,2899.54,2893.47,0,0,0,1,-,-,neutral"
2026-06-09T10:30:00.000-04:00,"2026-6-9 10:30,2896.7,2900.48,2899.32,2893.6,-3,-1,0,1,S,-,FIGHT"
2026-06-09T10:35:00.000-04:00,"2026-6-9 10:35,2892,2896.69,2898.76,2893.53,-5,-1,0,1,-,-,FIGHT"
2026-06-09T10:40:00.000-04:00,"2026-6-9 10:40,2877.6,2888.64,2897.13,2892.91,-5,-1,0,1,-,-,FIGHT"
2026-06-09T10:45:00.000-04:00,"2026-6-9 10:45,2861.7,2876.96,2894.41,2891.68,-5,-1,0,1,-,-,FIGHT"
2026-06-09T10:50:00.000-04:00,"2026-6-9 10:50,2873.6,2873.01,2892.81,2890.97,-5,-1,0,1,-,-,FIGHT"
2026-06-09T10:55:00.000-04:00,"2026-6-9 10:55,2876.8,2871.59,2891.58,2890.42,0,0,-1,0,-,-,neutral"
2026-06-09T11:00:00.000-04:00,"2026-6-9 11:00,2869.4,2868.1,2889.87,2889.59,-3,-1,-1,0,-,-,wave_only"
2026-06-09T11:05:00.000-04:00,"2026-6-9 11:05,2875.3,2868.03,2888.75,2889.03,0,0,-1,0,-,-,neutral"
2026-06-09T11:10:00.000-04:00,"2026-6-9 11:10,2872.8,2867.35,2887.52,2888.4,0,0,-1,0,-,-,neutral"
2026-06-09T11:15:00.000-04:00,"2026-6-9 11:15,2862.7,2863.39,2885.61,2887.39,-3,-1,-1,0,-,-,wave_only"
2026-06-09T11:20:00.000-04:00,"2026-6-9 11:20,2853.4,2857.32,2883.13,2886.06,-5,-1,-1,0,-,-,wave_only"
2026-06-09T11:25:00.000-04:00,"2026-6-9 11:25,2837.5,2847.28,2879.62,2884.15,-5,-1,-1,0,-,-,wave_only"
2026-06-09T11:30:00.000-04:00,"2026-6-9 11:30,2840.7,2841.46,2876.63,2882.45,-5,-1,-1,0,-,-,wave_only"
2026-06-09T11:35:00.000-04:00,"2026-6-9 11:35,2841.4,2837.87,2873.92,2880.84,-3,-1,-1,0,-,-,wave_only"
2026-06-09T11:40:00.000-04:00,"2026-6-9 11:40,2844.7,2836.9,2871.67,2879.42,0,0,-1,0,-,-,neutral"
2026-06-09T11:45:00.000-04:00,"2026-6-9 11:45,2844,2836.36,2869.54,2878.03,0,0,-1,0,-,-,neutral"
2026-06-09T11:50:00.000-04:00,"2026-6-9 11:50,2839.8,2834.79,2867.26,2876.53,0,0,-1,0,-,-,neutral"
2026-06-09T11:55:00.000-04:00,"2026-6-9 11:55,2827.3,2829.39,2864.18,2874.6,-7,-1,-1,0,-,-,wave_only"
2026-06-09T12:00:00.000-04:00,"2026-6-9 12:00,2828.7,2826.31,2861.45,2872.8,-7,0,-1,0,-,-,neutral"
2026-06-09T12:05:00.000-04:00,"2026-6-9 12:05,2821.5,2821.77,2858.38,2870.79,-7,-1,-1,0,-,-,wave_only"
2026-06-09T12:10:00.000-04:00,"2026-6-9 12:10,2822.5,2819.2,2855.62,2868.9,-7,0,-1,0,-,-,neutral"
2026-06-09T12:15:00.000-04:00,"2026-6-9 12:15,2809.3,2812.81,2852.06,2866.56,-7,-1,-1,0,-,-,wave_only"
2026-06-09T12:20:00.000-04:00,"2026-6-9 12:20,2817.2,2811.45,2849.38,2864.62,0,0,-1,0,-,-,neutral"
2026-06-09T12:25:00.000-04:00,"2026-6-9 12:25,2815.5,2810.22,2846.77,2862.7,0,0,-1,0,-,-,neutral"
2026-06-09T12:30:00.000-04:00,"2026-6-9 12:30,2815.4,2809.67,2844.36,2860.84,0,0,-1,0,-,-,neutral"
2026-06-09T12:35:00.000-04:00,"2026-6-9 12:35,2797,2802.8,2840.71,2858.34,-7,-1,-1,0,-,-,wave_only"
2026-06-09T12:40:00.000-04:00,"2026-6-9 12:40,2804.2,2800.79,2837.9,2856.22,0,0,-1,0,-,-,neutral"
2026-06-09T12:45:00.000-04:00,"2026-6-9 12:45,2805.5,2800.16,2835.41,2854.23,0,0,-1,0,-,-,neutral"
2026-06-09T12:50:00.000-04:00,"2026-6-9 12:50,2798.5,2797.45,2832.57,2852.04,-7,0,-1,0,-,-,neutral"
2026-06-09T12:55:00.000-04:00,"2026-6-9 12:55,2813.3,2801.27,2831.09,2850.52,0,0,0,-1,-,-,neutral"
2026-06-09T13:00:00.000-04:00,"2026-6-9 13:00,2823.6,2808.19,2830.51,2849.47,0,0,0,-1,-,-,neutral"
2026-06-09T13:05:00.000-04:00,"2026-6-9 13:05,2825.2,2814.05,2830.11,2848.52,0,0,0,-1,-,-,neutral"
2026-06-09T13:10:00.000-04:00,"2026-6-9 13:10,2826.7,2819.02,2829.84,2847.66,3,1,0,-1,B,-,FIGHT"
2026-06-09T13:15:00.000-04:00,"2026-6-9 13:15,2833.5,2825.22,2830.12,2847.1,3,1,0,-1,-,-,FIGHT"
2026-06-09T13:20:00.000-04:00,"2026-6-9 13:20,2837.8,2831.32,2830.72,2846.74,5,1,0,-1,-,-,FIGHT"
2026-06-09T13:25:00.000-04:00,"2026-6-9 13:25,2838.4,2835.92,2831.31,2846.41,5,1,0,-1,-,-,FIGHT"
2026-06-09T13:30:00.000-04:00,"2026-6-9 13:30,2843.6,2841.04,2832.25,2846.3,5,1,0,-1,-,-,FIGHT"
2026-06-09T13:35:00.000-04:00,"2026-6-9 13:35,2846.4,2845.63,2833.34,2846.31,5,1,0,-1,-,-,FIGHT"
2026-06-09T13:40:00.000-04:00,"2026-6-9 13:40,2850.1,2850.12,2834.63,2846.45,5,1,0,-1,-,-,FIGHT"
2026-06-09T13:45:00.000-04:00,"2026-6-9 13:45,2839.1,2849.06,2834.97,2846.17,0,0,0,-1,-,-,neutral"
2026-06-09T13:50:00.000-04:00,"2026-6-9 13:50,2846.3,2850.66,2835.84,2846.17,5,1,0,-1,-,-,FIGHT"
2026-06-09T13:55:00.000-04:00,"2026-6-9 13:55,2848.7,2852.45,2836.83,2846.27,5,1,0,-1,-,-,FIGHT"
2026-06-09T14:00:00.000-04:00,"2026-6-9 14:00,2847.7,2853.14,2837.67,2846.33,0,0,0,-1,-,-,neutral"
2026-06-09T14:05:00.000-04:00,"2026-6-9 14:05,2853.5,2855.53,2838.89,2846.61,3,1,0,-1,-,-,FIGHT"
2026-06-09T14:10:00.000-04:00,"2026-6-9 14:10,2854.6,2857.44,2840.1,2846.92,3,1,0,-1,-,-,FIGHT"
2026-06-09T14:15:00.000-04:00,"2026-6-9 14:15,2859.1,2860.26,2841.56,2847.4,3,1,0,-1,-,-,FIGHT"
2026-06-09T14:20:00.000-04:00,"2026-6-9 14:20,2862.9,2863.47,2843.2,2848.01,3,1,0,-1,-,-,FIGHT"
2026-06-09T14:25:00.000-04:00,"2026-6-9 14:25,2862.4,2865.37,2844.68,2848.57,3,1,0,-1,-,-,FIGHT"
2026-06-09T14:30:00.000-04:00,"2026-6-9 14:30,2866.1,2867.87,2846.32,2849.26,3,1,0,-1,-,-,FIGHT"
2026-06-09T14:35:00.000-04:00,"2026-6-9 14:35,2867.2,2869.83,2847.93,2849.96,0,0,0,-1,-,-,neutral"
2026-06-09T14:40:00.000-04:00,"2026-6-9 14:40,2860.8,2868.62,2848.92,2850.39,0,0,1,-1,-,-,neutral"
2026-06-09T14:45:00.000-04:00,"2026-6-9 14:45,2863.8,2868.59,2850.06,2850.91,0,0,1,-1,-,-,neutral"
2026-06-09T14:50:00.000-04:00,"2026-6-9 14:50,2865.3,2868.9,2851.24,2851.48,0,0,1,-1,-,-,neutral"
2026-06-09T14:55:00.000-04:00,"2026-6-9 14:55,2870.2,2870.74,2852.7,2852.21,5,1,1,0,-,-,wave_only"
2026-06-09T15:00:00.000-04:00,"2026-6-9 15:00,2872.8,2872.86,2854.24,2853.02,3,1,1,0,-,-,wave_only"
2026-06-09T15:05:00.000-04:00,"2026-6-9 15:05,2869.9,2873.14,2855.45,2853.68,0,0,1,0,-,-,neutral"
2026-06-09T15:10:00.000-04:00,"2026-6-9 15:10,2866.7,2871.97,2856.31,2854.19,0,0,1,0,-,-,neutral"
2026-06-09T15:15:00.000-04:00,"2026-6-9 15:15,2857.2,2867.42,2856.38,2854.31,0,0,1,0,-,-,neutral"
2026-06-09T15:20:00.000-04:00,"2026-6-9 15:20,2858.8,2864.56,2856.57,2854.49,0,0,1,0,-,-,neutral"
2026-06-09T15:25:00.000-04:00,"2026-6-9 15:25,2863.1,2863.98,2857.07,2854.82,0,0,1,0,-,-,neutral"
2026-06-09T15:30:00.000-04:00,"2026-6-9 15:30,2864.2,2863.93,2857.62,2855.19,0,0,1,0,-,-,neutral"
2026-06-09T15:35:00.000-04:00,"2026-6-9 15:35,2861.6,2862.9,2857.92,2855.44,0,0,1,0,-,-,neutral"
2026-06-09T15:40:00.000-04:00,"2026-6-9 15:40,2861.7,2862.17,2858.21,2855.69,0,0,0,0,-,-,neutral"
2026-06-09T15:45:00.000-04:00,"2026-6-9 15:45,2857.8,2860.18,2858.18,2855.77,0,0,0,0,-,-,neutral"
2026-06-09T15:50:00.000-04:00,"2026-6-9 15:50,2865.5,2861.59,2858.75,2856.15,7,1,0,0,-,-,FIGHT"
2026-06-09T15:55:00.000-04:00,"2026-6-9 15:55,2867.5,2863.39,2859.42,2856.6,7,1,1,0,-,-,wave_only"
2026-06-09T16:00:00.000-04:00,"2026-6-9 16:00,2869.9,2865.6,2860.23,2857.12,7,1,1,0,-,-,wave_only"
2026-06-09T16:05:00.000-04:00,"2026-6-9 16:05,2865.9,2865.73,2860.66,2857.46,3,1,1,0,-,-,wave_only"
2026-06-09T16:10:00.000-04:00,"2026-6-9 16:10,2864.1,2865.13,2860.93,2857.72,0,0,0,0,-,-,neutral"
2026-06-09T16:15:00.000-04:00,"2026-6-9 16:15,2863.4,2864.41,2861.12,2857.95,0,0,0,0,-,-,neutral"
2026-06-09T16:20:00.000-04:00,"2026-6-9 16:20,2864.5,2864.28,2861.38,2858.2,0,0,0,0,-,-,neutral"
2026-06-09T16:25:00.000-04:00,"2026-6-9 16:25,2866.9,2865.07,2861.8,2858.54,7,1,1,0,-,-,wave_only"
2026-06-09T16:30:00.000-04:00,"2026-6-9 16:30,2866.6,2865.53,2862.17,2858.86,7,1,1,0,-,-,wave_only"
2026-06-09T16:35:00.000-04:00,"2026-6-9 16:35,2868.5,2866.57,2862.66,2859.24,7,1,1,0,-,-,wave_only"
2026-06-09T16:40:00.000-04:00,"2026-6-9 16:40,2867.9,2867.09,2863.06,2859.58,3,1,0,0,-,-,FIGHT"
2026-06-09T16:45:00.000-04:00,"2026-6-9 16:45,2868.7,2867.75,2863.49,2859.94,3,1,0,0,-,-,FIGHT"
2026-06-09T16:50:00.000-04:00,"2026-6-9 16:50,2865.8,2867.14,2863.67,2860.17,0,0,0,0,-,-,neutral"
2026-06-09T16:55:00.000-04:00,"2026-6-9 16:55,2867,2867.11,2863.93,2860.43,0,0,0,0,-,-,neutral"
2026-06-09T18:00:00.000-04:00,"2026-6-9 18:00,2862.6,2865.44,2863.83,2860.52,-3,-1,0,0,S,-,FIGHT"
2026-06-09T18:05:00.000-04:00,"2026-6-9 18:05,2864.7,2864.99,2863.89,2860.68,-3,-1,0,0,-,-,FIGHT"
2026-06-09T18:10:00.000-04:00,"2026-6-9 18:10,2863.7,2864.29,2863.88,2860.8,-5,-1,0,0,-,-,FIGHT"
2026-06-09T18:15:00.000-04:00,"2026-6-9 18:15,2863,2863.54,2863.81,2860.89,-5,-1,0,0,-,-,FIGHT"
2026-06-09T18:20:00.000-04:00,"2026-6-9 18:20,2862,2862.64,2863.67,2860.93,-5,-1,0,0,-,-,FIGHT"
2026-06-09T18:25:00.000-04:00,"2026-6-9 18:25,2861.9,2861.98,2863.54,2860.97,-5,-1,0,0,-,-,FIGHT"
2026-06-09T18:30:00.000-04:00,"2026-6-9 18:30,2858.1,2860.12,2863.12,2860.86,-5,-1,0,0,-,-,FIGHT"
2026-06-09T18:35:00.000-04:00,"2026-6-9 18:35,2856.5,2858.21,2862.61,2860.69,-5,-1,0,0,-,-,FIGHT"
2026-06-09T18:40:00.000-04:00,"2026-6-9 18:40,2856.1,2856.73,2862.11,2860.51,-5,-1,0,0,-,-,FIGHT"
2026-06-09T18:45:00.000-04:00,"2026-6-9 18:45,2852.9,2854.53,2861.4,2860.21,-5,-1,0,0,-,-,FIGHT"
2026-06-09T18:50:00.000-04:00,"2026-6-9 18:50,2853.6,2853.27,2860.8,2859.95,-5,-1,0,0,-,-,FIGHT"
2026-06-09T18:55:00.000-04:00,"2026-6-9 18:55,2855.8,2853.27,2860.41,2859.79,0,0,0,-1,-,-,neutral"
2026-06-09T19:00:00.000-04:00,"2026-6-9 19:00,2858.3,2854.3,2860.25,2859.73,0,0,0,-1,-,-,neutral"
2026-06-09T19:05:00.000-04:00,"2026-6-9 19:05,2858.4,2855.18,2860.11,2859.68,0,0,0,-1,-,-,neutral"
2026-06-09T19:10:00.000-04:00,"2026-6-9 19:10,2855.7,2854.89,2859.77,2859.52,0,0,0,-1,-,-,neutral"
2026-06-09T19:15:00.000-04:00,"2026-6-9 19:15,2854.6,2854.34,2859.37,2859.33,-5,-1,0,-1,-,-,tide_only"
2026-06-09T19:20:00.000-04:00,"2026-6-9 19:20,2854.3,2853.88,2858.98,2859.13,-5,0,0,-1,-,-,neutral"
2026-06-09T19:25:00.000-04:00,"2026-6-9 19:25,2853.6,2853.35,2858.57,2858.91,-5,0,-1,-1,-,-,neutral"
2026-06-09T19:30:00.000-04:00,"2026-6-9 19:30,2855.1,2853.57,2858.3,2858.76,0,0,-1,-1,-,-,neutral"
2026-06-09T19:35:00.000-04:00,"2026-6-9 19:35,2854.6,2853.6,2858.02,2858.6,0,0,-1,-1,-,-,neutral"
2026-06-09T19:40:00.000-04:00,"2026-6-9 19:40,2855.4,2853.97,2857.82,2858.47,0,0,-1,-1,-,-,neutral"
2026-06-09T19:45:00.000-04:00,"2026-6-9 19:45,2857.3,2854.98,2857.78,2858.43,0,0,-1,-1,-,-,neutral"
2026-06-09T19:50:00.000-04:00,"2026-6-9 19:50,2859.5,2856.57,2857.91,2858.47,0,0,-1,-1,-,-,neutral"
2026-06-09T19:55:00.000-04:00,"2026-6-9 19:55,2860.3,2858.05,2858.09,2858.54,5,1,0,0,B,-,FIGHT"
2026-06-09T20:00:00.000-04:00,"2026-6-9 20:00,2863.9,2860.46,2858.54,2858.75,7,1,0,0,-,-,FIGHT"
2026-06-09T20:05:00.000-04:00,"2026-6-9 20:05,2864.2,2862.31,2858.97,2858.97,7,1,0,0,-,-,FIGHT"
2026-06-09T20:10:00.000-04:00,"2026-6-9 20:10,2862.4,2862.95,2859.24,2859.1,7,1,1,0,-,-,wave_only"
2026-06-09T20:15:00.000-04:00,"2026-6-9 20:15,2861.5,2863.03,2859.41,2859.19,0,0,1,0,-,-,neutral"
2026-06-09T20:20:00.000-04:00,"2026-6-9 20:20,2860.5,2862.66,2859.5,2859.25,0,0,1,0,-,-,neutral"
2026-06-09T20:25:00.000-04:00,"2026-6-9 20:25,2860.7,2862.4,2859.59,2859.3,0,0,0,0,-,-,neutral"
2026-06-09T20:30:00.000-04:00,"2026-6-9 20:30,2854.2,2859.76,2859.17,2859.1,0,0,0,0,-,-,neutral"
2026-06-09T20:35:00.000-04:00,"2026-6-9 20:35,2854.8,2858.02,2858.84,2858.93,-7,-1,0,0,S,-,FIGHT"
2026-06-09T20:40:00.000-04:00,"2026-6-9 20:40,2852.3,2855.81,2858.33,2858.67,-7,-1,-1,0,-,-,wave_only"
2026-06-09T20:45:00.000-04:00,"2026-6-9 20:45,2857,2855.95,2858.23,2858.61,0,0,-1,0,-,-,neutral"
2026-06-09T20:50:00.000-04:00,"2026-6-9 20:50,2859.6,2857.05,2858.34,2858.65,3,1,-1,0,B,-,FIGHT"
2026-06-09T20:55:00.000-04:00,"2026-6-9 20:55,2859.9,2857.99,2858.46,2858.7,0,0,1,0,-,-,neutral"
2026-06-09T21:00:00.000-04:00,"2026-6-9 21:00,2861.2,2859.17,2858.67,2858.79,7,1,1,0,-,-,wave_only"
2026-06-09T21:05:00.000-04:00,"2026-6-9 21:05,2860.4,2859.73,2858.8,2858.86,7,1,1,0,-,-,wave_only"
2026-06-09T21:10:00.000-04:00,"2026-6-9 21:10,2863.6,2861.32,2859.17,2859.04,7,1,1,0,-,-,wave_only"
2026-06-09T21:15:00.000-04:00,"2026-6-9 21:15,2866,2863.35,2859.7,2859.32,7,1,1,0,-,-,wave_only"
2026-06-09T21:20:00.000-04:00,"2026-6-9 21:20,2863.4,2863.84,2859.98,2859.48,0,0,1,0,-,-,neutral"
2026-06-09T21:25:00.000-04:00,"2026-6-9 21:25,2864,2864.36,2860.29,2859.65,0,0,1,0,-,-,neutral"
2026-06-09T21:30:00.000-04:00,"2026-6-9 21:30,2866.9,2865.77,2860.8,2859.94,7,1,1,0,-,-,wave_only"
2026-06-09T21:35:00.000-04:00,"2026-6-9 21:35,2865.8,2866.33,2861.18,2860.17,3,1,1,0,-,-,wave_only"
2026-06-09T21:40:00.000-04:00,"2026-6-9 21:40,2862.7,2865.54,2861.3,2860.27,0,0,1,0,-,-,neutral"
2026-06-09T21:45:00.000-04:00,"2026-6-9 21:45,2865.7,2866,2861.64,2860.48,0,0,1,0,-,-,neutral"
2026-06-09T21:50:00.000-04:00,"2026-6-9 21:50,2862.4,2865.07,2861.7,2860.56,0,0,1,0,-,-,neutral"
2026-06-09T21:55:00.000-04:00,"2026-6-9 21:55,2862.3,2864.3,2861.74,2860.62,0,0,0,0,-,-,neutral"
2026-06-09T22:00:00.000-04:00,"2026-6-9 22:00,2859.6,2862.71,2861.58,2860.58,0,0,0,0,-,-,neutral"
2026-06-09T22:05:00.000-04:00,"2026-6-9 22:05,2857.6,2860.78,2861.27,2860.47,-5,-1,0,0,S,-,FIGHT"
2026-06-09T22:10:00.000-04:00,"2026-6-9 22:10,2860.5,2860.45,2861.21,2860.47,-5,-1,0,0,-,-,FIGHT"
2026-06-09T22:15:00.000-04:00,"2026-6-9 22:15,2860.5,2860.23,2861.16,2860.47,-5,-1,0,0,-,-,FIGHT"
2026-06-09T22:20:00.000-04:00,"2026-6-9 22:20,2860.3,2860.01,2861.09,2860.46,-5,-1,0,0,-,-,FIGHT"
2026-06-09T22:25:00.000-04:00,"2026-6-9 22:25,2861.2,2860.2,2861.1,2860.49,0,0,0,0,-,-,neutral"
2026-06-09T22:30:00.000-04:00,"2026-6-9 22:30,2859.8,2859.85,2861,2860.46,-5,-1,0,0,-,-,FIGHT"
2026-06-09T22:35:00.000-04:00,"2026-6-9 22:35,2859,2859.31,2860.85,2860.41,-5,-1,0,0,-,-,FIGHT"
2026-06-09T22:40:00.000-04:00,"2026-6-9 22:40,2859.6,2859.17,2860.75,2860.38,-5,-1,0,0,-,-,FIGHT"
2026-06-09T22:45:00.000-04:00,"2026-6-9 22:45,2862.2,2860.05,2860.86,2860.45,0,0,0,0,-,-,neutral"
2026-06-09T22:50:00.000-04:00,"2026-6-9 22:50,2856.7,2858.68,2860.54,2860.3,-7,-1,0,0,-,-,FIGHT"
2026-06-09T22:55:00.000-04:00,"2026-6-9 22:55,2857,2857.8,2860.27,2860.17,-5,-1,-1,-1,-,-,RIDE_both"
2026-06-09T23:00:00.000-04:00,"2026-6-9 23:00,2859.9,2858.27,2860.24,2860.16,0,0,-1,-1,-,-,neutral"
2026-06-09T23:05:00.000-04:00,"2026-6-9 23:05,2861.9,2859.38,2860.37,2860.23,0,0,-1,-1,-,-,neutral"
2026-06-09T23:10:00.000-04:00,"2026-6-9 23:10,2860.9,2859.85,2860.41,2860.25,0,0,0,-1,-,-,neutral"
2026-06-09T23:15:00.000-04:00,"2026-6-9 23:15,2860.8,2860.16,2860.44,2860.28,0,0,0,-1,-,-,neutral"
2026-06-09T23:20:00.000-04:00,"2026-6-9 23:20,2861.2,2860.54,2860.5,2860.31,7,1,0,-1,B,-,FIGHT"
2026-06-09T23:25:00.000-04:00,"2026-6-9 23:25,2861.1,2860.79,2860.54,2860.34,0,0,0,-1,-,-,neutral"
2026-06-09T23:30:00.000-04:00,"2026-6-9 23:30,2860.1,2860.6,2860.51,2860.33,0,0,0,-1,-,-,neutral"
2026-06-09T23:35:00.000-04:00,"2026-6-9 23:35,2858.7,2859.93,2860.37,2860.27,-5,-1,0,-1,S,-,tide_only"
2026-06-09T23:40:00.000-04:00,"2026-6-9 23:40,2856.6,2858.66,2860.08,2860.13,-7,-1,-1,-1,-,-,RIDE_both"
2026-06-09T23:45:00.000-04:00,"2026-6-9 23:45,2858.5,2858.45,2859.96,2860.06,-5,-1,-1,-1,-,-,RIDE_both"
2026-06-09T23:50:00.000-04:00,"2026-6-9 23:50,2859,2858.5,2859.89,2860.02,0,0,-1,-1,-,-,neutral"
2026-06-09T23:55:00.000-04:00,"2026-6-9 23:55,2858.6,2858.4,2859.79,2859.96,-5,-1,-1,0,-,-,wave_only"
2026-06-10T00:00:00.000-04:00,"2026-6-10 0:00,2856.9,2857.72,2859.56,2859.84,-5,-1,-1,0,-,-,wave_only"
2026-06-10T00:05:00.000-04:00,"2026-6-10 0:05,2855.2,2856.61,2859.23,2859.66,-7,-1,-1,0,-,-,wave_only"
2026-06-10T00:10:00.000-04:00,"2026-6-10 0:10,2854.3,2855.49,2858.85,2859.45,-7,-1,-1,0,-,-,wave_only"
2026-06-10T00:15:00.000-04:00,"2026-6-10 0:15,2855.5,2855.14,2858.59,2859.3,0,0,-1,0,-,-,neutral"
2026-06-10T00:20:00.000-04:00,"2026-6-10 0:20,2854.6,2854.6,2858.28,2859.11,-7,-1,-1,0,-,-,wave_only"
2026-06-10T00:25:00.000-04:00,"2026-6-10 0:25,2853,2853.65,2857.88,2858.87,-7,-1,-1,0,-,-,wave_only"
2026-06-10T00:30:00.000-04:00,"2026-6-10 0:30,2851.4,2852.41,2857.38,2858.58,-7,-1,-1,0,-,-,wave_only"
2026-06-10T00:35:00.000-04:00,"2026-6-10 0:35,2851.7,2851.67,2856.94,2858.31,-7,-1,-1,0,-,-,wave_only"
2026-06-10T00:40:00.000-04:00,"2026-6-10 0:40,2849.3,2850.3,2856.36,2857.96,-7,-1,-1,0,-,-,wave_only"
2026-06-10T00:45:00.000-04:00,"2026-6-10 0:45,2851.5,2850.17,2855.98,2857.7,-3,-1,-1,0,-,-,wave_only"
2026-06-10T00:50:00.000-04:00,"2026-6-10 0:50,2853.6,2850.92,2855.8,2857.54,0,0,-1,0,-,-,neutral"
2026-06-10T00:55:00.000-04:00,"2026-6-10 0:55,2850.7,2850.46,2855.41,2857.27,-3,-1,-1,-1,-,-,RIDE_both"
2026-06-10T01:00:00.000-04:00,"2026-6-10 1:00,2851.5,2850.48,2855.11,2857.05,0,0,-1,-1,-,-,neutral"
2026-06-10T01:05:00.000-04:00,"2026-6-10 1:05,2852.5,2850.9,2854.91,2856.87,0,0,-1,-1,-,-,neutral"
2026-06-10T01:10:00.000-04:00,"2026-6-10 1:10,2852.2,2851.15,2854.7,2856.69,0,0,-1,-1,-,-,neutral"
2026-06-10T01:15:00.000-04:00,"2026-6-10 1:15,2849.2,2850.26,2854.27,2856.39,-7,-1,-1,-1,-,-,RIDE_both"
2026-06-10T01:20:00.000-04:00,"2026-6-10 1:20,2850.6,2850.15,2853.99,2856.17,-7,-1,-1,-1,-,-,RIDE_both"
2026-06-10T01:25:00.000-04:00,"2026-6-10 1:25,2856.7,2852.37,2854.2,2856.19,0,0,0,-1,-,-,neutral"
2026-06-10T01:30:00.000-04:00,"2026-6-10 1:30,2855.5,2853.57,2854.3,2856.16,3,1,0,-1,B,-,FIGHT"
2026-06-10T01:35:00.000-04:00,"2026-6-10 1:35,2856.3,2854.75,2854.45,2856.17,5,1,0,-1,-,-,FIGHT"
2026-06-10T01:40:00.000-04:00,"2026-6-10 1:40,2855.1,2855.16,2854.5,2856.12,5,1,0,-1,-,-,FIGHT"
2026-06-10T01:45:00.000-04:00,"2026-6-10 1:45,2853.7,2854.92,2854.44,2856.03,0,0,0,-1,-,-,neutral"
2026-06-10T01:50:00.000-04:00,"2026-6-10 1:50,2856.6,2855.79,2854.61,2856.05,5,1,0,-1,-,-,FIGHT"
2026-06-10T01:55:00.000-04:00,"2026-6-10 1:55,2858.2,2857,2854.88,2856.14,5,1,0,0,-,-,FIGHT"
2026-06-10T02:00:00.000-04:00,"2026-6-10 2:00,2860.1,2858.56,2855.29,2856.29,5,1,0,0,-,-,FIGHT"
2026-06-10T02:05:00.000-04:00,"2026-6-10 2:05,2860,2859.62,2855.65,2856.44,5,1,0,0,-,-,FIGHT"
2026-06-10T02:10:00.000-04:00,"2026-6-10 2:10,2859.6,2860.19,2855.95,2856.56,5,1,1,0,-,-,wave_only"
2026-06-10T02:15:00.000-04:00,"2026-6-10 2:15,2861.1,2861.1,2856.35,2856.74,5,1,1,0,-,-,wave_only"
2026-06-10T02:20:00.000-04:00,"2026-6-10 2:20,2857,2860.18,2856.4,2856.75,0,0,1,0,-,-,neutral"
2026-06-10T02:25:00.000-04:00,"2026-6-10 2:25,2858.4,2859.97,2856.55,2856.81,0,0,1,0,-,-,neutral"
2026-06-10T02:30:00.000-04:00,"2026-6-10 2:30,2858.9,2859.95,2856.73,2856.9,0,0,1,0,-,-,neutral"
2026-06-10T02:35:00.000-04:00,"2026-6-10 2:35,2860.5,2860.48,2857.02,2857.04,7,1,1,0,-,-,wave_only"
2026-06-10T02:40:00.000-04:00,"2026-6-10 2:40,2860.2,2860.72,2857.27,2857.16,0,0,1,0,-,-,neutral"
2026-06-10T02:45:00.000-04:00,"2026-6-10 2:45,2859.7,2860.67,2857.45,2857.26,0,0,1,0,-,-,neutral"
2026-06-10T02:50:00.000-04:00,"2026-6-10 2:50,2858.7,2860.22,2857.55,2857.32,0,0,1,0,-,-,neutral"
2026-06-10T02:55:00.000-04:00,"2026-6-10 2:55,2857.6,2859.45,2857.55,2857.33,0,0,0,0,-,-,neutral"
2026-06-10T03:00:00.000-04:00,"2026-6-10 3:00,2856.4,2858.41,2857.47,2857.29,0,0,0,0,-,-,neutral"
2026-06-10T03:05:00.000-04:00,"2026-6-10 3:05,2857,2857.86,2857.43,2857.28,0,0,0,0,-,-,neutral"
2026-06-10T03:10:00.000-04:00,"2026-6-10 3:10,2858.5,2858.02,2857.51,2857.33,7,0,0,0,-,-,neutral"
2026-06-10T03:15:00.000-04:00,"2026-6-10 3:15,2857.1,2857.61,2857.48,2857.32,-3,-1,0,0,S,-,FIGHT"
2026-06-10T03:20:00.000-04:00,"2026-6-10 3:20,2856.5,2857.1,2857.4,2857.29,-5,-1,0,0,-,-,FIGHT"
2026-06-10T03:25:00.000-04:00,"2026-6-10 3:25,2855.5,2856.36,2857.26,2857.22,-5,-1,0,0,-,-,FIGHT"
2026-06-10T03:30:00.000-04:00,"2026-6-10 3:30,2858.4,2856.9,2857.35,2857.26,0,0,0,0,-,-,neutral"
2026-06-10T03:35:00.000-04:00,"2026-6-10 3:35,2855.8,2856.36,2857.23,2857.21,-5,-1,0,0,-,-,FIGHT"
2026-06-10T03:40:00.000-04:00,"2026-6-10 3:40,2855.1,2855.71,2857.06,2857.12,-5,-1,-1,0,-,-,wave_only"
2026-06-10T03:45:00.000-04:00,"2026-6-10 3:45,2854.7,2855.11,2856.88,2857.03,-5,-1,-1,0,-,-,wave_only"
2026-06-10T03:50:00.000-04:00,"2026-6-10 3:50,2855.2,2854.88,2856.75,2856.96,-5,-1,-1,0,-,-,wave_only"
2026-06-10T03:55:00.000-04:00,"2026-6-10 3:55,2857,2855.4,2856.77,2856.96,0,0,0,0,-,-,neutral"
2026-06-10T04:00:00.000-04:00,"2026-6-10 4:00,2851,2853.59,2856.33,2856.72,-7,-1,0,0,-,-,FIGHT"
2026-06-10T04:05:00.000-04:00,"2026-6-10 4:05,2854.5,2853.58,2856.19,2856.64,-5,0,0,0,-,-,neutral"
2026-06-10T04:10:00.000-04:00,"2026-6-10 4:10,2852.2,2852.77,2855.88,2856.46,-5,-1,-1,0,-,-,wave_only"
2026-06-10T04:15:00.000-04:00,"2026-6-10 4:15,2850.4,2851.54,2855.46,2856.23,-7,-1,-1,0,-,-,wave_only"
2026-06-10T04:20:00.000-04:00,"2026-6-10 4:20,2850,2850.53,2855.04,2855.98,-7,-1,-1,0,-,-,wave_only"
2026-06-10T04:25:00.000-04:00,"2026-6-10 4:25,2849.3,2849.59,2854.6,2855.72,-7,-1,-1,0,-,-,wave_only"
2026-06-10T04:30:00.000-04:00,"2026-6-10 4:30,2847.7,2848.37,2854.07,2855.4,-7,-1,-1,0,-,-,wave_only"
2026-06-10T04:35:00.000-04:00,"2026-6-10 4:35,2848.1,2847.69,2853.61,2855.12,-7,-1,-1,0,-,-,wave_only"
2026-06-10T04:40:00.000-04:00,"2026-6-10 4:40,2841.5,2844.81,2852.68,2854.58,-7,-1,-1,0,-,-,wave_only"
2026-06-10T04:45:00.000-04:00,"2026-6-10 4:45,2840.7,2842.49,2851.76,2854.04,-5,-1,-1,0,-,-,wave_only"
2026-06-10T04:50:00.000-04:00,"2026-6-10 4:50,2842,2841.38,2851,2853.57,-3,-1,-1,0,-,-,wave_only"
2026-06-10T04:55:00.000-04:00,"2026-6-10 4:55,2840.1,2839.97,2850.17,2853.04,-7,-1,-1,-1,-,-,RIDE_both"
2026-06-10T05:00:00.000-04:00,"2026-6-10 5:00,2840.2,2839.09,2849.4,2852.54,0,0,-1,-1,-,-,neutral"
2026-06-10T05:05:00.000-04:00,"2026-6-10 5:05,2840.3,2838.61,2848.7,2852.06,0,0,-1,-1,-,-,neutral"
2026-06-10T05:10:00.000-04:00,"2026-6-10 5:10,2836.1,2836.81,2847.73,2851.43,-7,-1,-1,-1,-,-,RIDE_both"
2026-06-10T05:15:00.000-04:00,"2026-6-10 5:15,2837.6,2836.17,2846.95,2850.89,0,0,-1,-1,-,-,neutral"
2026-06-10T05:20:00.000-04:00,"2026-6-10 5:20,2839.5,2836.52,2846.38,2850.44,0,0,-1,-1,-,-,neutral"
2026-06-10T05:25:00.000-04:00,"2026-6-10 5:25,2843.8,2838.49,2846.18,2850.18,0,0,0,-1,-,-,neutral"
2026-06-10T05:30:00.000-04:00,"2026-6-10 5:30,2845,2840.46,2846.09,2849.98,0,0,0,-1,-,-,neutral"
2026-06-10T05:35:00.000-04:00,"2026-6-10 5:35,2845.3,2842.08,2846.03,2849.79,0,0,0,-1,-,-,neutral"
2026-06-10T05:40:00.000-04:00,"2026-6-10 5:40,2842.6,2842.3,2845.76,2849.51,0,0,0,-1,-,-,neutral"
2026-06-10T05:45:00.000-04:00,"2026-6-10 5:45,2842.9,2842.59,2845.54,2849.25,0,0,0,-1,-,-,neutral"
2026-06-10T05:50:00.000-04:00,"2026-6-10 5:50,2845.5,2843.78,2845.54,2849.11,3,1,0,-1,B,-,FIGHT"
2026-06-10T05:55:00.000-04:00,"2026-6-10 5:55,2847.1,2845.24,2845.66,2849.03,5,1,0,-1,-,-,FIGHT"
2026-06-10T06:00:00.000-04:00,"2026-6-10 6:00,2845.6,2845.74,2845.66,2848.89,5,1,0,-1,-,-,FIGHT"
2026-06-10T06:05:00.000-04:00,"2026-6-10 6:05,2845.1,2845.9,2845.61,2848.74,0,0,0,-1,-,-,neutral"
2026-06-10T06:10:00.000-04:00,"2026-6-10 6:10,2844.4,2845.73,2845.52,2848.57,0,0,0,-1,-,-,neutral"
2026-06-10T06:15:00.000-04:00,"2026-6-10 6:15,2841.5,2844.5,2845.21,2848.3,-7,-1,0,-1,S,-,tide_only"
2026-06-10T06:20:00.000-04:00,"2026-6-10 6:20,2844.5,2844.69,2845.16,2848.15,0,0,0,-1,-,-,neutral"
2026-06-10T06:25:00.000-04:00,"2026-6-10 6:25,2846,2845.37,2845.22,2848.06,5,1,0,-1,B,-,FIGHT"
2026-06-10T06:30:00.000-04:00,"2026-6-10 6:30,2845.1,2845.53,2845.21,2847.95,0,0,0,-1,-,-,neutral"
2026-06-10T06:35:00.000-04:00,"2026-6-10 6:35,2847.1,2846.36,2845.36,2847.91,5,1,0,-1,-,-,FIGHT"
2026-06-10T06:40:00.000-04:00,"2026-6-10 6:40,2849,2847.65,2845.64,2847.96,5,1,0,-1,-,-,FIGHT"
2026-06-10T06:45:00.000-04:00,"2026-6-10 6:45,2848,2848.19,2845.82,2847.96,5,1,0,-1,-,-,FIGHT"
2026-06-10T06:50:00.000-04:00,"2026-6-10 6:50,2845.3,2847.54,2845.78,2847.85,0,0,0,-1,-,-,neutral"
2026-06-10T06:55:00.000-04:00,"2026-6-10 6:55,2848.1,2848.07,2845.96,2847.86,5,1,0,-1,-,-,FIGHT"
2026-06-10T07:00:00.000-04:00,"2026-6-10 7:00,2834.1,2843.24,2845.05,2847.32,-7,-1,0,-1,S,-,tide_only"
2026-06-10T07:05:00.000-04:00,"2026-6-10 7:05,2836.5,2840.57,2844.39,2846.9,-7,-1,0,-1,-,-,tide_only"
2026-06-10T07:10:00.000-04:00,"2026-6-10 7:10,2838.8,2839.49,2843.96,2846.58,-7,-1,-1,-1,-,-,RIDE_both"
2026-06-10T07:15:00.000-04:00,"2026-6-10 7:15,2835.8,2837.64,2843.33,2846.16,-7,-1,-1,-1,-,-,RIDE_both"
2026-06-10T07:20:00.000-04:00,"2026-6-10 7:20,2835.2,2836.13,2842.71,2845.73,-7,-1,-1,-1,-,-,RIDE_both"
2026-06-10T07:25:00.000-04:00,"2026-6-10 7:25,2832.6,2834.13,2841.93,2845.21,-7,-1,-1,-1,-,-,RIDE_both"
2026-06-10T07:30:00.000-04:00,"2026-6-10 7:30,2832.6,2832.75,2841.21,2844.72,-7,-1,-1,-1,-,-,RIDE_both"
2026-06-10T07:35:00.000-04:00,"2026-6-10 7:35,2828.9,2830.47,2840.26,2844.1,-7,-1,-1,-1,-,-,RIDE_both"
2026-06-10T07:40:00.000-04:00,"2026-6-10 7:40,2833.4,2830.57,2839.74,2843.68,0,0,-1,-1,-,-,neutral"
2026-06-10T07:45:00.000-04:00,"2026-6-10 7:45,2837.7,2832.35,2839.58,2843.45,0,0,-1,-1,-,-,neutral"
2026-06-10T07:50:00.000-04:00,"2026-6-10 7:50,2843,2835.72,2839.84,2843.43,0,0,-1,-1,-,-,neutral"
2026-06-10T07:55:00.000-04:00,"2026-6-10 7:55,2841.4,2837.65,2839.96,2843.35,3,1,0,-1,B,-,FIGHT"
2026-06-10T08:00:00.000-04:00,"2026-6-10 8:00,2841.7,2839.2,2840.1,2843.28,3,1,0,-1,-,-,FIGHT"
2026-06-10T08:05:00.000-04:00,"2026-6-10 8:05,2844.7,2841.46,2840.45,2843.34,5,1,0,-1,-,-,FIGHT"
2026-06-10T08:10:00.000-04:00,"2026-6-10 8:10,2843.9,2842.79,2840.72,2843.36,5,1,0,-1,-,-,FIGHT"
2026-06-10T08:15:00.000-04:00,"2026-6-10 8:15,2843.2,2843.47,2840.91,2843.35,5,1,0,-1,-,-,FIGHT"
2026-06-10T08:20:00.000-04:00,"2026-6-10 8:20,2845.8,2844.88,2841.28,2843.45,5,1,0,-1,-,-,FIGHT"
2026-06-10T08:25:00.000-04:00,"2026-6-10 8:25,2848,2846.67,2841.8,2843.63,5,1,0,-1,-,-,FIGHT"
2026-06-10T08:30:00.000-04:00,"2026-6-10 8:30,2858.7,2851.88,2843.1,2844.22,5,1,0,-1,-,-,FIGHT"
2026-06-10T08:35:00.000-04:00,"2026-6-10 8:35,2863.4,2857.33,2844.66,2844.97,5,1,0,-1,-,-,FIGHT"
2026-06-10T08:40:00.000-04:00,"2026-6-10 8:40,2866.9,2862.48,2846.37,2845.83,5,1,1,-1,-,-,wave_only"
2026-06-10T08:45:00.000-04:00,"2026-6-10 8:45,2869.6,2867.06,2848.16,2846.76,5,1,1,-1,-,-,wave_only"
2026-06-10T08:50:00.000-04:00,"2026-6-10 8:50,2867.2,2869.3,2849.62,2847.57,5,0,1,-1,-,-,neutral"
2026-06-10T08:55:00.000-04:00,"2026-6-10 8:55,2861.8,2868.68,2850.56,2848.12,0,0,1,0,-,-,neutral"
2026-06-10T09:00:00.000-04:00,"2026-6-10 9:00,2862.6,2868.28,2851.49,2848.69,0,0,1,0,-,-,neutral"
2026-06-10T09:05:00.000-04:00,"2026-6-10 9:05,2864.8,2868.59,2852.51,2849.32,0,0,1,0,-,-,neutral"
2026-06-10T09:10:00.000-04:00,"2026-6-10 9:10,2864.1,2868.36,2853.4,2849.9,0,0,1,0,-,-,neutral"
2026-06-10T09:15:00.000-04:00,"2026-6-10 9:15,2865.2,2868.42,2854.31,2850.5,0,0,1,0,-,-,neutral"
2026-06-10T09:20:00.000-04:00,"2026-6-10 9:20,2865.2,2868.3,2855.15,2851.08,0,0,1,0,-,-,neutral"
2026-06-10T09:25:00.000-04:00,"2026-6-10 9:25,2864,2867.63,2855.83,2851.59,0,0,1,0,-,-,neutral"
2026-06-10T09:30:00.000-04:00,"2026-6-10 9:30,2867.3,2868.23,2856.71,2852.2,0,0,1,0,-,-,neutral"
2026-06-10T09:35:00.000-04:00,"2026-6-10 9:35,2888.4,2876.37,2859.15,2853.62,7,1,1,0,-,-,wave_only"
2026-06-10T09:40:00.000-04:00,"2026-6-10 9:40,2895.8,2884.94,2861.97,2855.28,7,1,1,0,-,-,wave_only"
2026-06-10T09:45:00.000-04:00,"2026-6-10 9:45,2905.4,2894.56,2865.31,2857.24,7,1,1,0,-,-,wave_only"
2026-06-10T09:50:00.000-04:00,"2026-6-10 9:50,2897,2898.21,2867.75,2858.8,7,1,1,0,-,-,wave_only"
2026-06-10T09:55:00.000-04:00,"2026-6-10 9:55,2897.2,2900.61,2870.01,2860.31,3,1,1,1,-,-,RIDE_both"
2026-06-10T10:00:00.000-04:00,"2026-6-10 10:00,2902.6,2904.02,2872.52,2861.96,7,1,1,1,-,-,RIDE_both"
2026-06-10T10:05:00.000-04:00,"2026-6-10 10:05,2902.8,2906.25,2874.85,2863.57,7,1,1,1,-,-,RIDE_both"
2026-06-10T10:10:00.000-04:00,"2026-6-10 10:10,2900.2,2906.57,2876.8,2865,0,0,1,1,-,-,neutral"
2026-06-10T10:15:00.000-04:00,"2026-6-10 10:15,2897,2905.28,2878.35,2866.26,0,0,1,1,-,-,neutral"
2026-06-10T10:20:00.000-04:00,"2026-6-10 10:20,2902.5,2906.08,2880.21,2867.68,0,0,1,1,-,-,neutral"
2026-06-10T10:25:00.000-04:00,"2026-6-10 10:25,2904.3,2907.08,2882.06,2869.11,0,0,1,1,-,-,neutral"
2026-06-10T10:30:00.000-04:00,"2026-6-10 10:30,2907.4,2908.7,2884.01,2870.62,7,0,1,1,-,-,neutral"
2026-06-10T10:35:00.000-04:00,"2026-6-10 10:35,2900.6,2907.15,2885.29,2871.79,0,0,1,1,-,-,neutral"
2026-06-10T10:40:00.000-04:00,"2026-6-10 10:40,2892.5,2902.79,2885.84,2872.6,0,0,0,1,-,-,neutral"
2026-06-10T10:45:00.000-04:00,"2026-6-10 10:45,2886.5,2897.22,2885.89,2873.15,0,0,0,1,-,-,neutral"
2026-06-10T10:50:00.000-04:00,"2026-6-10 10:50,2882.6,2891.6,2885.64,2873.52,-3,-1,0,1,S,-,FIGHT"
2026-06-10T10:55:00.000-04:00,"2026-6-10 10:55,2871.2,2883.24,2884.53,2873.43,-5,-1,0,1,-,-,FIGHT"
2026-06-10T11:00:00.000-04:00,"2026-6-10 11:00,2876,2878.95,2883.87,2873.53,-5,-1,0,1,-,-,FIGHT"
2026-06-10T11:05:00.000-04:00,"2026-6-10 11:05,2867,2872.61,2882.58,2873.27,-5,-1,0,1,-,-,FIGHT"
2026-06-10T11:10:00.000-04:00,"2026-6-10 11:10,2860.3,2865.67,2880.86,2872.76,-5,-1,0,1,-,-,FIGHT"
2026-06-10T11:15:00.000-04:00,"2026-6-10 11:15,2856.9,2859.57,2879.02,2872.14,-5,-1,0,1,-,-,FIGHT"
2026-06-10T11:20:00.000-04:00,"2026-6-10 11:20,2865.4,2858.54,2877.97,2871.88,0,0,0,1,-,-,neutral"
2026-06-10T11:25:00.000-04:00,"2026-6-10 11:25,2865.7,2858.22,2877.03,2871.64,0,0,0,1,-,-,neutral"
2026-06-10T11:30:00.000-04:00,"2026-6-10 11:30,2861.8,2856.85,2875.86,2871.25,0,0,0,1,-,-,neutral"
2026-06-10T11:35:00.000-04:00,"2026-6-10 11:35,2863,2856.58,2874.87,2870.93,0,0,0,1,-,-,neutral"
2026-06-10T11:40:00.000-04:00,"2026-6-10 11:40,2869.9,2859.21,2874.48,2870.89,0,0,0,1,-,-,neutral"
2026-06-10T11:45:00.000-04:00,"2026-6-10 11:45,2858.4,2857.13,2873.25,2870.4,-5,-1,0,1,-,-,FIGHT"
2026-06-10T11:50:00.000-04:00,"2026-6-10 11:50,2862.5,2857.33,2872.42,2870.09,0,0,0,1,-,-,neutral"
2026-06-10T11:55:00.000-04:00,"2026-6-10 11:55,2869.3,2860.2,2872.18,2870.06,0,0,0,0,-,-,neutral"
2026-06-10T12:00:00.000-04:00,"2026-6-10 12:00,2866.8,2861.56,2871.77,2869.93,0,0,0,0,-,-,neutral"
2026-06-10T12:05:00.000-04:00,"2026-6-10 12:05,2864.5,2861.84,2871.21,2869.72,0,0,0,0,-,-,neutral"
2026-06-10T12:10:00.000-04:00,"2026-6-10 12:10,2859.3,2860.23,2870.29,2869.31,-5,-1,0,0,-,-,FIGHT"
2026-06-10T12:15:00.000-04:00,"2026-6-10 12:15,2860.1,2859.44,2869.51,2868.95,-3,-1,0,0,-,-,FIGHT"
2026-06-10T12:20:00.000-04:00,"2026-6-10 12:20,2858,2858.2,2868.62,2868.52,-5,-1,0,0,-,-,FIGHT"
2026-06-10T12:25:00.000-04:00,"2026-6-10 12:25,2861.9,2858.84,2868.11,2868.26,0,0,-1,0,-,-,neutral"
2026-06-10T12:30:00.000-04:00,"2026-6-10 12:30,2864.4,2860.34,2867.82,2868.11,0,0,-1,0,-,-,neutral"
2026-06-10T12:35:00.000-04:00,"2026-6-10 12:35,2868.2,2862.93,2867.85,2868.11,0,0,-1,0,-,-,neutral"
2026-06-10T12:40:00.000-04:00,"2026-6-10 12:40,2860.9,2862.17,2867.32,2867.83,-5,-1,-1,0,-,-,wave_only"
2026-06-10T12:45:00.000-04:00,"2026-6-10 12:45,2857.3,2860.32,2866.54,2867.41,-5,-1,-1,0,-,-,wave_only"
2026-06-10T12:50:00.000-04:00,"2026-6-10 12:50,2859.6,2859.85,2866.01,2867.11,-3,-1,-1,0,-,-,wave_only"
2026-06-10T12:55:00.000-04:00,"2026-6-10 12:55,2861.2,2860.14,2865.64,2866.88,0,0,-1,0,-,-,neutral"
2026-06-10T13:00:00.000-04:00,"2026-6-10 13:00,2865,2861.81,2865.59,2866.8,0,0,-1,0,-,-,neutral"
2026-06-10T13:05:00.000-04:00,"2026-6-10 13:05,2857.1,2860.14,2864.94,2866.42,-5,-1,-1,0,-,-,wave_only"
2026-06-10T13:10:00.000-04:00,"2026-6-10 13:10,2853.9,2857.75,2864.09,2865.93,-5,-1,-1,0,-,-,wave_only"
2026-06-10T13:15:00.000-04:00,"2026-6-10 13:15,2854.5,2856.26,2863.35,2865.48,-5,-1,-1,0,-,-,wave_only"
2026-06-10T13:20:00.000-04:00,"2026-6-10 13:20,2857.6,2856.37,2862.91,2865.17,0,0,-1,0,-,-,neutral"
2026-06-10T13:25:00.000-04:00,"2026-6-10 13:25,2858,2856.66,2862.53,2864.89,0,0,-1,0,-,-,neutral"
2026-06-10T13:30:00.000-04:00,"2026-6-10 13:30,2852.2,2854.78,2861.74,2864.39,-7,-1,-1,0,-,-,wave_only"
2026-06-10T13:35:00.000-04:00,"2026-6-10 13:35,2850.7,2852.9,2860.89,2863.86,-7,-1,-1,0,-,-,wave_only"
2026-06-10T13:40:00.000-04:00,"2026-6-10 13:40,2849.9,2851.29,2860.04,2863.31,-7,-1,-1,0,-,-,wave_only"
2026-06-10T13:45:00.000-04:00,"2026-6-10 13:45,2863.2,2855.11,2860.29,2863.31,0,0,-1,0,-,-,neutral"
2026-06-10T13:50:00.000-04:00,"2026-6-10 13:50,2860.6,2857.02,2860.31,2863.2,3,0,-1,0,-,-,neutral"
2026-06-10T13:55:00.000-04:00,"2026-6-10 13:55,2865,2860.07,2860.67,2863.27,3,1,0,0,B,-,FIGHT"
2026-06-10T14:00:00.000-04:00,"2026-6-10 14:00,2868.6,2863.64,2861.28,2863.48,5,1,0,0,-,-,FIGHT"
2026-06-10T14:05:00.000-04:00,"2026-6-10 14:05,2859.5,2862.84,2861.14,2863.32,0,0,0,0,-,-,neutral"
2026-06-10T14:10:00.000-04:00,"2026-6-10 14:10,2861.3,2862.87,2861.16,2863.24,0,0,0,0,-,-,neutral"
2026-06-10T14:15:00.000-04:00,"2026-6-10 14:15,2856.6,2861.09,2860.8,2862.98,0,0,0,0,-,-,neutral"
2026-06-10T14:20:00.000-04:00,"2026-6-10 14:20,2855.9,2859.49,2860.43,2862.71,-7,-1,0,0,S,-,FIGHT"
2026-06-10T14:25:00.000-04:00,"2026-6-10 14:25,2853.3,2857.34,2859.88,2862.34,-7,-1,-1,0,-,-,wave_only"
2026-06-10T14:30:00.000-04:00,"2026-6-10 14:30,2850.1,2854.58,2859.13,2861.86,-7,-1,-1,0,-,-,wave_only"
2026-06-10T14:35:00.000-04:00,"2026-6-10 14:35,2848.6,2852.02,2858.32,2861.34,-7,-1,-1,0,-,-,wave_only"
2026-06-10T14:40:00.000-04:00,"2026-6-10 14:40,2847.9,2849.95,2857.52,2860.81,-7,-1,-1,0,-,-,wave_only"
2026-06-10T14:45:00.000-04:00,"2026-6-10 14:45,2845.8,2847.72,2856.61,2860.22,-7,-1,-1,0,-,-,wave_only"
2026-06-10T14:50:00.000-04:00,"2026-6-10 14:50,2847.3,2846.74,2855.9,2859.71,0,0,-1,0,-,-,neutral"
2026-06-10T14:55:00.000-04:00,"2026-6-10 14:55,2846.8,2845.94,2855.2,2859.21,0,0,-1,0,-,-,neutral"
2026-06-10T15:00:00.000-04:00,"2026-6-10 15:00,2843.5,2844.23,2854.3,2858.59,-7,-1,-1,0,-,-,wave_only"
2026-06-10T15:05:00.000-04:00,"2026-6-10 15:05,2846.1,2844.05,2853.67,2858.1,-3,-1,-1,0,-,-,wave_only"
2026-06-10T15:10:00.000-04:00,"2026-6-10 15:10,2843.2,2842.95,2852.86,2857.52,-7,-1,-1,0,-,-,wave_only"
2026-06-10T15:15:00.000-04:00,"2026-6-10 15:15,2839.3,2840.81,2851.82,2856.8,-7,-1,-1,0,-,-,wave_only"
2026-06-10T15:20:00.000-04:00,"2026-6-10 15:20,2837.3,2838.6,2850.7,2856.04,-7,-1,-1,0,-,-,wave_only"
2026-06-10T15:25:00.000-04:00,"2026-6-10 15:25,2838.1,2837.41,2849.73,2855.34,-3,-1,-1,0,-,-,wave_only"
2026-06-10T15:30:00.000-04:00,"2026-6-10 15:30,2841.1,2837.78,2849.07,2854.78,0,0,-1,0,-,-,neutral"
2026-06-10T15:35:00.000-04:00,"2026-6-10 15:35,2845.5,2839.81,2848.79,2854.41,0,0,-1,0,-,-,neutral"
2026-06-10T15:40:00.000-04:00,"2026-6-10 15:40,2844.2,2840.91,2848.44,2854.01,0,0,0,0,-,-,neutral"
2026-06-10T15:45:00.000-04:00,"2026-6-10 15:45,2842,2840.98,2847.95,2853.54,0,0,0,0,-,-,neutral"
2026-06-10T15:50:00.000-04:00,"2026-6-10 15:50,2843.2,2841.54,2847.58,2853.14,0,0,0,0,-,-,neutral"
2026-06-10T15:55:00.000-04:00,"2026-6-10 15:55,2837.3,2839.81,2846.79,2852.51,-7,-1,-1,-1,-,-,RIDE_both"
2026-06-10T16:00:00.000-04:00,"2026-6-10 16:00,2836.9,2838.44,2846.03,2851.9,-7,-1,-1,-1,-,-,RIDE_both"
2026-06-10T16:05:00.000-04:00,"2026-6-10 16:05,2834.3,2836.54,2845.13,2851.21,-7,-1,-1,-1,-,-,RIDE_both"
2026-06-10T16:10:00.000-04:00,"2026-6-10 16:10,2835.1,2835.51,2844.36,2850.58,-7,-1,-1,-1,-,-,RIDE_both"
2026-06-10T16:15:00.000-04:00,"2026-6-10 16:15,2835.6,2835.01,2843.68,2849.99,-7,-1,-1,-1,-,-,RIDE_both"
2026-06-10T16:20:00.000-04:00,"2026-6-10 16:20,2836.6,2835.1,2843.14,2849.47,0,0,-1,-1,-,-,neutral"
2026-06-10T16:25:00.000-04:00,"2026-6-10 16:25,2835,2834.65,2842.51,2848.9,-7,-1,0,-1,-,-,tide_only"
2026-06-10T16:30:00.000-04:00,"2026-6-10 16:30,2832.4,2833.43,2841.73,2848.25,-7,-1,0,-1,-,-,tide_only"
2026-06-10T16:35:00.000-04:00,"2026-6-10 16:35,2834.1,2833.23,2841.15,2847.7,-7,-1,0,-1,-,-,tide_only"
2026-06-10T16:40:00.000-04:00,"2026-6-10 16:40,2831.1,2832.04,2840.37,2847.05,-7,-1,-1,-1,-,-,RIDE_both"
2026-06-10T16:45:00.000-04:00,"2026-6-10 16:45,2829.6,2830.69,2839.54,2846.36,-7,-1,-1,-1,-,-,RIDE_both"
2026-06-10T16:50:00.000-04:00,"2026-6-10 16:50,2832.1,2830.69,2838.97,2845.8,0,0,-1,-1,-,-,neutral"
2026-06-10T16:55:00.000-04:00,"2026-6-10 16:55,2833.7,2831.37,2838.57,2845.33,0,0,0,-1,-,-,neutral"
2026-06-10T18:00:00.000-04:00,"2026-6-10 18:00,2823.3,2828.08,2837.39,2844.47,-7,-1,0,-1,-,-,tide_only"
2026-06-10T18:05:00.000-04:00,"2026-6-10 18:05,2823,2825.62,2836.29,2843.62,-7,-1,0,-1,-,-,tide_only"
2026-06-10T18:10:00.000-04:00,"2026-6-10 18:10,2825.1,2824.7,2835.42,2842.9,-7,-1,-1,-1,-,-,RIDE_both"
2026-06-10T18:15:00.000-04:00,"2026-6-10 18:15,2825.9,2824.42,2834.69,2842.23,-3,-1,-1,-1,-,-,RIDE_both"
2026-06-10T18:20:00.000-04:00,"2026-6-10 18:20,2825.9,2824.31,2834.02,2841.59,0,0,-1,-1,-,-,neutral"
2026-06-10T18:25:00.000-04:00,"2026-6-10 18:25,2827.3,2824.85,2833.5,2841.03,0,0,0,-1,-,-,neutral"
2026-06-10T18:30:00.000-04:00,"2026-6-10 18:30,2826.6,2825.07,2832.97,2840.46,0,0,0,-1,-,-,neutral"
2026-06-10T18:35:00.000-04:00,"2026-6-10 18:35,2830.6,2826.78,2832.79,2840.08,0,0,0,-1,-,-,neutral"
2026-06-10T18:40:00.000-04:00,"2026-6-10 18:40,2828.1,2827.16,2832.43,2839.61,3,1,-1,-1,B,-,FIGHT"
2026-06-10T18:45:00.000-04:00,"2026-6-10 18:45,2829.1,2827.84,2832.17,2839.2,0,0,-1,-1,-,-,neutral"
2026-06-10T18:50:00.000-04:00,"2026-6-10 18:50,2824.9,2826.81,2831.61,2838.63,-7,-1,-1,-1,S,SELL,RIDE_both"
2026-06-10T18:55:00.000-04:00,"2026-6-10 18:55,2818.4,2823.67,2830.59,2837.84,-7,-1,-1,-1,-,-,RIDE_both"
2026-06-10T19:00:00.000-04:00,"2026-6-10 19:00,2822.9,2823.07,2830,2837.26,-7,-1,-1,-1,-,-,RIDE_both"
2026-06-10T19:05:00.000-04:00,"2026-6-10 19:05,2819.2,2821.31,2829.17,2836.55,-7,-1,-1,-1,-,-,RIDE_both"
2026-06-10T19:10:00.000-04:00,"2026-6-10 19:10,2815.9,2818.87,2828.15,2835.74,-7,-1,-1,-1,-,-,RIDE_both"
2026-06-10T19:15:00.000-04:00,"2026-6-10 19:15,2821.3,2819.15,2827.62,2835.17,0,0,-1,-1,-,-,neutral"
2026-06-10T19:20:00.000-04:00,"2026-6-10 19:20,2818.1,2818.26,2826.89,2834.5,-7,-1,-1,-1,-,-,RIDE_both"
2026-06-10T19:25:00.000-04:00,"2026-6-10 19:25,2824.9,2820.2,2826.74,2834.13,0,0,0,-1,-,-,neutral"
2026-06-10T19:30:00.000-04:00,"2026-6-10 19:30,2821.4,2820.39,2826.33,2833.63,0,0,0,-1,-,-,neutral"
2026-06-10T19:35:00.000-04:00,"2026-6-10 19:35,2822.9,2821.14,2826.06,2833.21,0,0,0,-1,-,-,neutral"
2026-06-10T19:40:00.000-04:00,"2026-6-10 19:40,2825.5,2822.68,2826.02,2832.9,3,1,0,-1,B,-,FIGHT"
2026-06-10T19:45:00.000-04:00,"2026-6-10 19:45,2823.2,2822.98,2825.8,2832.52,0,0,0,-1,-,-,neutral"
2026-06-10T19:50:00.000-04:00,"2026-6-10 19:50,2821.3,2822.51,2825.46,2832.08,-7,-1,0,-1,S,-,tide_only"
2026-06-10T19:55:00.000-04:00,"2026-6-10 19:55,2820.1,2821.72,2825.04,2831.61,-7,-1,-1,-1,-,-,RIDE_both"
2026-06-10T20:00:00.000-04:00,"2026-6-10 20:00,2820.8,2821.41,2824.72,2831.19,-7,-1,-1,-1,-,-,RIDE_both"
2026-06-10T20:05:00.000-04:00,"2026-6-10 20:05,2820.3,2821.01,2824.38,2830.76,-7,-1,-1,-1,-,-,RIDE_both"
2026-06-10T20:10:00.000-04:00,"2026-6-10 20:10,2823.8,2822.02,2824.33,2830.49,3,1,0,-1,B,-,FIGHT"
2026-06-10T20:15:00.000-04:00,"2026-6-10 20:15,2833.1,2826.22,2825.01,2830.59,5,1,0,-1,-,-,FIGHT"
2026-06-10T20:20:00.000-04:00,"2026-6-10 20:20,2834.9,2829.95,2825.77,2830.76,5,1,0,-1,-,-,FIGHT"
2026-06-10T20:25:00.000-04:00,"2026-6-10 20:25,2832.1,2831.59,2826.26,2830.81,5,1,0,-1,-,-,FIGHT"
2026-06-10T20:30:00.000-04:00,"2026-6-10 20:30,2832.2,2832.74,2826.71,2830.87,5,1,0,-1,-,-,FIGHT"
2026-06-10T20:35:00.000-04:00,"2026-6-10 20:35,2830.4,2832.83,2827,2830.85,0,0,0,-1,-,-,neutral"
2026-06-10T20:40:00.000-04:00,"2026-6-10 20:40,2829.6,2832.49,2827.2,2830.8,0,0,0,-1,-,-,neutral"
2026-06-10T20:45:00.000-04:00,"2026-6-10 20:45,2836.6,2834.75,2827.92,2831.03,5,1,0,-1,-,-,FIGHT"
2026-06-10T20:50:00.000-04:00,"2026-6-10 20:50,2837.6,2836.69,2828.67,2831.29,5,1,0,-1,-,-,FIGHT"
2026-06-10T20:55:00.000-04:00,"2026-6-10 20:55,2838.9,2838.48,2829.45,2831.58,5,1,0,0,-,-,FIGHT"
2026-06-10T21:00:00.000-04:00,"2026-6-10 21:00,2843,2841.2,2830.49,2832.03,5,1,0,0,-,-,FIGHT"
2026-06-10T21:05:00.000-04:00,"2026-6-10 21:05,2845.1,2843.84,2831.62,2832.54,5,1,0,0,-,-,FIGHT"
2026-06-10T21:10:00.000-04:00,"2026-6-10 21:10,2854,2848.92,2833.34,2833.39,5,1,1,0,-,-,wave_only"
2026-06-10T21:15:00.000-04:00,"2026-6-10 21:15,2854.1,2852.51,2834.94,2834.2,5,1,1,0,-,-,wave_only"
2026-06-10T21:20:00.000-04:00,"2026-6-10 21:20,2856.6,2855.86,2836.6,2835.08,5,1,1,0,-,-,wave_only"
2026-06-10T21:25:00.000-04:00,"2026-6-10 21:25,2855.2,2857.57,2838.03,2835.87,3,1,1,0,-,-,wave_only"
2026-06-10T21:30:00.000-04:00,"2026-6-10 21:30,2852.3,2857.51,2839.13,2836.51,0,0,1,0,-,-,neutral"
2026-06-10T21:35:00.000-04:00,"2026-6-10 21:35,2854,2857.87,2840.27,2837.2,0,0,1,0,-,-,neutral"
2026-06-10T21:40:00.000-04:00,"2026-6-10 21:40,2852.5,2857.37,2841.22,2837.8,0,0,1,0,-,-,neutral"
2026-06-10T21:45:00.000-04:00,"2026-6-10 21:45,2851.3,2856.36,2841.99,2838.33,0,0,1,0,-,-,neutral"
2026-06-10T21:50:00.000-04:00,"2026-6-10 21:50,2850,2854.99,2842.61,2838.78,0,0,1,0,-,-,neutral"
2026-06-10T21:55:00.000-04:00,"2026-6-10 21:55,2847.5,2852.92,2842.98,2839.13,0,0,0,0,-,-,neutral"
2026-06-10T22:00:00.000-04:00,"2026-6-10 22:00,2851.7,2852.85,2843.65,2839.62,0,0,0,0,-,-,neutral"
2026-06-10T22:05:00.000-04:00,"2026-6-10 22:05,2849.3,2851.84,2844.09,2840,0,0,0,0,-,-,neutral"
2026-06-10T22:10:00.000-04:00,"2026-6-10 22:10,2846,2849.81,2844.24,2840.23,0,0,0,0,-,-,neutral"
2026-06-10T22:15:00.000-04:00,"2026-6-10 22:15,2845.6,2848.14,2844.34,2840.44,0,0,0,0,-,-,neutral"
2026-06-10T22:20:00.000-04:00,"2026-6-10 22:20,2840.7,2845.09,2844.06,2840.45,-3,-1,0,0,S,-,FIGHT"
2026-06-10T22:25:00.000-04:00,"2026-6-10 22:25,2840.1,2842.64,2843.76,2840.44,-5,-1,0,0,-,-,FIGHT"
2026-06-10T22:30:00.000-04:00,"2026-6-10 22:30,2839.1,2840.52,2843.4,2840.39,-5,-1,0,0,-,-,FIGHT"
2026-06-10T22:35:00.000-04:00,"2026-6-10 22:35,2840.5,2839.56,2843.17,2840.39,-5,-1,0,0,-,-,FIGHT"
2026-06-10T22:40:00.000-04:00,"2026-6-10 22:40,2841.1,2839.16,2843.02,2840.42,-5,-1,0,0,-,-,FIGHT"
2026-06-10T22:45:00.000-04:00,"2026-6-10 22:45,2841.7,2839.18,2842.91,2840.47,0,0,0,0,-,-,neutral"
2026-06-10T22:50:00.000-04:00,"2026-6-10 22:50,2841.5,2839.2,2842.81,2840.51,0,0,0,0,-,-,neutral"
2026-06-10T22:55:00.000-04:00,"2026-6-10 22:55,2845.8,2840.88,2843.04,2840.72,0,0,0,0,-,-,neutral"
2026-06-10T23:00:00.000-04:00,"2026-6-10 23:00,2847.5,2842.82,2843.38,2840.98,0,0,0,0,-,-,neutral"
2026-06-10T23:05:00.000-04:00,"2026-6-10 23:05,2845.7,2843.61,2843.56,2841.17,3,1,0,0,B,-,FIGHT"
2026-06-10T23:10:00.000-04:00,"2026-6-10 23:10,2842.9,2843.17,2843.51,2841.24,-5,-1,0,0,S,-,FIGHT"
2026-06-10T23:15:00.000-04:00,"2026-6-10 23:15,2842.2,2842.61,2843.41,2841.27,-5,-1,0,0,-,-,FIGHT"
2026-06-10T23:20:00.000-04:00,"2026-6-10 23:20,2844.1,2842.92,2843.46,2841.39,0,0,0,0,-,-,neutral"
2026-06-10T23:25:00.000-04:00,"2026-6-10 23:25,2844.3,2843.24,2843.52,2841.5,0,0,0,0,-,-,neutral"
2026-06-10T23:30:00.000-04:00,"2026-6-10 23:30,2847.3,2844.61,2843.81,2841.73,7,1,0,0,B,-,FIGHT"
2026-06-10T23:35:00.000-04:00,"2026-6-10 23:35,2848.7,2846.13,2844.19,2842,7,1,0,0,-,-,FIGHT"
2026-06-10T23:40:00.000-04:00,"2026-6-10 23:40,2849.4,2847.5,2844.59,2842.29,7,1,1,0,-,-,wave_only"
2026-06-10T23:45:00.000-04:00,"2026-6-10 23:45,2848.7,2848.22,2844.91,2842.54,7,1,1,0,-,-,wave_only"
2026-06-10T23:50:00.000-04:00,"2026-6-10 23:50,2851.2,2849.64,2845.39,2842.88,7,1,1,0,-,-,wave_only"
2026-06-10T23:55:00.000-04:00,"2026-6-10 23:55,2851.9,2850.9,2845.89,2843.24,7,1,1,0,-,-,wave_only"
2026-06-11T00:00:00.000-04:00,"2026-6-11 0:00,2850.8,2851.36,2846.27,2843.53,0,0,1,0,-,-,neutral"
2026-06-11T00:05:00.000-04:00,"2026-6-11 0:05,2851.5,2851.9,2846.67,2843.84,0,0,1,0,-,-,neutral"
2026-06-11T00:10:00.000-04:00,"2026-6-11 0:10,2851.5,2852.23,2847.04,2844.14,0,0,0,0,-,-,neutral"
2026-06-11T00:15:00.000-04:00,"2026-6-11 0:15,2851.7,2852.5,2847.4,2844.44,0,0,0,0,-,-,neutral"
2026-06-11T00:20:00.000-04:00,"2026-6-11 0:20,2852.4,2852.89,2847.79,2844.75,0,0,0,0,-,-,neutral"
2026-06-11T00:25:00.000-04:00,"2026-6-11 0:25,2853.2,2853.42,2848.2,2845.08,0,0,1,0,-,-,neutral"
2026-06-11T00:30:00.000-04:00,"2026-6-11 0:30,2852.8,2853.6,2848.56,2845.39,0,0,1,0,-,-,neutral"
2026-06-11T00:35:00.000-04:00,"2026-6-11 0:35,2856.5,2855.05,2849.17,2845.82,7,1,1,0,-,-,wave_only"
2026-06-11T00:40:00.000-04:00,"2026-6-11 0:40,2859.3,2857.1,2849.95,2846.35,7,1,1,0,-,-,wave_only"
2026-06-11T00:45:00.000-04:00,"2026-6-11 0:45,2858.8,2858.34,2850.63,2846.84,7,1,1,0,-,-,wave_only"
2026-06-11T00:50:00.000-04:00,"2026-6-11 0:50,2857.8,2858.8,2851.18,2847.27,7,0,1,0,-,-,neutral"
2026-06-11T00:55:00.000-04:00,"2026-6-11 0:55,2857.4,2858.91,2851.66,2847.67,0,0,1,1,-,-,neutral"
2026-06-11T01:00:00.000-04:00,"2026-6-11 1:00,2855.4,2858.16,2851.95,2847.97,0,0,1,1,-,-,neutral"
2026-06-11T01:05:00.000-04:00,"2026-6-11 1:05,2854.3,2857.14,2852.13,2848.22,0,0,1,1,-,-,neutral"
2026-06-11T01:10:00.000-04:00,"2026-6-11 1:10,2853.3,2855.97,2852.22,2848.42,0,0,0,1,-,-,neutral"
2026-06-11T01:15:00.000-04:00,"2026-6-11 1:15,2853,2854.96,2852.28,2848.6,0,0,0,1,-,-,neutral"
2026-06-11T01:20:00.000-04:00,"2026-6-11 1:20,2853.5,2854.39,2852.37,2848.79,0,0,0,1,-,-,neutral"
2026-06-11T01:25:00.000-04:00,"2026-6-11 1:25,2853.1,2853.81,2852.43,2848.96,-3,-1,0,1,S,-,FIGHT"
2026-06-11T01:30:00.000-04:00,"2026-6-11 1:30,2854.4,2853.87,2852.58,2849.17,7,0,0,1,-,-,neutral"
2026-06-11T01:35:00.000-04:00,"2026-6-11 1:35,2853.7,2853.66,2852.67,2849.35,-3,-1,0,1,-,-,FIGHT"
2026-06-11T01:40:00.000-04:00,"2026-6-11 1:40,2854.9,2853.95,2852.84,2849.57,7,1,0,1,B,-,tide_only"
2026-06-11T01:45:00.000-04:00,"2026-6-11 1:45,2855.3,2854.32,2853.03,2849.79,7,1,0,1,-,-,tide_only"
2026-06-11T01:50:00.000-04:00,"2026-6-11 1:50,2853.5,2853.93,2853.06,2849.94,-3,-1,0,1,S,-,FIGHT"
2026-06-11T01:55:00.000-04:00,"2026-6-11 1:55,2854.3,2853.94,2853.16,2850.11,7,0,0,1,-,-,neutral"
2026-06-11T02:00:00.000-04:00,"2026-6-11 2:00,2851,2852.73,2852.99,2850.14,-5,-1,0,1,-,-,FIGHT"
2026-06-11T02:05:00.000-04:00,"2026-6-11 2:05,2850.3,2851.6,2852.79,2850.15,-5,-1,0,1,-,-,FIGHT"
2026-06-11T02:10:00.000-04:00,"2026-6-11 2:10,2853.8,2852.09,2852.86,2850.29,0,0,0,1,-,-,neutral"
2026-06-11T02:15:00.000-04:00,"2026-6-11 2:15,2853.3,2852.29,2852.9,2850.41,0,0,0,1,-,-,neutral"
2026-06-11T02:20:00.000-04:00,"2026-6-11 2:20,2853.8,2852.64,2852.97,2850.54,0,0,0,1,-,-,neutral"
2026-06-11T02:25:00.000-04:00,"2026-6-11 2:25,2855,2853.36,2853.12,2850.72,0,0,0,1,-,-,neutral"
2026-06-11T02:30:00.000-04:00,"2026-6-11 2:30,2853.8,2853.45,2853.17,2850.84,0,0,0,1,-,-,neutral"
2026-06-11T02:35:00.000-04:00,"2026-6-11 2:35,2856.9,2854.67,2853.46,2851.08,7,1,0,1,B,-,tide_only"
2026-06-11T02:40:00.000-04:00,"2026-6-11 2:40,2856.8,2855.53,2853.72,2851.3,7,1,0,1,-,-,tide_only"
2026-06-11T02:45:00.000-04:00,"2026-6-11 2:45,2857.3,2856.33,2853.99,2851.54,7,1,0,1,-,-,tide_only"
2026-06-11T02:50:00.000-04:00,"2026-6-11 2:50,2858,2857.16,2854.3,2851.79,7,1,0,1,-,-,tide_only"
2026-06-11T02:55:00.000-04:00,"2026-6-11 2:55,2858.7,2857.99,2854.64,2852.06,7,1,1,1,-,-,RIDE_both"
2026-06-11T03:00:00.000-04:00,"2026-6-11 3:00,2861.3,2859.53,2855.15,2852.42,7,1,1,1,-,-,RIDE_both"
2026-06-11T03:05:00.000-04:00,"2026-6-11 3:05,2861.4,2860.66,2855.63,2852.78,7,1,1,1,-,-,RIDE_both"
2026-06-11T03:10:00.000-04:00,"2026-6-11 3:10,2862.6,2861.87,2856.17,2853.16,7,1,1,1,-,-,RIDE_both"
2026-06-11T03:15:00.000-04:00,"2026-6-11 3:15,2867.2,2864.4,2857.02,2853.71,7,1,1,1,-,-,RIDE_both"
2026-06-11T03:20:00.000-04:00,"2026-6-11 3:20,2870.8,2867.51,2858.08,2854.38,7,1,1,1,-,-,RIDE_both"
2026-06-11T03:25:00.000-04:00,"2026-6-11 3:25,2869.1,2869.06,2858.93,2854.96,7,1,1,1,-,-,RIDE_both"
2026-06-11T03:30:00.000-04:00,"2026-6-11 3:30,2869.7,2870.3,2859.75,2855.54,7,1,1,1,-,-,RIDE_both"
2026-06-11T03:35:00.000-04:00,"2026-6-11 3:35,2870.9,2871.53,2860.61,2856.14,7,1,1,1,-,-,RIDE_both"
2026-06-11T03:40:00.000-04:00,"2026-6-11 3:40,2871.5,2872.53,2861.45,2856.74,7,1,1,1,-,-,RIDE_both"
2026-06-11T03:45:00.000-04:00,"2026-6-11 3:45,2868.7,2872.1,2862.01,2857.21,0,0,1,1,-,-,neutral"
2026-06-11T03:50:00.000-04:00,"2026-6-11 3:50,2868.3,2871.52,2862.49,2857.65,0,0,1,1,-,-,neutral"
2026-06-11T03:55:00.000-04:00,"2026-6-11 3:55,2868.3,2870.98,2862.94,2858.06,0,0,1,1,-,-,neutral"
2026-06-11T04:00:00.000-04:00,"2026-6-11 4:00,2871.7,2871.76,2863.61,2858.6,7,1,1,1,-,-,RIDE_both"
2026-06-11T04:05:00.000-04:00,"2026-6-11 4:05,2873.7,2873,2864.39,2859.19,7,1,1,1,-,-,RIDE_both"
2026-06-11T04:10:00.000-04:00,"2026-6-11 4:10,2875.5,2874.49,2865.24,2859.83,7,1,1,1,-,-,RIDE_both"
2026-06-11T04:15:00.000-04:00,"2026-6-11 4:15,2874.1,2874.98,2865.92,2860.39,7,0,1,1,-,-,neutral"
2026-06-11T04:20:00.000-04:00,"2026-6-11 4:20,2874.2,2875.28,2866.56,2860.93,7,0,1,1,-,-,neutral"
2026-06-11T04:25:00.000-04:00,"2026-6-11 4:25,2873.4,2875.12,2867.09,2861.42,0,0,1,1,-,-,neutral"
2026-06-11T04:30:00.000-04:00,"2026-6-11 4:30,2875.4,2875.67,2867.73,2861.97,7,0,1,1,-,-,neutral"
2026-06-11T04:35:00.000-04:00,"2026-6-11 4:35,2877.4,2876.74,2868.47,2862.57,7,1,1,1,-,-,RIDE_both"
2026-06-11T04:40:00.000-04:00,"2026-6-11 4:40,2878.4,2877.82,2869.23,2863.19,7,1,1,1,-,-,RIDE_both"
2026-06-11T04:45:00.000-04:00,"2026-6-11 4:45,2878,2878.38,2869.91,2863.77,7,0,1,1,-,-,neutral"
2026-06-11T04:50:00.000-04:00,"2026-6-11 4:50,2879.4,2879.24,2870.64,2864.39,7,1,1,1,-,-,RIDE_both"
2026-06-11T04:55:00.000-04:00,"2026-6-11 4:55,2880.1,2880.05,2871.37,2865,7,1,1,1,-,-,RIDE_both"
2026-06-11T05:00:00.000-04:00,"2026-6-11 5:00,2879,2880.16,2871.95,2865.55,0,0,1,1,-,-,neutral"
2026-06-11T05:05:00.000-04:00,"2026-6-11 5:05,2878,2879.79,2872.42,2866.04,0,0,1,1,-,-,neutral"
2026-06-11T05:10:00.000-04:00,"2026-6-11 5:10,2878.5,2879.64,2872.89,2866.53,0,0,0,1,-,-,neutral"
2026-06-11T05:15:00.000-04:00,"2026-6-11 5:15,2879.5,2879.84,2873.4,2867.04,7,0,0,1,-,-,neutral"
2026-06-11T05:20:00.000-04:00,"2026-6-11 5:20,2878.2,2879.46,2873.76,2867.48,0,0,0,1,-,-,neutral"
2026-06-11T05:25:00.000-04:00,"2026-6-11 5:25,2878.2,2879.14,2874.11,2867.9,0,0,0,1,-,-,neutral"
2026-06-11T05:30:00.000-04:00,"2026-6-11 5:30,2878,2878.79,2874.41,2868.29,0,0,0,1,-,-,neutral"
2026-06-11T05:35:00.000-04:00,"2026-6-11 5:35,2878.2,2878.58,2874.7,2868.68,0,0,0,1,-,-,neutral"
2026-06-11T05:40:00.000-04:00,"2026-6-11 5:40,2879,2878.7,2875.03,2869.09,7,1,0,1,-,-,tide_only"
2026-06-11T05:45:00.000-04:00,"2026-6-11 5:45,2880.7,2879.41,2875.46,2869.54,7,1,0,1,-,-,tide_only"
2026-06-11T05:50:00.000-04:00,"2026-6-11 5:50,2880.1,2879.69,2875.82,2869.96,7,1,0,1,-,-,tide_only"
2026-06-11T05:55:00.000-04:00,"2026-6-11 5:55,2880.5,2880.02,2876.18,2870.37,7,1,0,1,-,-,tide_only"
2026-06-11T06:00:00.000-04:00,"2026-6-11 6:00,2879.6,2879.91,2876.44,2870.73,-3,0,0,1,-,-,neutral"
2026-06-11T06:05:00.000-04:00,"2026-6-11 6:05,2878,2879.22,2876.56,2871.02,0,0,0,1,-,-,neutral"
2026-06-11T06:10:00.000-04:00,"2026-6-11 6:10,2878.6,2878.92,2876.72,2871.31,0,0,0,1,-,-,neutral"
2026-06-11T06:15:00.000-04:00,"2026-6-11 6:15,2877.7,2878.36,2876.8,2871.56,-3,-1,0,1,S,-,FIGHT"
2026-06-11T06:20:00.000-04:00,"2026-6-11 6:20,2878.5,2878.25,2876.93,2871.84,-3,-1,0,1,-,-,FIGHT"
2026-06-11T06:25:00.000-04:00,"2026-6-11 6:25,2876.3,2877.36,2876.88,2872.01,-3,-1,0,1,-,-,FIGHT"
2026-06-11T06:30:00.000-04:00,"2026-6-11 6:30,2880,2878.09,2877.12,2872.32,7,1,0,1,B,-,tide_only"
2026-06-11T06:35:00.000-04:00,"2026-6-11 6:35,2878.2,2877.97,2877.2,2872.55,-3,-1,0,1,S,-,FIGHT"
2026-06-11T06:40:00.000-04:00,"2026-6-11 6:40,2878.2,2877.89,2877.28,2872.78,-3,-1,0,1,-,-,FIGHT"
2026-06-11T06:45:00.000-04:00,"2026-6-11 6:45,2879.3,2878.25,2877.43,2873.03,7,1,0,1,B,-,tide_only"
2026-06-11T06:50:00.000-04:00,"2026-6-11 6:50,2881.6,2879.37,2877.75,2873.37,7,1,0,1,-,-,tide_only"
2026-06-11T06:55:00.000-04:00,"2026-6-11 6:55,2878.6,2879.09,2877.82,2873.57,-3,-1,0,1,S,-,FIGHT"
2026-06-11T07:00:00.000-04:00,"2026-6-11 7:00,2875.6,2877.76,2877.65,2873.65,-5,-1,0,1,-,-,FIGHT"
2026-06-11T07:05:00.000-04:00,"2026-6-11 7:05,2871.5,2875.28,2877.18,2873.57,-5,-1,0,1,-,-,FIGHT"
2026-06-11T07:10:00.000-04:00,"2026-6-11 7:10,2873.1,2874.07,2876.86,2873.55,-5,-1,0,1,-,-,FIGHT"
2026-06-11T07:15:00.000-04:00,"2026-6-11 7:15,2871.4,2872.6,2876.44,2873.47,-5,-1,0,1,-,-,FIGHT"
2026-06-11T07:20:00.000-04:00,"2026-6-11 7:20,2870,2871.06,2875.95,2873.33,-5,-1,0,1,-,-,FIGHT"
2026-06-11T07:25:00.000-04:00,"2026-6-11 7:25,2872.1,2870.77,2875.65,2873.28,0,0,0,1,-,-,neutral"
2026-06-11T07:30:00.000-04:00,"2026-6-11 7:30,2875.1,2871.75,2875.61,2873.35,0,0,0,1,-,-,neutral"
2026-06-11T07:35:00.000-04:00,"2026-6-11 7:35,2873.9,2872.08,2875.48,2873.37,0,0,0,1,-,-,neutral"
2026-06-11T07:40:00.000-04:00,"2026-6-11 7:40,2875.7,2873.04,2875.49,2873.47,0,0,0,1,-,-,neutral"
2026-06-11T07:45:00.000-04:00,"2026-6-11 7:45,2875.9,2873.86,2875.53,2873.56,0,0,0,1,-,-,neutral"
2026-06-11T07:50:00.000-04:00,"2026-6-11 7:50,2876.5,2874.71,2875.6,2873.68,0,0,0,1,-,-,neutral"
2026-06-11T07:55:00.000-04:00,"2026-6-11 7:55,2879.8,2876.57,2875.92,2873.92,7,1,1,1,B,BUY,RIDE_both"
2026-06-11T08:00:00.000-04:00,"2026-6-11 8:00,2879,2877.64,2876.16,2874.12,7,1,1,1,-,-,RIDE_both"
2026-06-11T08:05:00.000-04:00,"2026-6-11 8:05,2877.9,2878,2876.29,2874.26,7,1,1,1,-,-,RIDE_both"
2026-06-11T08:10:00.000-04:00,"2026-6-11 8:10,2877.1,2877.94,2876.36,2874.38,0,0,0,1,-,-,neutral"
2026-06-11T08:15:00.000-04:00,"2026-6-11 8:15,2871.5,2875.8,2875.98,2874.26,-5,-1,0,1,S,-,FIGHT"
2026-06-11T08:20:00.000-04:00,"2026-6-11 8:20,2862.8,2870.99,2874.97,2873.81,-5,-1,0,1,-,-,FIGHT"
2026-06-11T08:25:00.000-04:00,"2026-6-11 8:25,2860.2,2866.52,2873.83,2873.28,-5,-1,-1,1,-,-,wave_only"
2026-06-11T08:30:00.000-04:00,"2026-6-11 8:30,2852.6,2860.51,2872.2,2872.47,-5,-1,-1,1,-,-,wave_only"
2026-06-11T08:35:00.000-04:00,"2026-6-11 8:35,2855.1,2857.14,2870.88,2871.79,-5,-1,-1,1,-,-,wave_only"
2026-06-11T08:40:00.000-04:00,"2026-6-11 8:40,2857.4,2855.69,2869.85,2871.22,-3,-1,-1,1,-,-,wave_only"
2026-06-11T08:45:00.000-04:00,"2026-6-11 8:45,2863.1,2856.92,2869.33,2870.9,0,0,-1,1,-,-,neutral"
2026-06-11T08:50:00.000-04:00,"2026-6-11 8:50,2864.1,2858.36,2868.93,2870.64,0,0,-1,1,-,-,neutral"
2026-06-11T08:55:00.000-04:00,"2026-6-11 8:55,2865.4,2860.04,2868.65,2870.43,0,0,-1,0,-,-,neutral"
2026-06-11T09:00:00.000-04:00,"2026-6-11 9:00,2864.4,2861,2868.33,2870.2,0,0,-1,0,-,-,neutral"
2026-06-11T09:05:00.000-04:00,"2026-6-11 9:05,2861.2,2860.61,2867.78,2869.84,-3,-1,-1,0,-,-,wave_only"
2026-06-11T09:10:00.000-04:00,"2026-6-11 9:10,2859.9,2859.92,2867.17,2869.45,0,0,-1,0,-,-,neutral"
2026-06-11T09:15:00.000-04:00,"2026-6-11 9:15,2861.4,2860.03,2866.73,2869.14,0,0,-1,0,-,-,neutral"
2026-06-11T09:20:00.000-04:00,"2026-6-11 9:20,2863.2,2860.84,2866.46,2868.9,0,0,-1,0,-,-,neutral"
2026-06-11T09:25:00.000-04:00,"2026-6-11 9:25,2861.5,2860.87,2866.08,2868.61,0,0,-1,0,-,-,neutral"
2026-06-11T09:30:00.000-04:00,"2026-6-11 9:30,2861,2860.74,2865.69,2868.32,0,0,-1,0,-,-,neutral"
2026-06-11T09:35:00.000-04:00,"2026-6-11 9:35,2868.1,2863.32,2865.87,2868.31,3,0,-1,0,-,-,neutral"
2026-06-11T09:40:00.000-04:00,"2026-6-11 9:40,2862.6,2863.19,2865.62,2868.08,0,0,-1,0,-,-,neutral"
2026-06-11T09:45:00.000-04:00,"2026-6-11 9:45,2876.2,2868.14,2866.43,2868.4,5,1,-1,0,B,-,FIGHT"
2026-06-11T09:50:00.000-04:00,"2026-6-11 9:50,2884.2,2874.71,2867.8,2869.02,5,1,-1,0,-,-,FIGHT"
2026-06-11T09:55:00.000-04:00,"2026-6-11 9:55,2879.8,2877.82,2868.72,2869.44,5,1,0,0,-,-,FIGHT"
2026-06-11T10:00:00.000-04:00,"2026-6-11 10:00,2886.4,2882.41,2870.08,2870.11,7,1,0,0,-,-,FIGHT"
2026-06-11T10:05:00.000-04:00,"2026-6-11 10:05,2881.8,2883.91,2870.98,2870.57,5,1,0,0,-,-,FIGHT"
2026-06-11T10:10:00.000-04:00,"2026-6-11 10:10,2869.5,2880.27,2870.87,2870.53,0,0,0,0,-,-,neutral"
2026-06-11T10:15:00.000-04:00,"2026-6-11 10:15,2865,2875.77,2870.42,2870.31,0,0,0,0,-,-,neutral"
2026-06-11T10:20:00.000-04:00,"2026-6-11 10:20,2878.7,2877.44,2871.06,2870.64,7,1,0,0,-,-,FIGHT"
2026-06-11T10:25:00.000-04:00,"2026-6-11 10:25,2876.8,2877.88,2871.5,2870.88,0,0,1,0,-,-,neutral"
2026-06-11T10:30:00.000-04:00,"2026-6-11 10:30,2876.9,2878.16,2871.91,2871.12,7,0,1,0,-,-,neutral"
2026-06-11T10:35:00.000-04:00,"2026-6-11 10:35,2879.1,2879.1,2872.47,2871.43,3,1,1,0,-,-,wave_only"
2026-06-11T10:40:00.000-04:00,"2026-6-11 10:40,2877,2878.93,2872.81,2871.65,0,0,1,0,-,-,neutral"
2026-06-11T10:45:00.000-04:00,"2026-6-11 10:45,2877.1,2878.77,2873.14,2871.86,0,0,1,0,-,-,neutral"
2026-06-11T10:50:00.000-04:00,"2026-6-11 10:50,2874.5,2877.62,2873.25,2871.96,0,0,1,0,-,-,neutral"
2026-06-11T10:55:00.000-04:00,"2026-6-11 10:55,2867.1,2873.99,2872.78,2871.77,-3,0,0,0,-,-,neutral"
2026-06-11T11:00:00.000-04:00,"2026-6-11 11:00,2870.8,2872.67,2872.62,2871.74,-5,0,0,0,-,-,neutral"
2026-06-11T11:05:00.000-04:00,"2026-6-11 11:05,2874.3,2873,2872.75,2871.84,0,0,0,0,-,-,neutral"
2026-06-11T11:10:00.000-04:00,"2026-6-11 11:10,2878.2,2874.71,2873.17,2872.09,7,1,1,0,-,-,wave_only"
2026-06-11T11:15:00.000-04:00,"2026-6-11 11:15,2876.1,2875.19,2873.4,2872.24,7,0,1,0,-,-,neutral"
2026-06-11T11:20:00.000-04:00,"2026-6-11 11:20,2882.1,2877.75,2874.07,2872.63,7,1,1,0,-,-,wave_only"
2026-06-11T11:25:00.000-04:00,"2026-6-11 11:25,2877.4,2877.87,2874.32,2872.82,7,0,1,0,-,-,neutral"
2026-06-11T11:30:00.000-04:00,"2026-6-11 11:30,2878,2878.15,2874.61,2873.02,7,0,1,0,-,-,neutral"
2026-06-11T11:35:00.000-04:00,"2026-6-11 11:35,2879.5,2878.87,2874.98,2873.27,7,1,1,0,-,-,wave_only"
2026-06-11T11:40:00.000-04:00,"2026-6-11 11:40,2876.5,2878.25,2875.1,2873.4,0,0,1,0,-,-,neutral"
2026-06-11T11:45:00.000-04:00,"2026-6-11 11:45,2876.3,2877.69,2875.19,2873.51,0,0,1,0,-,-,neutral"
2026-06-11T11:50:00.000-04:00,"2026-6-11 11:50,2872.1,2875.7,2874.95,2873.46,-5,-1,1,0,S,-,FIGHT"
2026-06-11T11:55:00.000-04:00,"2026-6-11 11:55,2876.3,2875.79,2875.06,2873.57,0,0,1,0,-,-,neutral"
2026-06-11T12:00:00.000-04:00,"2026-6-11 12:00,2875,2875.37,2875.05,2873.63,-5,0,1,0,-,-,neutral"
2026-06-11T12:05:00.000-04:00,"2026-6-11 12:05,2879.7,2876.82,2875.41,2873.86,7,1,1,0,B,-,wave_only"
2026-06-11T12:10:00.000-04:00,"2026-6-11 12:10,2881,2878.36,2875.84,2874.14,7,1,1,0,-,-,wave_only"
2026-06-11T12:15:00.000-04:00,"2026-6-11 12:15,2879.4,2878.89,2876.11,2874.35,7,0,1,0,-,-,neutral"
2026-06-11T12:20:00.000-04:00,"2026-6-11 12:20,2873.9,2877.21,2875.94,2874.33,-3,0,1,0,-,-,neutral"
2026-06-11T12:25:00.000-04:00,"2026-6-11 12:25,2872,2875.27,2875.64,2874.24,-5,-1,0,0,S,-,FIGHT"
2026-06-11T12:30:00.000-04:00,"2026-6-11 12:30,2877.6,2875.91,2875.79,2874.37,7,0,0,0,-,-,neutral"
2026-06-11T12:35:00.000-04:00,"2026-6-11 12:35,2874.6,2875.29,2875.7,2874.38,-5,-1,0,0,-,-,FIGHT"
2026-06-11T12:40:00.000-04:00,"2026-6-11 12:40,2875.4,2875.15,2875.68,2874.42,0,0,0,0,-,-,neutral"
2026-06-11T12:45:00.000-04:00,"2026-6-11 12:45,2875,2874.91,2875.62,2874.44,-5,-1,0,0,-,-,FIGHT"
2026-06-11T12:50:00.000-04:00,"2026-6-11 12:50,2869.5,2872.71,2875.15,2874.25,-5,-1,0,0,-,-,FIGHT"
2026-06-11T12:55:00.000-04:00,"2026-6-11 12:55,2865.5,2869.65,2874.41,2873.91,-7,-1,-1,0,-,-,wave_only"
2026-06-11T13:00:00.000-04:00,"2026-6-11 13:00,2864,2866.9,2873.61,2873.52,-7,-1,-1,0,-,-,wave_only"
2026-06-11T13:05:00.000-04:00,"2026-6-11 13:05,2869.5,2867,2873.29,2873.36,0,0,-1,0,-,-,neutral"
2026-06-11T13:10:00.000-04:00,"2026-6-11 13:10,2866.1,2865.91,2872.74,2873.08,-5,-1,-1,0,-,-,wave_only"
2026-06-11T13:15:00.000-04:00,"2026-6-11 13:15,2862.3,2863.79,2871.94,2872.65,-5,-1,-1,0,-,-,wave_only"
2026-06-11T13:20:00.000-04:00,"2026-6-11 13:20,2864.2,2863.04,2871.34,2872.32,-5,0,-1,0,-,-,neutral"
2026-06-11T13:25:00.000-04:00,"2026-6-11 13:25,2894.4,2873.77,2873.12,2873.19,7,1,1,0,B,-,wave_only"
2026-06-11T13:30:00.000-04:00,"2026-6-11 13:30,2904.8,2885.55,2875.55,2874.43,7,1,1,0,-,-,wave_only"
2026-06-11T13:35:00.000-04:00,"2026-6-11 13:35,2907.7,2895.19,2878.03,2875.73,7,1,1,0,-,-,wave_only"
2026-06-11T13:40:00.000-04:00,"2026-6-11 13:40,2916.9,2905.47,2881.02,2877.35,5,1,1,0,-,-,wave_only"
2026-06-11T13:45:00.000-04:00,"2026-6-11 13:45,2909.2,2909.88,2883.18,2878.6,5,1,1,0,-,-,wave_only"
2026-06-11T13:50:00.000-04:00,"2026-6-11 13:50,2907.4,2912.1,2885.05,2879.73,0,0,1,0,-,-,neutral"
2026-06-11T13:55:00.000-04:00,"2026-6-11 13:55,2911,2914.71,2887.04,2880.95,7,1,1,1,-,-,RIDE_both"
2026-06-11T14:00:00.000-04:00,"2026-6-11 14:00,2901.3,2912.68,2888.14,2881.75,0,0,1,1,-,-,neutral"
2026-06-11T14:05:00.000-04:00,"2026-6-11 14:05,2900,2910.37,2889.05,2882.47,0,0,1,1,-,-,neutral"
2026-06-11T14:10:00.000-04:00,"2026-6-11 14:10,2905.2,2910.34,2890.29,2883.36,0,0,1,1,-,-,neutral"
2026-06-11T14:15:00.000-04:00,"2026-6-11 14:15,2907.8,2911.04,2891.64,2884.32,0,0,1,1,-,-,neutral"
2026-06-11T14:20:00.000-04:00,"2026-6-11 14:20,2902,2909.18,2892.44,2885.01,0,0,1,1,-,-,neutral"
2026-06-11T14:25:00.000-04:00,"2026-6-11 14:25,2902.3,2907.75,2893.2,2885.69,0,0,0,1,-,-,neutral"
2026-06-11T14:30:00.000-04:00,"2026-6-11 14:30,2902.9,2906.76,2893.94,2886.36,0,0,0,1,-,-,neutral"
2026-06-11T14:35:00.000-04:00,"2026-6-11 14:35,2902.5,2905.77,2894.6,2887,0,0,0,1,-,-,neutral"
2026-06-11T14:40:00.000-04:00,"2026-6-11 14:40,2906.7,2906.49,2895.53,2887.77,0,0,0,1,-,-,neutral"
2026-06-11T14:45:00.000-04:00,"2026-6-11 14:45,2908.3,2907.53,2896.51,2888.57,0,0,0,1,-,-,neutral"
2026-06-11T14:50:00.000-04:00,"2026-6-11 14:50,2908.3,2908.21,2897.42,2889.35,0,0,0,1,-,-,neutral"
2026-06-11T14:55:00.000-04:00,"2026-6-11 14:55,2908.6,2908.73,2898.28,2890.1,0,0,0,1,-,-,neutral"
2026-06-11T15:00:00.000-04:00,"2026-6-11 15:00,2913.3,2910.78,2899.44,2891.01,7,1,0,1,-,-,tide_only"
2026-06-11T15:05:00.000-04:00,"2026-6-11 15:05,2910.9,2911.3,2900.32,2891.79,0,0,0,1,-,-,neutral"
2026-06-11T15:10:00.000-04:00,"2026-6-11 15:10,2914.1,2912.79,2901.38,2892.67,7,1,0,1,-,-,tide_only"
2026-06-11T15:15:00.000-04:00,"2026-6-11 15:15,2917.3,2914.97,2902.6,2893.63,7,1,0,1,-,-,tide_only"
2026-06-11T15:20:00.000-04:00,"2026-6-11 15:20,2915.7,2915.87,2903.61,2894.5,7,1,0,1,-,-,tide_only"
2026-06-11T15:25:00.000-04:00,"2026-6-11 15:25,2917.9,2917.25,2904.71,2895.42,7,1,0,1,-,-,tide_only"
2026-06-11T15:30:00.000-04:00,"2026-6-11 15:30,2925.2,2920.85,2906.29,2896.58,7,1,0,1,-,-,tide_only"
2026-06-11T15:35:00.000-04:00,"2026-6-11 15:35,2922.8,2922.48,2907.56,2897.61,7,1,0,1,-,-,tide_only"
2026-06-11T15:40:00.000-04:00,"2026-6-11 15:40,2926.1,2924.77,2908.98,2898.73,7,1,1,1,-,-,RIDE_both"
2026-06-11T15:45:00.000-04:00,"2026-6-11 15:45,2920.1,2924.07,2909.84,2899.57,0,0,1,1,-,-,neutral"
2026-06-11T15:50:00.000-04:00,"2026-6-11 15:50,2920.9,2923.71,2910.69,2900.4,0,0,1,1,-,-,neutral"
2026-06-11T15:55:00.000-04:00,"2026-6-11 15:55,2921.4,2923.52,2911.51,2901.23,0,0,0,1,-,-,neutral"
2026-06-11T16:00:00.000-04:00,"2026-6-11 16:00,2921.7,2923.37,2912.3,2902.03,0,0,0,1,-,-,neutral"
2026-06-11T16:05:00.000-04:00,"2026-6-11 16:05,2923.8,2923.96,2913.18,2902.88,7,1,0,1,-,-,tide_only"
2026-06-11T16:10:00.000-04:00,"2026-6-11 16:10,2925.8,2925.04,2914.15,2903.78,7,1,0,1,-,-,tide_only"
2026-06-11T16:15:00.000-04:00,"2026-6-11 16:15,2926.2,2925.9,2915.08,2904.66,7,1,0,1,-,-,tide_only"
2026-06-11T16:20:00.000-04:00,"2026-6-11 16:20,2925.4,2926.15,2915.87,2905.47,7,1,0,1,-,-,tide_only"
2026-06-11T16:25:00.000-04:00,"2026-6-11 16:25,2924.3,2925.85,2916.52,2906.21,0,0,0,1,-,-,neutral"
2026-06-11T16:30:00.000-04:00,"2026-6-11 16:30,2923.6,2925.29,2917.07,2906.89,0,0,0,1,-,-,neutral"
2026-06-11T16:35:00.000-04:00,"2026-6-11 16:35,2920.4,2923.64,2917.32,2907.42,0,0,0,1,-,-,neutral"
2026-06-11T16:40:00.000-04:00,"2026-6-11 16:40,2918.9,2921.83,2917.44,2907.87,-3,0,0,1,-,-,neutral"
2026-06-11T16:45:00.000-04:00,"2026-6-11 16:45,2918.7,2920.42,2917.54,2908.3,-3,-1,0,1,S,-,FIGHT"
2026-06-11T16:50:00.000-04:00,"2026-6-11 16:50,2919,2919.49,2917.65,2908.72,-3,-1,0,1,-,-,FIGHT"
2026-06-11T16:55:00.000-04:00,"2026-6-11 16:55,2922,2919.95,2917.99,2909.24,7,1,0,1,B,-,tide_only"
2026-06-11T18:00:00.000-04:00,"2026-6-11 18:00,2925.8,2921.71,2918.59,2909.89,7,1,0,1,-,-,tide_only"
2026-06-11T18:05:00.000-04:00,"2026-6-11 18:05,2927.2,2923.54,2919.25,2910.57,7,1,0,1,-,-,tide_only"
2026-06-11T18:10:00.000-04:00,"2026-6-11 18:10,2929.3,2925.65,2920.02,2911.3,7,1,0,1,-,-,tide_only"
2026-06-11T18:15:00.000-04:00,"2026-6-11 18:15,2928.9,2927.03,2920.71,2911.99,7,1,0,1,-,-,tide_only"
2026-06-11T18:20:00.000-04:00,"2026-6-11 18:20,2929,2928.03,2921.34,2912.66,7,1,0,1,-,-,tide_only"
2026-06-11T18:25:00.000-04:00,"2026-6-11 18:25,2929.5,2928.9,2921.97,2913.32,7,1,0,1,-,-,tide_only"
2026-06-11T18:30:00.000-04:00,"2026-6-11 18:30,2929.1,2929.34,2922.52,2913.94,7,1,0,1,-,-,tide_only"
2026-06-11T18:35:00.000-04:00,"2026-6-11 18:35,2928.3,2929.3,2922.96,2914.5,0,0,0,1,-,-,neutral"
2026-06-11T18:40:00.000-04:00,"2026-6-11 18:40,2930,2929.85,2923.51,2915.11,7,1,0,1,-,-,tide_only"
2026-06-11T18:45:00.000-04:00,"2026-6-11 18:45,2931.1,2930.61,2924.09,2915.74,7,1,0,1,-,-,tide_only"
2026-06-11T18:50:00.000-04:00,"2026-6-11 18:50,2930.8,2931.01,2924.61,2916.33,7,1,0,1,-,-,tide_only"
2026-06-11T18:55:00.000-04:00,"2026-6-11 18:55,2930.9,2931.28,2925.09,2916.9,7,1,0,1,-,-,tide_only"
2026-06-11T19:00:00.000-04:00,"2026-6-11 19:00,2929.8,2931.02,2925.45,2917.4,0,0,0,1,-,-,neutral"
2026-06-11T19:05:00.000-04:00,"2026-6-11 19:05,2929.3,2930.6,2925.75,2917.87,0,0,0,1,-,-,neutral"
2026-06-11T19:10:00.000-04:00,"2026-6-11 19:10,2929.5,2930.33,2926.04,2918.33,0,0,0,1,-,-,neutral"
2026-06-11T19:15:00.000-04:00,"2026-6-11 19:15,2930,2930.28,2926.34,2918.79,0,0,0,1,-,-,neutral"
2026-06-11T19:20:00.000-04:00,"2026-6-11 19:20,2925.4,2928.52,2926.27,2919.04,-3,-1,0,1,S,-,FIGHT"
2026-06-11T19:25:00.000-04:00,"2026-6-11 19:25,2926.4,2927.59,2926.28,2919.33,-3,-1,0,1,-,-,FIGHT"
2026-06-11T19:30:00.000-04:00,"2026-6-11 19:30,2927,2927.14,2926.33,2919.63,-5,-1,0,1,-,-,FIGHT"
2026-06-11T19:35:00.000-04:00,"2026-6-11 19:35,2928.5,2927.37,2926.5,2919.98,7,1,0,1,B,-,tide_only"
2026-06-11T19:40:00.000-04:00,"2026-6-11 19:40,2930.3,2928.23,2926.79,2920.39,7,1,1,1,-,-,RIDE_both"
2026-06-11T19:45:00.000-04:00,"2026-6-11 19:45,2931.6,2929.34,2927.16,2920.83,7,1,1,1,-,-,RIDE_both"
2026-06-11T19:50:00.000-04:00,"2026-6-11 19:50,2930,2929.57,2927.38,2921.19,7,1,1,1,-,-,RIDE_both"
2026-06-11T19:55:00.000-04:00,"2026-6-11 19:55,2930,2929.73,2927.58,2921.53,7,0,0,0,-,-,neutral"
2026-06-11T20:00:00.000-04:00,"2026-6-11 20:00,2927.8,2929.02,2927.6,2921.78,-3,-1,0,0,S,-,FIGHT"
2026-06-11T20:05:00.000-04:00,"2026-6-11 20:05,2928.8,2928.87,2927.69,2922.05,-3,-1,0,0,-,-,FIGHT"
2026-06-11T20:10:00.000-04:00,"2026-6-11 20:10,2928.3,2928.57,2927.74,2922.3,-5,-1,0,0,-,-,FIGHT"
2026-06-11T20:15:00.000-04:00,"2026-6-11 20:15,2928.2,2928.32,2927.77,2922.53,-5,-1,0,0,-,-,FIGHT"
2026-06-11T20:20:00.000-04:00,"2026-6-11 20:20,2930.5,2928.99,2927.98,2922.84,7,1,0,0,B,-,FIGHT"
2026-06-11T20:25:00.000-04:00,"2026-6-11 20:25,2930.3,2929.42,2928.16,2923.13,7,1,1,0,-,-,wave_only"
2026-06-11T20:30:00.000-04:00,"2026-6-11 20:30,2933,2930.73,2928.53,2923.52,7,1,1,0,-,-,wave_only"
2026-06-11T20:35:00.000-04:00,"2026-6-11 20:35,2930.6,2930.79,2928.69,2923.8,7,0,1,0,-,-,neutral"
2026-06-11T20:40:00.000-04:00,"2026-6-11 20:40,2928.4,2930.01,2928.67,2923.98,-3,-1,0,0,S,-,FIGHT"
2026-06-11T20:45:00.000-04:00,"2026-6-11 20:45,2927.4,2929.05,2928.57,2924.11,-3,-1,0,0,-,-,FIGHT"
2026-06-11T20:50:00.000-04:00,"2026-6-11 20:50,2928.2,2928.64,2928.54,2924.27,-5,-1,0,0,-,-,FIGHT"
2026-06-11T20:55:00.000-04:00,"2026-6-11 20:55,2927,2927.91,2928.43,2924.38,-5,-1,0,0,-,-,FIGHT"
2026-06-11T21:00:00.000-04:00,"2026-6-11 21:00,2923.3,2926.01,2928.03,2924.34,-5,-1,0,0,-,-,FIGHT"
2026-06-11T21:05:00.000-04:00,"2026-6-11 21:05,2924,2924.91,2927.72,2924.32,-5,-1,0,0,-,-,FIGHT"
2026-06-11T21:10:00.000-04:00,"2026-6-11 21:10,2924.2,2924.21,2927.45,2924.32,-5,-1,0,0,-,-,FIGHT"
2026-06-11T21:15:00.000-04:00,"2026-6-11 21:15,2921.2,2922.64,2926.97,2924.2,-5,-1,0,0,-,-,FIGHT"
2026-06-11T21:20:00.000-04:00,"2026-6-11 21:20,2919.6,2920.95,2926.4,2924.02,-5,-1,0,0,-,-,FIGHT"
2026-06-11T21:25:00.000-04:00,"2026-6-11 21:25,2917.7,2919.07,2925.73,2923.77,-5,-1,-1,0,-,-,wave_only"
2026-06-11T21:30:00.000-04:00,"2026-6-11 21:30,2920,2918.63,2925.29,2923.62,0,0,-1,0,-,-,neutral"
2026-06-11T21:35:00.000-04:00,"2026-6-11 21:35,2918.4,2917.81,2924.76,2923.42,-5,-1,-1,0,-,-,wave_only"
2026-06-11T21:40:00.000-04:00,"2026-6-11 21:40,2919.3,2917.62,2924.34,2923.26,0,0,-1,0,-,-,neutral"
2026-06-11T21:45:00.000-04:00,"2026-6-11 21:45,2922.1,2918.61,2924.17,2923.21,0,0,-1,0,-,-,neutral"
2026-06-11T21:50:00.000-04:00,"2026-6-11 21:50,2921.9,2919.34,2923.99,2923.16,0,0,-1,0,-,-,neutral"
2026-06-11T21:55:00.000-04:00,"2026-6-11 21:55,2924.8,2921,2924.06,2923.22,0,0,0,0,-,-,neutral"
2026-06-11T22:00:00.000-04:00,"2026-6-11 22:00,2925.9,2922.68,2924.2,2923.33,0,0,0,0,-,-,neutral"
2026-06-11T22:05:00.000-04:00,"2026-6-11 22:05,2927.7,2924.59,2924.47,2923.5,7,1,0,0,B,-,FIGHT"
2026-06-11T22:10:00.000-04:00,"2026-6-11 22:10,2926.2,2925.43,2924.6,2923.61,7,1,1,0,-,-,wave_only"
2026-06-11T22:15:00.000-04:00,"2026-6-11 22:15,2925.1,2925.62,2924.64,2923.66,7,1,1,0,-,-,wave_only"
2026-06-11T22:20:00.000-04:00,"2026-6-11 22:20,2924.8,2925.62,2924.65,2923.71,0,0,1,0,-,-,neutral"
2026-06-11T22:25:00.000-04:00,"2026-6-11 22:25,2922.1,2924.6,2924.46,2923.65,-5,-1,-1,0,S,-,wave_only"
2026-06-11T22:30:00.000-04:00,"2026-6-11 22:30,2922.7,2924.05,2924.32,2923.61,-5,-1,-1,0,-,-,wave_only"
2026-06-11T22:35:00.000-04:00,"2026-6-11 22:35,2924.4,2924.27,2924.33,2923.64,7,1,-1,0,B,-,FIGHT"
2026-06-11T22:40:00.000-04:00,"2026-6-11 22:40,2924.6,2924.5,2924.35,2923.68,7,1,0,0,-,-,FIGHT"
2026-06-11T22:45:00.000-04:00,"2026-6-11 22:45,2925.6,2925.03,2924.44,2923.75,7,1,0,0,-,-,FIGHT"
2026-06-11T22:50:00.000-04:00,"2026-6-11 22:50,2925.6,2925.41,2924.53,2923.82,7,1,0,0,-,-,FIGHT"
2026-06-11T22:55:00.000-04:00,"2026-6-11 22:55,2925.6,2925.67,2924.61,2923.89,7,1,1,0,-,-,wave_only"
2026-06-11T23:00:00.000-04:00,"2026-6-11 23:00,2924.7,2925.51,2924.62,2923.93,0,0,1,0,-,-,neutral"
2026-06-11T23:05:00.000-04:00,"2026-6-11 23:05,2923.1,2924.78,2924.5,2923.89,-3,0,1,0,-,-,neutral"
2026-06-11T23:10:00.000-04:00,"2026-6-11 23:10,2921.4,2923.6,2924.27,2923.8,-5,-1,-1,0,S,-,wave_only"
2026-06-11T23:15:00.000-04:00,"2026-6-11 23:15,2921,2922.59,2924.01,2923.69,-5,-1,-1,0,-,-,wave_only"
2026-06-11T23:20:00.000-04:00,"2026-6-11 23:20,2919.8,2921.41,2923.69,2923.53,-7,-1,-1,0,-,-,wave_only"
2026-06-11T23:25:00.000-04:00,"2026-6-11 23:25,2921.6,2921.24,2923.53,2923.46,-3,-1,-1,0,-,-,wave_only"
2026-06-11T23:30:00.000-04:00,"2026-6-11 23:30,2922,2921.29,2923.41,2923.4,0,0,-1,0,-,-,neutral"
2026-06-11T23:35:00.000-04:00,"2026-6-11 23:35,2923,2921.72,2923.38,2923.39,0,0,-1,0,-,-,neutral"
2026-06-11T23:40:00.000-04:00,"2026-6-11 23:40,2923.7,2922.32,2923.4,2923.4,0,0,0,0,-,-,neutral"
2026-06-11T23:45:00.000-04:00,"2026-6-11 23:45,2921.9,2922.1,2923.29,2923.34,-5,-1,0,0,-,-,FIGHT"
2026-06-11T23:50:00.000-04:00,"2026-6-11 23:50,2922.6,2922.22,2923.24,2923.31,0,0,0,0,-,-,neutral"
2026-06-11T23:55:00.000-04:00,"2026-6-11 23:55,2923.8,2922.75,2923.28,2923.33,0,0,0,0,-,-,neutral"
2026-06-12T00:00:00.000-04:00,"2026-6-12 0:00,2922.5,2922.67,2923.22,2923.3,-5,-1,0,0,-,-,FIGHT"
2026-06-12T00:05:00.000-04:00,"2026-6-12 0:05,2921.3,2922.17,2923.07,2923.22,-5,-1,0,0,-,-,FIGHT"
2026-06-12T00:10:00.000-04:00,"2026-6-12 0:10,2922,2922.07,2922.99,2923.17,-5,-1,-1,0,-,-,wave_only"
2026-06-12T00:15:00.000-04:00,"2026-6-12 0:15,2921,2921.63,2922.84,2923.09,-5,-1,-1,0,-,-,wave_only"
2026-06-12T00:20:00.000-04:00,"2026-6-12 0:20,2921.7,2921.57,2922.75,2923.03,0,0,-1,0,-,-,neutral"
2026-06-12T00:25:00.000-04:00,"2026-6-12 0:25,2924.2,2922.47,2922.86,2923.08,3,0,0,0,-,-,neutral"
2026-06-12T00:30:00.000-04:00,"2026-6-12 0:30,2924.2,2923.13,2922.96,2923.12,5,1,0,0,B,-,FIGHT"
2026-06-12T00:35:00.000-04:00,"2026-6-12 0:35,2924,2923.55,2923.04,2923.16,7,1,0,0,-,-,FIGHT"
2026-06-12T00:40:00.000-04:00,"2026-6-12 0:40,2924.4,2923.99,2923.15,2923.2,7,1,0,0,-,-,FIGHT"
2026-06-12T00:45:00.000-04:00,"2026-6-12 0:45,2924.6,2924.37,2923.26,2923.26,7,1,0,0,-,-,FIGHT"
2026-06-12T00:50:00.000-04:00,"2026-6-12 0:50,2925.1,2924.82,2923.4,2923.33,7,1,0,0,-,-,FIGHT"
2026-06-12T00:55:00.000-04:00,"2026-6-12 0:55,2925.9,2925.43,2923.59,2923.43,7,1,1,0,-,-,wave_only"
2026-06-12T01:00:00.000-04:00,"2026-6-12 1:00,2924.4,2925.29,2923.66,2923.47,0,0,1,0,-,-,neutral"
2026-06-12T01:05:00.000-04:00,"2026-6-12 1:05,2923.2,2924.72,2923.62,2923.46,0,0,1,0,-,-,neutral"
2026-06-12T01:10:00.000-04:00,"2026-6-12 1:10,2924.5,2924.77,2923.69,2923.5,7,0,0,0,-,-,neutral"
2026-06-12T01:15:00.000-04:00,"2026-6-12 1:15,2925.2,2925.04,2923.8,2923.57,7,1,0,0,-,-,FIGHT"
2026-06-12T01:20:00.000-04:00,"2026-6-12 1:20,2925.6,2925.38,2923.94,2923.65,7,1,0,0,-,-,FIGHT"
2026-06-12T01:25:00.000-04:00,"2026-6-12 1:25,2925.7,2925.65,2924.08,2923.73,7,1,1,0,-,-,wave_only"
2026-06-12T01:30:00.000-04:00,"2026-6-12 1:30,2923,2924.82,2923.99,2923.7,0,0,1,0,-,-,neutral"
2026-06-12T01:35:00.000-04:00,"2026-6-12 1:35,2920.2,2923.17,2923.7,2923.56,-7,-1,1,0,S,-,FIGHT"
2026-06-12T01:40:00.000-04:00,"2026-6-12 1:40,2921.9,2922.58,2923.56,2923.5,-5,-1,-1,0,-,-,wave_only"
2026-06-12T01:45:00.000-04:00,"2026-6-12 1:45,2918.1,2920.76,2923.14,2923.28,-7,-1,-1,0,-,-,wave_only"
2026-06-12T01:50:00.000-04:00,"2026-6-12 1:50,2918.2,2919.48,2922.76,2923.09,-7,-1,-1,0,-,-,wave_only"
2026-06-12T01:55:00.000-04:00,"2026-6-12 1:55,2916.2,2917.84,2922.26,2922.82,-5,-1,-1,0,-,-,wave_only"
2026-06-12T02:00:00.000-04:00,"2026-6-12 2:00,2920.1,2918.14,2922.09,2922.71,0,0,-1,0,-,-,neutral"
2026-06-12T02:05:00.000-04:00,"2026-6-12 2:05,2921,2918.75,2922.01,2922.64,0,0,-1,0,-,-,neutral"
2026-06-12T02:10:00.000-04:00,"2026-6-12 2:10,2922,2919.61,2922.01,2922.62,0,0,0,0,-,-,neutral"
2026-06-12T02:15:00.000-04:00,"2026-6-12 2:15,2920.1,2919.58,2921.86,2922.52,0,0,0,0,-,-,neutral"
2026-06-12T02:20:00.000-04:00,"2026-6-12 2:20,2920.5,2919.73,2921.76,2922.44,0,0,0,0,-,-,neutral"
2026-06-12T02:25:00.000-04:00,"2026-6-12 2:25,2919.8,2919.6,2921.61,2922.34,-3,-1,-1,0,-,-,wave_only"
2026-06-12T02:30:00.000-04:00,"2026-6-12 2:30,2918.4,2919.01,2921.36,2922.18,-7,-1,-1,0,-,-,wave_only"
2026-06-12T02:35:00.000-04:00,"2026-6-12 2:35,2917.2,2918.16,2921.04,2921.99,-7,-1,-1,0,-,-,wave_only"
2026-06-12T02:40:00.000-04:00,"2026-6-12 2:40,2915,2916.75,2920.57,2921.71,-7,-1,-1,0,-,-,wave_only"
2026-06-12T02:45:00.000-04:00,"2026-6-12 2:45,2915.4,2915.89,2920.18,2921.46,-7,-1,-1,0,-,-,wave_only"
2026-06-12T02:50:00.000-04:00,"2026-6-12 2:50,2913.9,2914.76,2919.69,2921.17,-7,-1,-1,0,-,-,wave_only"
2026-06-12T02:55:00.000-04:00,"2026-6-12 2:55,2915.5,2914.58,2919.37,2920.95,0,0,-1,0,-,-,neutral"
2026-06-12T03:00:00.000-04:00,"2026-6-12 3:00,2912.2,2913.28,2918.82,2920.6,-7,-1,-1,0,-,-,wave_only"
2026-06-12T03:05:00.000-04:00,"2026-6-12 3:05,2914.2,2913.12,2918.46,2920.35,-3,-1,-1,0,-,-,wave_only"
2026-06-12T03:10:00.000-04:00,"2026-6-12 3:10,2911.1,2911.92,2917.9,2919.99,-7,-1,-1,0,-,-,wave_only"
2026-06-12T03:15:00.000-04:00,"2026-6-12 3:15,2911.6,2911.29,2917.41,2919.66,-3,-1,-1,0,-,-,wave_only"
2026-06-12T03:20:00.000-04:00,"2026-6-12 3:20,2913.9,2911.75,2917.14,2919.43,0,0,-1,0,-,-,neutral"
2026-06-12T03:25:00.000-04:00,"2026-6-12 3:25,2913,2911.81,2916.82,2919.18,0,0,-1,0,-,-,neutral"
2026-06-12T03:30:00.000-04:00,"2026-6-12 3:30,2914.2,2912.36,2916.62,2918.99,0,0,-1,0,-,-,neutral"
2026-06-12T03:35:00.000-04:00,"2026-6-12 3:35,2917.3,2913.95,2916.67,2918.92,0,0,-1,0,-,-,neutral"
2026-06-12T03:40:00.000-04:00,"2026-6-12 3:40,2920.8,2916.44,2916.99,2918.99,3,1,0,0,B,-,FIGHT"
2026-06-12T03:45:00.000-04:00,"2026-6-12 3:45,2920.9,2918.31,2917.29,2919.07,5,1,0,0,-,-,FIGHT"
2026-06-12T03:50:00.000-04:00,"2026-6-12 3:50,2921.4,2919.85,2917.61,2919.16,5,1,0,0,-,-,FIGHT"
2026-06-12T03:55:00.000-04:00,"2026-6-12 3:55,2928.1,2923.42,2918.42,2919.51,5,1,0,0,-,-,FIGHT"
2026-06-12T04:00:00.000-04:00,"2026-6-12 4:00,2930.7,2926.94,2919.36,2919.95,5,1,0,0,-,-,FIGHT"
2026-06-12T04:05:00.000-04:00,"2026-6-12 4:05,2935,2931.01,2920.56,2920.54,5,1,0,0,-,-,FIGHT"
2026-06-12T04:10:00.000-04:00,"2026-6-12 4:10,2935.5,2934.06,2921.71,2921.13,5,1,1,0,-,-,wave_only"
2026-06-12T04:15:00.000-04:00,"2026-6-12 4:15,2941.7,2938.42,2923.25,2921.93,5,1,1,0,-,-,wave_only"
2026-06-12T04:20:00.000-04:00,"2026-6-12 4:20,2943.6,2942.14,2924.82,2922.78,5,1,1,0,-,-,wave_only"
2026-06-12T04:25:00.000-04:00,"2026-6-12 4:25,2941.4,2943.84,2926.09,2923.51,7,1,1,0,-,-,wave_only"
2026-06-12T04:30:00.000-04:00,"2026-6-12 4:30,2938.3,2943.71,2927.03,2924.09,0,0,1,0,-,-,neutral"
2026-06-12T04:35:00.000-04:00,"2026-6-12 4:35,2935.8,2942.46,2927.7,2924.55,0,0,1,0,-,-,neutral"
2026-06-12T04:40:00.000-04:00,"2026-6-12 4:40,2935.7,2941.32,2928.32,2924.99,0,0,1,0,-,-,neutral"
2026-06-12T04:45:00.000-04:00,"2026-6-12 4:45,2937.2,2940.88,2929,2925.47,0,0,1,0,-,-,neutral"
2026-06-12T04:50:00.000-04:00,"2026-6-12 4:50,2937.1,2940.37,2929.63,2925.92,0,0,1,0,-,-,neutral"
2026-06-12T04:55:00.000-04:00,"2026-6-12 4:55,2935.5,2939.29,2930.08,2926.3,0,0,1,0,-,-,neutral"
2026-06-12T05:00:00.000-04:00,"2026-6-12 5:00,2937.3,2939.07,2930.63,2926.73,0,0,1,0,-,-,neutral"
2026-06-12T05:05:00.000-04:00,"2026-6-12 5:05,2937.5,2938.9,2931.16,2927.15,0,0,1,0,-,-,neutral"
2026-06-12T05:10:00.000-04:00,"2026-6-12 5:10,2940.1,2939.66,2931.85,2927.66,7,1,1,0,-,-,wave_only"
2026-06-12T05:15:00.000-04:00,"2026-6-12 5:15,2945.4,2942.12,2932.89,2928.36,7,1,1,0,-,-,wave_only"
2026-06-12T05:20:00.000-04:00,"2026-6-12 5:20,2945.4,2943.85,2933.85,2929.02,7,1,1,0,-,-,wave_only"
2026-06-12T05:25:00.000-04:00,"2026-6-12 5:25,2947.1,2945.66,2934.87,2929.73,7,1,1,0,-,-,wave_only"
2026-06-12T05:30:00.000-04:00,"2026-6-12 5:30,2953.4,2949.23,2936.3,2930.66,7,1,1,0,-,-,wave_only"
2026-06-12T05:35:00.000-04:00,"2026-6-12 5:35,2951.1,2950.87,2937.44,2931.46,7,1,1,0,-,-,wave_only"
2026-06-12T05:40:00.000-04:00,"2026-6-12 5:40,2948,2950.79,2938.25,2932.11,0,0,1,0,-,-,neutral"
2026-06-12T05:45:00.000-04:00,"2026-6-12 5:45,2946.5,2950.04,2938.88,2932.68,0,0,1,0,-,-,neutral"
2026-06-12T05:50:00.000-04:00,"2026-6-12 5:50,2946.2,2949.27,2939.45,2933.21,0,0,1,0,-,-,neutral"
2026-06-12T05:55:00.000-04:00,"2026-6-12 5:55,2944.9,2948.13,2939.87,2933.66,0,0,0,1,-,-,neutral"
2026-06-12T06:00:00.000-04:00,"2026-6-12 6:00,2946.8,2947.92,2940.4,2934.18,0,0,0,1,-,-,neutral"
2026-06-12T06:05:00.000-04:00,"2026-6-12 6:05,2945.9,2947.37,2940.82,2934.64,0,0,0,1,-,-,neutral"
2026-06-12T06:10:00.000-04:00,"2026-6-12 6:10,2942.6,2945.7,2940.96,2934.95,0,0,0,1,-,-,neutral"
2026-06-12T06:15:00.000-04:00,"2026-6-12 6:15,2941,2943.85,2940.96,2935.19,-3,0,0,1,-,-,neutral"
2026-06-12T06:20:00.000-04:00,"2026-6-12 6:20,2940.1,2942.16,2940.9,2935.38,-3,-1,0,1,S,-,FIGHT"
2026-06-12T06:25:00.000-04:00,"2026-6-12 6:25,2938.8,2940.45,2940.73,2935.52,-5,-1,0,1,-,-,FIGHT"
2026-06-12T06:30:00.000-04:00,"2026-6-12 6:30,2940.4,2939.83,2940.71,2935.71,-5,-1,0,1,-,-,FIGHT"
2026-06-12T06:35:00.000-04:00,"2026-6-12 6:35,2940.6,2939.49,2940.7,2935.9,-5,-1,0,1,-,-,FIGHT"
2026-06-12T06:40:00.000-04:00,"2026-6-12 6:40,2943.2,2940.25,2940.89,2936.19,0,0,0,1,-,-,neutral"
2026-06-12T06:45:00.000-04:00,"2026-6-12 6:45,2942.3,2940.53,2941,2936.43,0,0,0,1,-,-,neutral"
2026-06-12T06:50:00.000-04:00,"2026-6-12 6:50,2940.9,2940.25,2940.99,2936.6,-5,-1,0,1,-,-,FIGHT"
2026-06-12T06:55:00.000-04:00,"2026-6-12 6:55,2940.8,2940.04,2940.98,2936.77,-5,-1,0,0,-,-,FIGHT"
2026-06-12T07:00:00.000-04:00,"2026-6-12 7:00,2943,2940.74,2941.13,2937.01,0,0,0,0,-,-,neutral"
2026-06-12T07:05:00.000-04:00,"2026-6-12 7:05,2940.3,2940.29,2941.07,2937.14,-5,-1,0,0,-,-,FIGHT"
2026-06-12T07:10:00.000-04:00,"2026-6-12 7:10,2941.6,2940.46,2941.11,2937.31,0,0,0,0,-,-,neutral"
2026-06-12T07:15:00.000-04:00,"2026-6-12 7:15,2941.9,2940.72,2941.17,2937.49,0,0,0,0,-,-,neutral"
2026-06-12T07:20:00.000-04:00,"2026-6-12 7:20,2946.1,2942.5,2941.55,2937.83,7,1,0,0,B,-,FIGHT"
2026-06-12T07:25:00.000-04:00,"2026-6-12 7:25,2944.8,2943.33,2941.8,2938.1,7,1,1,0,-,-,wave_only"
2026-06-12T07:30:00.000-04:00,"2026-6-12 7:30,2942.5,2943.08,2941.85,2938.28,-3,0,1,0,-,-,neutral"
2026-06-12T07:35:00.000-04:00,"2026-6-12 7:35,2942.5,2942.89,2941.9,2938.44,-3,-1,1,0,S,-,FIGHT"
2026-06-12T07:40:00.000-04:00,"2026-6-12 7:40,2946.8,2944.34,2942.28,2938.77,7,1,1,0,B,-,wave_only"
2026-06-12T07:45:00.000-04:00,"2026-6-12 7:45,2944.6,2944.58,2942.46,2939,7,0,1,0,-,-,neutral"
2026-06-12T07:50:00.000-04:00,"2026-6-12 7:50,2948.7,2946.25,2942.94,2939.38,7,1,1,0,-,-,wave_only"
2026-06-12T07:55:00.000-04:00,"2026-6-12 7:55,2945.4,2946.23,2943.13,2939.62,0,0,0,1,-,-,neutral"
2026-06-12T08:00:00.000-04:00,"2026-6-12 8:00,2940.9,2944.52,2942.96,2939.67,0,0,0,1,-,-,neutral"
2026-06-12T08:05:00.000-04:00,"2026-6-12 8:05,2940.1,2942.94,2942.74,2939.68,-5,-1,0,1,S,-,FIGHT"
2026-06-12T08:10:00.000-04:00,"2026-6-12 8:10,2939.8,2941.67,2942.51,2939.69,-5,-1,0,1,-,-,FIGHT"
2026-06-12T08:15:00.000-04:00,"2026-6-12 8:15,2938.8,2940.38,2942.23,2939.65,-5,-1,0,1,-,-,FIGHT"
2026-06-12T08:20:00.000-04:00,"2026-6-12 8:20,2933.7,2937.57,2941.57,2939.42,-5,-1,0,1,-,-,FIGHT"
2026-06-12T08:25:00.000-04:00,"2026-6-12 8:25,2934.3,2935.78,2941.01,2939.22,-5,-1,-1,1,-,-,wave_only"
2026-06-12T08:30:00.000-04:00,"2026-6-12 8:30,2934.5,2934.61,2940.51,2939.03,-5,-1,-1,1,-,-,wave_only"
2026-06-12T08:35:00.000-04:00,"2026-6-12 8:35,2928.9,2931.76,2939.62,2938.64,-5,-1,-1,1,-,-,wave_only"
2026-06-12T08:40:00.000-04:00,"2026-6-12 8:40,2927.2,2929.13,2938.66,2938.19,-5,-1,-1,1,-,-,wave_only"
2026-06-12T08:45:00.000-04:00,"2026-6-12 8:45,2928.5,2927.8,2937.88,2937.81,0,0,-1,1,-,-,neutral"
2026-06-12T08:50:00.000-04:00,"2026-6-12 8:50,2925.7,2925.92,2936.94,2937.33,-5,0,-1,1,-,-,neutral"
2026-06-12T08:55:00.000-04:00,"2026-6-12 8:55,2925.2,2924.49,2936.04,2936.86,0,0,-1,0,-,-,neutral"
2026-06-12T09:00:00.000-04:00,"2026-6-12 9:00,2926.7,2924.13,2935.32,2936.46,0,0,-1,0,-,-,neutral"
2026-06-12T09:05:00.000-04:00,"2026-6-12 9:05,2928.9,2924.83,2934.83,2936.16,0,0,-1,0,-,-,neutral"
2026-06-12T09:10:00.000-04:00,"2026-6-12 9:10,2929.9,2925.84,2934.45,2935.92,0,0,-1,0,-,-,neutral"
2026-06-12T09:15:00.000-04:00,"2026-6-12 9:15,2932.6,2927.68,2934.31,2935.79,0,0,-1,0,-,-,neutral"
2026-06-12T09:20:00.000-04:00,"2026-6-12 9:20,2931.6,2928.75,2934.1,2935.62,0,0,-1,0,-,-,neutral"
2026-06-12T09:25:00.000-04:00,"2026-6-12 9:25,2932.9,2930.06,2934.01,2935.52,0,0,0,0,-,-,neutral"
2026-06-12T09:30:00.000-04:00,"2026-6-12 9:30,2936,2932.21,2934.16,2935.53,0,0,0,0,-,-,neutral"
2026-06-12T09:35:00.000-04:00,"2026-6-12 9:35,2936,2933.81,2934.3,2935.55,3,1,0,0,B,-,FIGHT"
2026-06-12T09:40:00.000-04:00,"2026-6-12 9:40,2921.8,2929.7,2933.34,2935.01,-7,-1,-1,0,S,-,wave_only"
2026-06-12T09:45:00.000-04:00,"2026-6-12 9:45,2931,2930.1,2933.16,2934.86,0,0,-1,0,-,-,neutral"
2026-06-12T09:50:00.000-04:00,"2026-6-12 9:50,2933.3,2931.27,2933.17,2934.8,0,0,-1,0,-,-,neutral"
2026-06-12T09:55:00.000-04:00,"2026-6-12 9:55,2939.7,2934.5,2933.67,2934.99,5,1,0,0,B,-,FIGHT"
2026-06-12T10:00:00.000-04:00,"2026-6-12 10:00,2947.7,2939.82,2934.75,2935.49,5,1,0,0,-,-,FIGHT"
2026-06-12T10:05:00.000-04:00,"2026-6-12 10:05,2954.8,2946.3,2936.29,2936.24,7,1,0,0,-,-,FIGHT"
2026-06-12T10:10:00.000-04:00,"2026-6-12 10:10,2949.9,2949.11,2937.34,2936.78,5,1,1,0,-,-,wave_only"
2026-06-12T10:15:00.000-04:00,"2026-6-12 10:15,2956,2953.27,2938.78,2937.53,7,1,1,0,-,-,wave_only"
2026-06-12T10:20:00.000-04:00,"2026-6-12 10:20,2950.6,2954.13,2939.69,2938.05,0,0,1,0,-,-,neutral"
2026-06-12T10:25:00.000-04:00,"2026-6-12 10:25,2955.5,2956.38,2940.9,2938.73,5,1,1,0,-,-,wave_only"
2026-06-12T10:30:00.000-04:00,"2026-6-12 10:30,2954.4,2957.42,2941.94,2939.34,0,0,1,0,-,-,neutral"
2026-06-12T10:35:00.000-04:00,"2026-6-12 10:35,2959.5,2959.86,2943.29,2940.13,5,1,1,0,-,-,wave_only"
2026-06-12T10:40:00.000-04:00,"2026-6-12 10:40,2949.1,2957.6,2943.74,2940.49,0,0,1,0,-,-,neutral"
2026-06-12T10:45:00.000-04:00,"2026-6-12 10:45,2945.4,2954.38,2943.87,2940.68,0,0,1,0,-,-,neutral"
2026-06-12T10:50:00.000-04:00,"2026-6-12 10:50,2964,2958.76,2945.41,2941.59,7,1,1,0,-,-,wave_only"
2026-06-12T10:55:00.000-04:00,"2026-6-12 10:55,2965.5,2962.4,2946.96,2942.53,7,1,1,1,-,-,RIDE_both"
2026-06-12T11:00:00.000-04:00,"2026-6-12 11:00,2967.1,2965.5,2948.51,2943.49,7,1,1,1,-,-,RIDE_both"
2026-06-12T11:05:00.000-04:00,"2026-6-12 11:05,2967.9,2967.88,2950,2944.45,7,0,1,1,-,-,neutral"
2026-06-12T11:10:00.000-04:00,"2026-6-12 11:10,2968.2,2969.54,2951.4,2945.38,0,0,1,1,-,-,neutral"
2026-06-12T11:15:00.000-04:00,"2026-6-12 11:15,2970.5,2971.41,2952.87,2946.37,3,1,1,1,-,-,RIDE_both"
2026-06-12T11:20:00.000-04:00,"2026-6-12 11:20,2973.1,2973.54,2954.43,2947.42,7,1,1,1,-,-,RIDE_both"
2026-06-12T11:25:00.000-04:00,"2026-6-12 11:25,2970.5,2973.93,2955.66,2948.32,0,0,1,1,-,-,neutral"
2026-06-12T11:30:00.000-04:00,"2026-6-12 11:30,2962.8,2971.17,2956.21,2948.89,0,0,1,1,-,-,neutral"
2026-06-12T11:35:00.000-04:00,"2026-6-12 11:35,2962,2968.67,2956.66,2949.4,0,0,1,1,-,-,neutral"
2026-06-12T11:40:00.000-04:00,"2026-6-12 11:40,2956,2964.5,2956.61,2949.66,0,0,0,1,-,-,neutral"
2026-06-12T11:45:00.000-04:00,"2026-6-12 11:45,2950.7,2959.4,2956.15,2949.7,0,0,0,1,-,-,neutral"
2026-06-12T11:50:00.000-04:00,"2026-6-12 11:50,2954.7,2957.12,2956.04,2949.9,-3,-1,0,1,S,-,FIGHT"
2026-06-12T11:55:00.000-04:00,"2026-6-12 11:55,2944.9,2951.85,2955.18,2949.7,-5,-1,0,0,-,-,FIGHT"
2026-06-12T12:00:00.000-04:00,"2026-6-12 12:00,2942.7,2947.24,2954.22,2949.43,-5,-1,0,0,-,-,FIGHT"
2026-06-12T12:05:00.000-04:00,"2026-6-12 12:05,2945.1,2944.87,2953.52,2949.26,-5,-1,0,0,-,-,FIGHT"
2026-06-12T12:10:00.000-04:00,"2026-6-12 12:10,2952.5,2946.03,2953.44,2949.39,0,0,0,0,-,-,neutral"
2026-06-12T12:15:00.000-04:00,"2026-6-12 12:15,2950.6,2946.33,2953.22,2949.43,0,0,0,0,-,-,neutral"
2026-06-12T12:20:00.000-04:00,"2026-6-12 12:20,2953.3,2947.68,2953.23,2949.58,0,0,0,0,-,-,neutral"
2026-06-12T12:25:00.000-04:00,"2026-6-12 12:25,2953.1,2948.71,2953.22,2949.72,0,0,0,0,-,-,neutral"
2026-06-12T12:30:00.000-04:00,"2026-6-12 12:30,2957,2951,2953.51,2950.01,0,0,0,0,-,-,neutral"
2026-06-12T12:35:00.000-04:00,"2026-6-12 12:35,2956.9,2952.72,2953.77,2950.28,0,0,0,0,-,-,neutral"
2026-06-12T12:40:00.000-04:00,"2026-6-12 12:40,2953.1,2952.61,2953.72,2950.39,0,0,0,0,-,-,neutral"
2026-06-12T12:45:00.000-04:00,"2026-6-12 12:45,2959,2954.74,2954.13,2950.73,7,1,0,0,B,-,FIGHT"
2026-06-12T12:50:00.000-04:00,"2026-6-12 12:50,2955.6,2955.06,2954.24,2950.92,0,0,0,0,-,-,neutral"
2026-06-12T12:55:00.000-04:00,"2026-6-12 12:55,2956.8,2955.73,2954.44,2951.15,7,1,0,1,-,-,tide_only"
2026-06-12T13:00:00.000-04:00,"2026-6-12 13:00,2956.6,2956.15,2954.6,2951.36,7,1,0,1,-,-,tide_only"
2026-06-12T13:05:00.000-04:00,"2026-6-12 13:05,2958,2956.96,2954.86,2951.62,7,1,0,1,-,-,tide_only"
2026-06-12T13:10:00.000-04:00,"2026-6-12 13:10,2957,2957.17,2955.03,2951.83,7,1,1,1,-,-,RIDE_both"
2026-06-12T13:15:00.000-04:00,"2026-6-12 13:15,2959.2,2958.11,2955.35,2952.12,7,1,1,1,-,-,RIDE_both"
2026-06-12T13:20:00.000-04:00,"2026-6-12 13:20,2958.4,2958.48,2955.58,2952.37,7,1,1,1,-,-,RIDE_both"
2026-06-12T13:25:00.000-04:00,"2026-6-12 13:25,2956.5,2958.02,2955.65,2952.53,-3,0,1,1,-,-,neutral"
2026-06-12T13:30:00.000-04:00,"2026-6-12 13:30,2953.9,2956.69,2955.52,2952.58,-3,-1,1,1,S,-,FIGHT"
2026-06-12T13:35:00.000-04:00,"2026-6-12 13:35,2956,2956.47,2955.56,2952.72,0,0,1,1,-,-,neutral"
2026-06-12T13:40:00.000-04:00,"2026-6-12 13:40,2957,2956.68,2955.67,2952.89,7,1,0,1,B,-,tide_only"
2026-06-12T13:45:00.000-04:00,"2026-6-12 13:45,2956.5,2956.64,2955.73,2953.03,0,0,0,1,-,-,neutral"
2026-06-12T13:50:00.000-04:00,"2026-6-12 13:50,2955.7,2956.31,2955.73,2953.13,-3,0,0,1,-,-,neutral"
2026-06-12T13:55:00.000-04:00,"2026-6-12 13:55,2954.5,2955.62,2955.63,2953.19,-5,0,0,0,-,-,neutral"
2026-06-12T14:00:00.000-04:00,"2026-6-12 14:00,2954.1,2954.97,2955.52,2953.22,-5,-1,0,0,S,-,FIGHT"
2026-06-12T14:05:00.000-04:00,"2026-6-12 14:05,2952.6,2953.94,2955.29,2953.2,-5,-1,0,0,-,-,FIGHT"
2026-06-12T14:10:00.000-04:00,"2026-6-12 14:10,2953,2953.36,2955.12,2953.19,-5,-1,0,0,-,-,FIGHT"
2026-06-12T14:15:00.000-04:00,"2026-6-12 14:15,2950.3,2951.96,2954.75,2953.08,-5,-1,0,0,-,-,FIGHT"
2026-06-12T14:20:00.000-04:00,"2026-6-12 14:20,2949.1,2950.52,2954.31,2952.92,-5,-1,0,0,-,-,FIGHT"
2026-06-12T14:25:00.000-04:00,"2026-6-12 14:25,2952.5,2950.77,2954.17,2952.9,0,0,0,0,-,-,neutral"
2026-06-12T14:30:00.000-04:00,"2026-6-12 14:30,2951.1,2950.49,2953.94,2952.83,-3,-1,0,0,-,-,FIGHT"
2026-06-12T14:35:00.000-04:00,"2026-6-12 14:35,2951.9,2950.62,2953.78,2952.8,0,0,0,0,-,-,neutral"
2026-06-12T14:40:00.000-04:00,"2026-6-12 14:40,2953.4,2951.32,2953.75,2952.82,0,0,0,0,-,-,neutral"
2026-06-12T14:45:00.000-04:00,"2026-6-12 14:45,2952.6,2951.57,2953.66,2952.81,0,0,0,0,-,-,neutral"
2026-06-12T14:50:00.000-04:00,"2026-6-12 14:50,2953.1,2951.97,2953.62,2952.82,0,0,0,0,-,-,neutral"
2026-06-12T14:55:00.000-04:00,"2026-6-12 14:55,2946.2,2949.73,2953.05,2952.56,-5,-1,-1,0,-,-,wave_only"
2026-06-12T15:00:00.000-04:00,"2026-6-12 15:00,2951.7,2950.15,2952.94,2952.53,0,0,-1,0,-,-,neutral"
2026-06-12T15:05:00.000-04:00,"2026-6-12 15:05,2950.9,2950.19,2952.79,2952.47,0,0,-1,0,-,-,neutral"
2026-06-12T15:10:00.000-04:00,"2026-6-12 15:10,2950.5,2950.11,2952.61,2952.39,0,0,-1,0,-,-,neutral"
2026-06-12T15:15:00.000-04:00,"2026-6-12 15:15,2952.5,2950.82,2952.6,2952.39,0,0,-1,0,-,-,neutral"
2026-06-12T15:20:00.000-04:00,"2026-6-12 15:20,2951.6,2951.02,2952.53,2952.36,0,0,-1,0,-,-,neutral"
2026-06-12T15:25:00.000-04:00,"2026-6-12 15:25,2952,2951.34,2952.48,2952.35,0,0,0,0,-,-,neutral"
2026-06-12T15:30:00.000-04:00,"2026-6-12 15:30,2949.4,2950.61,2952.25,2952.23,-5,-1,0,0,-,-,FIGHT"
2026-06-12T15:35:00.000-04:00,"2026-6-12 15:35,2950.3,2950.43,2952.1,2952.16,-5,-1,0,0,-,-,FIGHT"
2026-06-12T15:40:00.000-04:00,"2026-6-12 15:40,2950.1,2950.23,2951.94,2952.08,-5,-1,-1,0,-,-,wave_only"
2026-06-12T15:45:00.000-04:00,"2026-6-12 15:45,2947.1,2948.99,2951.57,2951.88,-5,-1,-1,0,-,-,wave_only"
2026-06-12T15:50:00.000-04:00,"2026-6-12 15:50,2945.2,2947.39,2951.08,2951.62,-7,-1,-1,0,-,-,wave_only"
2026-06-12T15:55:00.000-04:00,"2026-6-12 15:55,2946.1,2946.59,2950.7,2951.4,-5,-1,-1,0,-,-,wave_only"
2026-06-12T16:00:00.000-04:00,"2026-6-12 16:00,2949.2,2947.19,2950.58,2951.32,0,0,-1,0,-,-,neutral"
2026-06-12T16:05:00.000-04:00,"2026-6-12 16:05,2949.3,2947.72,2950.48,2951.24,0,0,-1,0,-,-,neutral"
2026-06-12T16:10:00.000-04:00,"2026-6-12 16:10,2952.3,2949.24,2950.62,2951.28,3,1,0,0,B,-,FIGHT"
2026-06-12T16:15:00.000-04:00,"2026-6-12 16:15,2952.1,2950.3,2950.74,2951.31,3,0,0,0,-,-,neutral"
2026-06-12T16:20:00.000-04:00,"2026-6-12 16:20,2950.3,2950.42,2950.7,2951.27,0,0,0,0,-,-,neutral"
2026-06-12T16:25:00.000-04:00,"2026-6-12 16:25,2949.4,2950.16,2950.6,2951.2,-5,-1,-1,0,S,-,wave_only"
2026-06-12T16:30:00.000-04:00,"2026-6-12 16:30,2951.3,2950.67,2950.66,2951.2,5,1,-1,0,B,-,FIGHT"
2026-06-12T16:35:00.000-04:00,"2026-6-12 16:35,2951.2,2951.01,2950.7,2951.2,3,1,-1,0,-,-,FIGHT"
2026-06-12T16:40:00.000-04:00,"2026-6-12 16:40,2949.8,2950.72,2950.63,2951.15,0,0,0,0,-,-,neutral"
2026-06-12T16:45:00.000-04:00,"2026-6-12 16:45,2949.4,2950.35,2950.54,2951.08,-5,-1,0,0,S,-,FIGHT"
2026-06-12T16:50:00.000-04:00,"2026-6-12 16:50,2949,2949.92,2950.42,2951,-5,-1,0,0,-,-,FIGHT"
2026-06-12T16:55:00.000-04:00,"2026-6-12 16:55,2949,2949.61,2950.31,2950.92,-5,-1,-1,0,-,-,wave_only"
2026-06-14T18:00:00.000-04:00,"2026-6-14 18:00,2987.1,2963.48,2953.14,2952.34,7,1,-1,0,B,-,FIGHT"
2026-06-14T18:05:00.000-04:00,"2026-6-14 18:05,2999,2978.01,2956.67,2954.17,5,1,-1,0,-,-,FIGHT"
2026-06-14T18:10:00.000-04:00,"2026-6-14 18:10,2997.1,2987.75,2959.78,2955.85,7,1,1,0,-,-,wave_only"
2026-06-14T18:15:00.000-04:00,"2026-6-14 18:15,2997.2,2994.59,2962.66,2957.47,7,1,1,0,-,-,wave_only"
2026-06-14T18:20:00.000-04:00,"2026-6-14 18:20,2996.6,2999,2965.27,2959.01,7,1,1,0,-,-,wave_only"
2026-06-14T18:25:00.000-04:00,"2026-6-14 18:25,2993.8,3000.76,2967.46,2960.37,3,1,1,0,-,-,wave_only"
2026-06-14T18:30:00.000-04:00,"2026-6-14 18:30,2992.5,3001.14,2969.39,2961.63,0,0,1,0,-,-,neutral"
2026-06-14T18:35:00.000-04:00,"2026-6-14 18:35,2991.1,3000.5,2971.06,2962.79,0,0,1,0,-,-,neutral"
2026-06-14T18:40:00.000-04:00,"2026-6-14 18:40,2991.2,2999.7,2972.61,2963.9,0,0,1,0,-,-,neutral"
2026-06-14T18:45:00.000-04:00,"2026-6-14 18:45,2991.6,2998.94,2974.07,2964.99,0,0,1,0,-,-,neutral"
2026-06-14T18:50:00.000-04:00,"2026-6-14 18:50,2993.3,2998.72,2975.55,2966.1,0,0,1,0,-,-,neutral"
2026-06-14T18:55:00.000-04:00,"2026-6-14 18:55,2993.1,2998.24,2976.9,2967.16,0,0,1,1,-,-,neutral"
2026-06-14T19:00:00.000-04:00,"2026-6-14 19:00,2992.4,2997.4,2978.09,2968.15,0,0,1,1,-,-,neutral"
2026-06-14T19:05:00.000-04:00,"2026-6-14 19:05,2990.8,2996,2979.07,2969.03,0,0,1,1,-,-,neutral"
2026-06-14T19:10:00.000-04:00,"2026-6-14 19:10,2990,2994.51,2979.91,2969.86,0,0,1,1,-,-,neutral"
2026-06-14T19:15:00.000-04:00,"2026-6-14 19:15,2987.1,2992.22,2980.46,2970.53,0,0,1,1,-,-,neutral"
2026-06-14T19:20:00.000-04:00,"2026-6-14 19:20,2989.1,2991.18,2981.13,2971.26,0,0,1,1,-,-,neutral"
2026-06-14T19:25:00.000-04:00,"2026-6-14 19:25,2989.3,2990.44,2981.76,2971.97,0,0,0,1,-,-,neutral"
2026-06-14T19:30:00.000-04:00,"2026-6-14 19:30,2991.5,2990.66,2982.5,2972.73,7,1,0,1,-,-,tide_only"
2026-06-14T19:35:00.000-04:00,"2026-6-14 19:35,2993.7,2991.61,2983.37,2973.56,7,1,0,1,-,-,tide_only"
2026-06-14T19:40:00.000-04:00,"2026-6-14 19:40,2991.9,2991.61,2984.02,2974.28,0,0,0,1,-,-,neutral"
2026-06-14T19:45:00.000-04:00,"2026-6-14 19:45,2992.3,2991.73,2984.66,2974.98,7,1,0,1,-,-,tide_only"
2026-06-14T19:50:00.000-04:00,"2026-6-14 19:50,2991.7,2991.56,2985.2,2975.64,0,0,0,1,-,-,neutral"
2026-06-14T19:55:00.000-04:00,"2026-6-14 19:55,2992.3,2991.65,2985.75,2976.29,7,1,0,1,-,-,tide_only"
2026-06-14T20:00:00.000-04:00,"2026-6-14 20:00,2992.9,2991.91,2986.3,2976.94,7,1,0,1,-,-,tide_only"
2026-06-14T20:05:00.000-04:00,"2026-6-14 20:05,2995.8,2993.17,2987.03,2977.68,7,1,0,1,-,-,tide_only"
2026-06-14T20:10:00.000-04:00,"2026-6-14 20:10,2999.1,2995.29,2987.96,2978.52,7,1,1,1,-,-,RIDE_both"
2026-06-14T20:15:00.000-04:00,"2026-6-14 20:15,3000.2,2997.23,2988.9,2979.37,7,1,1,1,-,-,RIDE_both"
2026-06-14T20:20:00.000-04:00,"2026-6-14 20:20,3000.3,2998.64,2989.78,2980.19,7,1,1,1,-,-,RIDE_both"
2026-06-14T20:25:00.000-04:00,"2026-6-14 20:25,2999.5,2999.31,2990.52,2980.95,7,0,1,1,-,-,neutral"
2026-06-14T20:30:00.000-04:00,"2026-6-14 20:30,3000.3,3000.03,2991.28,2981.71,7,0,1,1,-,-,neutral"
2026-06-14T20:35:00.000-04:00,"2026-6-14 20:35,2998.9,2999.98,2991.86,2982.38,0,0,1,1,-,-,neutral"
2026-06-14T20:40:00.000-04:00,"2026-6-14 20:40,2998.5,2999.73,2992.37,2983.02,0,0,0,1,-,-,neutral"
2026-06-14T20:45:00.000-04:00,"2026-6-14 20:45,2998.7,2999.56,2992.86,2983.63,0,0,0,1,-,-,neutral"
2026-06-14T20:50:00.000-04:00,"2026-6-14 20:50,2997.6,2998.98,2993.22,2984.18,0,0,0,1,-,-,neutral"
2026-06-14T20:55:00.000-04:00,"2026-6-14 20:55,2997,2998.3,2993.51,2984.68,0,0,0,1,-,-,neutral"
2026-06-14T21:00:00.000-04:00,"2026-6-14 21:00,2997.6,2998,2993.83,2985.19,0,0,0,1,-,-,neutral"
2026-06-14T21:05:00.000-04:00,"2026-6-14 21:05,2997.5,2997.72,2994.11,2985.67,-3,0,0,1,-,-,neutral"
2026-06-14T21:10:00.000-04:00,"2026-6-14 21:10,2997.9,2997.66,2994.4,2986.15,-3,0,0,1,-,-,neutral"
2026-06-14T21:15:00.000-04:00,"2026-6-14 21:15,2997.6,2997.5,2994.65,2986.6,-3,0,0,1,-,-,neutral"
2026-06-14T21:20:00.000-04:00,"2026-6-14 21:20,2997.4,2997.3,2994.86,2987.02,-3,0,0,1,-,-,neutral"
2026-06-14T21:25:00.000-04:00,"2026-6-14 21:25,2996.6,2996.86,2994.99,2987.4,-3,-1,0,1,S,-,FIGHT"
2026-06-14T21:30:00.000-04:00,"2026-6-14 21:30,2997,2996.7,2995.15,2987.77,-3,-1,0,1,-,-,FIGHT"
2026-06-14T21:35:00.000-04:00,"2026-6-14 21:35,2996.7,2996.47,2995.27,2988.12,-3,-1,0,1,-,-,FIGHT"
2026-06-14T21:40:00.000-04:00,"2026-6-14 21:40,2996.4,2996.21,2995.35,2988.45,-3,-1,0,1,-,-,FIGHT"
2026-06-14T21:45:00.000-04:00,"2026-6-14 21:45,2996.2,2995.96,2995.42,2988.75,-5,-1,0,1,-,-,FIGHT"
2026-06-14T21:50:00.000-04:00,"2026-6-14 21:50,2995.1,2995.38,2995.4,2989,-5,-1,0,1,-,-,FIGHT"
2026-06-14T21:55:00.000-04:00,"2026-6-14 21:55,2994,2994.57,2995.29,2989.2,-5,-1,0,1,-,-,FIGHT"
2026-06-14T22:00:00.000-04:00,"2026-6-14 22:00,2994.5,2994.19,2995.23,2989.41,-5,-1,0,1,-,-,FIGHT"
2026-06-14T22:05:00.000-04:00,"2026-6-14 22:05,2995.9,2994.46,2995.28,2989.66,0,0,0,1,-,-,neutral"
2026-06-14T22:10:00.000-04:00,"2026-6-14 22:10,2995.3,2994.47,2995.28,2989.88,0,0,0,1,-,-,neutral"
2026-06-14T22:15:00.000-04:00,"2026-6-14 22:15,2995.9,2994.73,2995.33,2990.12,0,0,0,1,-,-,neutral"
2026-06-14T22:20:00.000-04:00,"2026-6-14 22:20,2996.9,2995.31,2995.45,2990.38,0,0,0,1,-,-,neutral"
2026-06-14T22:25:00.000-04:00,"2026-6-14 22:25,2996.4,2995.57,2995.52,2990.62,0,0,0,1,-,-,neutral"
2026-06-14T22:30:00.000-04:00,"2026-6-14 22:30,2995.7,2995.52,2995.54,2990.82,-5,0,0,1,-,-,neutral"
2026-06-14T22:35:00.000-04:00,"2026-6-14 22:35,2997,2995.97,2995.65,2991.06,7,1,0,1,B,-,tide_only"
2026-06-14T22:40:00.000-04:00,"2026-6-14 22:40,2996.2,2996.01,2995.69,2991.26,7,0,0,1,-,-,neutral"
2026-06-14T22:45:00.000-04:00,"2026-6-14 22:45,2997.3,2996.45,2995.81,2991.5,7,1,0,1,-,-,tide_only"
2026-06-14T22:50:00.000-04:00,"2026-6-14 22:50,2996.8,2996.59,2995.89,2991.71,7,1,0,1,-,-,tide_only"
2026-06-14T22:55:00.000-04:00,"2026-6-14 22:55,2996.8,2996.69,2995.96,2991.91,7,0,0,1,-,-,neutral"
2026-06-14T23:00:00.000-04:00,"2026-6-14 23:00,2996,2996.46,2995.96,2992.07,-5,-1,0,1,S,-,FIGHT"
2026-06-14T23:05:00.000-04:00,"2026-6-14 23:05,2996.1,2996.33,2995.97,2992.23,-5,-1,0,1,-,-,FIGHT"
2026-06-14T23:10:00.000-04:00,"2026-6-14 23:10,2996.4,2996.34,2996.01,2992.39,7,0,0,1,-,-,neutral"
2026-06-14T23:15:00.000-04:00,"2026-6-14 23:15,2997.3,2996.69,2996.11,2992.58,7,1,0,1,B,-,tide_only"
2026-06-14T23:20:00.000-04:00,"2026-6-14 23:20,2997.6,2997.05,2996.22,2992.78,7,1,0,1,-,-,tide_only"
2026-06-14T23:25:00.000-04:00,"2026-6-14 23:25,2997.3,2997.2,2996.3,2992.96,7,1,1,1,-,-,RIDE_both"
2026-06-14T23:30:00.000-04:00,"2026-6-14 23:30,2997.8,2997.49,2996.42,2993.15,7,1,1,1,-,-,RIDE_both"
2026-06-14T23:35:00.000-04:00,"2026-6-14 23:35,2996.7,2997.28,2996.44,2993.29,-3,-1,1,1,S,-,FIGHT"
2026-06-14T23:40:00.000-04:00,"2026-6-14 23:40,2995.4,2996.64,2996.36,2993.37,-5,-1,0,1,-,-,FIGHT"
2026-06-14T23:45:00.000-04:00,"2026-6-14 23:45,2995.4,2996.17,2996.29,2993.45,-5,-1,0,1,-,-,FIGHT"
2026-06-14T23:50:00.000-04:00,"2026-6-14 23:50,2995.1,2995.71,2996.2,2993.51,-5,-1,0,1,-,-,FIGHT"
2026-06-14T23:55:00.000-04:00,"2026-6-14 23:55,2994.9,2995.31,2996.1,2993.57,-5,-1,0,0,-,-,FIGHT"
2026-06-15T00:00:00.000-04:00,"2026-6-15 0:00,2994.4,2994.84,2995.97,2993.6,-5,-1,0,0,-,-,FIGHT"
2026-06-15T00:05:00.000-04:00,"2026-6-15 0:05,2993.9,2994.33,2995.81,2993.61,-5,-1,0,0,-,-,FIGHT"
2026-06-15T00:10:00.000-04:00,"2026-6-15 0:10,2993.6,2993.86,2995.64,2993.61,-5,-1,0,0,-,-,FIGHT"
2026-06-15T00:15:00.000-04:00,"2026-6-15 0:15,2994.7,2993.95,2995.56,2993.65,0,0,0,0,-,-,neutral"
2026-06-15T00:20:00.000-04:00,"2026-6-15 0:20,2994.6,2994,2995.49,2993.69,0,0,0,0,-,-,neutral"
2026-06-15T00:25:00.000-04:00,"2026-6-15 0:25,2994.8,2994.13,2995.44,2993.73,0,0,0,0,-,-,neutral"
2026-06-15T00:30:00.000-04:00,"2026-6-15 0:30,2995.6,2994.55,2995.45,2993.81,0,0,0,0,-,-,neutral"
2026-06-15T00:35:00.000-04:00,"2026-6-15 0:35,2994.8,2994.57,2995.4,2993.85,0,0,0,0,-,-,neutral"
2026-06-15T00:40:00.000-04:00,"2026-6-15 0:40,2994.7,2994.56,2995.35,2993.88,0,0,0,0,-,-,neutral"
2026-06-15T00:45:00.000-04:00,"2026-6-15 0:45,2994.3,2994.41,2995.27,2993.9,-5,-1,0,0,-,-,FIGHT"
2026-06-15T00:50:00.000-04:00,"2026-6-15 0:50,2995.4,2994.72,2995.28,2993.96,0,0,0,0,-,-,neutral"
2026-06-15T00:55:00.000-04:00,"2026-6-15 0:55,2998,2995.91,2995.49,2994.11,7,1,1,0,B,-,wave_only"
2026-06-15T01:00:00.000-04:00,"2026-6-15 1:00,2998.1,2996.82,2995.69,2994.27,7,1,1,0,-,-,wave_only"
2026-06-15T01:05:00.000-04:00,"2026-6-15 1:05,2998.9,2997.78,2995.93,2994.45,7,1,1,0,-,-,wave_only"
2026-06-15T01:10:00.000-04:00,"2026-6-15 1:10,3000.1,2998.9,2996.25,2994.67,7,1,1,0,-,-,wave_only"
2026-06-15T01:15:00.000-04:00,"2026-6-15 1:15,3000.3,2999.76,2996.57,2994.89,7,1,1,0,-,-,wave_only"
2026-06-15T01:20:00.000-04:00,"2026-6-15 1:20,2999.7,3000.13,2996.81,2995.08,7,1,1,0,-,-,wave_only"
2026-06-15T01:25:00.000-04:00,"2026-6-15 1:25,2999.6,3000.32,2997.02,2995.26,7,0,1,0,-,-,neutral"
2026-06-15T01:30:00.000-04:00,"2026-6-15 1:30,2997.5,2999.64,2997.06,2995.35,0,0,1,0,-,-,neutral"
2026-06-15T01:35:00.000-04:00,"2026-6-15 1:35,2997.7,2999.18,2997.11,2995.44,0,0,1,0,-,-,neutral"
2026-06-15T01:40:00.000-04:00,"2026-6-15 1:40,2998.3,2999.03,2997.2,2995.55,0,0,1,0,-,-,neutral"
2026-06-15T01:45:00.000-04:00,"2026-6-15 1:45,2998.4,2998.94,2997.29,2995.66,0,0,1,0,-,-,neutral"
2026-06-15T01:50:00.000-04:00,"2026-6-15 1:50,2997,2998.34,2997.27,2995.72,0,0,1,0,-,-,neutral"
2026-06-15T01:55:00.000-04:00,"2026-6-15 1:55,2998.5,2998.43,2997.36,2995.83,7,0,1,0,-,-,neutral"
2026-06-15T02:00:00.000-04:00,"2026-6-15 2:00,2997.9,2998.28,2997.41,2995.91,-3,-1,1,0,S,-,FIGHT"
2026-06-15T02:05:00.000-04:00,"2026-6-15 2:05,2996.6,2997.67,2997.34,2995.93,-3,-1,1,0,-,-,FIGHT"
2026-06-15T02:10:00.000-04:00,"2026-6-15 2:10,2997,2997.37,2997.32,2995.98,-5,-1,0,0,-,-,FIGHT"
2026-06-15T02:15:00.000-04:00,"2026-6-15 2:15,2995.4,2996.57,2997.17,2995.95,-5,-1,0,0,-,-,FIGHT"
2026-06-15T02:20:00.000-04:00,"2026-6-15 2:20,2996.2,2996.28,2997.09,2995.96,-5,-1,0,0,-,-,FIGHT"
2026-06-15T02:25:00.000-04:00,"2026-6-15 2:25,2996.7,2996.27,2997.06,2995.99,0,0,0,0,-,-,neutral"
2026-06-15T02:30:00.000-04:00,"2026-6-15 2:30,2992.4,2994.68,2996.71,2995.85,-5,-1,0,0,-,-,FIGHT"
2026-06-15T02:35:00.000-04:00,"2026-6-15 2:35,2993.8,2994.06,2996.48,2995.77,-5,-1,0,0,-,-,FIGHT"
2026-06-15T02:40:00.000-04:00,"2026-6-15 2:40,2994.4,2993.86,2996.32,2995.72,0,0,-1,0,-,-,neutral"
2026-06-15T02:45:00.000-04:00,"2026-6-15 2:45,2994.7,2993.86,2996.2,2995.68,0,0,-1,0,-,-,neutral"
2026-06-15T02:50:00.000-04:00,"2026-6-15 2:50,2993.7,2993.52,2996.01,2995.6,-5,-1,-1,0,-,-,wave_only"
2026-06-15T02:55:00.000-04:00,"2026-6-15 2:55,2994.9,2993.75,2995.92,2995.57,0,0,-1,0,-,-,neutral"
2026-06-15T03:00:00.000-04:00,"2026-6-15 3:00,2994.5,2993.8,2995.81,2995.53,0,0,-1,0,-,-,neutral"
2026-06-15T03:05:00.000-04:00,"2026-6-15 3:05,2994.6,2993.9,2995.72,2995.49,0,0,-1,0,-,-,neutral"
2026-06-15T03:10:00.000-04:00,"2026-6-15 3:10,2994.7,2994.04,2995.64,2995.46,0,0,-1,0,-,-,neutral"
2026-06-15T03:15:00.000-04:00,"2026-6-15 3:15,2994.4,2994.04,2995.54,2995.42,0,0,-1,0,-,-,neutral"
2026-06-15T03:20:00.000-04:00,"2026-6-15 3:20,2995.6,2994.51,2995.55,2995.43,0,0,-1,0,-,-,neutral"
2026-06-15T03:25:00.000-04:00,"2026-6-15 3:25,2995.2,2994.72,2995.52,2995.42,0,0,-1,0,-,-,neutral"
2026-06-15T03:30:00.000-04:00,"2026-6-15 3:30,2993.5,2994.25,2995.37,2995.34,-5,-1,-1,0,-,-,wave_only"
2026-06-15T03:35:00.000-04:00,"2026-6-15 3:35,2995.5,2994.65,2995.38,2995.35,0,0,-1,0,-,-,neutral"
2026-06-15T03:40:00.000-04:00,"2026-6-15 3:40,2994.8,2994.7,2995.33,2995.33,0,0,-1,0,-,-,neutral"
2026-06-15T03:45:00.000-04:00,"2026-6-15 3:45,2994.5,2994.62,2995.27,2995.3,-5,-1,-1,0,-,-,wave_only"
2026-06-15T03:50:00.000-04:00,"2026-6-15 3:50,2995.9,2995.09,2995.32,2995.32,0,0,-1,0,-,-,neutral"
2026-06-15T03:55:00.000-04:00,"2026-6-15 3:55,2993,2994.36,2995.14,2995.23,-7,-1,-1,0,-,-,wave_only"
2026-06-15T04:00:00.000-04:00,"2026-6-15 4:00,2995,2994.57,2995.13,2995.22,0,0,-1,0,-,-,neutral"
2026-06-15T04:05:00.000-04:00,"2026-6-15 4:05,2995.8,2995.02,2995.18,2995.24,0,0,-1,0,-,-,neutral"
2026-06-15T04:10:00.000-04:00,"2026-6-15 4:10,2995.7,2995.32,2995.22,2995.26,7,1,0,0,B,-,FIGHT"
2026-06-15T04:15:00.000-04:00,"2026-6-15 4:15,2994.8,2995.2,2995.19,2995.24,0,0,0,0,-,-,neutral"
2026-06-15T04:20:00.000-04:00,"2026-6-15 4:20,2995.1,2995.22,2995.18,2995.24,0,0,0,0,-,-,neutral"
2026-06-15T04:25:00.000-04:00,"2026-6-15 4:25,2997.4,2996.08,2995.35,2995.32,7,1,0,0,-,-,FIGHT"
2026-06-15T04:30:00.000-04:00,"2026-6-15 4:30,2996.8,2996.48,2995.46,2995.38,7,1,0,0,-,-,FIGHT"
2026-06-15T04:35:00.000-04:00,"2026-6-15 4:35,2998,2997.2,2995.66,2995.48,7,1,0,0,-,-,FIGHT"
2026-06-15T04:40:00.000-04:00,"2026-6-15 4:40,2996.6,2997.2,2995.73,2995.53,0,0,1,0,-,-,neutral"
2026-06-15T04:45:00.000-04:00,"2026-6-15 4:45,2996.2,2997.02,2995.77,2995.55,0,0,1,0,-,-,neutral"
2026-06-15T04:50:00.000-04:00,"2026-6-15 4:50,2996,2996.8,2995.78,2995.57,0,0,1,0,-,-,neutral"
2026-06-15T04:55:00.000-04:00,"2026-6-15 4:55,2996.2,2996.69,2995.82,2995.59,0,0,0,0,-,-,neutral"
2026-06-15T05:00:00.000-04:00,"2026-6-15 5:00,2997.8,2997.19,2995.97,2995.68,7,1,0,0,-,-,FIGHT"
2026-06-15T05:05:00.000-04:00,"2026-6-15 5:05,2996,2996.88,2995.97,2995.69,0,0,0,0,-,-,neutral"
2026-06-15T05:10:00.000-04:00,"2026-6-15 5:10,2993.6,2995.75,2995.79,2995.61,-5,-1,-1,0,S,-,wave_only"
2026-06-15T05:15:00.000-04:00,"2026-6-15 5:15,2992.9,2994.66,2995.57,2995.51,-7,-1,-1,0,-,-,wave_only"
2026-06-15T05:20:00.000-04:00,"2026-6-15 5:20,2990.8,2993.09,2995.2,2995.32,-7,-1,-1,0,-,-,wave_only"
2026-06-15T05:25:00.000-04:00,"2026-6-15 5:25,2990.5,2991.84,2994.84,2995.13,-7,-1,-1,0,-,-,wave_only"
2026-06-15T05:30:00.000-04:00,"2026-6-15 5:30,2990.4,2990.93,2994.5,2994.95,-5,-1,-1,0,-,-,wave_only"
2026-06-15T05:35:00.000-04:00,"2026-6-15 5:35,2992.1,2990.93,2994.31,2994.83,0,0,-1,0,-,-,neutral"
2026-06-15T05:40:00.000-04:00,"2026-6-15 5:40,2990.6,2990.43,2994.03,2994.67,-7,-1,-1,0,-,-,wave_only"
2026-06-15T05:45:00.000-04:00,"2026-6-15 5:45,2990.9,2990.21,2993.79,2994.52,0,0,-1,0,-,-,neutral"
2026-06-15T05:50:00.000-04:00,"2026-6-15 5:50,2992,2990.51,2993.65,2994.42,0,0,-1,0,-,-,neutral"
2026-06-15T05:55:00.000-04:00,"2026-6-15 5:55,2991.1,2990.43,2993.45,2994.29,0,0,-1,0,-,-,neutral"
2026-06-15T06:00:00.000-04:00,"2026-6-15 6:00,2993.5,2991.3,2993.46,2994.26,0,0,-1,0,-,-,neutral"
2026-06-15T06:05:00.000-04:00,"2026-6-15 6:05,2994.6,2992.38,2993.54,2994.27,0,0,-1,0,-,-,neutral"
2026-06-15T06:10:00.000-04:00,"2026-6-15 6:10,2995.5,2993.51,2993.7,2994.32,3,1,0,0,B,-,FIGHT"
2026-06-15T06:15:00.000-04:00,"2026-6-15 6:15,2994.4,2993.94,2993.75,2994.32,5,1,0,0,-,-,FIGHT"
2026-06-15T06:20:00.000-04:00,"2026-6-15 6:20,2995.4,2994.62,2993.88,2994.37,5,1,0,0,-,-,FIGHT"
2026-06-15T06:25:00.000-04:00,"2026-6-15 6:25,2995.7,2995.22,2994.02,2994.42,5,1,0,0,-,-,FIGHT"
2026-06-15T06:30:00.000-04:00,"2026-6-15 6:30,2995.1,2995.41,2994.1,2994.45,5,1,0,0,-,-,FIGHT"
2026-06-15T06:35:00.000-04:00,"2026-6-15 6:35,2993.9,2995.08,2994.08,2994.42,0,0,0,0,-,-,neutral"
2026-06-15T06:40:00.000-04:00,"2026-6-15 6:40,2994.7,2995.12,2994.13,2994.44,0,0,0,0,-,-,neutral"
2026-06-15T06:45:00.000-04:00,"2026-6-15 6:45,2993.3,2994.61,2994.07,2994.39,0,0,0,0,-,-,neutral"
2026-06-15T06:50:00.000-04:00,"2026-6-15 6:50,2993,2994.11,2993.99,2994.34,0,0,0,0,-,-,neutral"
2026-06-15T06:55:00.000-04:00,"2026-6-15 6:55,2993.8,2994.04,2993.97,2994.32,-5,0,0,0,-,-,neutral"
2026-06-15T07:00:00.000-04:00,"2026-6-15 7:00,2994,2994.05,2993.97,2994.3,0,0,0,0,-,-,neutral"
2026-06-15T07:05:00.000-04:00,"2026-6-15 7:05,2997.2,2995.24,2994.22,2994.42,5,1,0,0,-,-,FIGHT"
2026-06-15T07:10:00.000-04:00,"2026-6-15 7:10,2999.1,2996.81,2994.6,2994.6,7,1,1,0,-,-,wave_only"
2026-06-15T07:15:00.000-04:00,"2026-6-15 7:15,3000,2998.28,2995.01,2994.81,7,1,1,0,-,-,wave_only"
2026-06-15T07:20:00.000-04:00,"2026-6-15 7:20,3003.9,3000.76,2995.7,2995.17,5,1,1,0,-,-,wave_only"
2026-06-15T07:25:00.000-04:00,"2026-6-15 7:25,3002.9,3002.15,2996.25,2995.47,5,1,1,0,-,-,wave_only"
2026-06-15T07:30:00.000-04:00,"2026-6-15 7:30,3002,3002.77,2996.69,2995.73,5,0,1,0,-,-,neutral"
2026-06-15T07:35:00.000-04:00,"2026-6-15 7:35,2999.8,3002.33,2996.93,2995.89,0,0,1,0,-,-,neutral"
2026-06-15T07:40:00.000-04:00,"2026-6-15 7:40,2996.9,3000.85,2996.93,2995.93,0,0,0,0,-,-,neutral"
2026-06-15T07:45:00.000-04:00,"2026-6-15 7:45,2998.6,3000.35,2997.06,2996.03,0,0,0,0,-,-,neutral"
2026-06-15T07:50:00.000-04:00,"2026-6-15 7:50,3001.2,3000.9,2997.38,2996.23,5,1,0,0,-,-,FIGHT"
2026-06-15T07:55:00.000-04:00,"2026-6-15 7:55,3000,3000.82,2997.58,2996.38,0,0,1,1,-,-,neutral"
2026-06-15T08:00:00.000-04:00,"2026-6-15 8:00,2998.8,3000.29,2997.67,2996.48,0,0,1,1,-,-,neutral"
2026-06-15T08:05:00.000-04:00,"2026-6-15 8:05,2998,2999.57,2997.7,2996.54,0,0,1,1,-,-,neutral"
2026-06-15T08:10:00.000-04:00,"2026-6-15 8:10,2997.8,2998.95,2997.71,2996.59,0,0,0,1,-,-,neutral"
2026-06-15T08:15:00.000-04:00,"2026-6-15 8:15,2996.1,2997.86,2997.58,2996.57,-3,-1,0,1,S,-,FIGHT"
2026-06-15T08:20:00.000-04:00,"2026-6-15 8:20,2995,2996.65,2997.38,2996.51,-5,-1,0,1,-,-,FIGHT"
2026-06-15T08:25:00.000-04:00,"2026-6-15 8:25,2994.2,2995.48,2997.14,2996.42,-5,-1,-1,1,-,-,wave_only"
2026-06-15T08:30:00.000-04:00,"2026-6-15 8:30,2995.5,2995.14,2997.01,2996.38,-5,-1,-1,1,-,-,wave_only"
2026-06-15T08:35:00.000-04:00,"2026-6-15 8:35,2994.6,2994.58,2996.83,2996.31,-5,-1,-1,1,-,-,wave_only"
2026-06-15T08:40:00.000-04:00,"2026-6-15 8:40,2995.8,2994.65,2996.75,2996.29,0,0,-1,1,-,-,neutral"
2026-06-15T08:45:00.000-04:00,"2026-6-15 8:45,2996.7,2995.08,2996.74,2996.31,0,0,-1,1,-,-,neutral"
2026-06-15T08:50:00.000-04:00,"2026-6-15 8:50,2996.3,2995.27,2996.71,2996.31,0,0,-1,1,-,-,neutral"
2026-06-15T08:55:00.000-04:00,"2026-6-15 8:55,2996.8,2995.63,2996.72,2996.32,0,0,0,0,-,-,neutral"
2026-06-15T09:00:00.000-04:00,"2026-6-15 9:00,2995.6,2995.46,2996.63,2996.3,-5,-1,0,0,-,-,FIGHT"
2026-06-15T09:05:00.000-04:00,"2026-6-15 9:05,2995.2,2995.21,2996.52,2996.25,-5,-1,0,0,-,-,FIGHT"
2026-06-15T09:10:00.000-04:00,"2026-6-15 9:10,2996.2,2995.41,2996.5,2996.25,0,0,-1,0,-,-,neutral"
2026-06-15T09:15:00.000-04:00,"2026-6-15 9:15,2995.8,2995.43,2996.44,2996.23,0,0,-1,0,-,-,neutral"
2026-06-15T09:20:00.000-04:00,"2026-6-15 9:20,2996,2995.54,2996.41,2996.22,0,0,-1,0,-,-,neutral"
2026-06-15T09:25:00.000-04:00,"2026-6-15 9:25,2989.2,2993.11,2995.85,2995.95,-7,-1,-1,0,-,-,wave_only"
2026-06-15T09:30:00.000-04:00,"2026-6-15 9:30,2994.8,2993.42,2995.77,2995.9,0,0,-1,0,-,-,neutral"
2026-06-15T09:35:00.000-04:00,"2026-6-15 9:35,2994.5,2993.57,2995.68,2995.85,0,0,-1,0,-,-,neutral"
2026-06-15T09:40:00.000-04:00,"2026-6-15 9:40,2990.3,2992.16,2995.26,2995.63,-7,-1,-1,0,-,-,wave_only"
2026-06-15T09:45:00.000-04:00,"2026-6-15 9:45,2988.5,2990.48,2994.74,2995.35,-7,-1,-1,0,-,-,wave_only"
2026-06-15T09:50:00.000-04:00,"2026-6-15 9:50,2993.7,2991.23,2994.66,2995.29,0,0,-1,0,-,-,neutral"
2026-06-15T09:55:00.000-04:00,"2026-6-15 9:55,2991.2,2990.89,2994.4,2995.13,-3,-1,-1,0,-,-,wave_only"
2026-06-15T10:00:00.000-04:00,"2026-6-15 10:00,2989.6,2990.1,2994.03,2994.91,-5,-1,-1,0,-,-,wave_only"
2026-06-15T10:05:00.000-04:00,"2026-6-15 10:05,2983.1,2987.15,2993.19,2994.45,-7,-1,-1,0,-,-,wave_only"
2026-06-15T10:10:00.000-04:00,"2026-6-15 10:10,2978.1,2983.2,2992.03,2993.81,-7,-1,-1,0,-,-,wave_only"
2026-06-15T10:15:00.000-04:00,"2026-6-15 10:15,2981.6,2981.68,2991.22,2993.33,-7,-1,-1,0,-,-,wave_only"
2026-06-15T10:20:00.000-04:00,"2026-6-15 10:20,2976.8,2978.91,2990.11,2992.68,-7,-1,-1,0,-,-,wave_only"
2026-06-15T10:25:00.000-04:00,"2026-6-15 10:25,2977.6,2977.29,2989.15,2992.09,-7,-1,-1,0,-,-,wave_only"
2026-06-15T10:30:00.000-04:00,"2026-6-15 10:30,2974.9,2975.25,2988.06,2991.41,-3,-1,-1,0,-,-,wave_only"
2026-06-15T10:35:00.000-04:00,"2026-6-15 10:35,2978.7,2975.31,2987.34,2990.92,0,0,-1,0,-,-,neutral"
2026-06-15T10:40:00.000-04:00,"2026-6-15 10:40,2976.9,2974.83,2986.53,2990.37,-3,-1,-1,0,-,-,wave_only"
2026-06-15T10:45:00.000-04:00,"2026-6-15 10:45,2974.8,2973.84,2985.63,2989.75,-3,-1,-1,0,-,-,wave_only"
2026-06-15T10:50:00.000-04:00,"2026-6-15 10:50,2973.4,2972.72,2984.69,2989.11,-3,-1,-1,0,-,-,wave_only"
2026-06-15T10:55:00.000-04:00,"2026-6-15 10:55,2971.6,2971.36,2983.68,2988.43,-7,-1,-1,-1,-,-,RIDE_both"
2026-06-15T11:00:00.000-04:00,"2026-6-15 11:00,2974.8,2971.68,2983,2987.89,0,0,-1,-1,-,-,neutral"
2026-06-15T11:05:00.000-04:00,"2026-6-15 11:05,2976.7,2972.75,2982.51,2987.45,0,0,-1,-1,-,-,neutral"
2026-06-15T11:10:00.000-04:00,"2026-6-15 11:10,2974.2,2972.71,2981.88,2986.93,0,0,0,-1,-,-,neutral"
2026-06-15T11:15:00.000-04:00,"2026-6-15 11:15,2972,2971.95,2981.12,2986.35,-7,-1,0,-1,-,-,tide_only"
2026-06-15T11:20:00.000-04:00,"2026-6-15 11:20,2975.4,2972.74,2980.68,2985.92,0,0,0,-1,-,-,neutral"
2026-06-15T11:25:00.000-04:00,"2026-6-15 11:25,2977.9,2974.32,2980.46,2985.6,0,0,0,-1,-,-,neutral"
2026-06-15T11:30:00.000-04:00,"2026-6-15 11:30,2978.8,2975.86,2980.33,2985.34,0,0,0,-1,-,-,neutral"
2026-06-15T11:35:00.000-04:00,"2026-6-15 11:35,2983.8,2978.88,2980.6,2985.28,3,1,0,-1,B,-,FIGHT"
2026-06-15T11:40:00.000-04:00,"2026-6-15 11:40,2984.3,2981.28,2980.89,2985.24,5,1,0,-1,-,-,FIGHT"
2026-06-15T11:45:00.000-04:00,"2026-6-15 11:45,2983.3,2982.64,2981.07,2985.16,5,1,0,-1,-,-,FIGHT"
2026-06-15T11:50:00.000-04:00,"2026-6-15 11:50,2981.3,2982.84,2981.09,2985.01,0,0,0,-1,-,-,neutral"
2026-06-15T11:55:00.000-04:00,"2026-6-15 11:55,2983.8,2983.86,2981.3,2984.96,5,1,0,-1,-,-,FIGHT"
2026-06-15T12:00:00.000-04:00,"2026-6-15 12:00,2984,2984.62,2981.51,2984.93,5,1,0,-1,-,-,FIGHT"
2026-06-15T12:05:00.000-04:00,"2026-6-15 12:05,2983.5,2984.93,2981.66,2984.87,3,1,0,-1,-,-,FIGHT"
2026-06-15T12:10:00.000-04:00,"2026-6-15 12:10,2982.1,2984.57,2981.69,2984.76,0,0,0,-1,-,-,neutral"
2026-06-15T12:15:00.000-04:00,"2026-6-15 12:15,2983.5,2984.76,2981.83,2984.71,0,0,0,-1,-,-,neutral"
2026-06-15T12:20:00.000-04:00,"2026-6-15 12:20,2982.8,2984.58,2981.91,2984.64,0,0,0,-1,-,-,neutral"
2026-06-15T12:25:00.000-04:00,"2026-6-15 12:25,2983.9,2984.8,2982.06,2984.61,0,0,0,-1,-,-,neutral"
2026-06-15T12:30:00.000-04:00,"2026-6-15 12:30,2983.5,2984.77,2982.17,2984.56,0,0,0,-1,-,-,neutral"
2026-06-15T12:35:00.000-04:00,"2026-6-15 12:35,2981.3,2983.88,2982.1,2984.44,0,0,0,-1,-,-,neutral"
2026-06-15T12:40:00.000-04:00,"2026-6-15 12:40,2981.6,2983.31,2982.06,2984.33,0,0,0,-1,-,-,neutral"
2026-06-15T12:45:00.000-04:00,"2026-6-15 12:45,2978.4,2981.67,2981.78,2984.09,-3,-1,0,-1,S,-,tide_only"
2026-06-15T12:50:00.000-04:00,"2026-6-15 12:50,2979.1,2980.72,2981.58,2983.9,-7,-1,0,-1,-,-,tide_only"
2026-06-15T12:55:00.000-04:00,"2026-6-15 12:55,2979.6,2980.21,2981.42,2983.73,-7,-1,-1,-1,-,-,RIDE_both"
2026-06-15T13:00:00.000-04:00,"2026-6-15 13:00,2979.5,2979.81,2981.28,2983.56,-7,-1,-1,-1,-,-,RIDE_both"
2026-06-15T13:05:00.000-04:00,"2026-6-15 13:05,2978.1,2979.01,2981.03,2983.35,-7,-1,-1,-1,-,-,RIDE_both"
2026-06-15T13:10:00.000-04:00,"2026-6-15 13:10,2979.2,2978.85,2980.89,2983.19,-3,-1,-1,-1,-,-,RIDE_both"
2026-06-15T13:15:00.000-04:00,"2026-6-15 13:15,2979.4,2978.84,2980.78,2983.04,0,0,-1,-1,-,-,neutral"
2026-06-15T13:20:00.000-04:00,"2026-6-15 13:20,2979.5,2978.89,2980.68,2982.9,0,0,-1,-1,-,-,neutral"
2026-06-15T13:25:00.000-04:00,"2026-6-15 13:25,2979,2978.76,2980.55,2982.75,-3,-1,-1,-1,-,-,RIDE_both"
2026-06-15T13:30:00.000-04:00,"2026-6-15 13:30,2978.9,2978.65,2980.42,2982.6,-3,-1,-1,-1,-,-,RIDE_both"
2026-06-15T13:35:00.000-04:00,"2026-6-15 13:35,2978.2,2978.33,2980.25,2982.42,-7,-1,-1,-1,-,-,RIDE_both"
2026-06-15T13:40:00.000-04:00,"2026-6-15 13:40,2976.9,2977.63,2979.99,2982.21,-7,-1,-1,-1,-,-,RIDE_both"
2026-06-15T13:45:00.000-04:00,"2026-6-15 13:45,2975.7,2976.7,2979.66,2981.95,-7,-1,-1,-1,-,-,RIDE_both"
2026-06-15T13:50:00.000-04:00,"2026-6-15 13:50,2975.5,2975.97,2979.34,2981.7,-7,-1,-1,-1,-,-,RIDE_both"
2026-06-15T13:55:00.000-04:00,"2026-6-15 13:55,2975,2975.29,2979.01,2981.44,-7,-1,-1,-1,-,-,RIDE_both"
2026-06-15T14:00:00.000-04:00,"2026-6-15 14:00,2972.5,2973.9,2978.51,2981.08,-7,-1,-1,-1,-,-,RIDE_both"
2026-06-15T14:05:00.000-04:00,"2026-6-15 14:05,2973.1,2973.16,2978.09,2980.77,-7,-1,-1,-1,-,-,RIDE_both"
2026-06-15T14:10:00.000-04:00,"2026-6-15 14:10,2973.5,2972.82,2977.74,2980.49,-7,-1,-1,-1,-,-,RIDE_both"
2026-06-15T14:15:00.000-04:00,"2026-6-15 14:15,2974.9,2973.14,2977.52,2980.27,0,0,-1,-1,-,-,neutral"
2026-06-15T14:20:00.000-04:00,"2026-6-15 14:20,2976.1,2973.88,2977.41,2980.1,0,0,-1,-1,-,-,neutral"
2026-06-15T14:25:00.000-04:00,"2026-6-15 14:25,2973,2973.31,2977.07,2979.83,-7,-1,-1,-1,-,-,RIDE_both"
2026-06-15T14:30:00.000-04:00,"2026-6-15 14:30,2973.1,2972.97,2976.77,2979.56,-7,-1,-1,-1,-,-,RIDE_both"
2026-06-15T14:35:00.000-04:00,"2026-6-15 14:35,2973.2,2972.8,2976.49,2979.31,-7,-1,-1,-1,-,-,RIDE_both"
2026-06-15T14:40:00.000-04:00,"2026-6-15 14:40,2971.7,2972.15,2976.12,2979.01,-7,-1,-1,-1,-,-,RIDE_both"
2026-06-15T14:45:00.000-04:00,"2026-6-15 14:45,2971.1,2971.49,2975.74,2978.7,-7,-1,-1,-1,-,-,RIDE_both"
2026-06-15T14:50:00.000-04:00,"2026-6-15 14:50,2970.8,2970.94,2975.36,2978.39,-7,-1,-1,-1,-,-,RIDE_both"
2026-06-15T14:55:00.000-04:00,"2026-6-15 14:55,2970.5,2970.46,2974.98,2978.08,-7,-1,-1,-1,-,-,RIDE_both"
2026-06-15T15:00:00.000-04:00,"2026-6-15 15:00,2968.2,2969.31,2974.46,2977.7,-7,-1,-1,-1,-,-,RIDE_both"
2026-06-15T15:05:00.000-04:00,"2026-6-15 15:05,2968.1,2968.47,2973.97,2977.32,-7,-1,-1,-1,-,-,RIDE_both"
2026-06-15T15:10:00.000-04:00,"2026-6-15 15:10,2969.5,2968.43,2973.63,2977.01,0,0,-1,-1,-,-,neutral"
2026-06-15T15:15:00.000-04:00,"2026-6-15 15:15,2969.7,2968.54,2973.33,2976.73,0,0,-1,-1,-,-,neutral"
2026-06-15T15:20:00.000-04:00,"2026-6-15 15:20,2968.4,2968.18,2972.95,2976.4,-7,-1,-1,-1,-,-,RIDE_both"
2026-06-15T15:25:00.000-04:00,"2026-6-15 15:25,2967.8,2967.74,2972.55,2976.06,-7,-1,-1,-1,-,-,RIDE_both"
2026-06-15T15:30:00.000-04:00,"2026-6-15 15:30,2969.6,2968.13,2972.32,2975.81,0,0,-1,-1,-,-,neutral"
2026-06-15T15:35:00.000-04:00,"2026-6-15 15:35,2970.5,2968.79,2972.18,2975.6,0,0,-1,-1,-,-,neutral"
2026-06-15T15:40:00.000-04:00,"2026-6-15 15:40,2970.4,2969.27,2972.05,2975.4,0,0,0,-1,-,-,neutral"
2026-06-15T15:45:00.000-04:00,"2026-6-15 15:45,2971.7,2970.13,2972.02,2975.25,3,1,0,-1,B,-,FIGHT"
2026-06-15T15:50:00.000-04:00,"2026-6-15 15:50,2966,2968.66,2971.56,2974.89,-7,-1,0,-1,S,-,tide_only"
2026-06-15T15:55:00.000-04:00,"2026-6-15 15:55,2970.4,2969.22,2971.47,2974.71,3,1,0,-1,B,-,FIGHT"
2026-06-15T16:00:00.000-04:00,"2026-6-15 16:00,2971.6,2970.09,2971.48,2974.59,3,1,0,-1,-,-,FIGHT"
2026-06-15T16:05:00.000-04:00,"2026-6-15 16:05,2970.9,2970.48,2971.43,2974.45,3,1,0,-1,-,-,FIGHT"
2026-06-15T16:10:00.000-04:00,"2026-6-15 16:10,2970.4,2970.58,2971.35,2974.29,0,0,0,-1,-,-,neutral"
2026-06-15T16:15:00.000-04:00,"2026-6-15 16:15,2970.5,2970.68,2971.29,2974.14,0,0,0,-1,-,-,neutral"
2026-06-15T16:20:00.000-04:00,"2026-6-15 16:20,2968.5,2970.01,2971.07,2973.92,-7,-1,0,-1,S,-,tide_only"
2026-06-15T16:25:00.000-04:00,"2026-6-15 16:25,2970.8,2970.37,2971.05,2973.8,3,1,0,-1,B,-,FIGHT"
2026-06-15T16:30:00.000-04:00,"2026-6-15 16:30,2972.1,2971.11,2971.13,2973.73,5,1,0,-1,-,-,FIGHT"
2026-06-15T16:35:00.000-04:00,"2026-6-15 16:35,2971.7,2971.49,2971.18,2973.65,5,1,0,-1,-,-,FIGHT"
2026-06-15T16:40:00.000-04:00,"2026-6-15 16:40,2969.6,2970.98,2971.06,2973.49,0,0,-1,-1,-,-,neutral"
2026-06-15T16:45:00.000-04:00,"2026-6-15 16:45,2973,2971.86,2971.21,2973.47,5,1,-1,-1,-,-,FIGHT"
2026-06-15T16:50:00.000-04:00,"2026-6-15 16:50,2972.4,2972.26,2971.3,2973.43,5,1,-1,-1,-,-,FIGHT"
2026-06-15T16:55:00.000-04:00,"2026-6-15 16:55,2969.8,2971.58,2971.18,2973.29,0,0,0,-1,-,-,neutral"
2026-06-15T18:00:00.000-04:00,"2026-6-15 18:00,2989.2,2978.24,2972.57,2973.91,5,1,0,-1,-,-,FIGHT"
2026-06-15T18:05:00.000-04:00,"2026-6-15 18:05,2990.4,2983.53,2973.94,2974.56,5,1,0,-1,-,-,FIGHT"
2026-06-15T18:10:00.000-04:00,"2026-6-15 18:10,2987.6,2986.26,2974.99,2975.07,5,1,1,-1,-,-,wave_only"
2026-06-15T18:15:00.000-04:00,"2026-6-15 18:15,2984.9,2987.12,2975.75,2975.45,5,0,1,-1,-,-,neutral"
2026-06-15T18:20:00.000-04:00,"2026-6-15 18:20,2985.6,2987.86,2976.51,2975.85,0,0,1,-1,-,-,neutral"
2026-06-15T18:25:00.000-04:00,"2026-6-15 18:25,2986.2,2988.47,2977.26,2976.26,0,0,1,-1,-,-,neutral"
2026-06-15T18:30:00.000-04:00,"2026-6-15 18:30,2987.1,2989.11,2978.01,2976.68,0,0,1,-1,-,-,neutral"
2026-06-15T18:35:00.000-04:00,"2026-6-15 18:35,2986.8,2989.33,2978.69,2977.08,0,0,1,-1,-,-,neutral"
2026-06-15T18:40:00.000-04:00,"2026-6-15 18:40,2987,2989.43,2979.33,2977.47,0,0,1,-1,-,-,neutral"
2026-06-15T18:45:00.000-04:00,"2026-6-15 18:45,2986,2989.02,2979.84,2977.8,0,0,1,-1,-,-,neutral"
2026-06-15T18:50:00.000-04:00,"2026-6-15 18:50,2985.8,2988.53,2980.3,2978.12,0,0,1,-1,-,-,neutral"
2026-06-15T18:55:00.000-04:00,"2026-6-15 18:55,2986.5,2988.34,2980.78,2978.45,0,0,1,0,-,-,neutral"
2026-06-15T19:00:00.000-04:00,"2026-6-15 19:00,2986,2987.94,2981.18,2978.74,0,0,1,0,-,-,neutral"
2026-06-15T19:05:00.000-04:00,"2026-6-15 19:05,2986.1,2987.61,2981.56,2979.03,0,0,1,0,-,-,neutral"
2026-06-15T19:10:00.000-04:00,"2026-6-15 19:10,2985.9,2987.24,2981.89,2979.3,0,0,1,0,-,-,neutral"
2026-06-15T19:15:00.000-04:00,"2026-6-15 19:15,2985.4,2986.73,2982.16,2979.54,0,0,1,0,-,-,neutral"
2026-06-15T19:20:00.000-04:00,"2026-6-15 19:20,2987.5,2987.11,2982.57,2979.85,0,0,1,0,-,-,neutral"
2026-06-15T19:25:00.000-04:00,"2026-6-15 19:25,2988.3,2987.64,2983.01,2980.18,7,1,1,0,-,-,wave_only"
2026-06-15T19:30:00.000-04:00,"2026-6-15 19:30,2986.6,2987.38,2983.29,2980.43,0,0,1,0,-,-,neutral"
2026-06-15T19:35:00.000-04:00,"2026-6-15 19:35,2987,2987.3,2983.57,2980.69,0,0,1,0,-,-,neutral"
2026-06-15T19:40:00.000-04:00,"2026-6-15 19:40,2987.4,2987.37,2983.87,2980.96,0,0,0,0,-,-,neutral"
2026-06-15T19:45:00.000-04:00,"2026-6-15 19:45,2987.2,2987.32,2984.12,2981.2,0,0,0,0,-,-,neutral"
2026-06-15T19:50:00.000-04:00,"2026-6-15 19:50,2988.9,2987.9,2984.49,2981.5,7,0,0,0,-,-,neutral"
2026-06-15T19:55:00.000-04:00,"2026-6-15 19:55,2988.1,2988.01,2984.77,2981.76,0,0,0,0,-,-,neutral"
2026-06-15T20:00:00.000-04:00,"2026-6-15 20:00,2986.6,2987.52,2984.91,2981.95,0,0,0,0,-,-,neutral"
2026-06-15T20:05:00.000-04:00,"2026-6-15 20:05,2989.1,2988.07,2985.23,2982.23,7,1,0,0,-,-,FIGHT"
2026-06-15T20:10:00.000-04:00,"2026-6-15 20:10,2987.7,2987.94,2985.42,2982.45,0,0,0,0,-,-,neutral"
2026-06-15T20:15:00.000-04:00,"2026-6-15 20:15,2988.2,2988.02,2985.64,2982.67,7,0,0,0,-,-,neutral"
2026-06-15T20:20:00.000-04:00,"2026-6-15 20:20,2986.8,2987.55,2985.73,2982.83,0,0,0,0,-,-,neutral"
2026-06-15T20:25:00.000-04:00,"2026-6-15 20:25,2988.7,2987.9,2985.95,2983.06,7,1,0,0,-,-,FIGHT"
2026-06-15T20:30:00.000-04:00,"2026-6-15 20:30,2989.1,2988.3,2986.2,2983.3,7,1,0,0,-,-,FIGHT"
2026-06-15T20:35:00.000-04:00,"2026-6-15 20:35,2987.9,2988.15,2986.33,2983.48,0,0,0,0,-,-,neutral"
2026-06-15T20:40:00.000-04:00,"2026-6-15 20:40,2987.1,2987.73,2986.39,2983.62,-3,-1,0,0,S,-,FIGHT"
2026-06-15T20:45:00.000-04:00,"2026-6-15 20:45,2986.4,2987.16,2986.39,2983.73,-3,-1,0,0,-,-,FIGHT"
2026-06-15T20:50:00.000-04:00,"2026-6-15 20:50,2985.3,2986.33,2986.3,2983.79,-5,-1,0,0,-,-,FIGHT"
2026-06-15T20:55:00.000-04:00,"2026-6-15 20:55,2986.1,2986.04,2986.29,2983.88,-5,-1,0,0,-,-,FIGHT"
2026-06-15T21:00:00.000-04:00,"2026-6-15 21:00,2987.3,2986.28,2986.37,2984.02,0,0,0,0,-,-,neutral"
2026-06-15T21:05:00.000-04:00,"2026-6-15 21:05,2985.5,2985.81,2986.3,2984.08,-5,-1,0,0,-,-,FIGHT"
2026-06-15T21:10:00.000-04:00,"2026-6-15 21:10,2986.5,2985.85,2986.32,2984.17,0,0,0,0,-,-,neutral"
2026-06-15T21:15:00.000-04:00,"2026-6-15 21:15,2986.7,2985.97,2986.34,2984.27,0,0,0,0,-,-,neutral"
2026-06-15T21:20:00.000-04:00,"2026-6-15 21:20,2987.9,2986.53,2986.46,2984.41,0,0,0,0,-,-,neutral"
2026-06-15T21:25:00.000-04:00,"2026-6-15 21:25,2988.1,2987.02,2986.59,2984.56,7,1,0,0,B,-,FIGHT"
2026-06-15T21:30:00.000-04:00,"2026-6-15 21:30,2988.6,2987.56,2986.74,2984.72,7,1,0,0,-,-,FIGHT"
2026-06-15T21:35:00.000-04:00,"2026-6-15 21:35,2989.8,2988.41,2986.98,2984.91,7,1,0,0,-,-,FIGHT"
2026-06-15T21:40:00.000-04:00,"2026-6-15 21:40,2989.5,2988.91,2987.17,2985.09,7,1,0,0,-,-,FIGHT"
2026-06-15T21:45:00.000-04:00,"2026-6-15 21:45,2990.9,2989.79,2987.46,2985.32,7,1,0,0,-,-,FIGHT"
2026-06-15T21:50:00.000-04:00,"2026-6-15 21:50,2989.8,2990,2987.64,2985.5,7,1,0,0,-,-,FIGHT"
2026-06-15T21:55:00.000-04:00,"2026-6-15 21:55,2990,2990.2,2987.82,2985.67,0,0,0,1,-,-,neutral"
2026-06-15T22:00:00.000-04:00,"2026-6-15 22:00,2989.5,2990.14,2987.95,2985.82,0,0,0,1,-,-,neutral"
2026-06-15T22:05:00.000-04:00,"2026-6-15 22:05,2989.9,2990.22,2988.1,2985.98,7,0,0,1,-,-,neutral"
2026-06-15T22:10:00.000-04:00,"2026-6-15 22:10,2989.9,2990.26,2988.24,2986.14,7,0,0,1,-,-,neutral"
2026-06-15T22:15:00.000-04:00,"2026-6-15 22:15,2990.8,2990.59,2988.44,2986.32,7,1,0,1,-,-,tide_only"
2026-06-15T22:20:00.000-04:00,"2026-6-15 22:20,2990.8,2990.82,2988.62,2986.5,7,1,0,1,-,-,tide_only"
2026-06-15T22:25:00.000-04:00,"2026-6-15 22:25,2990.6,2990.9,2988.77,2986.66,7,0,0,1,-,-,neutral"
2026-06-15T22:30:00.000-04:00,"2026-6-15 22:30,2992.4,2991.59,2989.05,2986.88,7,1,0,1,-,-,tide_only"
2026-06-15T22:35:00.000-04:00,"2026-6-15 22:35,2992.5,2992.12,2989.32,2987.1,7,1,0,1,-,-,tide_only"
2026-06-15T22:40:00.000-04:00,"2026-6-15 22:40,2992.5,2992.48,2989.56,2987.31,7,1,1,1,-,-,RIDE_both"
2026-06-15T22:45:00.000-04:00,"2026-6-15 22:45,2991.9,2992.49,2989.74,2987.49,0,0,1,1,-,-,neutral"
2026-06-15T22:50:00.000-04:00,"2026-6-15 22:50,2990.9,2992.1,2989.83,2987.63,0,0,1,1,-,-,neutral"
2026-06-15T22:55:00.000-04:00,"2026-6-15 22:55,2991.5,2992.01,2989.96,2987.78,0,0,0,1,-,-,neutral"
2026-06-15T23:00:00.000-04:00,"2026-6-15 23:00,2992.3,2992.22,2990.14,2987.96,7,1,0,1,-,-,tide_only"
2026-06-15T23:05:00.000-04:00,"2026-6-15 23:05,2992.5,2992.43,2990.32,2988.13,7,1,0,1,-,-,tide_only"
2026-06-15T23:10:00.000-04:00,"2026-6-15 23:10,2991.7,2992.27,2990.43,2988.27,0,0,0,1,-,-,neutral"
2026-06-15T23:15:00.000-04:00,"2026-6-15 23:15,2993,2992.62,2990.62,2988.46,7,1,0,1,-,-,tide_only"
2026-06-15T23:20:00.000-04:00,"2026-6-15 23:20,2994.2,2993.3,2990.9,2988.69,7,1,0,1,-,-,tide_only"
2026-06-15T23:25:00.000-04:00,"2026-6-15 23:25,2994.2,2993.78,2991.15,2988.9,7,1,1,1,-,-,RIDE_both"
2026-06-15T23:30:00.000-04:00,"2026-6-15 23:30,2995.2,2994.49,2991.46,2989.15,7,1,1,1,-,-,RIDE_both"
2026-06-15T23:35:00.000-04:00,"2026-6-15 23:35,2996.3,2995.38,2991.84,2989.43,7,1,1,1,-,-,RIDE_both"
2026-06-15T23:40:00.000-04:00,"2026-6-15 23:40,2996.7,2996.15,2992.21,2989.71,7,1,1,1,-,-,RIDE_both"
2026-06-15T23:45:00.000-04:00,"2026-6-15 23:45,2995.6,2996.27,2992.47,2989.94,7,0,1,1,-,-,neutral"
2026-06-15T23:50:00.000-04:00,"2026-6-15 23:50,2994.3,2995.83,2992.61,2990.12,0,0,1,1,-,-,neutral"
2026-06-15T23:55:00.000-04:00,"2026-6-15 23:55,2994.4,2995.51,2992.75,2990.28,0,0,0,1,-,-,neutral"
2026-06-16T00:00:00.000-04:00,"2026-6-16 0:00,2993.9,2995.06,2992.84,2990.43,0,0,0,1,-,-,neutral"
2026-06-16T00:05:00.000-04:00,"2026-6-16 0:05,2993.2,2994.45,2992.87,2990.53,0,0,0,1,-,-,neutral"
2026-06-16T00:10:00.000-04:00,"2026-6-16 0:10,2993.6,2994.14,2992.92,2990.65,0,0,0,1,-,-,neutral"
2026-06-16T00:15:00.000-04:00,"2026-6-16 0:15,2992.7,2993.57,2992.91,2990.73,-3,-1,0,1,S,-,FIGHT"
2026-06-16T00:20:00.000-04:00,"2026-6-16 0:20,2993.2,2993.34,2992.93,2990.83,-3,-1,0,1,-,-,FIGHT"
2026-06-16T00:25:00.000-04:00,"2026-6-16 0:25,2993,2993.1,2992.93,2990.92,-3,-1,0,1,-,-,FIGHT"
2026-06-16T00:30:00.000-04:00,"2026-6-16 0:30,2993,2992.93,2992.94,2991,-5,-1,0,1,-,-,FIGHT"
2026-06-16T00:35:00.000-04:00,"2026-6-16 0:35,2993.6,2993.04,2992.99,2991.1,0,0,0,1,-,-,neutral"
2026-06-16T00:40:00.000-04:00,"2026-6-16 0:40,2993.1,2992.94,2993,2991.18,-5,-1,0,1,-,-,FIGHT"
2026-06-16T00:45:00.000-04:00,"2026-6-16 0:45,2992.4,2992.62,2992.95,2991.23,-5,-1,0,1,-,-,FIGHT"
2026-06-16T00:50:00.000-04:00,"2026-6-16 0:50,2991.1,2991.92,2992.81,2991.22,-5,-1,0,1,-,-,FIGHT"
2026-06-16T00:55:00.000-04:00,"2026-6-16 0:55,2992.3,2991.86,2992.77,2991.26,-3,-1,0,1,-,-,FIGHT"
2026-06-16T01:00:00.000-04:00,"2026-6-16 1:00,2994.2,2992.54,2992.88,2991.38,0,0,0,1,-,-,neutral"
2026-06-16T01:05:00.000-04:00,"2026-6-16 1:05,2994.6,2993.2,2993.01,2991.51,7,0,0,1,-,-,neutral"
2026-06-16T01:10:00.000-04:00,"2026-6-16 1:10,2995.7,2994.1,2993.22,2991.67,7,1,1,1,B,BUY,RIDE_both"
2026-06-16T01:15:00.000-04:00,"2026-6-16 1:15,2996.2,2994.94,2993.45,2991.85,7,1,1,1,-,-,RIDE_both"
2026-06-16T01:20:00.000-04:00,"2026-6-16 1:20,2995,2995.1,2993.57,2991.97,7,1,1,1,-,-,RIDE_both"
2026-06-16T01:25:00.000-04:00,"2026-6-16 1:25,2994.2,2994.91,2993.62,2992.06,0,0,0,1,-,-,neutral"
2026-06-16T01:30:00.000-04:00,"2026-6-16 1:30,2991.7,2993.83,2993.47,2992.04,-3,-1,0,1,S,-,FIGHT"
2026-06-16T01:35:00.000-04:00,"2026-6-16 1:35,2992.5,2993.32,2993.39,2992.06,-5,-1,0,1,-,-,FIGHT"
2026-06-16T01:40:00.000-04:00,"2026-6-16 1:40,2992,2992.76,2993.29,2992.06,-5,-1,0,1,-,-,FIGHT"
2026-06-16T01:45:00.000-04:00,"2026-6-16 1:45,2992.5,2992.55,2993.23,2992.08,-5,-1,0,1,-,-,FIGHT"
2026-06-16T01:50:00.000-04:00,"2026-6-16 1:50,2992.3,2992.33,2993.16,2992.09,-5,-1,0,1,-,-,FIGHT"
2026-06-16T01:55:00.000-04:00,"2026-6-16 1:55,2991.5,2991.89,2993.03,2992.06,-5,-1,0,1,-,-,FIGHT"
2026-06-16T02:00:00.000-04:00,"2026-6-16 2:00,2993.4,2992.28,2993.06,2992.12,0,0,0,1,-,-,neutral"
2026-06-16T02:05:00.000-04:00,"2026-6-16 2:05,2993.9,2992.77,2993.12,2992.19,0,0,0,1,-,-,neutral"
2026-06-16T02:10:00.000-04:00,"2026-6-16 2:10,2994.6,2993.4,2993.24,2992.28,7,0,1,1,-,-,neutral"
2026-06-16T02:15:00.000-04:00,"2026-6-16 2:15,2993.2,2993.34,2993.23,2992.32,-5,0,1,1,-,-,neutral"
2026-06-16T02:20:00.000-04:00,"2026-6-16 2:20,2993.1,2993.27,2993.22,2992.35,-5,0,1,1,-,-,neutral"
2026-06-16T02:25:00.000-04:00,"2026-6-16 2:25,2994.5,2993.73,2993.32,2992.43,7,1,1,1,B,BUY,RIDE_both"
2026-06-16T02:30:00.000-04:00,"2026-6-16 2:30,2994.6,2994.1,2993.42,2992.52,7,1,1,1,-,-,RIDE_both"
2026-06-16T02:35:00.000-04:00,"2026-6-16 2:35,2995,2994.51,2993.54,2992.61,7,1,1,1,-,-,RIDE_both"
2026-06-16T02:40:00.000-04:00,"2026-6-16 2:40,2994.2,2994.51,2993.59,2992.68,0,0,0,1,-,-,neutral"
2026-06-16T02:45:00.000-04:00,"2026-6-16 2:45,2993.9,2994.39,2993.62,2992.72,0,0,0,1,-,-,neutral"
2026-06-16T02:50:00.000-04:00,"2026-6-16 2:50,2995.2,2994.76,2993.74,2992.82,7,1,0,1,-,-,tide_only"
2026-06-16T02:55:00.000-04:00,"2026-6-16 2:55,2994.9,2994.92,2993.83,2992.9,3,1,1,1,-,-,RIDE_both"
2026-06-16T03:00:00.000-04:00,"2026-6-16 3:00,2994.4,2994.84,2993.87,2992.96,0,0,1,1,-,-,neutral"
2026-06-16T03:05:00.000-04:00,"2026-6-16 3:05,2995.7,2995.25,2994.01,2993.07,7,1,1,1,-,-,RIDE_both"
2026-06-16T03:10:00.000-04:00,"2026-6-16 3:10,2995.2,2995.35,2994.1,2993.15,3,1,1,1,-,-,RIDE_both"
2026-06-16T03:15:00.000-04:00,"2026-6-16 3:15,2995.5,2995.52,2994.21,2993.24,3,1,1,1,-,-,RIDE_both"
2026-06-16T03:20:00.000-04:00,"2026-6-16 3:20,2995,2995.44,2994.27,2993.31,0,0,1,1,-,-,neutral"
2026-06-16T03:25:00.000-04:00,"2026-6-16 3:25,2997.1,2996.15,2994.49,2993.46,7,1,1,1,-,-,RIDE_both"
2026-06-16T03:30:00.000-04:00,"2026-6-16 3:30,2996.9,2996.58,2994.67,2993.6,7,1,1,1,-,-,RIDE_both"
2026-06-16T03:35:00.000-04:00,"2026-6-16 3:35,2997.7,2997.17,2994.91,2993.76,7,1,1,1,-,-,RIDE_both"
2026-06-16T03:40:00.000-04:00,"2026-6-16 3:40,2994.1,2996.25,2994.84,2993.77,0,0,0,1,-,-,neutral"
2026-06-16T03:45:00.000-04:00,"2026-6-16 3:45,2994.6,2995.74,2994.83,2993.8,0,0,0,1,-,-,neutral"
2026-06-16T03:50:00.000-04:00,"2026-6-16 3:50,2996,2995.87,2994.92,2993.89,7,1,0,1,-,-,tide_only"
2026-06-16T03:55:00.000-04:00,"2026-6-16 3:55,2997,2996.33,2995.08,2994.01,7,1,1,1,-,-,RIDE_both"
2026-06-16T04:00:00.000-04:00,"2026-6-16 4:00,2996.8,2996.58,2995.21,2994.12,7,1,1,1,-,-,RIDE_both"
2026-06-16T04:05:00.000-04:00,"2026-6-16 4:05,2998,2997.2,2995.42,2994.27,7,1,1,1,-,-,RIDE_both"
2026-06-16T04:10:00.000-04:00,"2026-6-16 4:10,2995.9,2996.86,2995.46,2994.34,0,0,0,1,-,-,neutral"
2026-06-16T04:15:00.000-04:00,"2026-6-16 4:15,2995.5,2996.44,2995.46,2994.38,0,0,0,1,-,-,neutral"
2026-06-16T04:20:00.000-04:00,"2026-6-16 4:20,2995.3,2996.05,2995.45,2994.42,0,0,0,1,-,-,neutral"
2026-06-16T04:25:00.000-04:00,"2026-6-16 4:25,2995.8,2995.95,2995.48,2994.47,-3,0,0,1,-,-,neutral"
2026-06-16T04:30:00.000-04:00,"2026-6-16 4:30,2994.3,2995.31,2995.39,2994.47,-5,-1,0,1,S,-,FIGHT"
2026-06-16T04:35:00.000-04:00,"2026-6-16 4:35,2993.4,2994.52,2995.23,2994.42,-5,-1,0,1,-,-,FIGHT"
2026-06-16T04:40:00.000-04:00,"2026-6-16 4:40,2994.4,2994.31,2995.17,2994.42,-5,-1,0,1,-,-,FIGHT"
2026-06-16T04:45:00.000-04:00,"2026-6-16 4:45,2993.7,2993.92,2995.06,2994.39,-5,-1,0,1,-,-,FIGHT"
2026-06-16T04:50:00.000-04:00,"2026-6-16 4:50,2996.1,2994.54,2995.14,2994.46,0,0,0,1,-,-,neutral"
2026-06-16T04:55:00.000-04:00,"2026-6-16 4:55,2995.2,2994.67,2995.14,2994.49,0,0,0,1,-,-,neutral"
2026-06-16T05:00:00.000-04:00,"2026-6-16 5:00,2995.3,2994.82,2995.15,2994.52,0,0,0,1,-,-,neutral"
2026-06-16T05:05:00.000-04:00,"2026-6-16 5:05,2995.2,2994.9,2995.16,2994.55,0,0,0,1,-,-,neutral"
2026-06-16T05:10:00.000-04:00,"2026-6-16 5:10,2994.1,2994.56,2995.08,2994.53,-5,-1,-1,1,-,-,wave_only"
2026-06-16T05:15:00.000-04:00,"2026-6-16 5:15,2992,2993.53,2994.84,2994.43,-5,-1,-1,1,-,-,wave_only"
2026-06-16T05:20:00.000-04:00,"2026-6-16 5:20,2993.4,2993.31,2994.73,2994.39,-5,-1,-1,1,-,-,wave_only"
2026-06-16T05:25:00.000-04:00,"2026-6-16 5:25,2993.6,2993.25,2994.64,2994.36,-3,-1,-1,1,-,-,wave_only"
2026-06-16T05:30:00.000-04:00,"2026-6-16 5:30,2993.7,2993.25,2994.57,2994.33,0,0,-1,1,-,-,neutral"
2026-06-16T05:35:00.000-04:00,"2026-6-16 5:35,2992.3,2992.76,2994.4,2994.25,-5,-1,-1,1,-,-,wave_only"
2026-06-16T05:40:00.000-04:00,"2026-6-16 5:40,2990.5,2991.75,2994.1,2994.11,-7,-1,-1,1,-,-,wave_only"
2026-06-16T05:45:00.000-04:00,"2026-6-16 5:45,2990.5,2991.03,2993.82,2993.97,-5,-1,-1,1,-,-,wave_only"
2026-06-16T05:50:00.000-04:00,"2026-6-16 5:50,2991.5,2990.91,2993.64,2993.87,-5,0,-1,1,-,-,neutral"
2026-06-16T05:55:00.000-04:00,"2026-6-16 5:55,2990.4,2990.45,2993.39,2993.73,-3,-1,-1,0,-,-,wave_only"
2026-06-16T06:00:00.000-04:00,"2026-6-16 6:00,2991,2990.36,2993.21,2993.63,0,0,-1,0,-,-,neutral"
2026-06-16T06:05:00.000-04:00,"2026-6-16 6:05,2992.1,2990.75,2993.12,2993.57,0,0,-1,0,-,-,neutral"
2026-06-16T06:10:00.000-04:00,"2026-6-16 6:10,2992.7,2991.28,2993.09,2993.53,0,0,0,0,-,-,neutral"
2026-06-16T06:15:00.000-04:00,"2026-6-16 6:15,2992,2991.43,2993.01,2993.47,0,0,0,0,-,-,neutral"
2026-06-16T06:20:00.000-04:00,"2026-6-16 6:20,2992.1,2991.6,2992.94,2993.42,0,0,0,0,-,-,neutral"
2026-06-16T06:25:00.000-04:00,"2026-6-16 6:25,2992.6,2991.92,2992.91,2993.39,0,0,0,0,-,-,neutral"
2026-06-16T06:30:00.000-04:00,"2026-6-16 6:30,2993,2992.31,2992.92,2993.37,0,0,0,0,-,-,neutral"
2026-06-16T06:35:00.000-04:00,"2026-6-16 6:35,2993,2992.6,2992.92,2993.36,0,0,0,0,-,-,neutral"
2026-06-16T06:40:00.000-04:00,"2026-6-16 6:40,2992.8,2992.74,2992.91,2993.33,3,1,0,0,B,-,FIGHT"
2026-06-16T06:45:00.000-04:00,"2026-6-16 6:45,2992.6,2992.76,2992.89,2993.31,0,0,0,0,-,-,neutral"
2026-06-16T06:50:00.000-04:00,"2026-6-16 6:50,2992.3,2992.67,2992.84,2993.27,-7,-1,0,0,S,-,FIGHT"
2026-06-16T06:55:00.000-04:00,"2026-6-16 6:55,2994.3,2993.33,2992.96,2993.31,5,1,0,0,B,-,FIGHT"
2026-06-16T07:00:00.000-04:00,"2026-6-16 7:00,2993.6,2993.55,2993.01,2993.32,5,1,0,0,-,-,FIGHT"
2026-06-16T07:05:00.000-04:00,"2026-6-16 7:05,2992.6,2993.33,2992.97,2993.29,0,0,0,0,-,-,neutral"
2026-06-16T07:10:00.000-04:00,"2026-6-16 7:10,2993.4,2993.46,2993.01,2993.29,3,1,0,0,-,-,FIGHT"
2026-06-16T07:15:00.000-04:00,"2026-6-16 7:15,2994.2,2993.84,2993.1,2993.33,5,1,0,0,-,-,FIGHT"
2026-06-16T07:20:00.000-04:00,"2026-6-16 7:20,2993.7,2993.92,2993.15,2993.34,7,0,0,0,-,-,neutral"
2026-06-16T07:25:00.000-04:00,"2026-6-16 7:25,2994.5,2994.26,2993.25,2993.39,5,1,1,0,-,-,wave_only"
2026-06-16T07:30:00.000-04:00,"2026-6-16 7:30,2994.4,2994.46,2993.34,2993.43,7,1,1,0,-,-,wave_only"
2026-06-16T07:35:00.000-04:00,"2026-6-16 7:35,2994.8,2994.74,2993.45,2993.48,7,1,1,0,-,-,wave_only"
2026-06-16T07:40:00.000-04:00,"2026-6-16 7:40,2995.6,2995.22,2993.62,2993.57,7,1,1,0,-,-,wave_only"
2026-06-16T07:45:00.000-04:00,"2026-6-16 7:45,2995.9,2995.67,2993.79,2993.66,7,1,1,0,-,-,wave_only"
2026-06-16T07:50:00.000-04:00,"2026-6-16 7:50,2994.8,2995.56,2993.87,2993.7,0,0,1,0,-,-,neutral"
2026-06-16T07:55:00.000-04:00,"2026-6-16 7:55,2995.8,2995.83,2994.02,2993.78,3,1,1,1,-,-,RIDE_both"
2026-06-16T08:00:00.000-04:00,"2026-6-16 8:00,2996.4,2996.23,2994.2,2993.89,5,1,1,1,-,-,RIDE_both"
2026-06-16T08:05:00.000-04:00,"2026-6-16 8:05,2997.7,2996.98,2994.47,2994.04,7,1,1,1,-,-,RIDE_both"
2026-06-16T08:10:00.000-04:00,"2026-6-16 8:10,2998.7,2997.87,2994.8,2994.22,7,1,1,1,-,-,RIDE_both"
2026-06-16T08:15:00.000-04:00,"2026-6-16 8:15,2997.4,2998.01,2995,2994.34,0,0,1,1,-,-,neutral"
2026-06-16T08:20:00.000-04:00,"2026-6-16 8:20,2994.5,2997,2994.96,2994.35,0,0,1,1,-,-,neutral"
2026-06-16T08:25:00.000-04:00,"2026-6-16 8:25,2994.2,2996.12,2994.9,2994.34,0,0,0,1,-,-,neutral"
2026-06-16T08:30:00.000-04:00,"2026-6-16 8:30,2995.1,2995.79,2994.91,2994.37,0,0,0,1,-,-,neutral"
2026-06-16T08:35:00.000-04:00,"2026-6-16 8:35,2994.2,2995.2,2994.86,2994.37,-3,0,0,1,-,-,neutral"
2026-06-16T08:40:00.000-04:00,"2026-6-16 8:40,2993.4,2994.48,2994.75,2994.33,-5,-1,0,1,S,-,FIGHT"
2026-06-16T08:45:00.000-04:00,"2026-6-16 8:45,2993.4,2993.95,2994.64,2994.29,-5,-1,0,1,-,-,FIGHT"
2026-06-16T08:50:00.000-04:00,"2026-6-16 8:50,2994.3,2993.91,2994.62,2994.29,0,0,0,1,-,-,neutral"
2026-06-16T08:55:00.000-04:00,"2026-6-16 8:55,2994.3,2993.89,2994.59,2994.29,0,0,0,0,-,-,neutral"
2026-06-16T09:00:00.000-04:00,"2026-6-16 9:00,2995,2994.15,2994.62,2994.32,0,0,0,0,-,-,neutral"
2026-06-16T09:05:00.000-04:00,"2026-6-16 9:05,2992.7,2993.51,2994.48,2994.26,-5,-1,0,0,-,-,FIGHT"
2026-06-16T09:10:00.000-04:00,"2026-6-16 9:10,2993.3,2993.27,2994.39,2994.22,-5,-1,-1,0,-,-,wave_only"
2026-06-16T09:15:00.000-04:00,"2026-6-16 9:15,2994.1,2993.41,2994.36,2994.22,0,0,-1,0,-,-,neutral"
2026-06-16T09:20:00.000-04:00,"2026-6-16 9:20,2995.5,2994.04,2994.45,2994.27,0,0,-1,0,-,-,neutral"
2026-06-16T09:25:00.000-04:00,"2026-6-16 9:25,2999.1,2995.85,2994.81,2994.46,7,1,1,0,B,-,wave_only"
2026-06-16T09:30:00.000-04:00,"2026-6-16 9:30,3008.5,3000.66,2995.86,2995.01,7,1,1,0,-,-,wave_only"
2026-06-16T09:35:00.000-04:00,"2026-6-16 9:35,3007.8,3003.89,2996.78,2995.51,7,1,1,0,-,-,wave_only"
2026-06-16T09:40:00.000-04:00,"2026-6-16 9:40,3003.5,3004.59,2997.3,2995.82,3,1,1,0,-,-,wave_only"
2026-06-16T09:45:00.000-04:00,"2026-6-16 9:45,3004.8,3005.49,2997.87,2996.17,7,0,1,0,-,-,neutral"
2026-06-16T09:50:00.000-04:00,"2026-6-16 9:50,3007.5,3007.05,2998.61,2996.62,7,1,1,0,-,-,wave_only"
2026-06-16T09:55:00.000-04:00,"2026-6-16 9:55,3004.6,3007.03,2999.08,2996.93,0,0,1,1,-,-,neutral"
2026-06-16T10:00:00.000-04:00,"2026-6-16 10:00,3006.8,3007.72,2999.67,2997.32,0,0,1,1,-,-,neutral"
2026-06-16T10:05:00.000-04:00,"2026-6-16 10:05,3005.5,3007.65,3000.12,2997.64,0,0,1,1,-,-,neutral"
2026-06-16T10:10:00.000-04:00,"2026-6-16 10:10,3004.3,3007.06,3000.44,2997.9,0,0,1,1,-,-,neutral"
2026-06-16T10:15:00.000-04:00,"2026-6-16 10:15,2994.2,3002.81,2999.96,2997.75,0,0,1,1,-,-,neutral"
2026-06-16T10:20:00.000-04:00,"2026-6-16 10:20,2991,2998.46,2999.27,2997.49,-5,-1,1,1,S,-,FIGHT"
2026-06-16T10:25:00.000-04:00,"2026-6-16 10:25,2982.6,2992.16,2997.99,2996.91,-5,-1,0,1,-,-,FIGHT"
2026-06-16T10:30:00.000-04:00,"2026-6-16 10:30,2980.9,2986.98,2996.67,2996.28,-5,-1,0,1,-,-,FIGHT"
2026-06-16T10:35:00.000-04:00,"2026-6-16 10:35,2987.2,2985.63,2995.94,2995.92,-3,-1,0,1,-,-,FIGHT"
2026-06-16T10:40:00.000-04:00,"2026-6-16 10:40,2985.7,2984.23,2995.16,2995.52,-3,-1,-1,1,-,-,wave_only"
2026-06-16T10:45:00.000-04:00,"2026-6-16 10:45,2980.7,2981.51,2994.04,2994.94,-5,-1,-1,1,-,-,wave_only"
2026-06-16T10:50:00.000-04:00,"2026-6-16 10:50,2976.8,2978.24,2992.72,2994.23,-5,-1,-1,1,-,-,wave_only"
2026-06-16T10:55:00.000-04:00,"2026-6-16 10:55,2975.7,2975.61,2991.41,2993.5,-5,0,-1,-1,-,-,neutral"
2026-06-16T11:00:00.000-04:00,"2026-6-16 11:00,2979.5,2975.29,2990.49,2992.95,0,0,-1,-1,-,-,neutral"
2026-06-16T11:05:00.000-04:00,"2026-6-16 11:05,2980.5,2975.63,2989.72,2992.46,0,0,-1,-1,-,-,neutral"
2026-06-16T11:10:00.000-04:00,"2026-6-16 11:10,2982.9,2976.95,2989.2,2992.09,0,0,-1,-1,-,-,neutral"
2026-06-16T11:15:00.000-04:00,"2026-6-16 11:15,2980.9,2977.34,2988.56,2991.65,0,0,-1,-1,-,-,neutral"
2026-06-16T11:20:00.000-04:00,"2026-6-16 11:20,2977.8,2976.61,2987.73,2991.11,-3,-1,-1,-1,-,-,RIDE_both"
2026-06-16T11:25:00.000-04:00,"2026-6-16 11:25,2976.9,2975.86,2986.9,2990.55,-3,-1,-1,-1,-,-,RIDE_both"
2026-06-16T11:30:00.000-04:00,"2026-6-16 11:30,2982.2,2977.39,2986.54,2990.22,0,0,-1,-1,-,-,neutral"
2026-06-16T11:35:00.000-04:00,"2026-6-16 11:35,2976,2976.33,2985.73,2989.67,-3,-1,-1,-1,-,-,RIDE_both"
2026-06-16T11:40:00.000-04:00,"2026-6-16 11:40,2975.7,2975.52,2984.96,2989.12,-7,-1,-1,-1,-,-,RIDE_both"
2026-06-16T11:45:00.000-04:00,"2026-6-16 11:45,2972.6,2973.87,2984.01,2988.47,-7,-1,-1,-1,-,-,RIDE_both"
2026-06-16T11:50:00.000-04:00,"2026-6-16 11:50,2980.5,2975.69,2983.74,2988.16,0,0,-1,-1,-,-,neutral"
2026-06-16T11:55:00.000-04:00,"2026-6-16 11:55,2977.9,2976.14,2983.29,2987.76,0,0,0,-1,-,-,neutral"
2026-06-16T12:00:00.000-04:00,"2026-6-16 12:00,2981.8,2977.97,2983.17,2987.52,0,0,0,-1,-,-,neutral"
2026-06-16T12:05:00.000-04:00,"2026-6-16 12:05,2982.4,2979.59,2983.11,2987.32,0,0,0,-1,-,-,neutral"
2026-06-16T12:10:00.000-04:00,"2026-6-16 12:10,2982.8,2980.94,2983.09,2987.14,3,1,0,-1,B,-,FIGHT"
2026-06-16T12:15:00.000-04:00,"2026-6-16 12:15,2983,2982.01,2983.08,2986.98,3,1,0,-1,-,-,FIGHT"
2026-06-16T12:20:00.000-04:00,"2026-6-16 12:20,2982.3,2982.52,2983.02,2986.8,5,1,0,-1,-,-,FIGHT"
2026-06-16T12:25:00.000-04:00,"2026-6-16 12:25,2982.3,2982.86,2982.97,2986.62,5,1,0,-1,-,-,FIGHT"
2026-06-16T12:30:00.000-04:00,"2026-6-16 12:30,2977.6,2981.35,2982.55,2986.27,-7,-1,0,-1,S,-,tide_only"
2026-06-16T12:35:00.000-04:00,"2026-6-16 12:35,2977.6,2980.21,2982.17,2985.93,-7,-1,0,-1,-,-,tide_only"
2026-06-16T12:40:00.000-04:00,"2026-6-16 12:40,2979,2979.89,2981.93,2985.66,-7,-1,0,-1,-,-,tide_only"
2026-06-16T12:45:00.000-04:00,"2026-6-16 12:45,2978.6,2979.51,2981.67,2985.38,-7,-1,0,-1,-,-,tide_only"
2026-06-16T12:50:00.000-04:00,"2026-6-16 12:50,2980,2979.75,2981.54,2985.17,0,0,0,-1,-,-,neutral"
2026-06-16T12:55:00.000-04:00,"2026-6-16 12:55,2982.5,2980.85,2981.62,2985.06,3,1,0,-1,B,-,FIGHT"
2026-06-16T13:00:00.000-04:00,"2026-6-16 13:00,2980.9,2981.07,2981.56,2984.9,0,0,0,-1,-,-,neutral"
2026-06-16T13:05:00.000-04:00,"2026-6-16 13:05,2979.5,2980.7,2981.4,2984.69,-3,-1,0,-1,S,-,tide_only"
2026-06-16T13:10:00.000-04:00,"2026-6-16 13:10,2981.6,2981.19,2981.42,2984.57,5,1,0,-1,B,-,FIGHT"
2026-06-16T13:15:00.000-04:00,"2026-6-16 13:15,2979.1,2980.61,2981.24,2984.35,-7,-1,0,-1,S,-,tide_only"
2026-06-16T13:20:00.000-04:00,"2026-6-16 13:20,2979.4,2980.29,2981.1,2984.16,-3,-1,0,-1,-,-,tide_only"
2026-06-16T13:25:00.000-04:00,"2026-6-16 13:25,2979,2979.9,2980.94,2983.96,-7,-1,-1,-1,-,-,RIDE_both"
2026-06-16T13:30:00.000-04:00,"2026-6-16 13:30,2978.5,2979.42,2980.75,2983.74,-7,-1,-1,-1,-,-,RIDE_both"
2026-06-16T13:35:00.000-04:00,"2026-6-16 13:35,2975.3,2977.89,2980.33,2983.41,-7,-1,-1,-1,-,-,RIDE_both"
2026-06-16T13:40:00.000-04:00,"2026-6-16 13:40,2978.9,2978.12,2980.22,2983.23,0,0,-1,-1,-,-,neutral"
2026-06-16T13:45:00.000-04:00,"2026-6-16 13:45,2980.5,2978.89,2980.24,2983.13,3,1,-1,-1,B,-,FIGHT"
2026-06-16T13:50:00.000-04:00,"2026-6-16 13:50,2983.2,2980.47,2980.47,2983.13,5,1,-1,-1,-,-,FIGHT"
2026-06-16T13:55:00.000-04:00,"2026-6-16 13:55,2980.9,2980.78,2980.5,2983.04,5,0,0,-1,-,-,neutral"
2026-06-16T14:00:00.000-04:00,"2026-6-16 14:00,2982.8,2981.69,2980.68,2983.03,5,1,0,-1,-,-,FIGHT"
2026-06-16T14:05:00.000-04:00,"2026-6-16 14:05,2980.7,2981.57,2980.68,2982.94,0,0,0,-1,-,-,neutral"
2026-06-16T14:10:00.000-04:00,"2026-6-16 14:10,2979.5,2981.01,2980.59,2982.81,0,0,0,-1,-,-,neutral"
2026-06-16T14:15:00.000-04:00,"2026-6-16 14:15,2979.4,2980.55,2980.5,2982.67,0,0,0,-1,-,-,neutral"
2026-06-16T14:20:00.000-04:00,"2026-6-16 14:20,2980.1,2980.46,2980.47,2982.57,0,0,0,-1,-,-,neutral"
2026-06-16T14:25:00.000-04:00,"2026-6-16 14:25,2979.6,2980.2,2980.4,2982.46,-3,-1,0,-1,S,-,tide_only"
2026-06-16T14:30:00.000-04:00,"2026-6-16 14:30,2977.5,2979.23,2980.18,2982.26,-7,-1,0,-1,-,-,tide_only"
2026-06-16T14:35:00.000-04:00,"2026-6-16 14:35,2977.8,2978.63,2980,2982.09,-7,-1,0,-1,-,-,tide_only"
2026-06-16T14:40:00.000-04:00,"2026-6-16 14:40,2977.4,2978.05,2979.8,2981.9,-7,-1,-1,-1,-,-,RIDE_both"
2026-06-16T14:45:00.000-04:00,"2026-6-16 14:45,2976.5,2977.31,2979.54,2981.69,-7,-1,-1,-1,-,-,RIDE_both"
2026-06-16T14:50:00.000-04:00,"2026-6-16 14:50,2976.6,2976.83,2979.32,2981.49,-7,-1,-1,-1,-,-,RIDE_both"
2026-06-16T14:55:00.000-04:00,"2026-6-16 14:55,2975.7,2976.17,2979.04,2981.26,-7,-1,-1,-1,-,-,RIDE_both"
2026-06-16T15:00:00.000-04:00,"2026-6-16 15:00,2975.3,2975.57,2978.75,2981.03,-7,-1,-1,-1,-,-,RIDE_both"
2026-06-16T15:05:00.000-04:00,"2026-6-16 15:05,2972.9,2974.27,2978.3,2980.71,-7,-1,-1,-1,-,-,RIDE_both"
2026-06-16T15:10:00.000-04:00,"2026-6-16 15:10,2970.7,2972.55,2977.72,2980.32,-7,-1,-1,-1,-,-,RIDE_both"
2026-06-16T15:15:00.000-04:00,"2026-6-16 15:15,2970.2,2971.16,2977.14,2979.92,-7,-1,-1,-1,-,-,RIDE_both"
2026-06-16T15:20:00.000-04:00,"2026-6-16 15:20,2972.6,2971.09,2976.79,2979.63,-7,0,-1,-1,-,-,neutral"
2026-06-16T15:25:00.000-04:00,"2026-6-16 15:25,2972.4,2971.04,2976.45,2979.35,-7,0,-1,-1,-,-,neutral"
2026-06-16T15:30:00.000-04:00,"2026-6-16 15:30,2970.8,2970.47,2976.02,2979.02,-7,-1,-1,-1,-,-,RIDE_both"
2026-06-16T15:35:00.000-04:00,"2026-6-16 15:35,2968,2969.08,2975.4,2978.58,-7,-1,-1,-1,-,-,RIDE_both"
2026-06-16T15:40:00.000-04:00,"2026-6-16 15:40,2970.2,2968.94,2975,2978.25,-7,-1,-1,-1,-,-,RIDE_both"
2026-06-16T15:45:00.000-04:00,"2026-6-16 15:45,2967.7,2967.99,2974.44,2977.84,-7,-1,-1,-1,-,-,RIDE_both"
2026-06-16T15:50:00.000-04:00,"2026-6-16 15:50,2964.3,2966.09,2973.66,2977.31,-7,-1,-1,-1,-,-,RIDE_both"
2026-06-16T15:55:00.000-04:00,"2026-6-16 15:55,2965.7,2965.3,2973.05,2976.85,-3,-1,-1,-1,-,-,RIDE_both"
2026-06-16T16:00:00.000-04:00,"2026-6-16 16:00,2961.7,2963.32,2972.17,2976.26,-7,-1,-1,-1,-,-,RIDE_both"
2026-06-16T16:05:00.000-04:00,"2026-6-16 16:05,2961.3,2961.81,2971.34,2975.67,-7,-1,-1,-1,-,-,RIDE_both"
2026-06-16T16:10:00.000-04:00,"2026-6-16 16:10,2961.2,2960.77,2970.56,2975.11,-7,-1,-1,-1,-,-,RIDE_both"
2026-06-16T16:15:00.000-04:00,"2026-6-16 16:15,2960.9,2960,2969.81,2974.55,-7,0,-1,-1,-,-,neutral"
2026-06-16T16:20:00.000-04:00,"2026-6-16 16:20,2962,2959.96,2969.21,2974.06,0,0,-1,-1,-,-,neutral"
2026-06-16T16:25:00.000-04:00,"2026-6-16 16:25,2962.8,2960.32,2968.72,2973.62,0,0,-1,-1,-,-,neutral"
2026-06-16T16:30:00.000-04:00,"2026-6-16 16:30,2961.8,2960.31,2968.19,2973.15,0,0,-1,-1,-,-,neutral"
2026-06-16T16:35:00.000-04:00,"2026-6-16 16:35,2962.1,2960.49,2967.72,2972.72,0,0,-1,-1,-,-,neutral"
2026-06-16T16:40:00.000-04:00,"2026-6-16 16:40,2962.9,2960.99,2967.35,2972.33,0,0,-1,-1,-,-,neutral"
2026-06-16T16:45:00.000-04:00,"2026-6-16 16:45,2963,2961.45,2967.01,2971.97,0,0,-1,-1,-,-,neutral"
2026-06-16T16:50:00.000-04:00,"2026-6-16 16:50,2961.9,2961.43,2966.62,2971.57,-7,0,-1,-1,-,-,neutral"
2026-06-16T16:55:00.000-04:00,"2026-6-16 16:55,2962.6,2961.72,2966.31,2971.22,0,0,-1,-1,-,-,neutral"
2026-06-16T18:00:00.000-04:00,"2026-6-16 18:00,2964.7,2962.74,2966.19,2970.97,3,1,-1,-1,B,-,FIGHT"
2026-06-16T18:05:00.000-04:00,"2026-6-16 18:05,2965.8,2963.92,2966.16,2970.76,3,1,-1,-1,-,-,FIGHT"
2026-06-16T18:10:00.000-04:00,"2026-6-16 18:10,2965.8,2964.79,2966.13,2970.57,3,1,0,-1,-,-,FIGHT"
2026-06-16T18:15:00.000-04:00,"2026-6-16 18:15,2966.3,2965.61,2966.14,2970.4,5,1,0,-1,-,-,FIGHT"
2026-06-16T18:20:00.000-04:00,"2026-6-16 18:20,2967.5,2966.64,2966.25,2970.29,5,1,0,-1,-,-,FIGHT"
2026-06-16T18:25:00.000-04:00,"2026-6-16 18:25,2966.8,2967.11,2966.29,2970.15,5,1,0,-1,-,-,FIGHT"
2026-06-16T18:30:00.000-04:00,"2026-6-16 18:30,2967.8,2967.79,2966.41,2970.06,5,1,0,-1,-,-,FIGHT"
2026-06-16T18:35:00.000-04:00,"2026-6-16 18:35,2967.8,2968.25,2966.51,2969.97,5,1,0,-1,-,-,FIGHT"
2026-06-16T18:40:00.000-04:00,"2026-6-16 18:40,2967.4,2968.4,2966.58,2969.87,0,0,0,-1,-,-,neutral"
2026-06-16T18:45:00.000-04:00,"2026-6-16 18:45,2967.3,2968.43,2966.64,2969.77,0,0,0,-1,-,-,neutral"
2026-06-16T18:50:00.000-04:00,"2026-6-16 18:50,2968.5,2968.85,2966.78,2969.72,5,1,0,-1,-,-,FIGHT"
2026-06-16T18:55:00.000-04:00,"2026-6-16 18:55,2968.7,2969.2,2966.93,2969.68,5,1,0,-1,-,-,FIGHT"
2026-06-16T19:00:00.000-04:00,"2026-6-16 19:00,2967,2968.78,2966.93,2969.57,0,0,0,-1,-,-,neutral"
2026-06-16T19:05:00.000-04:00,"2026-6-16 19:05,2967.9,2968.77,2967.01,2969.51,0,0,0,-1,-,-,neutral"
2026-06-16T19:10:00.000-04:00,"2026-6-16 19:10,2966.8,2968.32,2966.99,2969.4,0,0,0,-1,-,-,neutral"
2026-06-16T19:15:00.000-04:00,"2026-6-16 19:15,2967.1,2968.08,2967,2969.31,0,0,0,-1,-,-,neutral"
2026-06-16T19:20:00.000-04:00,"2026-6-16 19:20,2966.6,2967.69,2966.97,2969.2,0,0,0,-1,-,-,neutral"
2026-06-16T19:25:00.000-04:00,"2026-6-16 19:25,2967.5,2967.72,2967.01,2969.14,0,0,0,-1,-,-,neutral"
2026-06-16T19:30:00.000-04:00,"2026-6-16 19:30,2967.5,2967.74,2967.05,2969.07,0,0,0,-1,-,-,neutral"
2026-06-16T19:35:00.000-04:00,"2026-6-16 19:35,2967,2967.55,2967.04,2968.99,0,0,0,-1,-,-,neutral"
2026-06-16T19:40:00.000-04:00,"2026-6-16 19:40,2967,2967.4,2967.04,2968.91,0,0,0,-1,-,-,neutral"
2026-06-16T19:45:00.000-04:00,"2026-6-16 19:45,2967.1,2967.32,2967.05,2968.84,0,0,0,-1,-,-,neutral"
2026-06-16T19:50:00.000-04:00,"2026-6-16 19:50,2967.8,2967.52,2967.1,2968.8,5,1,0,-1,-,-,FIGHT"
2026-06-16T19:55:00.000-04:00,"2026-6-16 19:55,2966.5,2967.18,2967.06,2968.71,0,0,0,-1,-,-,neutral"
2026-06-16T20:00:00.000-04:00,"2026-6-16 20:00,2969.5,2968.03,2967.24,2968.74,5,1,0,-1,-,-,FIGHT"
2026-06-16T20:05:00.000-04:00,"2026-6-16 20:05,2969.3,2968.58,2967.4,2968.76,5,1,0,-1,-,-,FIGHT"
2026-06-16T20:10:00.000-04:00,"2026-6-16 20:10,2968.3,2968.6,2967.47,2968.75,0,0,0,-1,-,-,neutral"
2026-06-16T20:15:00.000-04:00,"2026-6-16 20:15,2969,2968.86,2967.59,2968.76,5,1,0,-1,-,-,FIGHT"
2026-06-16T20:20:00.000-04:00,"2026-6-16 20:20,2968.5,2968.85,2967.66,2968.75,0,0,0,-1,-,-,neutral"
2026-06-16T20:25:00.000-04:00,"2026-6-16 20:25,2968.9,2968.97,2967.75,2968.75,5,1,1,-1,-,-,wave_only"
2026-06-16T20:30:00.000-04:00,"2026-6-16 20:30,2970.5,2969.64,2967.97,2968.82,5,1,1,-1,-,-,wave_only"
2026-06-16T20:35:00.000-04:00,"2026-6-16 20:35,2970,2969.93,2968.12,2968.87,5,1,1,-1,-,-,wave_only"
2026-06-16T20:40:00.000-04:00,"2026-6-16 20:40,2969.6,2969.98,2968.24,2968.9,0,0,1,-1,-,-,neutral"
2026-06-16T20:45:00.000-04:00,"2026-6-16 20:45,2970.3,2970.25,2968.39,2968.95,5,0,1,-1,-,-,neutral"
2026-06-16T20:50:00.000-04:00,"2026-6-16 20:50,2969.2,2970.02,2968.46,2968.96,0,0,1,-1,-,-,neutral"
2026-06-16T20:55:00.000-04:00,"2026-6-16 20:55,2969,2969.76,2968.5,2968.96,0,0,1,0,-,-,neutral"
2026-06-16T21:00:00.000-04:00,"2026-6-16 21:00,2971.2,2970.36,2968.71,2969.05,5,1,1,0,-,-,wave_only"
2026-06-16T21:05:00.000-04:00,"2026-6-16 21:05,2971.9,2971.05,2968.95,2969.16,5,1,1,0,-,-,wave_only"
2026-06-16T21:10:00.000-04:00,"2026-6-16 21:10,2970.9,2971.17,2969.1,2969.23,0,0,1,0,-,-,neutral"
2026-06-16T21:15:00.000-04:00,"2026-6-16 21:15,2971.1,2971.31,2969.26,2969.3,0,0,1,0,-,-,neutral"
2026-06-16T21:20:00.000-04:00,"2026-6-16 21:20,2971.6,2971.57,2969.44,2969.39,5,1,1,0,-,-,wave_only"
2026-06-16T21:25:00.000-04:00,"2026-6-16 21:25,2971.4,2971.67,2969.59,2969.47,0,0,1,0,-,-,neutral"
2026-06-16T21:30:00.000-04:00,"2026-6-16 21:30,2971.4,2971.72,2969.73,2969.55,0,0,1,0,-,-,neutral"
2026-06-16T21:35:00.000-04:00,"2026-6-16 21:35,2971,2971.58,2969.82,2969.6,0,0,1,0,-,-,neutral"
2026-06-16T21:40:00.000-04:00,"2026-6-16 21:40,2969.9,2971.06,2969.83,2969.62,0,0,0,0,-,-,neutral"
2026-06-16T21:45:00.000-04:00,"2026-6-16 21:45,2970.5,2970.88,2969.88,2969.65,0,0,0,0,-,-,neutral"
2026-06-16T21:50:00.000-04:00,"2026-6-16 21:50,2971,2970.93,2969.97,2969.7,0,0,0,0,-,-,neutral"
2026-06-16T21:55:00.000-04:00,"2026-6-16 21:55,2970.8,2970.89,2970.03,2969.75,0,0,1,0,-,-,neutral"
2026-06-16T22:00:00.000-04:00,"2026-6-16 22:00,2970.9,2970.89,2970.1,2969.79,0,0,1,0,-,-,neutral"
2026-06-16T22:05:00.000-04:00,"2026-6-16 22:05,2970.9,2970.89,2970.16,2969.84,0,0,1,0,-,-,neutral"
2026-06-16T22:10:00.000-04:00,"2026-6-16 22:10,2971.5,2971.1,2970.26,2969.9,7,1,1,0,-,-,wave_only"
2026-06-16T22:15:00.000-04:00,"2026-6-16 22:15,2970.8,2971,2970.3,2969.94,0,0,1,0,-,-,neutral"
2026-06-16T22:20:00.000-04:00,"2026-6-16 22:20,2970.8,2970.92,2970.34,2969.97,0,0,1,0,-,-,neutral"
2026-06-16T22:25:00.000-04:00,"2026-6-16 22:25,2970.3,2970.67,2970.34,2969.98,0,0,0,0,-,-,neutral"
2026-06-16T22:30:00.000-04:00,"2026-6-16 22:30,2969.6,2970.23,2970.28,2969.97,-5,-1,0,0,S,-,FIGHT"
2026-06-16T22:35:00.000-04:00,"2026-6-16 22:35,2969.3,2969.8,2970.21,2969.94,-5,-1,0,0,-,-,FIGHT"
2026-06-16T22:40:00.000-04:00,"2026-6-16 22:40,2969.6,2969.61,2970.16,2969.93,-5,-1,0,0,-,-,FIGHT"
2026-06-16T22:45:00.000-04:00,"2026-6-16 22:45,2968.7,2969.14,2970.05,2969.88,-5,-1,0,0,-,-,FIGHT"
2026-06-16T22:50:00.000-04:00,"2026-6-16 22:50,2968.3,2968.66,2969.91,2969.82,-5,-1,0,0,-,-,FIGHT"
2026-06-16T22:55:00.000-04:00,"2026-6-16 22:55,2968.8,2968.52,2969.83,2969.78,-5,-1,0,0,-,-,FIGHT"
2026-06-16T23:00:00.000-04:00,"2026-6-16 23:00,2969.4,2968.65,2969.79,2969.76,0,0,0,0,-,-,neutral"
2026-06-16T23:05:00.000-04:00,"2026-6-16 23:05,2970.8,2969.29,2969.87,2969.8,0,0,0,0,-,-,neutral"
2026-06-16T23:10:00.000-04:00,"2026-6-16 23:10,2970,2969.48,2969.88,2969.81,0,0,0,0,-,-,neutral"
2026-06-16T23:15:00.000-04:00,"2026-6-16 23:15,2969.6,2969.47,2969.86,2969.8,0,0,0,0,-,-,neutral"
2026-06-16T23:20:00.000-04:00,"2026-6-16 23:20,2968.2,2968.96,2969.73,2969.74,-7,-1,0,0,-,-,FIGHT"
2026-06-16T23:25:00.000-04:00,"2026-6-16 23:25,2968.3,2968.62,2969.62,2969.68,-5,-1,-1,0,-,-,wave_only"
2026-06-16T23:30:00.000-04:00,"2026-6-16 23:30,2969.3,2968.76,2969.6,2969.67,0,0,-1,0,-,-,neutral"
2026-06-16T23:35:00.000-04:00,"2026-6-16 23:35,2970,2969.13,2969.63,2969.68,0,0,-1,0,-,-,neutral"
2026-06-16T23:40:00.000-04:00,"2026-6-16 23:40,2971.6,2970.01,2969.78,2969.76,7,1,1,0,B,-,wave_only"
2026-06-16T23:45:00.000-04:00,"2026-6-16 23:45,2972.1,2970.84,2969.96,2969.85,7,1,1,0,-,-,wave_only"
2026-06-16T23:50:00.000-04:00,"2026-6-16 23:50,2972.5,2971.58,2970.15,2969.95,7,1,1,0,-,-,wave_only"
2026-06-16T23:55:00.000-04:00,"2026-6-16 23:55,2972.2,2972,2970.31,2970.04,7,1,1,0,-,-,wave_only"
2026-06-17T00:00:00.000-04:00,"2026-6-17 0:00,2972.9,2972.55,2970.51,2970.15,7,1,1,0,-,-,wave_only"
2026-06-17T00:05:00.000-04:00,"2026-6-17 0:05,2972.7,2972.85,2970.68,2970.25,5,1,1,0,-,-,wave_only"
2026-06-17T00:10:00.000-04:00,"2026-6-17 0:10,2972.3,2972.9,2970.8,2970.33,0,0,1,0,-,-,neutral"
2026-06-17T00:15:00.000-04:00,"2026-6-17 0:15,2973.2,2973.23,2970.99,2970.45,7,1,1,0,-,-,wave_only"
2026-06-17T00:20:00.000-04:00,"2026-6-17 0:20,2972.7,2973.27,2971.12,2970.53,0,0,1,0,-,-,neutral"
2026-06-17T00:25:00.000-04:00,"2026-6-17 0:25,2972.5,2973.19,2971.23,2970.61,0,0,1,0,-,-,neutral"
2026-06-17T00:30:00.000-04:00,"2026-6-17 0:30,2971.5,2972.74,2971.25,2970.65,0,0,1,0,-,-,neutral"
2026-06-17T00:35:00.000-04:00,"2026-6-17 0:35,2971.3,2972.32,2971.25,2970.67,0,0,1,0,-,-,neutral"
2026-06-17T00:40:00.000-04:00,"2026-6-17 0:40,2970.7,2971.77,2971.21,2970.67,0,0,0,0,-,-,neutral"
2026-06-17T00:45:00.000-04:00,"2026-6-17 0:45,2972.5,2972.03,2971.31,2970.74,7,1,0,0,-,-,FIGHT"
2026-06-17T00:50:00.000-04:00,"2026-6-17 0:50,2972.5,2972.22,2971.4,2970.81,7,1,0,0,-,-,FIGHT"
2026-06-17T00:55:00.000-04:00,"2026-6-17 0:55,2972.5,2972.35,2971.48,2970.88,3,1,1,0,-,-,wave_only"
2026-06-17T01:00:00.000-04:00,"2026-6-17 1:00,2973.2,2972.7,2971.62,2970.97,7,1,1,0,-,-,wave_only"
2026-06-17T01:05:00.000-04:00,"2026-6-17 1:05,2972.9,2972.84,2971.72,2971.05,3,1,1,0,-,-,wave_only"
2026-06-17T01:10:00.000-04:00,"2026-6-17 1:10,2972.7,2972.85,2971.79,2971.11,0,0,1,0,-,-,neutral"
2026-06-17T01:15:00.000-04:00,"2026-6-17 1:15,2973.1,2973,2971.89,2971.19,3,1,1,0,-,-,wave_only"
2026-06-17T01:20:00.000-04:00,"2026-6-17 1:20,2973.1,2973.1,2971.98,2971.26,3,1,1,0,-,-,wave_only"
2026-06-17T01:25:00.000-04:00,"2026-6-17 1:25,2972.3,2972.87,2972.01,2971.3,0,0,0,0,-,-,neutral"
2026-06-17T01:30:00.000-04:00,"2026-6-17 1:30,2972.5,2972.76,2972.05,2971.35,0,0,0,0,-,-,neutral"
2026-06-17T01:35:00.000-04:00,"2026-6-17 1:35,2973.9,2973.2,2972.19,2971.45,7,1,0,0,-,-,FIGHT"
2026-06-17T01:40:00.000-04:00,"2026-6-17 1:40,2972.6,2973.03,2972.22,2971.5,0,0,0,0,-,-,neutral"
2026-06-17T01:45:00.000-04:00,"2026-6-17 1:45,2973.3,2973.16,2972.3,2971.57,3,1,0,0,-,-,FIGHT"
2026-06-17T01:50:00.000-04:00,"2026-6-17 1:50,2972.3,2972.88,2972.3,2971.6,0,0,0,0,-,-,neutral"
2026-06-17T01:55:00.000-04:00,"2026-6-17 1:55,2971.5,2972.37,2972.24,2971.59,-3,-1,0,0,S,-,FIGHT"
2026-06-17T02:00:00.000-04:00,"2026-6-17 2:00,2971.8,2972.1,2972.21,2971.6,-5,-1,0,0,-,-,FIGHT"
2026-06-17T02:05:00.000-04:00,"2026-6-17 2:05,2972.7,2972.25,2972.25,2971.64,3,1,0,0,B,-,FIGHT"
2026-06-17T02:10:00.000-04:00,"2026-6-17 2:10,2971.9,2972.07,2972.22,2971.65,-5,-1,0,0,S,-,FIGHT"
2026-06-17T02:15:00.000-04:00,"2026-6-17 2:15,2971.1,2971.64,2972.13,2971.63,-5,-1,0,0,-,-,FIGHT"
2026-06-17T02:20:00.000-04:00,"2026-6-17 2:20,2970.4,2971.07,2972,2971.58,-5,-1,0,0,-,-,FIGHT"
2026-06-17T02:25:00.000-04:00,"2026-6-17 2:25,2969.7,2970.41,2971.82,2971.51,-5,-1,0,0,-,-,FIGHT"
2026-06-17T02:30:00.000-04:00,"2026-6-17 2:30,2971.2,2970.5,2971.77,2971.5,0,0,0,0,-,-,neutral"
2026-06-17T02:35:00.000-04:00,"2026-6-17 2:35,2971.1,2970.55,2971.72,2971.48,0,0,0,0,-,-,neutral"
2026-06-17T02:40:00.000-04:00,"2026-6-17 2:40,2971.8,2970.86,2971.73,2971.49,0,0,0,0,-,-,neutral"
2026-06-17T02:45:00.000-04:00,"2026-6-17 2:45,2972.5,2971.37,2971.79,2971.53,0,0,0,0,-,-,neutral"
2026-06-17T02:50:00.000-04:00,"2026-6-17 2:50,2971.3,2971.3,2971.75,2971.52,-5,-1,0,0,-,-,FIGHT"
2026-06-17T02:55:00.000-04:00,"2026-6-17 2:55,2972.3,2971.63,2971.79,2971.56,0,0,1,0,-,-,neutral"
2026-06-17T03:00:00.000-04:00,"2026-6-17 3:00,2973.6,2972.36,2971.93,2971.64,7,1,1,0,B,-,wave_only"
2026-06-17T03:05:00.000-04:00,"2026-6-17 3:05,2975.5,2973.59,2972.21,2971.79,7,1,1,0,-,-,wave_only"
2026-06-17T03:10:00.000-04:00,"2026-6-17 3:10,2975.5,2974.48,2972.46,2971.93,7,1,1,0,-,-,wave_only"
2026-06-17T03:15:00.000-04:00,"2026-6-17 3:15,2972.1,2973.86,2972.43,2971.94,0,0,1,0,-,-,neutral"
2026-06-17T03:20:00.000-04:00,"2026-6-17 3:20,2970.9,2972.93,2972.31,2971.9,0,0,1,0,-,-,neutral"
2026-06-17T03:25:00.000-04:00,"2026-6-17 3:25,2969.6,2971.75,2972.11,2971.81,-5,-1,0,0,S,-,FIGHT"
2026-06-17T03:30:00.000-04:00,"2026-6-17 3:30,2969.2,2970.74,2971.88,2971.71,-5,-1,0,0,-,-,FIGHT"
2026-06-17T03:35:00.000-04:00,"2026-6-17 3:35,2970,2970.3,2971.74,2971.64,-5,-1,0,0,-,-,FIGHT"
2026-06-17T03:40:00.000-04:00,"2026-6-17 3:40,2970.3,2970.11,2971.63,2971.59,-5,-1,0,0,-,-,FIGHT"
2026-06-17T03:45:00.000-04:00,"2026-6-17 3:45,2970,2969.88,2971.5,2971.52,-5,-1,0,0,-,-,FIGHT"
2026-06-17T03:50:00.000-04:00,"2026-6-17 3:50,2968.1,2969.03,2971.24,2971.39,-7,-1,0,0,-,-,FIGHT"
2026-06-17T03:55:00.000-04:00,"2026-6-17 3:55,2967.7,2968.29,2970.97,2971.25,-5,-1,-1,-1,-,-,RIDE_both"
2026-06-17T04:00:00.000-04:00,"2026-6-17 4:00,2967.1,2967.55,2970.67,2971.08,-5,-1,-1,-1,-,-,RIDE_both"
2026-06-17T04:05:00.000-04:00,"2026-6-17 4:05,2966.8,2966.93,2970.37,2970.91,-7,-1,-1,-1,-,-,RIDE_both"
2026-06-17T04:10:00.000-04:00,"2026-6-17 4:10,2962,2964.75,2969.73,2970.57,-5,-1,-1,-1,-,-,RIDE_both"
2026-06-17T04:15:00.000-04:00,"2026-6-17 4:15,2964.5,2964.12,2969.33,2970.33,-7,0,-1,-1,-,-,neutral"
2026-06-17T04:20:00.000-04:00,"2026-6-17 4:20,2965.1,2963.95,2969,2970.12,0,0,-1,-1,-,-,neutral"
2026-06-17T04:25:00.000-04:00,"2026-6-17 4:25,2966.2,2964.29,2968.79,2969.97,0,0,-1,-1,-,-,neutral"
2026-06-17T04:30:00.000-04:00,"2026-6-17 4:30,2965.3,2964.27,2968.52,2969.79,0,0,-1,-1,-,-,neutral"
2026-06-17T04:35:00.000-04:00,"2026-6-17 4:35,2962.9,2963.41,2968.09,2969.52,-7,-1,-1,-1,-,-,RIDE_both"
2026-06-17T04:40:00.000-04:00,"2026-6-17 4:40,2963.6,2963.09,2967.74,2969.28,-3,-1,-1,-1,-,-,RIDE_both"
2026-06-17T04:45:00.000-04:00,"2026-6-17 4:45,2963.3,2962.8,2967.4,2969.05,-3,-1,-1,-1,-,-,RIDE_both"
2026-06-17T04:50:00.000-04:00,"2026-6-17 4:50,2966.3,2963.74,2967.31,2968.94,0,0,-1,-1,-,-,neutral"
2026-06-17T04:55:00.000-04:00,"2026-6-17 4:55,2967.8,2965.03,2967.35,2968.9,0,0,0,-1,-,-,neutral"
2026-06-17T05:00:00.000-04:00,"2026-6-17 5:00,2967.9,2966.04,2967.39,2968.86,0,0,0,-1,-,-,neutral"
2026-06-17T05:05:00.000-04:00,"2026-6-17 5:05,2967.1,2966.5,2967.37,2968.79,3,1,0,-1,B,-,FIGHT"
2026-06-17T05:10:00.000-04:00,"2026-6-17 5:10,2969.2,2967.61,2967.51,2968.8,5,1,0,-1,-,-,FIGHT"
2026-06-17T05:15:00.000-04:00,"2026-6-17 5:15,2969.9,2968.68,2967.7,2968.85,5,1,0,-1,-,-,FIGHT"
2026-06-17T05:20:00.000-04:00,"2026-6-17 5:20,2971.6,2970.07,2968,2968.96,5,1,0,-1,-,-,FIGHT"
2026-06-17T05:25:00.000-04:00,"2026-6-17 5:25,2971.5,2971.02,2968.27,2969.06,5,1,0,-1,-,-,FIGHT"
2026-06-17T05:30:00.000-04:00,"2026-6-17 5:30,2970.6,2971.34,2968.45,2969.12,3,1,0,-1,-,-,FIGHT"
2026-06-17T05:35:00.000-04:00,"2026-6-17 5:35,2969.5,2971.12,2968.53,2969.13,0,0,0,-1,-,-,neutral"
2026-06-17T05:40:00.000-04:00,"2026-6-17 5:40,2969.6,2970.95,2968.61,2969.15,0,0,0,-1,-,-,neutral"
2026-06-17T05:45:00.000-04:00,"2026-6-17 5:45,2968.9,2970.53,2968.63,2969.14,0,0,0,-1,-,-,neutral"
2026-06-17T05:50:00.000-04:00,"2026-6-17 5:50,2968,2969.85,2968.58,2969.09,0,0,0,-1,-,-,neutral"
2026-06-17T05:55:00.000-04:00,"2026-6-17 5:55,2967.5,2969.14,2968.5,2969.03,0,0,-1,-1,-,-,neutral"
2026-06-17T06:00:00.000-04:00,"2026-6-17 6:00,2966.2,2968.13,2968.32,2968.92,-7,-1,-1,-1,S,SELL,RIDE_both"
2026-06-17T06:05:00.000-04:00,"2026-6-17 6:05,2965.8,2967.23,2968.13,2968.8,-7,-1,-1,-1,-,-,RIDE_both"
2026-06-17T06:10:00.000-04:00,"2026-6-17 6:10,2966.2,2966.73,2967.98,2968.7,-7,-1,-1,-1,-,-,RIDE_both"
2026-06-17T06:15:00.000-04:00,"2026-6-17 6:15,2965.4,2966.08,2967.78,2968.57,-7,-1,-1,-1,-,-,RIDE_both"
2026-06-17T06:20:00.000-04:00,"2026-6-17 6:20,2967.7,2966.47,2967.78,2968.53,0,0,-1,-1,-,-,neutral"
2026-06-17T06:25:00.000-04:00,"2026-6-17 6:25,2966.3,2966.26,2967.66,2968.45,-7,-1,-1,-1,-,-,RIDE_both"
2026-06-17T06:30:00.000-04:00,"2026-6-17 6:30,2967.8,2966.68,2967.67,2968.42,3,0,-1,-1,-,-,neutral"
2026-06-17T06:35:00.000-04:00,"2026-6-17 6:35,2967,2966.71,2967.62,2968.36,0,0,-1,-1,-,-,neutral"
2026-06-17T06:40:00.000-04:00,"2026-6-17 6:40,2968.5,2967.29,2967.69,2968.37,3,1,0,-1,B,-,FIGHT"
2026-06-17T06:45:00.000-04:00,"2026-6-17 6:45,2968,2967.54,2967.71,2968.36,5,1,0,-1,-,-,FIGHT"
2026-06-17T06:50:00.000-04:00,"2026-6-17 6:50,2966.9,2967.32,2967.65,2968.3,-7,-1,0,-1,S,-,tide_only"
2026-06-17T06:55:00.000-04:00,"2026-6-17 6:55,2965.5,2966.64,2967.48,2968.19,-7,-1,-1,-1,-,-,RIDE_both"
2026-06-17T07:00:00.000-04:00,"2026-6-17 7:00,2966.4,2966.48,2967.4,2968.12,-7,-1,-1,-1,-,-,RIDE_both"
2026-06-17T07:05:00.000-04:00,"2026-6-17 7:05,2967.6,2966.81,2967.42,2968.1,3,0,-1,-1,-,-,neutral"
2026-06-17T07:10:00.000-04:00,"2026-6-17 7:10,2969.2,2967.66,2967.55,2968.14,5,1,0,-1,B,-,FIGHT"
2026-06-17T07:15:00.000-04:00,"2026-6-17 7:15,2968.5,2968.02,2967.63,2968.16,5,1,0,-1,-,-,FIGHT"
2026-06-17T07:20:00.000-04:00,"2026-6-17 7:20,2967.9,2968.06,2967.65,2968.15,0,0,0,-1,-,-,neutral"
2026-06-17T07:25:00.000-04:00,"2026-6-17 7:25,2968,2968.12,2967.67,2968.14,0,0,0,-1,-,-,neutral"
2026-06-17T07:30:00.000-04:00,"2026-6-17 7:30,2967,2967.78,2967.62,2968.1,0,0,0,-1,-,-,neutral"
2026-06-17T07:35:00.000-04:00,"2026-6-17 7:35,2968.2,2967.98,2967.67,2968.1,5,1,0,-1,-,-,FIGHT"
2026-06-17T07:40:00.000-04:00,"2026-6-17 7:40,2966.8,2967.59,2967.6,2968.05,0,0,-1,-1,-,-,neutral"
2026-06-17T07:45:00.000-04:00,"2026-6-17 7:45,2964.8,2966.57,2967.38,2967.92,-7,-1,-1,-1,S,SELL,RIDE_both"
2026-06-17T07:50:00.000-04:00,"2026-6-17 7:50,2964.7,2965.78,2967.18,2967.79,-7,-1,-1,-1,-,-,RIDE_both"
2026-06-17T07:55:00.000-04:00,"2026-6-17 7:55,2964.8,2965.26,2967,2967.68,-7,-1,-1,-1,-,-,RIDE_both"
2026-06-17T08:00:00.000-04:00,"2026-6-17 8:00,2966.6,2965.56,2966.97,2967.63,0,0,-1,-1,-,-,neutral"
2026-06-17T08:05:00.000-04:00,"2026-6-17 8:05,2967,2965.95,2966.97,2967.61,0,0,-1,-1,-,-,neutral"
2026-06-17T08:10:00.000-04:00,"2026-6-17 8:10,2968.8,2966.92,2967.11,2967.66,3,1,0,-1,B,-,FIGHT"
2026-06-17T08:15:00.000-04:00,"2026-6-17 8:15,2967.1,2967,2967.11,2967.63,0,0,0,-1,-,-,neutral"
2026-06-17T08:20:00.000-04:00,"2026-6-17 8:20,2967.1,2967.07,2967.11,2967.61,0,0,0,-1,-,-,neutral"
2026-06-17T08:25:00.000-04:00,"2026-6-17 8:25,2966.1,2966.74,2967.03,2967.55,-5,-1,-1,-1,S,SELL,RIDE_both"
2026-06-17T08:30:00.000-04:00,"2026-6-17 8:30,2967.2,2966.91,2967.04,2967.54,0,0,-1,-1,-,-,neutral"
2026-06-17T08:35:00.000-04:00,"2026-6-17 8:35,2967,2966.96,2967.04,2967.52,7,0,-1,-1,-,-,neutral"
2026-06-17T08:40:00.000-04:00,"2026-6-17 8:40,2968.5,2967.55,2967.15,2967.56,5,1,0,-1,B,-,FIGHT"
2026-06-17T08:45:00.000-04:00,"2026-6-17 8:45,2968.2,2967.87,2967.23,2967.58,5,1,0,-1,-,-,FIGHT"
2026-06-17T08:50:00.000-04:00,"2026-6-17 8:50,2968.6,2968.24,2967.34,2967.62,5,1,0,-1,-,-,FIGHT"
2026-06-17T08:55:00.000-04:00,"2026-6-17 8:55,2967.6,2968.13,2967.36,2967.62,0,0,0,0,-,-,neutral"
2026-06-17T09:00:00.000-04:00,"2026-6-17 9:00,2967.2,2967.89,2967.35,2967.61,0,0,0,0,-,-,neutral"
2026-06-17T09:05:00.000-04:00,"2026-6-17 9:05,2965.6,2967.11,2967.21,2967.53,-7,-1,0,0,S,-,FIGHT"
2026-06-17T09:10:00.000-04:00,"2026-6-17 9:10,2966.5,2966.87,2967.16,2967.49,-5,-1,-1,0,-,-,wave_only"
2026-06-17T09:15:00.000-04:00,"2026-6-17 9:15,2967.2,2966.95,2967.16,2967.48,0,0,-1,0,-,-,neutral"
2026-06-17T09:20:00.000-04:00,"2026-6-17 9:20,2968,2967.32,2967.22,2967.5,5,1,-1,0,B,-,FIGHT"
2026-06-17T09:25:00.000-04:00,"2026-6-17 9:25,2968.6,2967.8,2967.33,2967.54,5,1,1,0,-,-,wave_only"
2026-06-17T09:30:00.000-04:00,"2026-6-17 9:30,2977.8,2971.56,2968.14,2967.94,7,1,1,0,-,-,wave_only"
2026-06-17T09:35:00.000-04:00,"2026-6-17 9:35,2985.3,2977.08,2969.46,2968.62,5,1,1,0,-,-,wave_only"
2026-06-17T09:40:00.000-04:00,"2026-6-17 9:40,2991.7,2983.42,2971.17,2969.53,5,1,1,0,-,-,wave_only"
2026-06-17T09:45:00.000-04:00,"2026-6-17 9:45,2987.7,2986.46,2972.44,2970.24,7,1,1,0,-,-,wave_only"
2026-06-17T09:50:00.000-04:00,"2026-6-17 9:50,2986.4,2988.03,2973.51,2970.87,7,1,1,0,-,-,wave_only"
2026-06-17T09:55:00.000-04:00,"2026-6-17 9:55,2982.5,2987.56,2974.2,2971.33,0,0,1,0,-,-,neutral"
2026-06-17T10:00:00.000-04:00,"2026-6-17 10:00,2983.6,2987.44,2974.93,2971.81,0,0,1,0,-,-,neutral"
2026-06-17T10:05:00.000-04:00,"2026-6-17 10:05,2985,2987.71,2975.7,2972.33,0,0,1,0,-,-,neutral"
2026-06-17T10:10:00.000-04:00,"2026-6-17 10:10,2988.8,2989.17,2976.71,2972.97,7,1,1,0,-,-,wave_only"
2026-06-17T10:15:00.000-04:00,"2026-6-17 10:15,2988,2989.81,2977.58,2973.56,0,0,1,0,-,-,neutral"
2026-06-17T10:20:00.000-04:00,"2026-6-17 10:20,2989.3,2990.62,2978.48,2974.18,0,0,1,0,-,-,neutral"
2026-06-17T10:25:00.000-04:00,"2026-6-17 10:25,2988,2990.6,2979.21,2974.72,0,0,1,0,-,-,neutral"
2026-06-17T10:30:00.000-04:00,"2026-6-17 10:30,2980.8,2987.8,2979.33,2974.96,0,0,1,0,-,-,neutral"
2026-06-17T10:35:00.000-04:00,"2026-6-17 10:35,2980.3,2985.45,2979.41,2975.17,0,0,1,0,-,-,neutral"
2026-06-17T10:40:00.000-04:00,"2026-6-17 10:40,2979.6,2983.41,2979.42,2975.34,0,0,0,0,-,-,neutral"
2026-06-17T10:45:00.000-04:00,"2026-6-17 10:45,2977.7,2981.18,2979.29,2975.44,-3,0,0,0,-,-,neutral"
2026-06-17T10:50:00.000-04:00,"2026-6-17 10:50,2985.2,2982.32,2979.75,2975.82,7,1,0,0,-,-,FIGHT"
2026-06-17T10:55:00.000-04:00,"2026-6-17 10:55,2980,2981.24,2979.76,2975.98,-3,-1,0,1,S,-,FIGHT"
2026-06-17T11:00:00.000-04:00,"2026-6-17 11:00,2984.2,2982.01,2980.11,2976.31,7,1,0,1,B,-,tide_only"
2026-06-17T11:05:00.000-04:00,"2026-6-17 11:05,2980.1,2981.07,2980.11,2976.45,-3,-1,0,1,S,-,FIGHT"
2026-06-17T11:10:00.000-04:00,"2026-6-17 11:10,2984,2981.84,2980.41,2976.75,7,1,0,1,B,-,tide_only"
2026-06-17T11:15:00.000-04:00,"2026-6-17 11:15,2986.8,2983.45,2980.9,2977.14,7,1,0,1,-,-,tide_only"
2026-06-17T11:20:00.000-04:00,"2026-6-17 11:20,2990.1,2985.86,2981.6,2977.65,7,1,0,1,-,-,tide_only"
2026-06-17T11:25:00.000-04:00,"2026-6-17 11:25,2991.9,2988.27,2982.4,2978.21,7,1,1,1,-,-,RIDE_both"
2026-06-17T11:30:00.000-04:00,"2026-6-17 11:30,2993.8,2990.7,2983.27,2978.82,7,1,1,1,-,-,RIDE_both"
2026-06-17T11:35:00.000-04:00,"2026-6-17 11:35,2994.7,2992.76,2984.15,2979.44,7,1,1,1,-,-,RIDE_both"
2026-06-17T11:40:00.000-04:00,"2026-6-17 11:40,2994.6,2994.14,2984.96,2980.04,7,0,1,1,-,-,neutral"
2026-06-17T11:45:00.000-04:00,"2026-6-17 11:45,2997.5,2996.13,2985.92,2980.72,7,1,1,1,-,-,RIDE_both"
2026-06-17T11:50:00.000-04:00,"2026-6-17 11:50,2998.2,2997.75,2986.87,2981.41,7,1,1,1,-,-,RIDE_both"
2026-06-17T11:55:00.000-04:00,"2026-6-17 11:55,2998.8,2999.05,2987.78,2982.09,7,1,1,1,-,-,RIDE_both"
2026-06-17T12:00:00.000-04:00,"2026-6-17 12:00,2997.8,2999.5,2988.55,2982.71,0,0,1,1,-,-,neutral"
2026-06-17T12:05:00.000-04:00,"2026-6-17 12:05,2998.5,2999.98,2989.32,2983.33,0,0,1,1,-,-,neutral"
2026-06-17T12:10:00.000-04:00,"2026-6-17 12:10,2997.7,2999.92,2989.96,2983.89,0,0,0,1,-,-,neutral"
2026-06-17T12:15:00.000-04:00,"2026-6-17 12:15,2998.2,2999.96,2990.6,2984.45,0,0,0,1,-,-,neutral"
2026-06-17T12:20:00.000-04:00,"2026-6-17 12:20,2998,2999.82,2991.17,2984.98,0,0,0,1,-,-,neutral"
2026-06-17T12:25:00.000-04:00,"2026-6-17 12:25,2999.2,3000.07,2991.78,2985.54,3,1,1,1,-,-,RIDE_both"
2026-06-17T12:30:00.000-04:00,"2026-6-17 12:30,2997.4,2999.52,2992.22,2986.01,0,0,1,1,-,-,neutral"
2026-06-17T12:35:00.000-04:00,"2026-6-17 12:35,2998.4,2999.41,2992.69,2986.49,0,0,1,1,-,-,neutral"
2026-06-17T12:40:00.000-04:00,"2026-6-17 12:40,2996.7,2998.65,2993,2986.89,0,0,0,1,-,-,neutral"
2026-06-17T12:45:00.000-04:00,"2026-6-17 12:45,2998.1,2998.57,2993.39,2987.33,0,0,0,1,-,-,neutral"
2026-06-17T12:50:00.000-04:00,"2026-6-17 12:50,2998.6,2998.66,2993.79,2987.77,3,1,0,1,-,-,tide_only"
2026-06-17T12:55:00.000-04:00,"2026-6-17 12:55,3000.5,2999.39,2994.31,2988.27,7,1,0,1,-,-,tide_only"
2026-06-17T13:00:00.000-04:00,"2026-6-17 13:00,3000.2,2999.8,2994.76,2988.74,7,1,0,1,-,-,tide_only"
2026-06-17T13:05:00.000-04:00,"2026-6-17 13:05,2999.7,2999.87,2995.14,2989.17,3,1,0,1,-,-,tide_only"
2026-06-17T13:10:00.000-04:00,"2026-6-17 13:10,2999.7,2999.9,2995.49,2989.58,7,0,0,1,-,-,neutral"
2026-06-17T13:15:00.000-04:00,"2026-6-17 13:15,3000.2,3000.07,2995.86,2990,7,0,0,1,-,-,neutral"
2026-06-17T13:20:00.000-04:00,"2026-6-17 13:20,2998.9,2999.7,2996.09,2990.35,0,0,0,1,-,-,neutral"
2026-06-17T13:25:00.000-04:00,"2026-6-17 13:25,2998.7,2999.32,2996.29,2990.68,0,0,0,1,-,-,neutral"
2026-06-17T13:30:00.000-04:00,"2026-6-17 13:30,2998,2998.78,2996.42,2990.96,0,0,0,1,-,-,neutral"
2026-06-17T13:35:00.000-04:00,"2026-6-17 13:35,2998.8,2998.67,2996.6,2991.27,0,0,0,1,-,-,neutral"
2026-06-17T13:40:00.000-04:00,"2026-6-17 13:40,2998.5,2998.47,2996.75,2991.55,-3,0,0,1,-,-,neutral"
2026-06-17T13:45:00.000-04:00,"2026-6-17 13:45,2998.2,2998.22,2996.86,2991.81,-3,-1,0,1,S,-,FIGHT"
2026-06-17T13:50:00.000-04:00,"2026-6-17 13:50,3000.9,2999.04,2997.17,2992.17,7,1,0,1,B,-,tide_only"
2026-06-17T13:55:00.000-04:00,"2026-6-17 13:55,3002.6,3000.28,2997.59,2992.58,7,1,0,1,-,-,tide_only"
2026-06-17T14:00:00.000-04:00,"2026-6-17 14:00,2960.5,2985.59,2994.74,2991.32,-3,-1,0,1,S,-,FIGHT"
2026-06-17T14:05:00.000-04:00,"2026-6-17 14:05,2968.1,2977.68,2992.69,2990.41,-5,-1,0,1,-,-,FIGHT"
2026-06-17T14:10:00.000-04:00,"2026-6-17 14:10,2968.6,2972.25,2990.84,2989.56,-5,-1,0,1,-,-,FIGHT"
2026-06-17T14:15:00.000-04:00,"2026-6-17 14:15,2978.1,2972.02,2989.86,2989.11,0,0,0,1,-,-,neutral"
2026-06-17T14:20:00.000-04:00,"2026-6-17 14:20,2970.1,2969.15,2988.34,2988.36,0,0,0,1,-,-,neutral"
2026-06-17T14:25:00.000-04:00,"2026-6-17 14:25,2965.6,2965.63,2986.59,2987.47,-5,0,-1,1,-,-,neutral"
2026-06-17T14:30:00.000-04:00,"2026-6-17 14:30,2962.8,2962.28,2984.76,2986.5,0,0,-1,1,-,-,neutral"
2026-06-17T14:35:00.000-04:00,"2026-6-17 14:35,2980.4,2966.62,2984.42,2986.26,0,0,-1,1,-,-,neutral"
2026-06-17T14:40:00.000-04:00,"2026-6-17 14:40,2992.1,2974.39,2985.01,2986.49,0,0,0,1,-,-,neutral"
2026-06-17T14:45:00.000-04:00,"2026-6-17 14:45,2985.1,2977.66,2985.02,2986.44,0,0,0,1,-,-,neutral"
2026-06-17T14:50:00.000-04:00,"2026-6-17 14:50,2986.1,2980.52,2985.1,2986.42,0,0,0,1,-,-,neutral"
2026-06-17T14:55:00.000-04:00,"2026-6-17 14:55,2971.1,2977.11,2984.03,2985.82,-5,-1,-1,0,-,-,wave_only"
2026-06-17T15:00:00.000-04:00,"2026-6-17 15:00,2968.3,2973.61,2982.82,2985.14,-7,-1,-1,0,-,-,wave_only"
2026-06-17T15:05:00.000-04:00,"2026-6-17 15:05,2964.8,2969.81,2981.43,2984.34,-7,-1,-1,0,-,-,wave_only"
2026-06-17T15:10:00.000-04:00,"2026-6-17 15:10,2970.5,2969.24,2980.59,2983.79,-3,-1,-1,0,-,-,wave_only"
2026-06-17T15:15:00.000-04:00,"2026-6-17 15:15,2954.2,2962.9,2978.56,2982.63,-7,-1,-1,0,-,-,wave_only"
2026-06-17T15:20:00.000-04:00,"2026-6-17 15:20,2940.8,2953.43,2975.65,2980.99,-7,-1,-1,0,-,-,wave_only"
2026-06-17T15:25:00.000-04:00,"2026-6-17 15:25,2947,2948.99,2973.45,2979.66,-7,-1,-1,0,-,-,wave_only"
2026-06-17T15:30:00.000-04:00,"2026-6-17 15:30,2938,2942.67,2970.72,2978.03,-7,-1,-1,0,-,-,wave_only"
2026-06-17T15:35:00.000-04:00,"2026-6-17 15:35,2934,2936.86,2967.9,2976.3,-7,-1,-1,0,-,-,wave_only"
2026-06-17T15:40:00.000-04:00,"2026-6-17 15:40,2934.3,2933.05,2965.31,2974.65,-3,-1,-1,0,-,-,wave_only"
2026-06-17T15:45:00.000-04:00,"2026-6-17 15:45,2940.5,2932.92,2963.41,2973.31,0,0,-1,0,-,-,neutral"
2026-06-17T15:50:00.000-04:00,"2026-6-17 15:50,2939.7,2932.88,2961.58,2972,0,0,-1,0,-,-,neutral"
2026-06-17T15:55:00.000-04:00,"2026-6-17 15:55,2942.7,2934.29,2960.13,2970.85,0,0,-1,-1,-,-,neutral"
2026-06-17T16:00:00.000-04:00,"2026-6-17 16:00,2945.6,2936.69,2959.01,2969.86,0,0,-1,-1,-,-,neutral"
2026-06-17T16:05:00.000-04:00,"2026-6-17 16:05,2946.6,2939.06,2958.06,2968.94,0,0,-1,-1,-,-,neutral"
2026-06-17T16:10:00.000-04:00,"2026-6-17 16:10,2945.4,2940.54,2957.08,2968.02,0,0,-1,-1,-,-,neutral"
2026-06-17T16:15:00.000-04:00,"2026-6-17 16:15,2948.8,2943.03,2956.45,2967.27,0,0,-1,-1,-,-,neutral"
2026-06-17T16:20:00.000-04:00,"2026-6-17 16:20,2949.7,2945.3,2955.93,2966.58,0,0,-1,-1,-,-,neutral"
2026-06-17T16:25:00.000-04:00,"2026-6-17 16:25,2949.2,2946.85,2955.41,2965.9,0,0,0,-1,-,-,neutral"
2026-06-17T16:30:00.000-04:00,"2026-6-17 16:30,2949.1,2947.98,2954.92,2965.24,0,0,0,-1,-,-,neutral"
2026-06-17T16:35:00.000-04:00,"2026-6-17 16:35,2952.1,2949.94,2954.71,2964.72,3,1,0,-1,B,-,FIGHT"
2026-06-17T16:40:00.000-04:00,"2026-6-17 16:40,2951.5,2951.15,2954.46,2964.2,3,1,0,-1,-,-,FIGHT"
2026-06-17T16:45:00.000-04:00,"2026-6-17 16:45,2951.4,2951.97,2954.23,2963.7,3,1,0,-1,-,-,FIGHT"
2026-06-17T16:50:00.000-04:00,"2026-6-17 16:50,2951.9,2952.72,2954.05,2963.24,5,1,0,-1,-,-,FIGHT"
2026-06-17T16:55:00.000-04:00,"2026-6-17 16:55,2951.1,2952.92,2953.82,2962.76,0,0,0,-1,-,-,neutral"
2026-06-17T18:00:00.000-04:00,"2026-6-17 18:00,2950.6,2952.83,2953.57,2962.29,0,0,0,-1,-,-,neutral"
2026-06-17T18:05:00.000-04:00,"2026-6-17 18:05,2955.7,2954.6,2953.74,2962.03,5,1,0,-1,-,-,FIGHT"
2026-06-17T18:10:00.000-04:00,"2026-6-17 18:10,2957.5,2956.51,2954.03,2961.85,5,1,0,-1,-,-,FIGHT"
2026-06-17T18:15:00.000-04:00,"2026-6-17 18:15,2956.8,2957.57,2954.24,2961.65,5,1,0,-1,-,-,FIGHT"
2026-06-17T18:20:00.000-04:00,"2026-6-17 18:20,2960.5,2959.64,2954.72,2961.61,5,1,0,-1,-,-,FIGHT"
2026-06-17T18:25:00.000-04:00,"2026-6-17 18:25,2959.7,2960.76,2955.1,2961.53,5,1,0,-1,-,-,FIGHT"
2026-06-17T18:30:00.000-04:00,"2026-6-17 18:30,2959.7,2961.47,2955.46,2961.46,5,0,0,-1,-,-,neutral"
2026-06-17T18:35:00.000-04:00,"2026-6-17 18:35,2960,2961.99,2955.81,2961.4,0,0,0,-1,-,-,neutral"
2026-06-17T18:40:00.000-04:00,"2026-6-17 18:40,2959.2,2961.97,2956.07,2961.32,0,0,0,-1,-,-,neutral"
2026-06-17T18:45:00.000-04:00,"2026-6-17 18:45,2960.9,2962.47,2956.44,2961.3,0,0,0,-1,-,-,neutral"
2026-06-17T18:50:00.000-04:00,"2026-6-17 18:50,2961.9,2963.12,2956.86,2961.32,3,1,0,-1,-,-,FIGHT"
2026-06-17T18:55:00.000-04:00,"2026-6-17 18:55,2960.9,2963.12,2957.17,2961.31,0,0,0,-1,-,-,neutral"
2026-06-17T19:00:00.000-04:00,"2026-6-17 19:00,2961.9,2963.41,2957.53,2961.33,0,0,0,-1,-,-,neutral"
2026-06-17T19:05:00.000-04:00,"2026-6-17 19:05,2963.3,2964.05,2957.98,2961.41,3,1,0,-1,-,-,FIGHT"
2026-06-17T19:10:00.000-04:00,"2026-6-17 19:10,2965.7,2965.32,2958.57,2961.58,5,1,0,-1,-,-,FIGHT"
2026-06-17T19:15:00.000-04:00,"2026-6-17 19:15,2966.2,2966.36,2959.16,2961.76,3,1,0,-1,-,-,FIGHT"
2026-06-17T19:20:00.000-04:00,"2026-6-17 19:20,2968.4,2967.84,2959.87,2962.02,5,1,0,-1,-,-,FIGHT"
2026-06-17T19:25:00.000-04:00,"2026-6-17 19:25,2968.9,2969.02,2960.56,2962.29,3,1,0,-1,-,-,FIGHT"
2026-06-17T19:30:00.000-04:00,"2026-6-17 19:30,2969.4,2969.97,2961.24,2962.57,3,1,0,-1,-,-,FIGHT"
2026-06-17T19:35:00.000-04:00,"2026-6-17 19:35,2968.7,2970.3,2961.82,2962.81,0,0,0,-1,-,-,neutral"
2026-06-17T19:40:00.000-04:00,"2026-6-17 19:40,2968.2,2970.25,2962.31,2963.02,0,0,1,-1,-,-,neutral"
2026-06-17T19:45:00.000-04:00,"2026-6-17 19:45,2968.5,2970.24,2962.78,2963.23,0,0,1,-1,-,-,neutral"
2026-06-17T19:50:00.000-04:00,"2026-6-17 19:50,2968.5,2970.14,2963.22,2963.44,0,0,1,-1,-,-,neutral"
2026-06-17T19:55:00.000-04:00,"2026-6-17 19:55,2969.7,2970.44,2963.72,2963.69,0,0,1,0,-,-,neutral"
2026-06-17T20:00:00.000-04:00,"2026-6-17 20:00,2973.8,2972.11,2964.5,2964.08,5,1,1,0,-,-,wave_only"
2026-06-17T20:05:00.000-04:00,"2026-6-17 20:05,2975.5,2973.89,2965.34,2964.53,5,1,1,0,-,-,wave_only"
2026-06-17T20:10:00.000-04:00,"2026-6-17 20:10,2977.7,2975.92,2966.29,2965.05,5,1,1,0,-,-,wave_only"
2026-06-17T20:15:00.000-04:00,"2026-6-17 20:15,2975.8,2976.62,2967.03,2965.47,0,0,1,0,-,-,neutral"
2026-06-17T20:20:00.000-04:00,"2026-6-17 20:20,2974.6,2976.58,2967.61,2965.83,0,0,1,0,-,-,neutral"
2026-06-17T20:25:00.000-04:00,"2026-6-17 20:25,2973.8,2976.16,2968.08,2966.14,0,0,1,0,-,-,neutral"
2026-06-17T20:30:00.000-04:00,"2026-6-17 20:30,2975.6,2976.44,2968.66,2966.51,0,0,1,0,-,-,neutral"
2026-06-17T20:35:00.000-04:00,"2026-6-17 20:35,2976.6,2976.93,2969.27,2966.91,0,0,1,0,-,-,neutral"
2026-06-17T20:40:00.000-04:00,"2026-6-17 20:40,2975.9,2976.97,2969.78,2967.26,0,0,1,0,-,-,neutral"
2026-06-17T20:45:00.000-04:00,"2026-6-17 20:45,2974.3,2976.33,2970.13,2967.53,0,0,1,0,-,-,neutral"
2026-06-17T20:50:00.000-04:00,"2026-6-17 20:50,2973,2975.33,2970.35,2967.75,0,0,1,0,-,-,neutral"
2026-06-17T20:55:00.000-04:00,"2026-6-17 20:55,2971.3,2973.92,2970.42,2967.89,0,0,0,0,-,-,neutral"
2026-06-17T21:00:00.000-04:00,"2026-6-17 21:00,2973.5,2973.68,2970.66,2968.11,0,0,0,0,-,-,neutral"
2026-06-17T21:05:00.000-04:00,"2026-6-17 21:05,2974.6,2973.9,2970.96,2968.36,7,1,0,0,-,-,FIGHT"
2026-06-17T21:10:00.000-04:00,"2026-6-17 21:10,2976,2974.57,2971.35,2968.66,7,1,1,0,-,-,wave_only"
2026-06-17T21:15:00.000-04:00,"2026-6-17 21:15,2974.1,2974.36,2971.56,2968.88,0,0,1,0,-,-,neutral"
2026-06-17T21:20:00.000-04:00,"2026-6-17 21:20,2975.3,2974.63,2971.85,2969.13,7,1,1,0,-,-,wave_only"
2026-06-17T21:25:00.000-04:00,"2026-6-17 21:25,2973.7,2974.23,2971.99,2969.31,0,0,0,0,-,-,neutral"
2026-06-17T21:30:00.000-04:00,"2026-6-17 21:30,2974.4,2974.18,2972.18,2969.51,0,0,0,0,-,-,neutral"
2026-06-17T21:35:00.000-04:00,"2026-6-17 21:35,2973.7,2973.89,2972.29,2969.67,-3,-1,0,0,S,-,FIGHT"
2026-06-17T21:40:00.000-04:00,"2026-6-17 21:40,2973.7,2973.68,2972.4,2969.83,-3,-1,0,0,-,-,FIGHT"
2026-06-17T21:45:00.000-04:00,"2026-6-17 21:45,2971.9,2972.86,2972.36,2969.91,-3,-1,0,0,-,-,FIGHT"
2026-06-17T21:50:00.000-04:00,"2026-6-17 21:50,2972.4,2972.46,2972.37,2970.01,-5,-1,0,0,-,-,FIGHT"
2026-06-17T21:55:00.000-04:00,"2026-6-17 21:55,2971.6,2971.88,2972.31,2970.07,-5,-1,0,0,-,-,FIGHT"
2026-06-17T22:00:00.000-04:00,"2026-6-17 22:00,2973,2972,2972.36,2970.19,0,0,0,0,-,-,neutral"
2026-06-17T22:05:00.000-04:00,"2026-6-17 22:05,2974,2972.48,2972.49,2970.33,0,0,0,0,-,-,neutral"
2026-06-17T22:10:00.000-04:00,"2026-6-17 22:10,2974.3,2972.96,2972.63,2970.49,7,0,0,0,-,-,neutral"
2026-06-17T22:15:00.000-04:00,"2026-6-17 22:15,2973.3,2972.95,2972.68,2970.6,0,0,0,0,-,-,neutral"
2026-06-17T22:20:00.000-04:00,"2026-6-17 22:20,2973.3,2972.96,2972.73,2970.71,0,0,0,0,-,-,neutral"
2026-06-17T22:25:00.000-04:00,"2026-6-17 22:25,2973,2972.86,2972.75,2970.8,-5,-1,0,0,-,-,FIGHT"
2026-06-17T22:30:00.000-04:00,"2026-6-17 22:30,2973.4,2972.95,2972.8,2970.9,0,0,0,0,-,-,neutral"
2026-06-17T22:35:00.000-04:00,"2026-6-17 22:35,2973,2972.87,2972.81,2970.98,-5,-1,0,0,-,-,FIGHT"
2026-06-17T22:40:00.000-04:00,"2026-6-17 22:40,2974.2,2973.27,2972.92,2971.11,7,1,0,0,B,-,FIGHT"
2026-06-17T22:45:00.000-04:00,"2026-6-17 22:45,2973.6,2973.34,2972.97,2971.2,7,1,0,0,-,-,FIGHT"
2026-06-17T22:50:00.000-04:00,"2026-6-17 22:50,2974.1,2973.58,2973.06,2971.32,7,1,0,0,-,-,FIGHT"
2026-06-17T22:55:00.000-04:00,"2026-6-17 22:55,2973.3,2973.47,2973.08,2971.4,-3,-1,0,0,S,-,FIGHT"
2026-06-17T23:00:00.000-04:00,"2026-6-17 23:00,2973.5,2973.45,2973.11,2971.48,0,0,0,0,-,-,neutral"
2026-06-17T23:05:00.000-04:00,"2026-6-17 23:05,2972.4,2973.04,2973.06,2971.51,-5,-1,0,0,-,-,FIGHT"
2026-06-17T23:10:00.000-04:00,"2026-6-17 23:10,2971.4,2972.37,2972.93,2971.51,-5,-1,0,0,-,-,FIGHT"
2026-06-17T23:15:00.000-04:00,"2026-6-17 23:15,2971.7,2971.99,2972.83,2971.52,-5,-1,0,0,-,-,FIGHT"
2026-06-17T23:20:00.000-04:00,"2026-6-17 23:20,2972.7,2972.11,2972.82,2971.56,0,0,0,0,-,-,neutral"
2026-06-17T23:25:00.000-04:00,"2026-6-17 23:25,2973.5,2972.5,2972.88,2971.64,0,0,0,0,-,-,neutral"
2026-06-17T23:30:00.000-04:00,"2026-6-17 23:30,2973,2972.61,2972.88,2971.69,0,0,0,0,-,-,neutral"
2026-06-17T23:35:00.000-04:00,"2026-6-17 23:35,2971.7,2972.22,2972.79,2971.69,-5,-1,0,0,-,-,FIGHT"
2026-06-17T23:40:00.000-04:00,"2026-6-17 23:40,2971.6,2971.91,2972.7,2971.69,-5,-1,0,0,-,-,FIGHT"
2026-06-17T23:45:00.000-04:00,"2026-6-17 23:45,2972.4,2971.98,2972.68,2971.72,0,0,0,0,-,-,neutral"
2026-06-17T23:50:00.000-04:00,"2026-6-17 23:50,2973.1,2972.31,2972.71,2971.77,0,0,0,0,-,-,neutral"
2026-06-17T23:55:00.000-04:00,"2026-6-17 23:55,2973.9,2972.85,2972.8,2971.86,3,1,0,0,B,-,FIGHT"
2026-06-18T00:00:00.000-04:00,"2026-6-18 0:00,2973.2,2972.99,2972.83,2971.91,7,1,0,0,-,-,FIGHT"
2026-06-18T00:05:00.000-04:00,"2026-6-18 0:05,2973.1,2973.06,2972.85,2971.95,7,1,0,0,-,-,FIGHT"
2026-06-18T00:10:00.000-04:00,"2026-6-18 0:10,2971.1,2972.37,2972.72,2971.92,-5,-1,0,0,S,-,FIGHT"
2026-06-18T00:15:00.000-04:00,"2026-6-18 0:15,2970.3,2971.56,2972.53,2971.86,-5,-1,0,0,-,-,FIGHT"
2026-06-18T00:20:00.000-04:00,"2026-6-18 0:20,2969.2,2970.57,2972.28,2971.75,-5,-1,0,0,-,-,FIGHT"
2026-06-18T00:25:00.000-04:00,"2026-6-18 0:25,2969.3,2969.9,2972.05,2971.66,-5,-1,0,0,-,-,FIGHT"
2026-06-18T00:30:00.000-04:00,"2026-6-18 0:30,2968,2968.96,2971.74,2971.51,-5,-1,0,0,-,-,FIGHT"
2026-06-18T00:35:00.000-04:00,"2026-6-18 0:35,2967.3,2968.03,2971.39,2971.35,-5,-1,0,0,-,-,FIGHT"
2026-06-18T00:40:00.000-04:00,"2026-6-18 0:40,2966.2,2966.99,2971,2971.15,-5,-1,-1,0,-,-,wave_only"
2026-06-18T00:45:00.000-04:00,"2026-6-18 0:45,2967,2966.57,2970.69,2970.98,0,0,-1,0,-,-,neutral"
2026-06-18T00:50:00.000-04:00,"2026-6-18 0:50,2968.9,2967.01,2970.55,2970.9,0,0,-1,0,-,-,neutral"
2026-06-18T00:55:00.000-04:00,"2026-6-18 0:55,2968.6,2967.27,2970.4,2970.81,0,0,-1,-1,-,-,neutral"
2026-06-18T01:00:00.000-04:00,"2026-6-18 1:00,2969.1,2967.69,2970.3,2970.74,0,0,-1,-1,-,-,neutral"
2026-06-18T01:05:00.000-04:00,"2026-6-18 1:05,2969.7,2968.25,2970.25,2970.7,0,0,-1,-1,-,-,neutral"
2026-06-18T01:10:00.000-04:00,"2026-6-18 1:10,2969,2968.42,2970.16,2970.64,0,0,-1,-1,-,-,neutral"
2026-06-18T01:15:00.000-04:00,"2026-6-18 1:15,2971.5,2969.49,2970.26,2970.67,0,0,-1,-1,-,-,neutral"
2026-06-18T01:20:00.000-04:00,"2026-6-18 1:20,2970.8,2970.03,2970.3,2970.68,3,1,-1,-1,B,-,FIGHT"
2026-06-18T01:25:00.000-04:00,"2026-6-18 1:25,2970.6,2970.34,2970.33,2970.67,5,1,0,-1,-,-,FIGHT"
2026-06-18T01:30:00.000-04:00,"2026-6-18 1:30,2971.3,2970.83,2970.4,2970.7,5,1,0,-1,-,-,FIGHT"
2026-06-18T01:35:00.000-04:00,"2026-6-18 1:35,2970.4,2970.84,2970.4,2970.69,0,0,0,-1,-,-,neutral"
2026-06-18T01:40:00.000-04:00,"2026-6-18 1:40,2970.4,2970.83,2970.4,2970.67,0,0,0,-1,-,-,neutral"
2026-06-18T01:45:00.000-04:00,"2026-6-18 1:45,2969.3,2970.41,2970.32,2970.62,0,0,0,-1,-,-,neutral"
2026-06-18T01:50:00.000-04:00,"2026-6-18 1:50,2968.3,2969.72,2970.16,2970.53,-7,-1,0,-1,S,-,tide_only"
2026-06-18T01:55:00.000-04:00,"2026-6-18 1:55,2969.2,2969.54,2970.09,2970.48,-5,-1,-1,-1,-,-,RIDE_both"
2026-06-18T02:00:00.000-04:00,"2026-6-18 2:00,2970.1,2969.74,2970.09,2970.46,0,0,-1,-1,-,-,neutral"
2026-06-18T02:05:00.000-04:00,"2026-6-18 2:05,2967.5,2968.93,2969.89,2970.35,-7,-1,-1,-1,-,-,RIDE_both"
2026-06-18T02:10:00.000-04:00,"2026-6-18 2:10,2969.1,2968.93,2969.83,2970.3,0,0,-1,-1,-,-,neutral"
2026-06-18T02:15:00.000-04:00,"2026-6-18 2:15,2966.8,2968.09,2969.6,2970.16,-7,-1,-1,-1,-,-,RIDE_both"
2026-06-18T02:20:00.000-04:00,"2026-6-18 2:20,2968.4,2968.08,2969.5,2970.09,0,0,-1,-1,-,-,neutral"
2026-06-18T02:25:00.000-04:00,"2026-6-18 2:25,2970.3,2968.79,2969.56,2970.1,0,0,0,-1,-,-,neutral"
2026-06-18T02:30:00.000-04:00,"2026-6-18 2:30,2968.3,2968.58,2969.47,2970.03,-7,-1,0,-1,-,-,tide_only"
2026-06-18T02:35:00.000-04:00,"2026-6-18 2:35,2967.4,2968.1,2969.31,2969.93,-7,-1,0,-1,-,-,tide_only"
2026-06-18T02:40:00.000-04:00,"2026-6-18 2:40,2968.3,2968.09,2969.23,2969.86,0,0,-1,-1,-,-,neutral"
2026-06-18T02:45:00.000-04:00,"2026-6-18 2:45,2971.2,2969.17,2969.38,2969.91,3,1,-1,-1,B,-,FIGHT"
2026-06-18T02:50:00.000-04:00,"2026-6-18 2:50,2970.4,2969.67,2969.46,2969.93,5,1,-1,-1,-,-,FIGHT"
2026-06-18T02:55:00.000-04:00,"2026-6-18 2:55,2974.2,2971.44,2969.82,2970.1,5,1,1,0,-,-,wave_only"
2026-06-18T03:00:00.000-04:00,"2026-6-18 3:00,2974.2,2972.72,2970.16,2970.26,7,1,1,0,-,-,wave_only"
2026-06-18T03:05:00.000-04:00,"2026-6-18 3:05,2975.1,2973.96,2970.54,2970.45,5,1,1,0,-,-,wave_only"
2026-06-18T03:10:00.000-04:00,"2026-6-18 3:10,2972.7,2973.94,2970.71,2970.54,0,0,1,0,-,-,neutral"
2026-06-18T03:15:00.000-04:00,"2026-6-18 3:15,2974.7,2974.62,2971.01,2970.7,7,1,1,0,-,-,wave_only"
2026-06-18T03:20:00.000-04:00,"2026-6-18 3:20,2977,2975.92,2971.47,2970.95,7,1,1,0,-,-,wave_only"
2026-06-18T03:25:00.000-04:00,"2026-6-18 3:25,2979.6,2977.78,2972.1,2971.29,5,1,1,0,-,-,wave_only"
2026-06-18T03:30:00.000-04:00,"2026-6-18 3:30,2977.1,2978.16,2972.48,2971.52,0,0,1,0,-,-,neutral"
2026-06-18T03:35:00.000-04:00,"2026-6-18 3:35,2978.3,2978.81,2972.93,2971.78,7,0,1,0,-,-,neutral"
2026-06-18T03:40:00.000-04:00,"2026-6-18 3:40,2978.5,2979.29,2973.36,2972.05,0,0,1,0,-,-,neutral"
2026-06-18T03:45:00.000-04:00,"2026-6-18 3:45,2978.1,2979.41,2973.72,2972.28,0,0,1,0,-,-,neutral"
2026-06-18T03:50:00.000-04:00,"2026-6-18 3:50,2976.7,2978.92,2973.95,2972.46,0,0,1,0,-,-,neutral"
2026-06-18T03:55:00.000-04:00,"2026-6-18 3:55,2978.3,2979.09,2974.29,2972.69,0,0,1,1,-,-,neutral"
2026-06-18T04:00:00.000-04:00,"2026-6-18 4:00,2978.4,2979.2,2974.6,2972.91,0,0,1,1,-,-,neutral"
2026-06-18T04:05:00.000-04:00,"2026-6-18 4:05,2980.2,2979.9,2975.03,2973.2,7,1,1,1,-,-,RIDE_both"
2026-06-18T04:10:00.000-04:00,"2026-6-18 4:10,2977.8,2979.47,2975.25,2973.38,0,0,1,1,-,-,neutral"
2026-06-18T04:15:00.000-04:00,"2026-6-18 4:15,2976.7,2978.7,2975.36,2973.51,0,0,1,1,-,-,neutral"
2026-06-18T04:20:00.000-04:00,"2026-6-18 4:20,2973.8,2977.03,2975.24,2973.52,0,0,1,1,-,-,neutral"
2026-06-18T04:25:00.000-04:00,"2026-6-18 4:25,2973,2975.49,2975.07,2973.5,-3,-1,0,1,S,-,FIGHT"
2026-06-18T04:30:00.000-04:00,"2026-6-18 4:30,2973.7,2974.62,2974.96,2973.51,-5,-1,0,1,-,-,FIGHT"
2026-06-18T04:35:00.000-04:00,"2026-6-18 4:35,2974,2974.11,2974.89,2973.53,-5,-1,0,1,-,-,FIGHT"
2026-06-18T04:40:00.000-04:00,"2026-6-18 4:40,2973.6,2973.61,2974.79,2973.53,-5,-1,0,1,-,-,FIGHT"
2026-06-18T04:45:00.000-04:00,"2026-6-18 4:45,2973.4,2973.2,2974.68,2973.52,-5,-1,0,1,-,-,FIGHT"
2026-06-18T04:50:00.000-04:00,"2026-6-18 4:50,2971.4,2972.18,2974.43,2973.44,-5,-1,0,1,-,-,FIGHT"
2026-06-18T04:55:00.000-04:00,"2026-6-18 4:55,2968,2970.22,2973.93,2973.23,-5,-1,0,-1,-,-,tide_only"
2026-06-18T05:00:00.000-04:00,"2026-6-18 5:00,2969.9,2969.53,2973.62,2973.1,-5,-1,0,-1,-,-,tide_only"
2026-06-18T05:05:00.000-04:00,"2026-6-18 5:05,2971.7,2969.75,2973.48,2973.04,0,0,0,-1,-,-,neutral"
2026-06-18T05:10:00.000-04:00,"2026-6-18 5:10,2972,2970.09,2973.36,2973,0,0,0,-1,-,-,neutral"
2026-06-18T05:15:00.000-04:00,"2026-6-18 5:15,2973.3,2970.86,2973.36,2973.01,0,0,0,-1,-,-,neutral"
2026-06-18T05:20:00.000-04:00,"2026-6-18 5:20,2974.4,2971.88,2973.44,2973.07,0,0,0,-1,-,-,neutral"
2026-06-18T05:25:00.000-04:00,"2026-6-18 5:25,2974.9,2972.85,2973.55,2973.14,0,0,1,-1,-,-,neutral"
2026-06-18T05:30:00.000-04:00,"2026-6-18 5:30,2974.9,2973.57,2973.65,2973.21,7,0,1,-1,-,-,neutral"
2026-06-18T05:35:00.000-04:00,"2026-6-18 5:35,2976.8,2974.8,2973.9,2973.35,7,1,1,-1,B,-,wave_only"
2026-06-18T05:40:00.000-04:00,"2026-6-18 5:40,2977.5,2975.96,2974.17,2973.51,7,1,1,-1,-,-,wave_only"
2026-06-18T05:45:00.000-04:00,"2026-6-18 5:45,2978.9,2977.31,2974.54,2973.72,7,1,1,-1,-,-,wave_only"
2026-06-18T05:50:00.000-04:00,"2026-6-18 5:50,2978.9,2978.27,2974.87,2973.93,7,1,1,-1,-,-,wave_only"
2026-06-18T05:55:00.000-04:00,"2026-6-18 5:55,2979,2978.96,2975.19,2974.12,7,1,1,1,-,-,RIDE_both"
2026-06-18T06:00:00.000-04:00,"2026-6-18 6:00,2977.1,2978.72,2975.34,2974.24,0,0,1,1,-,-,neutral"
2026-06-18T06:05:00.000-04:00,"2026-6-18 6:05,2976.4,2978.24,2975.42,2974.33,0,0,1,1,-,-,neutral"
2026-06-18T06:10:00.000-04:00,"2026-6-18 6:10,2977.8,2978.36,2975.6,2974.46,0,0,1,1,-,-,neutral"
2026-06-18T06:15:00.000-04:00,"2026-6-18 6:15,2977.9,2978.45,2975.78,2974.6,0,0,1,1,-,-,neutral"
2026-06-18T06:20:00.000-04:00,"2026-6-18 6:20,2977.3,2978.27,2975.9,2974.7,0,0,1,1,-,-,neutral"
2026-06-18T06:25:00.000-04:00,"2026-6-18 6:25,2977.5,2978.18,2976.02,2974.81,0,0,1,1,-,-,neutral"
2026-06-18T06:30:00.000-04:00,"2026-6-18 6:30,2976.6,2977.75,2976.06,2974.88,0,0,1,1,-,-,neutral"
2026-06-18T06:35:00.000-04:00,"2026-6-18 6:35,2976.5,2977.39,2976.1,2974.95,0,0,1,1,-,-,neutral"
2026-06-18T06:40:00.000-04:00,"2026-6-18 6:40,2975.8,2976.84,2976.07,2974.98,0,0,0,1,-,-,neutral"
2026-06-18T06:45:00.000-04:00,"2026-6-18 6:45,2976.6,2976.73,2976.12,2975.04,-3,0,0,1,-,-,neutral"
2026-06-18T06:50:00.000-04:00,"2026-6-18 6:50,2976.5,2976.62,2976.14,2975.1,-3,0,0,1,-,-,neutral"
2026-06-18T06:55:00.000-04:00,"2026-6-18 6:55,2977,2976.71,2976.21,2975.17,7,1,1,1,-,-,RIDE_both"
2026-06-18T07:00:00.000-04:00,"2026-6-18 7:00,2977.6,2977.01,2976.32,2975.27,7,1,1,1,-,-,RIDE_both"
2026-06-18T07:05:00.000-04:00,"2026-6-18 7:05,2972.4,2975.3,2976.02,2975.16,-5,-1,1,1,S,-,FIGHT"
2026-06-18T07:10:00.000-04:00,"2026-6-18 7:10,2972.6,2974.12,2975.75,2975.06,-5,-1,0,1,-,-,FIGHT"
2026-06-18T07:15:00.000-04:00,"2026-6-18 7:15,2969.3,2972.06,2975.26,2974.83,-5,-1,0,1,-,-,FIGHT"
2026-06-18T07:20:00.000-04:00,"2026-6-18 7:20,2967.7,2969.99,2974.68,2974.55,-5,-1,0,1,-,-,FIGHT"
2026-06-18T07:25:00.000-04:00,"2026-6-18 7:25,2970.3,2969.49,2974.34,2974.39,-3,-1,-1,1,-,-,wave_only"
2026-06-18T07:30:00.000-04:00,"2026-6-18 7:30,2968.8,2968.64,2973.91,2974.17,-3,-1,-1,1,-,-,wave_only"
2026-06-18T07:35:00.000-04:00,"2026-6-18 7:35,2967.8,2967.71,2973.44,2973.92,-3,-1,-1,1,-,-,wave_only"
2026-06-18T07:40:00.000-04:00,"2026-6-18 7:40,2967.9,2967.14,2973.02,2973.68,-3,-1,-1,1,-,-,wave_only"
2026-06-18T07:45:00.000-04:00,"2026-6-18 7:45,2967.5,2966.65,2972.59,2973.44,0,0,-1,1,-,-,neutral"
2026-06-18T07:50:00.000-04:00,"2026-6-18 7:50,2969.5,2967.11,2972.35,2973.28,0,0,-1,1,-,-,neutral"
2026-06-18T07:55:00.000-04:00,"2026-6-18 7:55,2970.4,2967.84,2972.2,2973.17,0,0,-1,0,-,-,neutral"
2026-06-18T08:00:00.000-04:00,"2026-6-18 8:00,2968.8,2967.85,2971.94,2973,0,0,-1,0,-,-,neutral"
2026-06-18T08:05:00.000-04:00,"2026-6-18 8:05,2967.4,2967.38,2971.59,2972.78,-3,-1,-1,0,-,-,wave_only"
2026-06-18T08:10:00.000-04:00,"2026-6-18 8:10,2969.7,2967.93,2971.45,2972.66,0,0,-1,0,-,-,neutral"
2026-06-18T08:15:00.000-04:00,"2026-6-18 8:15,2973.6,2969.82,2971.61,2972.7,0,0,-1,0,-,-,neutral"
2026-06-18T08:20:00.000-04:00,"2026-6-18 8:20,2976.1,2972.15,2971.96,2972.83,5,1,-1,0,B,-,FIGHT"
2026-06-18T08:25:00.000-04:00,"2026-6-18 8:25,2979.3,2975.05,2972.52,2973.08,5,1,0,0,-,-,FIGHT"
2026-06-18T08:30:00.000-04:00,"2026-6-18 8:30,2977.3,2976.4,2972.89,2973.25,5,1,0,0,-,-,FIGHT"
2026-06-18T08:35:00.000-04:00,"2026-6-18 8:35,2977.9,2977.56,2973.28,2973.43,7,1,0,0,-,-,FIGHT"
2026-06-18T08:40:00.000-04:00,"2026-6-18 8:40,2979.4,2978.9,2973.75,2973.66,5,1,1,0,-,-,wave_only"
2026-06-18T08:45:00.000-04:00,"2026-6-18 8:45,2981.6,2980.63,2974.35,2973.98,7,1,1,0,-,-,wave_only"
2026-06-18T08:50:00.000-04:00,"2026-6-18 8:50,2981.8,2981.89,2974.92,2974.28,5,1,1,0,-,-,wave_only"
2026-06-18T08:55:00.000-04:00,"2026-6-18 8:55,2981.9,2982.75,2975.46,2974.58,5,0,1,1,-,-,neutral"
2026-06-18T09:00:00.000-04:00,"2026-6-18 9:00,2980,2982.58,2975.81,2974.79,0,0,1,1,-,-,neutral"
2026-06-18T09:05:00.000-04:00,"2026-6-18 9:05,2982.3,2983.22,2976.31,2975.09,3,1,1,1,-,-,RIDE_both"
2026-06-18T09:10:00.000-04:00,"2026-6-18 9:10,2981.5,2983.3,2976.71,2975.34,0,0,1,1,-,-,neutral"
2026-06-18T09:15:00.000-04:00,"2026-6-18 9:15,2982.1,2983.5,2977.12,2975.6,0,0,1,1,-,-,neutral"
2026-06-18T09:20:00.000-04:00,"2026-6-18 9:20,2984,2984.27,2977.65,2975.93,7,0,1,1,-,-,neutral"
2026-06-18T09:25:00.000-04:00,"2026-6-18 9:25,2988.7,2986.5,2978.5,2976.43,7,1,1,1,-,-,RIDE_both"
2026-06-18T09:30:00.000-04:00,"2026-6-18 9:30,2985.7,2986.94,2979.06,2976.8,0,0,1,1,-,-,neutral"
2026-06-18T09:35:00.000-04:00,"2026-6-18 9:35,2980.2,2985.13,2979.14,2976.93,0,0,1,1,-,-,neutral"
2026-06-18T09:40:00.000-04:00,"2026-6-18 9:40,2974.9,2981.77,2978.82,2976.85,0,0,0,1,-,-,neutral"
2026-06-18T09:45:00.000-04:00,"2026-6-18 9:45,2978.3,2980.51,2978.78,2976.91,0,0,0,1,-,-,neutral"
2026-06-18T09:50:00.000-04:00,"2026-6-18 9:50,2974.3,2978.1,2978.43,2976.81,-5,-1,0,1,S,-,FIGHT"
2026-06-18T09:55:00.000-04:00,"2026-6-18 9:55,2972.7,2975.75,2977.99,2976.65,-5,-1,0,0,-,-,FIGHT"
2026-06-18T10:00:00.000-04:00,"2026-6-18 10:00,2968.8,2972.61,2977.28,2976.34,-5,-1,0,0,-,-,FIGHT"
2026-06-18T10:05:00.000-04:00,"2026-6-18 10:05,2972.7,2971.82,2976.93,2976.2,-5,-1,0,0,-,-,FIGHT"
2026-06-18T10:10:00.000-04:00,"2026-6-18 10:10,2960.1,2966.66,2975.64,2975.56,-7,-1,-1,0,-,-,wave_only"
2026-06-18T10:15:00.000-04:00,"2026-6-18 10:15,2968.7,2966.16,2975.1,2975.29,-5,0,-1,0,-,-,neutral"
2026-06-18T10:20:00.000-04:00,"2026-6-18 10:20,2974.8,2968.19,2975.08,2975.28,0,0,-1,0,-,-,neutral"
2026-06-18T10:25:00.000-04:00,"2026-6-18 10:25,2969.8,2967.94,2974.67,2975.06,-3,-1,-1,0,-,-,wave_only"
2026-06-18T10:30:00.000-04:00,"2026-6-18 10:30,2976,2970.15,2974.78,2975.1,0,0,-1,0,-,-,neutral"
2026-06-18T10:35:00.000-04:00,"2026-6-18 10:35,2975.6,2971.7,2974.84,2975.12,0,0,-1,0,-,-,neutral"
2026-06-18T10:40:00.000-04:00,"2026-6-18 10:40,2976.1,2973.07,2974.94,2975.16,0,0,0,0,-,-,neutral"
2026-06-18T10:45:00.000-04:00,"2026-6-18 10:45,2982.5,2976.47,2975.52,2975.44,7,1,0,0,B,-,FIGHT"
2026-06-18T10:50:00.000-04:00,"2026-6-18 10:50,2982.3,2978.89,2976.04,2975.71,7,1,0,0,-,-,FIGHT"
2026-06-18T10:55:00.000-04:00,"2026-6-18 10:55,2985.2,2981.71,2976.74,2976.08,7,1,1,1,-,-,RIDE_both"
2026-06-18T11:00:00.000-04:00,"2026-6-18 11:00,2984.2,2983.35,2977.32,2976.4,7,1,1,1,-,-,RIDE_both"
2026-06-18T11:05:00.000-04:00,"2026-6-18 11:05,2980.8,2983.21,2977.59,2976.58,0,0,1,1,-,-,neutral"
2026-06-18T11:10:00.000-04:00,"2026-6-18 11:10,2980.6,2982.95,2977.82,2976.73,0,0,1,1,-,-,neutral"
2026-06-18T11:15:00.000-04:00,"2026-6-18 11:15,2979.2,2982.17,2977.92,2976.83,0,0,1,1,-,-,neutral"
2026-06-18T11:20:00.000-04:00,"2026-6-18 11:20,2979.1,2981.5,2978.01,2976.92,0,0,1,1,-,-,neutral"
2026-06-18T11:25:00.000-04:00,"2026-6-18 11:25,2976.8,2980.1,2977.92,2976.91,0,0,0,1,-,-,neutral"
2026-06-18T11:30:00.000-04:00,"2026-6-18 11:30,2980.2,2980.3,2978.1,2977.04,7,0,0,1,-,-,neutral"
2026-06-18T11:35:00.000-04:00,"2026-6-18 11:35,2974.8,2978.42,2977.84,2976.96,-5,-1,0,1,S,-,FIGHT"
2026-06-18T11:40:00.000-04:00,"2026-6-18 11:40,2978,2978.22,2977.85,2977,-5,0,0,1,-,-,neutral"
2026-06-18T11:45:00.000-04:00,"2026-6-18 11:45,2978.4,2978.22,2977.9,2977.05,0,0,0,1,-,-,neutral"
2026-06-18T11:50:00.000-04:00,"2026-6-18 11:50,2981.4,2979.33,2978.17,2977.22,7,1,0,1,B,-,tide_only"
2026-06-18T11:55:00.000-04:00,"2026-6-18 11:55,2981.8,2980.29,2978.45,2977.4,7,1,1,1,-,-,RIDE_both"
2026-06-18T12:00:00.000-04:00,"2026-6-18 12:00,2982.8,2981.36,2978.78,2977.61,7,1,1,1,-,-,RIDE_both"
2026-06-18T12:05:00.000-04:00,"2026-6-18 12:05,2984.6,2982.78,2979.23,2977.89,7,1,1,1,-,-,RIDE_both"
2026-06-18T12:10:00.000-04:00,"2026-6-18 12:10,2985.1,2983.97,2979.68,2978.17,7,1,1,1,-,-,RIDE_both"
2026-06-18T12:15:00.000-04:00,"2026-6-18 12:15,2983,2984.03,2979.94,2978.36,3,1,1,1,-,-,RIDE_both"
2026-06-18T12:20:00.000-04:00,"2026-6-18 12:20,2984.2,2984.46,2980.26,2978.59,3,1,1,1,-,-,RIDE_both"
2026-06-18T12:25:00.000-04:00,"2026-6-18 12:25,2984.6,2984.88,2980.6,2978.82,3,1,1,1,-,-,RIDE_both"
2026-06-18T12:30:00.000-04:00,"2026-6-18 12:30,2983.4,2984.69,2980.81,2979,0,0,1,1,-,-,neutral"
2026-06-18T12:35:00.000-04:00,"2026-6-18 12:35,2985,2985.11,2981.13,2979.24,3,1,1,1,-,-,RIDE_both"
2026-06-18T12:40:00.000-04:00,"2026-6-18 12:40,2983.9,2984.96,2981.35,2979.42,0,0,1,1,-,-,neutral"
2026-06-18T12:45:00.000-04:00,"2026-6-18 12:45,2983.8,2984.77,2981.54,2979.59,0,0,1,1,-,-,neutral"
2026-06-18T12:50:00.000-04:00,"2026-6-18 12:50,2981.6,2983.79,2981.54,2979.67,0,0,1,1,-,-,neutral"
2026-06-18T12:55:00.000-04:00,"2026-6-18 12:55,2983.1,2983.6,2981.66,2979.81,0,0,1,1,-,-,neutral"
2026-06-18T13:00:00.000-04:00,"2026-6-18 13:00,2984.6,2984,2981.89,2979.99,7,1,1,1,-,-,RIDE_both"
2026-06-18T13:05:00.000-04:00,"2026-6-18 13:05,2987.4,2985.32,2982.31,2980.28,7,1,1,1,-,-,RIDE_both"
2026-06-18T13:10:00.000-04:00,"2026-6-18 13:10,2989.5,2987.04,2982.86,2980.65,7,1,1,1,-,-,RIDE_both"
2026-06-18T13:15:00.000-04:00,"2026-6-18 13:15,2990.4,2988.61,2983.44,2981.03,7,1,1,1,-,-,RIDE_both"
2026-06-18T13:20:00.000-04:00,"2026-6-18 13:20,2987.9,2988.78,2983.79,2981.3,0,0,1,1,-,-,neutral"
2026-06-18T13:25:00.000-04:00,"2026-6-18 13:25,2986.4,2988.29,2983.99,2981.5,0,0,0,1,-,-,neutral"
2026-06-18T13:30:00.000-04:00,"2026-6-18 13:30,2989.6,2989.07,2984.42,2981.82,7,1,0,1,-,-,tide_only"
2026-06-18T13:35:00.000-04:00,"2026-6-18 13:35,2987.6,2988.86,2984.66,2982.04,0,0,0,1,-,-,neutral"
2026-06-18T13:40:00.000-04:00,"2026-6-18 13:40,2989.8,2989.47,2985.06,2982.35,7,1,1,1,-,-,RIDE_both"
2026-06-18T13:45:00.000-04:00,"2026-6-18 13:45,2989.1,2989.62,2985.37,2982.61,0,0,1,1,-,-,neutral"
2026-06-18T13:50:00.000-04:00,"2026-6-18 13:50,2988.5,2989.47,2985.61,2982.84,0,0,1,1,-,-,neutral"
2026-06-18T13:55:00.000-04:00,"2026-6-18 13:55,2989.3,2989.61,2985.89,2983.1,7,0,1,1,-,-,neutral"
2026-06-18T14:00:00.000-04:00,"2026-6-18 14:00,2986.2,2988.54,2985.92,2983.22,0,0,1,1,-,-,neutral"
2026-06-18T14:05:00.000-04:00,"2026-6-18 14:05,2989.2,2988.84,2986.17,2983.45,3,1,1,1,-,-,RIDE_both"
2026-06-18T14:10:00.000-04:00,"2026-6-18 14:10,2987.4,2988.37,2986.27,2983.61,0,0,0,1,-,-,neutral"
2026-06-18T14:15:00.000-04:00,"2026-6-18 14:15,2987.4,2988.01,2986.35,2983.76,0,0,0,1,-,-,neutral"
2026-06-18T14:20:00.000-04:00,"2026-6-18 14:20,2989.6,2988.56,2986.6,2983.98,7,1,0,1,-,-,tide_only"
2026-06-18T14:25:00.000-04:00,"2026-6-18 14:25,2988.3,2988.47,2986.73,2984.15,0,0,0,1,-,-,neutral"
2026-06-18T14:30:00.000-04:00,"2026-6-18 14:30,2989.3,2988.76,2986.93,2984.36,7,1,0,1,-,-,tide_only"
2026-06-18T14:35:00.000-04:00,"2026-6-18 14:35,2987.4,2988.27,2986.97,2984.48,0,0,0,1,-,-,neutral"
2026-06-18T14:40:00.000-04:00,"2026-6-18 14:40,2989.3,2988.6,2987.15,2984.66,7,1,0,1,-,-,tide_only"
2026-06-18T14:45:00.000-04:00,"2026-6-18 14:45,2990.8,2989.4,2987.43,2984.91,7,1,0,1,-,-,tide_only"
2026-06-18T14:50:00.000-04:00,"2026-6-18 14:50,2990.9,2990.01,2987.69,2985.14,7,1,0,1,-,-,tide_only"
2026-06-18T14:55:00.000-04:00,"2026-6-18 14:55,2990.4,2990.26,2987.9,2985.35,7,1,1,1,-,-,RIDE_both"
2026-06-18T15:00:00.000-04:00,"2026-6-18 15:00,2987,2989.17,2987.83,2985.41,0,0,1,1,-,-,neutral"
2026-06-18T15:05:00.000-04:00,"2026-6-18 15:05,2987.2,2988.42,2987.78,2985.48,-3,-1,1,1,S,-,FIGHT"
2026-06-18T15:10:00.000-04:00,"2026-6-18 15:10,2985.4,2987.21,2987.6,2985.48,-5,-1,0,1,-,-,FIGHT"
2026-06-18T15:15:00.000-04:00,"2026-6-18 15:15,2987.7,2987.18,2987.61,2985.57,0,0,0,1,-,-,neutral"
2026-06-18T15:20:00.000-04:00,"2026-6-18 15:20,2986.6,2986.77,2987.53,2985.61,-5,-1,0,1,-,-,FIGHT"
2026-06-18T15:25:00.000-04:00,"2026-6-18 15:25,2987.7,2986.9,2987.54,2985.69,0,0,0,1,-,-,neutral"
2026-06-18T15:30:00.000-04:00,"2026-6-18 15:30,2988,2987.12,2987.58,2985.78,0,0,0,1,-,-,neutral"
2026-06-18T15:35:00.000-04:00,"2026-6-18 15:35,2991.7,2988.67,2987.9,2986.01,7,1,0,1,B,-,tide_only"
2026-06-18T15:40:00.000-04:00,"2026-6-18 15:40,2992.9,2990.25,2988.28,2986.28,7,1,1,1,-,-,RIDE_both"
2026-06-18T15:45:00.000-04:00,"2026-6-18 15:45,2992.3,2991.18,2988.59,2986.52,7,1,1,1,-,-,RIDE_both"
2026-06-18T15:50:00.000-04:00,"2026-6-18 15:50,2997.3,2993.69,2989.26,2986.94,7,1,1,1,-,-,RIDE_both"
2026-06-18T15:55:00.000-04:00,"2026-6-18 15:55,2998,2995.75,2989.93,2987.37,7,1,1,1,-,-,RIDE_both"
2026-06-18T16:00:00.000-04:00,"2026-6-18 16:00,2999.7,2997.83,2990.68,2987.86,7,1,1,1,-,-,RIDE_both"
2026-06-18T16:05:00.000-04:00,"2026-6-18 16:05,2999.5,2999.2,2991.36,2988.31,7,1,1,1,-,-,RIDE_both"
2026-06-18T16:10:00.000-04:00,"2026-6-18 16:10,3000.9,3000.63,2992.1,2988.81,7,1,1,1,-,-,RIDE_both"
2026-06-18T16:15:00.000-04:00,"2026-6-18 16:15,3003.5,3002.54,2992.97,2989.38,7,1,1,1,-,-,RIDE_both"
2026-06-18T16:20:00.000-04:00,"2026-6-18 16:20,3002.1,3003.32,2993.67,2989.88,3,1,1,1,-,-,RIDE_both"
2026-06-18T16:25:00.000-04:00,"2026-6-18 16:25,3002.5,3003.92,2994.35,2990.38,7,0,1,1,-,-,neutral"
2026-06-18T16:30:00.000-04:00,"2026-6-18 16:30,3001.2,3003.77,2994.88,2990.8,0,0,1,1,-,-,neutral"
2026-06-18T16:35:00.000-04:00,"2026-6-18 16:35,3001,3003.48,2995.35,2991.2,0,0,1,1,-,-,neutral"
2026-06-18T16:40:00.000-04:00,"2026-6-18 16:40,3000,3002.8,2995.71,2991.55,0,0,0,1,-,-,neutral"
2026-06-18T16:45:00.000-04:00,"2026-6-18 16:45,2998.4,3001.64,2995.92,2991.82,0,0,0,1,-,-,neutral"
2026-06-18T16:50:00.000-04:00,"2026-6-18 16:50,2997.9,3000.54,2996.07,2992.05,0,0,0,1,-,-,neutral"
2026-06-18T16:55:00.000-04:00,"2026-6-18 16:55,2998.8,3000.02,2996.28,2992.32,0,0,0,1,-,-,neutral"
2026-06-18T18:00:00.000-04:00,"2026-6-18 18:00,3001.4,3000.57,2996.67,2992.67,7,1,0,1,-,-,tide_only"
2026-06-18T18:05:00.000-04:00,"2026-6-18 18:05,2999,3000.07,2996.85,2992.92,0,0,0,1,-,-,neutral"
2026-06-18T18:10:00.000-04:00,"2026-6-18 18:10,2998.4,2999.45,2996.97,2993.14,0,0,0,1,-,-,neutral"
2026-06-18T18:15:00.000-04:00,"2026-6-18 18:15,2996.2,2998.17,2996.91,2993.26,-3,-1,0,1,S,-,FIGHT"
2026-06-18T18:20:00.000-04:00,"2026-6-18 18:20,2993.7,2996.31,2996.66,2993.27,-5,-1,0,1,-,-,FIGHT"
2026-06-18T18:25:00.000-04:00,"2026-6-18 18:25,2995.1,2995.48,2996.54,2993.35,-5,-1,0,1,-,-,FIGHT"
2026-06-18T18:30:00.000-04:00,"2026-6-18 18:30,2994.2,2994.57,2996.36,2993.38,-5,-1,0,1,-,-,FIGHT"
2026-06-18T18:35:00.000-04:00,"2026-6-18 18:35,2992.2,2993.2,2996.04,2993.33,-5,-1,0,1,-,-,FIGHT"
2026-06-18T18:40:00.000-04:00,"2026-6-18 18:40,2992.7,2992.43,2995.79,2993.31,-5,-1,0,1,-,-,FIGHT"
2026-06-18T18:45:00.000-04:00,"2026-6-18 18:45,2993.5,2992.22,2995.61,2993.32,0,0,0,1,-,-,neutral"
2026-06-18T18:50:00.000-04:00,"2026-6-18 18:50,2993.7,2992.2,2995.46,2993.33,0,0,0,1,-,-,neutral"
2026-06-18T18:55:00.000-04:00,"2026-6-18 18:55,2992.9,2991.95,2995.27,2993.31,0,0,0,1,-,-,neutral"
2026-06-18T19:00:00.000-04:00,"2026-6-18 19:00,2992.8,2991.78,2995.08,2993.29,0,0,0,1,-,-,neutral"
2026-06-18T19:05:00.000-04:00,"2026-6-18 19:05,2993.4,2991.93,2994.95,2993.3,0,0,0,1,-,-,neutral"
2026-06-18T19:10:00.000-04:00,"2026-6-18 19:10,2992.5,2991.76,2994.76,2993.27,0,0,0,1,-,-,neutral"
2026-06-18T19:15:00.000-04:00,"2026-6-18 19:15,2992.6,2991.71,2994.59,2993.24,0,0,0,1,-,-,neutral"
2026-06-18T19:20:00.000-04:00,"2026-6-18 19:20,2993.8,2992.16,2994.53,2993.26,0,0,0,1,-,-,neutral"
2026-06-18T19:25:00.000-04:00,"2026-6-18 19:25,2993.8,2992.53,2994.48,2993.28,0,0,-1,1,-,-,neutral"
2026-06-18T19:30:00.000-04:00,"2026-6-18 19:30,2993.3,2992.64,2994.39,2993.28,0,0,-1,1,-,-,neutral"
2026-06-18T19:35:00.000-04:00,"2026-6-18 19:35,2993.9,2992.97,2994.35,2993.31,0,0,-1,1,-,-,neutral"
2026-06-18T19:40:00.000-04:00,"2026-6-18 19:40,2993.2,2992.96,2994.26,2993.3,-5,0,-1,1,-,-,neutral"
2026-06-18T19:45:00.000-04:00,"2026-6-18 19:45,2993.5,2993.09,2994.2,2993.31,0,0,-1,1,-,-,neutral"
2026-06-18T19:50:00.000-04:00,"2026-6-18 19:50,2994.7,2993.63,2994.24,2993.37,0,0,-1,1,-,-,neutral"
2026-06-18T19:55:00.000-04:00,"2026-6-18 19:55,2994.2,2993.86,2994.24,2993.4,0,0,0,0,-,-,neutral"
2026-06-18T20:00:00.000-04:00,"2026-6-18 20:00,2993,2993.58,2994.14,2993.38,-5,-1,0,0,-,-,FIGHT"
2026-06-18T20:05:00.000-04:00,"2026-6-18 20:05,2992.3,2993.12,2994,2993.34,-5,-1,0,0,-,-,FIGHT"
2026-06-18T20:10:00.000-04:00,"2026-6-18 20:10,2989.3,2991.67,2993.64,2993.18,-5,-1,-1,0,-,-,wave_only"
2026-06-18T20:15:00.000-04:00,"2026-6-18 20:15,2991.1,2991.29,2993.44,2993.1,-5,-1,-1,0,-,-,wave_only"
2026-06-18T20:20:00.000-04:00,"2026-6-18 20:20,2989.9,2990.59,2993.17,2992.98,-5,-1,-1,0,-,-,wave_only"
2026-06-18T20:25:00.000-04:00,"2026-6-18 20:25,2989.6,2990,2992.9,2992.84,-5,-1,-1,0,-,-,wave_only"
2026-06-18T20:30:00.000-04:00,"2026-6-18 20:30,2990.1,2989.77,2992.68,2992.74,-5,0,-1,0,-,-,neutral"
2026-06-18T20:35:00.000-04:00,"2026-6-18 20:35,2988.5,2989.05,2992.36,2992.57,-3,-1,-1,0,-,-,wave_only"
2026-06-18T20:40:00.000-04:00,"2026-6-18 20:40,2988.4,2988.52,2992.05,2992.41,-3,-1,-1,0,-,-,wave_only"
2026-06-18T20:45:00.000-04:00,"2026-6-18 20:45,2989.3,2988.5,2991.84,2992.28,0,0,-1,0,-,-,neutral"
2026-06-18T20:50:00.000-04:00,"2026-6-18 20:50,2988.5,2988.23,2991.59,2992.14,0,0,-1,0,-,-,neutral"
2026-06-18T20:55:00.000-04:00,"2026-6-18 20:55,2988.3,2988,2991.33,2991.99,0,0,-1,0,-,-,neutral"
2026-06-18T21:00:00.000-04:00,"2026-6-18 21:00,2989.3,2988.23,2991.18,2991.88,0,0,-1,0,-,-,neutral"
2026-06-18T21:05:00.000-04:00,"2026-6-18 21:05,2986.3,2987.32,2990.8,2991.66,-7,-1,-1,0,-,-,wave_only"
2026-06-18T21:10:00.000-04:00,"2026-6-18 21:10,2985.9,2986.54,2990.42,2991.44,-7,-1,-1,0,-,-,wave_only"
2026-06-18T21:15:00.000-04:00,"2026-6-18 21:15,2987.7,2986.67,2990.21,2991.29,0,0,-1,0,-,-,neutral"
2026-06-18T21:20:00.000-04:00,"2026-6-18 21:20,2986.6,2986.4,2989.94,2991.1,-3,-1,-1,0,-,-,wave_only"
2026-06-18T21:25:00.000-04:00,"2026-6-18 21:25,2986.8,2986.31,2989.7,2990.94,-3,-1,-1,0,-,-,wave_only"
2026-06-18T21:30:00.000-04:00,"2026-6-18 21:30,2986,2985.98,2989.41,2990.74,-3,-1,-1,0,-,-,wave_only"
2026-06-18T21:35:00.000-04:00,"2026-6-18 21:35,2985.7,2985.66,2989.13,2990.54,-7,-1,-1,0,-,-,wave_only"
2026-06-18T21:40:00.000-04:00,"2026-6-18 21:40,2985.4,2985.35,2988.84,2990.34,-3,-1,-1,0,-,-,wave_only"
2026-06-18T21:45:00.000-04:00,"2026-6-18 21:45,2985.7,2985.27,2988.6,2990.16,-3,-1,-1,0,-,-,wave_only"
2026-06-18T21:50:00.000-04:00,"2026-6-18 21:50,2984.3,2984.72,2988.27,2989.93,-7,-1,-1,0,-,-,wave_only"
2026-06-18T21:55:00.000-04:00,"2026-6-18 21:55,2983.8,2984.16,2987.92,2989.69,-7,-1,-1,0,-,-,wave_only"
2026-06-18T22:00:00.000-04:00,"2026-6-18 22:00,2983.8,2983.79,2987.61,2989.46,-7,-1,-1,0,-,-,wave_only"
2026-06-18T22:05:00.000-04:00,"2026-6-18 22:05,2983.4,2983.4,2987.28,2989.22,-7,-1,-1,0,-,-,wave_only"
2026-06-18T22:10:00.000-04:00,"2026-6-18 22:10,2982.8,2982.94,2986.94,2988.97,-7,-1,-1,0,-,-,wave_only"
2026-06-18T22:15:00.000-04:00,"2026-6-18 22:15,2980.9,2981.93,2986.47,2988.65,-7,-1,-1,0,-,-,wave_only"
2026-06-18T22:20:00.000-04:00,"2026-6-18 22:20,2982.9,2981.97,2986.2,2988.43,0,0,-1,0,-,-,neutral"
2026-06-18T22:25:00.000-04:00,"2026-6-18 22:25,2982.7,2981.97,2985.93,2988.2,0,0,-1,0,-,-,neutral"
2026-06-18T22:30:00.000-04:00,"2026-6-18 22:30,2983.3,2982.23,2985.73,2988.01,0,0,-1,0,-,-,neutral"
2026-06-18T22:35:00.000-04:00,"2026-6-18 22:35,2983.6,2982.57,2985.56,2987.84,0,0,-1,0,-,-,neutral"
2026-06-18T22:40:00.000-04:00,"2026-6-18 22:40,2983.9,2982.95,2985.44,2987.68,0,0,0,0,-,-,neutral"
2026-06-18T22:45:00.000-04:00,"2026-6-18 22:45,2982.8,2982.85,2985.23,2987.49,-7,-1,0,0,-,-,FIGHT"
2026-06-18T22:50:00.000-04:00,"2026-6-18 22:50,2982.4,2982.64,2985.01,2987.29,-7,-1,0,0,-,-,FIGHT"
2026-06-18T22:55:00.000-04:00,"2026-6-18 22:55,2982.4,2982.5,2984.81,2987.1,-7,-1,0,0,-,-,FIGHT"
2026-06-18T23:00:00.000-04:00,"2026-6-18 23:00,2982,2982.26,2984.6,2986.9,-7,-1,0,0,-,-,FIGHT"
2026-06-18T23:05:00.000-04:00,"2026-6-18 23:05,2981.4,2981.88,2984.35,2986.68,-7,-1,0,0,-,-,FIGHT"
2026-06-18T23:10:00.000-04:00,"2026-6-18 23:10,2981.1,2981.51,2984.1,2986.47,-7,-1,-1,0,-,-,wave_only"
2026-06-18T23:15:00.000-04:00,"2026-6-18 23:15,2979,2980.48,2983.71,2986.17,-7,-1,-1,0,-,-,wave_only"
2026-06-18T23:20:00.000-04:00,"2026-6-18 23:20,2978.6,2979.6,2983.32,2985.88,-7,-1,-1,0,-,-,wave_only"
2026-06-18T23:25:00.000-04:00,"2026-6-18 23:25,2977.9,2978.72,2982.9,2985.56,-7,-1,-1,0,-,-,wave_only"
2026-06-18T23:30:00.000-04:00,"2026-6-18 23:30,2977.5,2977.97,2982.48,2985.25,-7,-1,-1,0,-,-,wave_only"
2026-06-18T23:35:00.000-04:00,"2026-6-18 23:35,2979.2,2978.1,2982.23,2985.01,0,0,-1,0,-,-,neutral"
2026-06-18T23:40:00.000-04:00,"2026-6-18 23:40,2978.6,2978.01,2981.95,2984.76,-3,-1,-1,0,-,-,wave_only"
2026-06-18T23:45:00.000-04:00,"2026-6-18 23:45,2977.8,2977.68,2981.63,2984.49,-7,-1,-1,0,-,-,wave_only"
2026-06-18T23:50:00.000-04:00,"2026-6-18 23:50,2977.3,2977.3,2981.3,2984.2,-7,-1,-1,0,-,-,wave_only"
2026-06-18T23:55:00.000-04:00,"2026-6-18 23:55,2977.5,2977.13,2981.01,2983.94,-3,-1,0,0,-,-,FIGHT"
2026-06-19T00:00:00.000-04:00,"2026-6-19 0:00,2974.9,2976.08,2980.54,2983.59,-7,-1,0,0,-,-,FIGHT"
2026-06-19T00:05:00.000-04:00,"2026-6-19 0:05,2976.4,2975.9,2980.22,2983.3,-3,-1,0,0,-,-,FIGHT"
2026-06-19T00:10:00.000-04:00,"2026-6-19 0:10,2977.9,2976.37,2980.04,2983.09,0,0,0,0,-,-,neutral"
2026-06-19T00:15:00.000-04:00,"2026-6-19 0:15,2976.6,2976.27,2979.78,2982.84,-3,-1,0,0,-,-,FIGHT"
2026-06-19T00:20:00.000-04:00,"2026-6-19 0:20,2977,2976.37,2979.56,2982.61,0,0,0,0,-,-,neutral"
2026-06-19T00:25:00.000-04:00,"2026-6-19 0:25,2976.8,2976.4,2979.35,2982.38,0,0,0,0,-,-,neutral"
2026-06-19T00:30:00.000-04:00,"2026-6-19 0:30,2973.7,2975.3,2978.92,2982.04,-7,-1,0,0,-,-,FIGHT"
2026-06-19T00:35:00.000-04:00,"2026-6-19 0:35,2973.5,2974.44,2978.5,2981.71,-7,-1,0,0,-,-,FIGHT"
2026-06-19T00:40:00.000-04:00,"2026-6-19 0:40,2972.9,2973.63,2978.07,2981.36,-7,-1,-1,0,-,-,wave_only"
2026-06-19T00:45:00.000-04:00,"2026-6-19 0:45,2972.1,2972.77,2977.61,2981,-7,-1,-1,0,-,-,wave_only"
2026-06-19T00:50:00.000-04:00,"2026-6-19 0:50,2969.8,2971.34,2977.01,2980.56,-7,-1,-1,0,-,-,wave_only"
2026-06-19T00:55:00.000-04:00,"2026-6-19 0:55,2971.1,2970.82,2976.55,2980.19,-7,0,-1,-1,-,-,neutral"
2026-06-19T01:00:00.000-04:00,"2026-6-19 1:00,2971.2,2970.53,2976.14,2979.83,0,0,-1,-1,-,-,neutral"
2026-06-19T01:05:00.000-04:00,"2026-6-19 1:05,2971.1,2970.35,2975.75,2979.49,0,0,-1,-1,-,-,neutral"
2026-06-19T01:10:00.000-04:00,"2026-6-19 1:10,2972.3,2970.71,2975.49,2979.21,0,0,0,-1,-,-,neutral"
2026-06-19T01:15:00.000-04:00,"2026-6-19 1:15,2971,2970.54,2975.14,2978.89,-3,-1,0,-1,-,-,tide_only"
2026-06-19T01:20:00.000-04:00,"2026-6-19 1:20,2970.4,2970.24,2974.78,2978.56,-3,-1,0,-1,-,-,tide_only"
2026-06-19T01:25:00.000-04:00,"2026-6-19 1:25,2972.2,2970.72,2974.58,2978.31,0,0,0,-1,-,-,neutral"
2026-06-19T01:30:00.000-04:00,"2026-6-19 1:30,2971.3,2970.78,2974.33,2978.03,0,0,0,-1,-,-,neutral"
2026-06-19T01:35:00.000-04:00,"2026-6-19 1:35,2970.7,2970.63,2974.05,2977.74,-7,-1,0,-1,-,-,tide_only"
2026-06-19T01:40:00.000-04:00,"2026-6-19 1:40,2969.6,2970.14,2973.71,2977.42,-7,-1,-1,-1,-,-,RIDE_both"
2026-06-19T01:45:00.000-04:00,"2026-6-19 1:45,2972.1,2970.73,2973.58,2977.22,0,0,-1,-1,-,-,neutral"
2026-06-19T01:50:00.000-04:00,"2026-6-19 1:50,2973.3,2971.63,2973.56,2977.06,3,1,-1,-1,B,-,FIGHT"
2026-06-19T01:55:00.000-04:00,"2026-6-19 1:55,2974.8,2972.86,2973.66,2976.97,3,1,0,-1,-,-,FIGHT"
2026-06-19T02:00:00.000-04:00,"2026-6-19 2:00,2975.6,2974.06,2973.81,2976.92,5,1,0,-1,-,-,FIGHT"
2026-06-19T02:05:00.000-04:00,"2026-6-19 2:05,2975.3,2974.81,2973.92,2976.86,5,1,0,-1,-,-,FIGHT"
2026-06-19T02:10:00.000-04:00,"2026-6-19 2:10,2975.8,2975.52,2974.07,2976.81,5,1,0,-1,-,-,FIGHT"
2026-06-19T02:15:00.000-04:00,"2026-6-19 2:15,2975.6,2975.93,2974.18,2976.77,5,1,0,-1,-,-,FIGHT"
2026-06-19T02:20:00.000-04:00,"2026-6-19 2:20,2977.2,2976.79,2974.42,2976.78,5,1,0,-1,-,-,FIGHT"
2026-06-19T02:25:00.000-04:00,"2026-6-19 2:25,2978.7,2977.94,2974.75,2976.86,5,1,0,-1,-,-,FIGHT"
2026-06-19T02:30:00.000-04:00,"2026-6-19 2:30,2978.1,2978.51,2975,2976.91,5,1,0,-1,-,-,FIGHT"
2026-06-19T02:35:00.000-04:00,"2026-6-19 2:35,2977.8,2978.76,2975.22,2976.94,0,0,0,-1,-,-,neutral"
2026-06-19T02:40:00.000-04:00,"2026-6-19 2:40,2978.8,2979.26,2975.49,2977.02,3,1,0,-1,-,-,FIGHT"
2026-06-19T02:45:00.000-04:00,"2026-6-19 2:45,2979.7,2979.91,2975.82,2977.12,3,1,0,-1,-,-,FIGHT"
2026-06-19T02:50:00.000-04:00,"2026-6-19 2:50,2980.9,2980.77,2976.21,2977.27,5,1,0,-1,-,-,FIGHT"
2026-06-19T02:55:00.000-04:00,"2026-6-19 2:55,2981.3,2981.49,2976.6,2977.43,3,1,1,0,-,-,wave_only"
2026-06-19T03:00:00.000-04:00,"2026-6-19 3:00,2983.6,2982.81,2977.14,2977.67,5,1,1,0,-,-,wave_only"
2026-06-19T03:05:00.000-04:00,"2026-6-19 3:05,2983.7,2983.74,2977.64,2977.91,5,1,1,0,-,-,wave_only"
2026-06-19T03:10:00.000-04:00,"2026-6-19 3:10,2985.4,2984.98,2978.24,2978.2,5,1,1,0,-,-,wave_only"
2026-06-19T03:15:00.000-04:00,"2026-6-19 3:15,2985.5,2985.85,2978.8,2978.49,3,1,1,0,-,-,wave_only"
2026-06-19T03:20:00.000-04:00,"2026-6-19 3:20,2985.4,2986.36,2979.31,2978.76,0,0,1,0,-,-,neutral"
2026-06-19T03:25:00.000-04:00,"2026-6-19 3:25,2986.9,2987.21,2979.89,2979.08,5,1,1,0,-,-,wave_only"
2026-06-19T03:30:00.000-04:00,"2026-6-19 3:30,2987.6,2988.01,2980.48,2979.41,7,1,1,0,-,-,wave_only"
2026-06-19T03:35:00.000-04:00,"2026-6-19 3:35,2988.2,2988.73,2981.08,2979.76,7,1,1,0,-,-,wave_only"
2026-06-19T03:40:00.000-04:00,"2026-6-19 3:40,2987.3,2988.84,2981.56,2980.05,0,0,1,0,-,-,neutral"
2026-06-19T03:45:00.000-04:00,"2026-6-19 3:45,2987.1,2988.76,2981.98,2980.33,0,0,1,0,-,-,neutral"
2026-06-19T03:50:00.000-04:00,"2026-6-19 3:50,2988.1,2989,2982.45,2980.63,0,0,1,0,-,-,neutral"
2026-06-19T03:55:00.000-04:00,"2026-6-19 3:55,2990.6,2990.03,2983.08,2981.02,7,1,1,0,-,-,wave_only"
2026-06-19T04:00:00.000-04:00,"2026-6-19 4:00,2990.3,2990.61,2983.63,2981.39,0,0,1,0,-,-,neutral"
2026-06-19T04:05:00.000-04:00,"2026-6-19 4:05,2990.9,2991.19,2984.19,2981.76,7,1,1,0,-,-,wave_only"
2026-06-19T04:10:00.000-04:00,"2026-6-19 4:10,2992.4,2992.1,2984.82,2982.18,7,1,1,0,-,-,wave_only"
2026-06-19T04:15:00.000-04:00,"2026-6-19 4:15,2993.8,2993.21,2985.52,2982.63,7,1,1,0,-,-,wave_only"
2026-06-19T04:20:00.000-04:00,"2026-6-19 4:20,2993.6,2993.88,2986.14,2983.06,7,1,1,0,-,-,wave_only"
2026-06-19T04:25:00.000-04:00,"2026-6-19 4:25,2994.5,2994.63,2986.78,2983.51,7,1,1,0,-,-,wave_only"
2026-06-19T04:30:00.000-04:00,"2026-6-19 4:30,2992.7,2994.43,2987.24,2983.87,0,0,1,0,-,-,neutral"
2026-06-19T04:35:00.000-04:00,"2026-6-19 4:35,2994.3,2994.81,2987.78,2984.28,7,0,1,0,-,-,neutral"
2026-06-19T04:40:00.000-04:00,"2026-6-19 4:40,2994.8,2995.2,2988.32,2984.69,7,0,1,0,-,-,neutral"
2026-06-19T04:45:00.000-04:00,"2026-6-19 4:45,2995.8,2995.8,2988.89,2985.13,7,1,1,0,-,-,wave_only"
2026-06-19T04:50:00.000-04:00,"2026-6-19 4:50,2994.5,2995.69,2989.33,2985.5,0,0,1,0,-,-,neutral"
2026-06-19T04:55:00.000-04:00,"2026-6-19 4:55,2994.6,2995.59,2989.73,2985.85,0,0,1,1,-,-,neutral"
2026-06-19T05:00:00.000-04:00,"2026-6-19 5:00,2993.8,2995.17,2990.04,2986.17,0,0,1,1,-,-,neutral"
2026-06-19T05:05:00.000-04:00,"2026-6-19 5:05,2992.6,2994.38,2990.24,2986.42,0,0,1,1,-,-,neutral"
2026-06-19T05:10:00.000-04:00,"2026-6-19 5:10,2994,2994.28,2990.53,2986.71,0,0,0,1,-,-,neutral"
2026-06-19T05:15:00.000-04:00,"2026-6-19 5:15,2994.6,2994.41,2990.84,2987.02,7,1,0,1,-,-,tide_only"
2026-06-19T05:20:00.000-04:00,"2026-6-19 5:20,2993.3,2994,2991.03,2987.27,0,0,0,1,-,-,neutral"
2026-06-19T05:25:00.000-04:00,"2026-6-19 5:25,2992,2993.21,2991.11,2987.46,0,0,0,1,-,-,neutral"
2026-06-19T05:30:00.000-04:00,"2026-6-19 5:30,2994.2,2993.44,2991.34,2987.72,7,1,0,1,-,-,tide_only"
2026-06-19T05:35:00.000-04:00,"2026-6-19 5:35,2995.1,2993.94,2991.63,2988.01,7,1,0,1,-,-,tide_only"
2026-06-19T05:40:00.000-04:00,"2026-6-19 5:40,2994.6,2994.11,2991.86,2988.27,7,1,0,1,-,-,tide_only"
2026-06-19T05:45:00.000-04:00,"2026-6-19 5:45,2993.2,2993.72,2991.96,2988.46,0,0,0,1,-,-,neutral"
2026-06-19T05:50:00.000-04:00,"2026-6-19 5:50,2993.5,2993.54,2992.08,2988.66,-3,-1,0,1,S,-,FIGHT"
2026-06-19T05:55:00.000-04:00,"2026-6-19 5:55,2992.1,2992.89,2992.08,2988.79,-3,-1,0,1,-,-,FIGHT"
2026-06-19T06:00:00.000-04:00,"2026-6-19 6:00,2990.2,2991.71,2991.94,2988.85,-5,-1,0,1,-,-,FIGHT"
2026-06-19T06:05:00.000-04:00,"2026-6-19 6:05,2990.5,2990.97,2991.83,2988.91,-5,-1,0,1,-,-,FIGHT"
2026-06-19T06:10:00.000-04:00,"2026-6-19 6:10,2990.7,2990.54,2991.74,2988.98,-5,-1,0,1,-,-,FIGHT"
2026-06-19T06:15:00.000-04:00,"2026-6-19 6:15,2989.7,2989.87,2991.58,2989.01,-5,-1,0,1,-,-,FIGHT"
2026-06-19T06:20:00.000-04:00,"2026-6-19 6:20,2988.9,2989.13,2991.38,2989.01,-5,-1,0,1,-,-,FIGHT"
2026-06-19T06:25:00.000-04:00,"2026-6-19 6:25,2988.3,2988.4,2991.14,2988.98,-5,-1,0,1,-,-,FIGHT"
2026-06-19T06:30:00.000-04:00,"2026-6-19 6:30,2987.6,2987.65,2990.87,2988.93,-5,-1,0,1,-,-,FIGHT"
2026-06-19T06:35:00.000-04:00,"2026-6-19 6:35,2985.2,2986.26,2990.43,2988.78,-5,-1,0,1,-,-,FIGHT"
2026-06-19T06:40:00.000-04:00,"2026-6-19 6:40,2986.7,2985.85,2990.15,2988.7,-5,-1,0,1,-,-,FIGHT"
2026-06-19T06:45:00.000-04:00,"2026-6-19 6:45,2987.2,2985.8,2989.92,2988.64,0,0,0,1,-,-,neutral"
2026-06-19T06:50:00.000-04:00,"2026-6-19 6:50,2989,2986.49,2989.85,2988.65,0,0,0,1,-,-,neutral"
2026-06-19T06:55:00.000-04:00,"2026-6-19 6:55,2988.2,2986.76,2989.72,2988.64,0,0,0,1,-,-,neutral"
2026-06-19T07:00:00.000-04:00,"2026-6-19 7:00,2986.8,2986.47,2989.5,2988.56,0,0,0,1,-,-,neutral"
2026-06-19T07:05:00.000-04:00,"2026-6-19 7:05,2986.5,2986.19,2989.27,2988.48,0,0,0,1,-,-,neutral"
2026-06-19T07:10:00.000-04:00,"2026-6-19 7:10,2986.4,2985.99,2989.05,2988.4,0,0,-1,1,-,-,neutral"
2026-06-19T07:15:00.000-04:00,"2026-6-19 7:15,2987,2986.1,2988.89,2988.35,0,0,-1,1,-,-,neutral"
2026-06-19T07:20:00.000-04:00,"2026-6-19 7:20,2985.8,2985.77,2988.65,2988.25,-5,-1,-1,1,-,-,wave_only"
2026-06-19T07:25:00.000-04:00,"2026-6-19 7:25,2985,2985.26,2988.37,2988.12,-5,-1,-1,1,-,-,wave_only"
2026-06-19T07:30:00.000-04:00,"2026-6-19 7:30,2986.3,2985.4,2988.21,2988.05,0,0,-1,1,-,-,neutral"
2026-06-19T07:35:00.000-04:00,"2026-6-19 7:35,2986.6,2985.65,2988.09,2987.99,0,0,-1,1,-,-,neutral"
2026-06-19T07:40:00.000-04:00,"2026-6-19 7:40,2986.6,2985.86,2987.97,2987.94,0,0,-1,1,-,-,neutral"
2026-06-19T07:45:00.000-04:00,"2026-6-19 7:45,2986.7,2986.07,2987.87,2987.89,0,0,-1,1,-,-,neutral"
2026-06-19T07:50:00.000-04:00,"2026-6-19 7:50,2984.8,2985.54,2987.64,2987.77,-5,-1,-1,1,-,-,wave_only"
2026-06-19T07:55:00.000-04:00,"2026-6-19 7:55,2986.4,2985.76,2987.54,2987.71,0,0,-1,0,-,-,neutral"
2026-06-19T08:00:00.000-04:00,"2026-6-19 8:00,2985.9,2985.75,2987.42,2987.64,-5,0,-1,0,-,-,neutral"
2026-06-19T08:05:00.000-04:00,"2026-6-19 8:05,2985.7,2985.68,2987.28,2987.57,-3,-1,-1,0,-,-,wave_only"
2026-06-19T08:10:00.000-04:00,"2026-6-19 8:10,2984,2985.02,2987.03,2987.43,-7,-1,-1,0,-,-,wave_only"
2026-06-19T08:15:00.000-04:00,"2026-6-19 8:15,2984,2984.54,2986.8,2987.29,-5,-1,-1,0,-,-,wave_only"
2026-06-19T08:20:00.000-04:00,"2026-6-19 8:20,2983.9,2984.18,2986.58,2987.16,-7,-1,-1,0,-,-,wave_only"
2026-06-19T08:25:00.000-04:00,"2026-6-19 8:25,2982.9,2983.56,2986.29,2986.99,-7,-1,-1,0,-,-,wave_only"
2026-06-19T08:30:00.000-04:00,"2026-6-19 8:30,2983.1,2983.21,2986.05,2986.84,-7,-1,-1,0,-,-,wave_only"
2026-06-19T08:35:00.000-04:00,"2026-6-19 8:35,2981.7,2982.45,2985.71,2986.64,-7,-1,-1,0,-,-,wave_only"
2026-06-19T08:40:00.000-04:00,"2026-6-19 8:40,2983.6,2982.64,2985.55,2986.52,0,0,-1,0,-,-,neutral"
2026-06-19T08:45:00.000-04:00,"2026-6-19 8:45,2982,2982.21,2985.28,2986.34,-7,-1,-1,0,-,-,wave_only"
2026-06-19T08:50:00.000-04:00,"2026-6-19 8:50,2993.9,2986.33,2985.94,2986.64,5,1,-1,0,B,-,FIGHT"
2026-06-19T08:55:00.000-04:00,"2026-6-19 8:55,2994.9,2989.74,2986.63,2986.96,5,1,1,1,-,-,RIDE_both"
2026-06-19T09:00:00.000-04:00,"2026-6-19 9:00,2993.9,2991.83,2987.19,2987.23,5,1,1,1,-,-,RIDE_both"
2026-06-19T09:05:00.000-04:00,"2026-6-19 9:05,2995.7,2993.97,2987.84,2987.57,7,1,1,1,-,-,RIDE_both"
2026-06-19T09:10:00.000-04:00,"2026-6-19 9:10,2995.3,2995.31,2988.42,2987.87,5,1,1,1,-,-,RIDE_both"
2026-06-19T09:15:00.000-04:00,"2026-6-19 9:15,2993.5,2995.53,2988.81,2988.09,0,0,1,1,-,-,neutral"
2026-06-19T09:20:00.000-04:00,"2026-6-19 9:20,2993.8,2995.71,2989.19,2988.31,0,0,1,1,-,-,neutral"
2026-06-19T09:25:00.000-04:00,"2026-6-19 9:25,2995,2996.19,2989.64,2988.58,0,0,1,1,-,-,neutral"
2026-06-19T09:30:00.000-04:00,"2026-6-19 9:30,2993.1,2995.76,2989.91,2988.75,0,0,1,1,-,-,neutral"
2026-06-19T09:35:00.000-04:00,"2026-6-19 9:35,2992.8,2995.25,2990.13,2988.91,0,0,1,1,-,-,neutral"
2026-06-19T09:40:00.000-04:00,"2026-6-19 9:40,2992.3,2994.62,2990.29,2989.04,0,0,1,1,-,-,neutral"
2026-06-19T09:45:00.000-04:00,"2026-6-19 9:45,2994.3,2994.84,2990.6,2989.25,0,0,1,1,-,-,neutral"
2026-06-19T09:50:00.000-04:00,"2026-6-19 9:50,2993.4,2994.63,2990.82,2989.41,0,0,1,1,-,-,neutral"
2026-06-19T09:55:00.000-04:00,"2026-6-19 9:55,2993.1,2994.32,2990.99,2989.56,0,0,0,1,-,-,neutral"
2026-06-19T10:00:00.000-04:00,"2026-6-19 10:00,2992.4,2993.8,2991.1,2989.67,0,0,0,1,-,-,neutral"
2026-06-19T10:05:00.000-04:00,"2026-6-19 10:05,2992.4,2993.38,2991.2,2989.78,0,0,0,1,-,-,neutral"
2026-06-19T10:10:00.000-04:00,"2026-6-19 10:10,2993.2,2993.36,2991.36,2989.91,0,0,0,1,-,-,neutral"
2026-06-19T10:15:00.000-04:00,"2026-6-19 10:15,2995.5,2994.18,2991.67,2990.13,7,1,0,1,-,-,tide_only"
2026-06-19T10:20:00.000-04:00,"2026-6-19 10:20,2994.1,2994.25,2991.86,2990.29,3,1,0,1,-,-,tide_only"
2026-06-19T10:25:00.000-04:00,"2026-6-19 10:25,2996.7,2995.24,2992.23,2990.54,7,1,1,1,-,-,RIDE_both"
2026-06-19T10:30:00.000-04:00,"2026-6-19 10:30,2996.7,2995.94,2992.58,2990.78,7,1,1,1,-,-,RIDE_both"
2026-06-19T10:35:00.000-04:00,"2026-6-19 10:35,2999,2997.28,2993.07,2991.1,7,1,1,1,-,-,RIDE_both"
2026-06-19T10:40:00.000-04:00,"2026-6-19 10:40,2998.7,2998.12,2993.5,2991.4,7,1,1,1,-,-,RIDE_both"
2026-06-19T10:45:00.000-04:00,"2026-6-19 10:45,2999,2998.8,2993.93,2991.7,7,0,1,1,-,-,neutral"
2026-06-19T10:50:00.000-04:00,"2026-6-19 10:50,3000.2,2999.69,2994.41,2992.03,7,1,1,1,-,-,RIDE_both"
2026-06-19T10:55:00.000-04:00,"2026-6-19 10:55,3000.4,3000.36,2994.87,2992.36,7,1,1,1,-,-,RIDE_both"
2026-06-19T11:00:00.000-04:00,"2026-6-19 11:00,2999.5,3000.47,2995.23,2992.64,0,0,1,1,-,-,neutral"
2026-06-19T11:05:00.000-04:00,"2026-6-19 11:05,3000.9,3001.01,2995.66,2992.96,0,0,1,1,-,-,neutral"
2026-06-19T11:10:00.000-04:00,"2026-6-19 11:10,2998.2,3000.35,2995.86,2993.17,0,0,0,1,-,-,neutral"
2026-06-19T11:15:00.000-04:00,"2026-6-19 11:15,2999.1,3000.15,2996.11,2993.4,0,0,0,1,-,-,neutral"
2026-06-19T11:20:00.000-04:00,"2026-6-19 11:20,2998.7,2999.82,2996.31,2993.61,0,0,0,1,-,-,neutral"
2026-06-19T11:25:00.000-04:00,"2026-6-19 11:25,2999.7,2999.91,2996.57,2993.85,0,0,1,1,-,-,neutral"
2026-06-19T11:30:00.000-04:00,"2026-6-19 11:30,2998.8,2999.62,2996.74,2994.04,0,0,1,1,-,-,neutral"
2026-06-19T11:35:00.000-04:00,"2026-6-19 11:35,2997.2,2998.79,2996.77,2994.17,0,0,1,1,-,-,neutral"
2026-06-19T11:40:00.000-04:00,"2026-6-19 11:40,2998,2998.46,2996.87,2994.32,0,0,0,1,-,-,neutral"
2026-06-19T11:45:00.000-04:00,"2026-6-19 11:45,2999.5,2998.77,2997.07,2994.52,7,1,0,1,-,-,tide_only"
2026-06-19T11:50:00.000-04:00,"2026-6-19 11:50,2999.7,2999.07,2997.27,2994.72,7,1,0,1,-,-,tide_only"
2026-06-19T11:55:00.000-04:00,"2026-6-19 11:55,3000.2,2999.47,2997.5,2994.94,7,1,0,1,-,-,tide_only"
2026-06-19T12:00:00.000-04:00,"2026-6-19 12:00,3000.2,2999.75,2997.71,2995.14,7,1,0,1,-,-,tide_only"
2026-06-19T12:05:00.000-04:00,"2026-6-19 12:05,2999.5,2999.69,2997.84,2995.31,0,0,0,1,-,-,neutral"
2026-06-19T12:10:00.000-04:00,"2026-6-19 12:10,2999.9,2999.78,2998,2995.49,7,0,0,1,-,-,neutral"
2026-06-19T12:15:00.000-04:00,"2026-6-19 12:15,3001,3000.25,2998.23,2995.71,7,1,0,1,-,-,tide_only"
2026-06-19T12:20:00.000-04:00,"2026-6-19 12:20,3002,3000.95,2998.52,2995.96,7,1,0,1,-,-,tide_only"
2026-06-19T12:25:00.000-04:00,"2026-6-19 12:25,3002,3001.44,2998.79,2996.19,7,1,0,1,-,-,tide_only"
2026-06-19T12:30:00.000-04:00,"2026-6-19 12:30,3001.8,3001.72,2999.02,2996.41,7,1,0,1,-,-,tide_only"
2026-06-19T12:35:00.000-04:00,"2026-6-19 12:35,3000.3,3001.34,2999.12,2996.57,0,0,0,1,-,-,neutral"
2026-06-19T12:40:00.000-04:00,"2026-6-19 12:40,2999.5,3000.74,2999.15,2996.68,0,0,0,1,-,-,neutral"
2026-06-19T12:45:00.000-04:00,"2026-6-19 12:45,2998.7,2999.99,2999.11,2996.76,-3,-1,0,1,S,-,FIGHT"
2026-06-19T12:50:00.000-04:00,"2026-6-19 12:50,2996.1,2998.48,2998.88,2996.73,-5,-1,0,1,-,-,FIGHT"
2026-06-19T12:55:00.000-04:00,"2026-6-19 12:55,2995.9,2997.3,2998.65,2996.7,-5,-1,0,0,-,-,FIGHT"
2026-06-21T18:00:00.000-04:00,"2026-6-21 18:00,2987.5,2993.35,2997.8,2996.34,-5,-1,0,0,-,-,FIGHT"
2026-06-21T18:05:00.000-04:00,"2026-6-21 18:05,2979.8,2987.65,2996.41,2995.69,-5,-1,0,0,-,-,FIGHT"
2026-06-21T18:10:00.000-04:00,"2026-6-21 18:10,2977.2,2982.61,2994.93,2994.97,-5,-1,-1,0,-,-,wave_only"
2026-06-21T18:15:00.000-04:00,"2026-6-21 18:15,2978.8,2979.64,2993.69,2994.33,-5,-1,-1,0,-,-,wave_only"
2026-06-21T18:20:00.000-04:00,"2026-6-21 18:20,2984,2979.58,2992.95,2993.93,0,0,-1,0,-,-,neutral"
2026-06-21T18:25:00.000-04:00,"2026-6-21 18:25,2983.7,2979.6,2992.24,2993.53,0,0,-1,0,-,-,neutral"
2026-06-21T18:30:00.000-04:00,"2026-6-21 18:30,2982.7,2979.42,2991.5,2993.1,0,0,-1,0,-,-,neutral"
2026-06-21T18:35:00.000-04:00,"2026-6-21 18:35,2982.3,2979.3,2990.79,2992.68,0,0,-1,0,-,-,neutral"
2026-06-21T18:40:00.000-04:00,"2026-6-21 18:40,2984.6,2980.2,2990.32,2992.36,0,0,-1,0,-,-,neutral"
2026-06-21T18:45:00.000-04:00,"2026-6-21 18:45,2986.1,2981.54,2989.99,2992.12,0,0,-1,0,-,-,neutral"
2026-06-21T18:50:00.000-04:00,"2026-6-21 18:50,2985.8,2982.52,2989.67,2991.87,0,0,-1,0,-,-,neutral"
2026-06-21T18:55:00.000-04:00,"2026-6-21 18:55,2983.3,2982.39,2989.18,2991.53,-3,-1,-1,0,-,-,wave_only"
2026-06-21T19:00:00.000-04:00,"2026-6-21 19:00,2979.3,2980.88,2988.42,2991.05,-7,-1,-1,0,-,-,wave_only"
2026-06-21T19:05:00.000-04:00,"2026-6-21 19:05,2979.9,2980.07,2987.77,2990.62,-3,-1,-1,0,-,-,wave_only"
2026-06-21T19:10:00.000-04:00,"2026-6-21 19:10,2977.9,2978.8,2987.01,2990.12,-7,-1,-1,0,-,-,wave_only"
2026-06-21T19:15:00.000-04:00,"2026-6-21 19:15,2978.2,2978.06,2986.33,2989.65,-3,-1,-1,0,-,-,wave_only"
2026-06-21T19:20:00.000-04:00,"2026-6-21 19:20,2979.7,2978.15,2985.82,2989.26,0,0,-1,0,-,-,neutral"
2026-06-21T19:25:00.000-04:00,"2026-6-21 19:25,2977.5,2977.48,2985.18,2988.8,-7,-1,-1,0,-,-,wave_only"
2026-06-21T19:30:00.000-04:00,"2026-6-21 19:30,2976,2976.5,2984.47,2988.3,-7,-1,-1,0,-,-,wave_only"
2026-06-21T19:35:00.000-04:00,"2026-6-21 19:35,2974.4,2975.26,2983.7,2987.75,-7,-1,-1,0,-,-,wave_only"
2026-06-21T19:40:00.000-04:00,"2026-6-21 19:40,2974.7,2974.54,2983.01,2987.24,-7,-1,-1,0,-,-,wave_only"
2026-06-21T19:45:00.000-04:00,"2026-6-21 19:45,2972.3,2973.2,2982.18,2986.65,-7,-1,-1,0,-,-,wave_only"
2026-06-21T19:50:00.000-04:00,"2026-6-21 19:50,2972,2972.19,2981.4,2986.08,-7,-1,-1,0,-,-,wave_only"
2026-06-21T19:55:00.000-04:00,"2026-6-21 19:55,2973.2,2971.98,2980.77,2985.57,0,0,0,-1,-,-,neutral"
2026-06-21T20:00:00.000-04:00,"2026-6-21 20:00,2982.8,2975.47,2980.92,2985.47,0,0,0,-1,-,-,neutral"
2026-06-21T20:05:00.000-04:00,"2026-6-21 20:05,2981,2977.42,2980.93,2985.29,0,0,0,-1,-,-,neutral"
2026-06-21T20:10:00.000-04:00,"2026-6-21 20:10,2980.8,2978.81,2980.92,2985.11,3,1,0,-1,B,-,FIGHT"
2026-06-21T20:15:00.000-04:00,"2026-6-21 20:15,2982.4,2980.41,2981.03,2985.01,5,1,0,-1,-,-,FIGHT"
2026-06-21T20:20:00.000-04:00,"2026-6-21 20:20,2981.8,2981.35,2981.09,2984.88,5,1,0,-1,-,-,FIGHT"
2026-06-21T20:25:00.000-04:00,"2026-6-21 20:25,2985.6,2983.42,2981.44,2984.91,5,1,0,-1,-,-,FIGHT"
2026-06-21T20:30:00.000-04:00,"2026-6-21 20:30,2985.3,2984.78,2981.74,2984.93,5,1,0,-1,-,-,FIGHT"
2026-06-21T20:35:00.000-04:00,"2026-6-21 20:35,2985.6,2985.82,2982.03,2984.95,5,1,0,-1,-,-,FIGHT"
2026-06-21T20:40:00.000-04:00,"2026-6-21 20:40,2985.5,2986.48,2982.3,2984.97,5,1,0,-1,-,-,FIGHT"
2026-06-21T20:45:00.000-04:00,"2026-6-21 20:45,2986.3,2987.18,2982.61,2985.03,5,1,0,-1,-,-,FIGHT"
2026-06-21T20:50:00.000-04:00,"2026-6-21 20:50,2987,2987.87,2982.95,2985.1,5,1,0,-1,-,-,FIGHT"
2026-06-21T20:55:00.000-04:00,"2026-6-21 20:55,2990.4,2989.56,2983.52,2985.31,5,1,0,0,-,-,FIGHT"
2026-06-21T21:00:00.000-04:00,"2026-6-21 21:00,2992,2991.31,2984.17,2985.57,5,1,0,0,-,-,FIGHT"
2026-06-21T21:05:00.000-04:00,"2026-6-21 21:05,2990.4,2991.9,2984.65,2985.76,0,0,0,0,-,-,neutral"
2026-06-21T21:10:00.000-04:00,"2026-6-21 21:10,2991,2992.45,2985.14,2985.97,0,0,1,0,-,-,neutral"
2026-06-21T21:15:00.000-04:00,"2026-6-21 21:15,2990,2992.38,2985.51,2986.13,0,0,1,0,-,-,neutral"
2026-06-21T21:20:00.000-04:00,"2026-6-21 21:20,2992.1,2993.01,2986.02,2986.36,5,0,1,0,-,-,neutral"
2026-06-21T21:25:00.000-04:00,"2026-6-21 21:25,2992.7,2993.61,2986.53,2986.61,5,0,1,0,-,-,neutral"
2026-06-21T21:30:00.000-04:00,"2026-6-21 21:30,2991.7,2993.59,2986.93,2986.81,0,0,1,0,-,-,neutral"
2026-06-21T21:35:00.000-04:00,"2026-6-21 21:35,2993,2993.97,2987.4,2987.05,0,0,1,0,-,-,neutral"
2026-06-21T21:40:00.000-04:00,"2026-6-21 21:40,2992.3,2993.92,2987.78,2987.26,0,0,1,0,-,-,neutral"
2026-06-21T21:45:00.000-04:00,"2026-6-21 21:45,2991,2993.32,2988.02,2987.4,0,0,1,0,-,-,neutral"
2026-06-21T21:50:00.000-04:00,"2026-6-21 21:50,2989.9,2992.41,2988.17,2987.5,0,0,1,0,-,-,neutral"
2026-06-21T21:55:00.000-04:00,"2026-6-21 21:55,2989.4,2991.52,2988.26,2987.58,0,0,0,0,-,-,neutral"
2026-06-21T22:00:00.000-04:00,"2026-6-21 22:00,2988.2,2990.38,2988.26,2987.6,0,0,0,0,-,-,neutral"
2026-06-21T22:05:00.000-04:00,"2026-6-21 22:05,2988.3,2989.56,2988.26,2987.63,0,0,0,0,-,-,neutral"
2026-06-21T22:10:00.000-04:00,"2026-6-21 22:10,2985.8,2988.04,2988.07,2987.56,-5,-1,0,0,S,-,FIGHT"
2026-06-21T22:15:00.000-04:00,"2026-6-21 22:15,2988,2987.74,2988.07,2987.57,-5,-1,0,0,-,-,FIGHT"
2026-06-21T22:20:00.000-04:00,"2026-6-21 22:20,2987.1,2987.21,2987.99,2987.56,-5,-1,0,0,-,-,FIGHT"
2026-06-21T22:25:00.000-04:00,"2026-6-21 22:25,2985.3,2986.18,2987.78,2987.47,-5,-1,0,0,-,-,FIGHT"
2026-06-21T22:30:00.000-04:00,"2026-6-21 22:30,2984,2984.97,2987.49,2987.33,-7,-1,0,0,-,-,FIGHT"
2026-06-21T22:35:00.000-04:00,"2026-6-21 22:35,2983.3,2983.86,2987.17,2987.17,-7,-1,0,0,-,-,FIGHT"
2026-06-21T22:40:00.000-04:00,"2026-6-21 22:40,2982.2,2982.7,2986.79,2986.98,-5,-1,-1,0,-,-,wave_only"
2026-06-21T22:45:00.000-04:00,"2026-6-21 22:45,2980.1,2981.12,2986.27,2986.71,-5,-1,-1,0,-,-,wave_only"
2026-06-21T22:50:00.000-04:00,"2026-6-21 22:50,2980.9,2980.34,2985.86,2986.48,-7,0,-1,0,-,-,neutral"
2026-06-21T22:55:00.000-04:00,"2026-6-21 22:55,2980.9,2979.84,2985.48,2986.26,0,0,-1,-1,-,-,neutral"
2026-06-21T23:00:00.000-04:00,"2026-6-21 23:00,2980.3,2979.33,2985.08,2986.03,0,0,-1,-1,-,-,neutral"
2026-06-21T23:05:00.000-04:00,"2026-6-21 23:05,2979.6,2978.77,2984.66,2985.78,0,0,-1,-1,-,-,neutral"
2026-06-21T23:10:00.000-04:00,"2026-6-21 23:10,2979.3,2978.33,2984.25,2985.52,0,0,-1,-1,-,-,neutral"
2026-06-21T23:15:00.000-04:00,"2026-6-21 23:15,2980.5,2978.52,2983.96,2985.32,0,0,-1,-1,-,-,neutral"
2026-06-21T23:20:00.000-04:00,"2026-6-21 23:20,2980.3,2978.66,2983.68,2985.13,0,0,-1,-1,-,-,neutral"
2026-06-21T23:25:00.000-04:00,"2026-6-21 23:25,2980.3,2978.83,2983.42,2984.94,0,0,-1,-1,-,-,neutral"
2026-06-21T23:30:00.000-04:00,"2026-6-21 23:30,2980.6,2979.12,2983.2,2984.77,0,0,-1,-1,-,-,neutral"
2026-06-21T23:35:00.000-04:00,"2026-6-21 23:35,2980.1,2979.19,2982.96,2984.59,0,0,-1,-1,-,-,neutral"
2026-06-21T23:40:00.000-04:00,"2026-6-21 23:40,2980,2979.25,2982.73,2984.41,0,0,-1,-1,-,-,neutral"
2026-06-21T23:45:00.000-04:00,"2026-6-21 23:45,2980.6,2979.55,2982.57,2984.26,0,0,-1,-1,-,-,neutral"
2026-06-21T23:50:00.000-04:00,"2026-6-21 23:50,2978.5,2979.02,2982.26,2984.03,-7,-1,-1,-1,-,-,RIDE_both"
2026-06-21T23:55:00.000-04:00,"2026-6-21 23:55,2978.2,2978.55,2981.94,2983.8,-7,-1,-1,-1,-,-,RIDE_both"
2026-06-22T00:00:00.000-04:00,"2026-6-22 0:00,2977.7,2978.05,2981.62,2983.56,-7,-1,-1,-1,-,-,RIDE_both"
2026-06-22T00:05:00.000-04:00,"2026-6-22 0:05,2978.6,2978.05,2981.39,2983.37,0,0,-1,-1,-,-,neutral"
2026-06-22T00:10:00.000-04:00,"2026-6-22 0:10,2977,2977.49,2981.05,2983.12,-7,-1,-1,-1,-,-,RIDE_both"
2026-06-22T00:15:00.000-04:00,"2026-6-22 0:15,2976.7,2976.99,2980.71,2982.87,-7,-1,-1,-1,-,-,RIDE_both"
2026-06-22T00:20:00.000-04:00,"2026-6-22 0:20,2976.2,2976.48,2980.37,2982.6,-7,-1,-1,-1,-,-,RIDE_both"
2026-06-22T00:25:00.000-04:00,"2026-6-22 0:25,2975.9,2976.03,2980.02,2982.34,-7,-1,-1,-1,-,-,RIDE_both"
2026-06-22T00:30:00.000-04:00,"2026-6-22 0:30,2976.7,2976.03,2979.77,2982.12,0,0,-1,-1,-,-,neutral"
2026-06-22T00:35:00.000-04:00,"2026-6-22 0:35,2976.1,2975.85,2979.49,2981.88,-3,-1,-1,-1,-,-,RIDE_both"
2026-06-22T00:40:00.000-04:00,"2026-6-22 0:40,2974.3,2975.08,2979.09,2981.59,-7,-1,-1,-1,-,-,RIDE_both"
2026-06-22T00:45:00.000-04:00,"2026-6-22 0:45,2975.9,2975.14,2978.84,2981.36,0,0,-1,-1,-,-,neutral"
2026-06-22T00:50:00.000-04:00,"2026-6-22 0:50,2975.1,2974.93,2978.55,2981.12,-3,-1,-1,-1,-,-,RIDE_both"
2026-06-22T00:55:00.000-04:00,"2026-6-22 0:55,2975.8,2975.06,2978.34,2980.91,0,0,-1,-1,-,-,neutral"
2026-06-22T01:00:00.000-04:00,"2026-6-22 1:00,2975.9,2975.23,2978.15,2980.71,0,0,-1,-1,-,-,neutral"
2026-06-22T01:05:00.000-04:00,"2026-6-22 1:05,2980.7,2977.15,2978.35,2980.71,3,1,-1,-1,B,-,FIGHT"
2026-06-22T01:10:00.000-04:00,"2026-6-22 1:10,2982.6,2979.28,2978.68,2980.79,5,1,0,-1,-,-,FIGHT"
2026-06-22T01:15:00.000-04:00,"2026-6-22 1:15,2981,2980.24,2978.86,2980.8,5,1,0,-1,-,-,FIGHT"
2026-06-22T01:20:00.000-04:00,"2026-6-22 1:20,2980.5,2980.72,2978.98,2980.78,5,1,0,-1,-,-,FIGHT"
2026-06-22T01:25:00.000-04:00,"2026-6-22 1:25,2980.4,2981,2979.09,2980.77,5,1,0,-1,-,-,FIGHT"
2026-06-22T01:30:00.000-04:00,"2026-6-22 1:30,2980.8,2981.32,2979.22,2980.77,5,1,0,-1,-,-,FIGHT"
2026-06-22T01:35:00.000-04:00,"2026-6-22 1:35,2982.4,2982.11,2979.47,2980.83,5,1,0,-1,-,-,FIGHT"
2026-06-22T01:40:00.000-04:00,"2026-6-22 1:40,2983,2982.87,2979.74,2980.92,5,1,0,-1,-,-,FIGHT"
2026-06-22T01:45:00.000-04:00,"2026-6-22 1:45,2983.8,2983.67,2980.05,2981.03,5,1,0,-1,-,-,FIGHT"
2026-06-22T01:50:00.000-04:00,"2026-6-22 1:50,2985,2984.65,2980.43,2981.19,5,1,0,-1,-,-,FIGHT"
2026-06-22T01:55:00.000-04:00,"2026-6-22 1:55,2983.8,2984.87,2980.69,2981.29,0,0,1,0,-,-,neutral"
2026-06-22T02:00:00.000-04:00,"2026-6-22 2:00,2986.1,2985.83,2981.11,2981.48,5,1,1,0,-,-,wave_only"
2026-06-22T02:05:00.000-04:00,"2026-6-22 2:05,2987.9,2987.13,2981.63,2981.73,5,1,1,0,-,-,wave_only"
2026-06-22T02:10:00.000-04:00,"2026-6-22 2:10,2987.8,2987.99,2982.1,2981.97,5,1,1,0,-,-,wave_only"
2026-06-22T02:15:00.000-04:00,"2026-6-22 2:15,2987.2,2988.32,2982.5,2982.17,0,0,1,0,-,-,neutral"
2026-06-22T02:20:00.000-04:00,"2026-6-22 2:20,2989.8,2989.45,2983.06,2982.47,5,1,1,0,-,-,wave_only"
2026-06-22T02:25:00.000-04:00,"2026-6-22 2:25,2990.1,2990.31,2983.6,2982.77,5,1,1,0,-,-,wave_only"
2026-06-22T02:30:00.000-04:00,"2026-6-22 2:30,2989.3,2990.57,2984.04,2983.03,0,0,1,0,-,-,neutral"
2026-06-22T02:35:00.000-04:00,"2026-6-22 2:35,2991.7,2991.57,2984.63,2983.37,7,1,1,0,-,-,wave_only"
2026-06-22T02:40:00.000-04:00,"2026-6-22 2:40,2992.8,2992.63,2985.26,2983.74,7,1,1,0,-,-,wave_only"
2026-06-22T02:45:00.000-04:00,"2026-6-22 2:45,2990.9,2992.63,2985.69,2984.02,0,0,1,0,-,-,neutral"
2026-06-22T02:50:00.000-04:00,"2026-6-22 2:50,2991.9,2992.91,2986.17,2984.33,0,0,1,0,-,-,neutral"
2026-06-22T02:55:00.000-04:00,"2026-6-22 2:55,2992.4,2993.24,2986.65,2984.64,0,0,1,0,-,-,neutral"
2026-06-22T03:00:00.000-04:00,"2026-6-22 3:00,2992.7,2993.51,2987.11,2984.96,0,0,1,0,-,-,neutral"
2026-06-22T03:05:00.000-04:00,"2026-6-22 3:05,2993.6,2993.98,2987.61,2985.3,3,1,1,0,-,-,wave_only"
2026-06-22T03:10:00.000-04:00,"2026-6-22 3:10,2992.3,2993.78,2987.97,2985.57,0,0,1,0,-,-,neutral"
2026-06-22T03:15:00.000-04:00,"2026-6-22 3:15,2993.6,2994.05,2988.41,2985.89,0,0,1,0,-,-,neutral"
2026-06-22T03:20:00.000-04:00,"2026-6-22 3:20,2991.8,2993.53,2988.67,2986.12,0,0,1,0,-,-,neutral"
2026-06-22T03:25:00.000-04:00,"2026-6-22 3:25,2992.8,2993.47,2988.98,2986.38,0,0,1,0,-,-,neutral"
2026-06-22T03:30:00.000-04:00,"2026-6-22 3:30,2992.5,2993.28,2989.25,2986.62,0,0,1,0,-,-,neutral"
2026-06-22T03:35:00.000-04:00,"2026-6-22 3:35,2992.5,2993.11,2989.5,2986.85,0,0,1,0,-,-,neutral"
2026-06-22T03:40:00.000-04:00,"2026-6-22 3:40,2991,2992.4,2989.62,2987.02,0,0,0,0,-,-,neutral"
2026-06-22T03:45:00.000-04:00,"2026-6-22 3:45,2992.1,2992.27,2989.81,2987.21,0,0,0,0,-,-,neutral"
2026-06-22T03:50:00.000-04:00,"2026-6-22 3:50,2990.4,2991.53,2989.86,2987.34,0,0,0,0,-,-,neutral"
2026-06-22T03:55:00.000-04:00,"2026-6-22 3:55,2991.5,2991.39,2989.98,2987.5,0,0,0,1,-,-,neutral"
2026-06-22T04:00:00.000-04:00,"2026-6-22 4:00,2989.8,2990.66,2989.97,2987.59,-3,-1,0,1,S,-,FIGHT"
2026-06-22T04:05:00.000-04:00,"2026-6-22 4:05,2989.9,2990.17,2989.96,2987.68,-3,-1,0,1,-,-,FIGHT"
2026-06-22T04:10:00.000-04:00,"2026-6-22 4:10,2989.6,2989.71,2989.94,2987.76,-5,-1,0,1,-,-,FIGHT"
2026-06-22T04:15:00.000-04:00,"2026-6-22 4:15,2989.7,2989.43,2989.92,2987.83,-5,-1,0,1,-,-,FIGHT"
2026-06-22T04:20:00.000-04:00,"2026-6-22 4:20,2990,2989.36,2989.92,2987.92,-5,-1,0,1,-,-,FIGHT"
2026-06-22T04:25:00.000-04:00,"2026-6-22 4:25,2991.2,2989.78,2990.02,2988.05,0,0,0,1,-,-,neutral"
2026-06-22T04:30:00.000-04:00,"2026-6-22 4:30,2990.8,2989.95,2990.08,2988.16,0,0,0,1,-,-,neutral"
2026-06-22T04:35:00.000-04:00,"2026-6-22 4:35,2990.9,2990.13,2990.14,2988.26,0,0,0,1,-,-,neutral"
2026-06-22T04:40:00.000-04:00,"2026-6-22 4:40,2991.4,2990.47,2990.24,2988.39,7,0,0,1,-,-,neutral"
2026-06-22T04:45:00.000-04:00,"2026-6-22 4:45,2991,2990.57,2990.3,2988.49,7,1,0,1,B,-,tide_only"
2026-06-22T04:50:00.000-04:00,"2026-6-22 4:50,2991.7,2990.91,2990.41,2988.61,7,1,0,1,-,-,tide_only"
2026-06-22T04:55:00.000-04:00,"2026-6-22 4:55,2991.2,2990.98,2990.47,2988.72,7,1,0,1,-,-,tide_only"
2026-06-22T05:00:00.000-04:00,"2026-6-22 5:00,2993.6,2991.92,2990.71,2988.91,7,1,0,1,-,-,tide_only"
2026-06-22T05:05:00.000-04:00,"2026-6-22 5:05,2995.3,2993.24,2991.06,2989.16,7,1,0,1,-,-,tide_only"
2026-06-22T05:10:00.000-04:00,"2026-6-22 5:10,2995.6,2994.3,2991.41,2989.41,7,1,1,1,-,-,RIDE_both"
2026-06-22T05:15:00.000-04:00,"2026-6-22 5:15,2994.9,2994.79,2991.68,2989.63,7,1,1,1,-,-,RIDE_both"
2026-06-22T05:20:00.000-04:00,"2026-6-22 5:20,2995.7,2995.41,2991.99,2989.86,7,1,1,1,-,-,RIDE_both"
2026-06-22T05:25:00.000-04:00,"2026-6-22 5:25,2995.2,2995.65,2992.24,2990.07,7,1,1,1,-,-,RIDE_both"
2026-06-22T05:30:00.000-04:00,"2026-6-22 5:30,2995.6,2995.93,2992.49,2990.29,7,1,1,1,-,-,RIDE_both"
2026-06-22T05:35:00.000-04:00,"2026-6-22 5:35,2994.8,2995.8,2992.67,2990.47,0,0,1,1,-,-,neutral"
2026-06-22T05:40:00.000-04:00,"2026-6-22 5:40,2993.8,2995.3,2992.76,2990.6,0,0,0,1,-,-,neutral"
2026-06-22T05:45:00.000-04:00,"2026-6-22 5:45,2994.3,2995.09,2992.88,2990.74,0,0,0,1,-,-,neutral"
2026-06-22T05:50:00.000-04:00,"2026-6-22 5:50,2994.5,2994.99,2993,2990.89,0,0,0,1,-,-,neutral"
2026-06-22T05:55:00.000-04:00,"2026-6-22 5:55,2994.4,2994.86,2993.11,2991.03,0,0,0,1,-,-,neutral"
2026-06-22T06:00:00.000-04:00,"2026-6-22 6:00,2997.2,2995.79,2993.42,2991.27,7,1,0,1,-,-,tide_only"
2026-06-22T06:05:00.000-04:00,"2026-6-22 6:05,3000,2997.49,2993.93,2991.61,7,1,0,1,-,-,tide_only"
2026-06-22T06:10:00.000-04:00,"2026-6-22 6:10,3000.1,2998.74,2994.4,2991.95,7,1,1,1,-,-,RIDE_both"
2026-06-22T06:15:00.000-04:00,"2026-6-22 6:15,2999.6,2999.44,2994.8,2992.25,7,1,1,1,-,-,RIDE_both"
2026-06-22T06:20:00.000-04:00,"2026-6-22 6:20,3000.1,3000.08,2995.21,2992.55,7,1,1,1,-,-,RIDE_both"
2026-06-22T06:25:00.000-04:00,"2026-6-22 6:25,3000.3,3000.57,2995.6,2992.86,7,1,1,1,-,-,RIDE_both"
2026-06-22T06:30:00.000-04:00,"2026-6-22 6:30,2999.1,3000.44,2995.87,2993.1,0,0,1,1,-,-,neutral"
2026-06-22T06:35:00.000-04:00,"2026-6-22 6:35,2998.1,2999.92,2996.04,2993.3,0,0,1,1,-,-,neutral"
2026-06-22T06:40:00.000-04:00,"2026-6-22 6:40,2999,2999.82,2996.27,2993.52,0,0,0,1,-,-,neutral"
2026-06-22T06:45:00.000-04:00,"2026-6-22 6:45,2999.5,2999.91,2996.52,2993.76,3,1,0,1,-,-,tide_only"
2026-06-22T06:50:00.000-04:00,"2026-6-22 6:50,2999.1,2999.79,2996.72,2993.97,0,0,0,1,-,-,neutral"
2026-06-22T06:55:00.000-04:00,"2026-6-22 6:55,2998,2999.26,2996.82,2994.12,0,0,0,1,-,-,neutral"
2026-06-22T07:00:00.000-04:00,"2026-6-22 7:00,3003.8,3001.01,2997.35,2994.5,7,1,0,1,-,-,tide_only"
2026-06-22T07:05:00.000-04:00,"2026-6-22 7:05,3006.2,3003.15,2998.03,2994.96,7,1,0,1,-,-,tide_only"
2026-06-22T07:10:00.000-04:00,"2026-6-22 7:10,3002.6,3003.34,2998.39,2995.26,0,0,1,1,-,-,neutral"
2026-06-22T07:15:00.000-04:00,"2026-6-22 7:15,3003,3003.58,2998.74,2995.57,7,1,1,1,-,-,RIDE_both"
2026-06-22T07:20:00.000-04:00,"2026-6-22 7:20,3003,3003.71,2999.07,2995.86,0,0,1,1,-,-,neutral"
2026-06-22T07:25:00.000-04:00,"2026-6-22 7:25,3003.6,3003.98,2999.42,2996.16,7,1,1,1,-,-,RIDE_both"
2026-06-22T07:30:00.000-04:00,"2026-6-22 7:30,3004.8,3004.57,2999.83,2996.5,7,1,1,1,-,-,RIDE_both"
2026-06-22T07:35:00.000-04:00,"2026-6-22 7:35,3005.5,3005.22,3000.27,2996.85,7,1,1,1,-,-,RIDE_both"
2026-06-22T07:40:00.000-04:00,"2026-6-22 7:40,3005.5,3005.65,3000.67,2997.19,7,1,1,1,-,-,RIDE_both"
2026-06-22T07:45:00.000-04:00,"2026-6-22 7:45,3006,3006.11,3001.08,2997.54,7,1,1,1,-,-,RIDE_both"
2026-06-22T07:50:00.000-04:00,"2026-6-22 7:50,3005.2,3006.1,3001.4,2997.84,0,0,1,1,-,-,neutral"
2026-06-22T07:55:00.000-04:00,"2026-6-22 7:55,3007,3006.71,3001.83,2998.2,7,1,1,1,-,-,RIDE_both"
2026-06-22T08:00:00.000-04:00,"2026-6-22 8:00,3007.1,3007.15,3002.23,2998.55,7,1,1,1,-,-,RIDE_both"
2026-06-22T08:05:00.000-04:00,"2026-6-22 8:05,3008.3,3007.87,3002.7,2998.93,7,1,1,1,-,-,RIDE_both"
2026-06-22T08:10:00.000-04:00,"2026-6-22 8:10,3009.3,3008.72,3003.21,2999.33,7,1,1,1,-,-,RIDE_both"
2026-06-22T08:15:00.000-04:00,"2026-6-22 8:15,3008,3008.82,3003.58,2999.67,3,1,1,1,-,-,RIDE_both"
2026-06-22T08:20:00.000-04:00,"2026-6-22 8:20,3010.8,3009.87,3004.13,3000.11,7,1,1,1,-,-,RIDE_both"
2026-06-22T08:25:00.000-04:00,"2026-6-22 8:25,3012,3011.04,3004.74,3000.58,7,1,1,1,-,-,RIDE_both"
2026-06-22T08:30:00.000-04:00,"2026-6-22 8:30,3011.8,3011.76,3005.28,3001.02,7,1,1,1,-,-,RIDE_both"
2026-06-22T08:35:00.000-04:00,"2026-6-22 8:35,3010.2,3011.63,3005.66,3001.38,0,0,1,1,-,-,neutral"
2026-06-22T08:40:00.000-04:00,"2026-6-22 8:40,3010.2,3011.48,3006.01,3001.72,0,0,1,1,-,-,neutral"
2026-06-22T08:45:00.000-04:00,"2026-6-22 8:45,3009.2,3010.94,3006.25,3002.02,0,0,1,1,-,-,neutral"
2026-06-22T08:50:00.000-04:00,"2026-6-22 8:50,3008.6,3010.28,3006.43,3002.27,0,0,1,1,-,-,neutral"
2026-06-22T08:55:00.000-04:00,"2026-6-22 8:55,3007.4,3009.32,3006.51,3002.48,0,0,0,1,-,-,neutral"
2026-06-22T09:00:00.000-04:00,"2026-6-22 9:00,3010.8,3009.85,3006.84,3002.8,7,1,0,1,-,-,tide_only"
2026-06-22T09:05:00.000-04:00,"2026-6-22 9:05,3008.4,3009.34,3006.96,3003.02,0,0,0,1,-,-,neutral"
2026-06-22T09:10:00.000-04:00,"2026-6-22 9:10,3010.2,3009.61,3007.21,3003.3,7,1,0,1,-,-,tide_only"
2026-06-22T09:15:00.000-04:00,"2026-6-22 9:15,3008.4,3009.14,3007.3,3003.5,-3,-1,0,1,S,-,FIGHT"
2026-06-22T09:20:00.000-04:00,"2026-6-22 9:20,3009.4,3009.16,3007.46,3003.73,7,0,0,1,-,-,neutral"
2026-06-22T09:25:00.000-04:00,"2026-6-22 9:25,3014,3010.87,3007.96,3004.14,7,1,1,1,B,BUY,RIDE_both"
2026-06-22T09:30:00.000-04:00,"2026-6-22 9:30,3026.4,3016.71,3009.38,3005.01,7,1,1,1,-,-,RIDE_both"
2026-06-22T09:35:00.000-04:00,"2026-6-22 9:35,3030,3022.28,3010.97,3005.99,7,1,1,1,-,-,RIDE_both"
2026-06-22T09:40:00.000-04:00,"2026-6-22 9:40,3024.1,3024.08,3011.98,3006.7,7,1,1,1,-,-,RIDE_both"
2026-06-22T09:45:00.000-04:00,"2026-6-22 9:45,3032.6,3028.4,3013.56,3007.72,7,1,1,1,-,-,RIDE_both"
2026-06-22T09:50:00.000-04:00,"2026-6-22 9:50,3033.4,3031.71,3015.09,3008.72,7,1,1,1,-,-,RIDE_both"
2026-06-22T09:55:00.000-04:00,"2026-6-22 9:55,3038.2,3035.73,3016.87,3009.88,7,1,1,1,-,-,RIDE_both"
2026-06-22T10:00:00.000-04:00,"2026-6-22 10:00,3032,3036.17,3018.03,3010.75,0,0,1,1,-,-,neutral"
2026-06-22T10:05:00.000-04:00,"2026-6-22 10:05,3030,3035.54,3018.95,3011.5,0,0,1,1,-,-,neutral"
2026-06-22T10:10:00.000-04:00,"2026-6-22 10:10,3026.4,3033.54,3019.53,3012.09,0,0,1,1,-,-,neutral"
2026-06-22T10:15:00.000-04:00,"2026-6-22 10:15,3018.5,3028.98,3019.45,3012.34,0,0,1,1,-,-,neutral"
2026-06-22T10:20:00.000-04:00,"2026-6-22 10:20,3015.5,3024.41,3019.14,3012.46,0,0,1,1,-,-,neutral"
2026-06-22T10:25:00.000-04:00,"2026-6-22 10:25,3015.8,3021.11,3018.89,3012.59,-3,-1,0,1,S,-,FIGHT"
2026-06-22T10:30:00.000-04:00,"2026-6-22 10:30,3017.5,3019.32,3018.78,3012.78,-5,-1,0,1,-,-,FIGHT"
2026-06-22T10:35:00.000-04:00,"2026-6-22 10:35,3014,3016.74,3018.41,3012.83,-5,-1,0,1,-,-,FIGHT"
2026-06-22T10:40:00.000-04:00,"2026-6-22 10:40,3010.1,3013.45,3017.77,3012.73,-5,-1,0,1,-,-,FIGHT"
2026-06-22T10:45:00.000-04:00,"2026-6-22 10:45,3011.8,3011.75,3017.31,3012.69,-5,-1,0,1,-,-,FIGHT"
2026-06-22T10:50:00.000-04:00,"2026-6-22 10:50,3006.5,3008.65,3016.48,3012.45,-5,-1,0,1,-,-,FIGHT"
2026-06-22T10:55:00.000-04:00,"2026-6-22 10:55,3013.3,3009.01,3016.24,3012.48,0,0,0,0,-,-,neutral"
2026-06-22T11:00:00.000-04:00,"2026-6-22 11:00,3016.7,3010.67,3016.27,3012.65,0,0,0,0,-,-,neutral"
2026-06-22T11:05:00.000-04:00,"2026-6-22 11:05,3014.4,3011.15,3016.13,3012.71,0,0,0,0,-,-,neutral"
2026-06-22T11:10:00.000-04:00,"2026-6-22 11:10,3016.9,3012.51,3016.19,3012.88,0,0,0,0,-,-,neutral"
2026-06-22T11:15:00.000-04:00,"2026-6-22 11:15,3015,3012.88,3016.1,3012.96,0,0,0,0,-,-,neutral"
2026-06-22T11:20:00.000-04:00,"2026-6-22 11:20,3020.6,3015.29,3016.44,3013.26,0,0,0,0,-,-,neutral"
2026-06-22T11:25:00.000-04:00,"2026-6-22 11:25,3019.9,3016.83,3016.71,3013.52,3,1,0,0,B,-,FIGHT"
2026-06-22T11:30:00.000-04:00,"2026-6-22 11:30,3019.4,3017.79,3016.92,3013.75,7,1,0,0,-,-,FIGHT"
2026-06-22T11:35:00.000-04:00,"2026-6-22 11:35,3019.9,3018.67,3017.15,3013.99,7,1,0,0,-,-,FIGHT"
2026-06-22T11:40:00.000-04:00,"2026-6-22 11:40,3023.1,3020.49,3017.6,3014.35,7,1,1,0,-,-,wave_only"
2026-06-22T11:45:00.000-04:00,"2026-6-22 11:45,3018.9,3020.25,3017.7,3014.53,0,0,1,0,-,-,neutral"
2026-06-22T11:50:00.000-04:00,"2026-6-22 11:50,3022,3021.18,3018.03,3014.82,7,1,1,0,-,-,wave_only"
2026-06-22T11:55:00.000-04:00,"2026-6-22 11:55,3020.7,3021.35,3018.24,3015.05,7,1,0,0,-,-,FIGHT"
2026-06-22T12:00:00.000-04:00,"2026-6-22 12:00,3015.6,3019.55,3018.04,3015.07,-3,-1,0,0,S,-,FIGHT"
2026-06-22T12:05:00.000-04:00,"2026-6-22 12:05,3017.2,3018.79,3017.97,3015.16,-3,0,0,0,-,-,neutral"
2026-06-22T12:10:00.000-04:00,"2026-6-22 12:10,3020.5,3019.45,3018.17,3015.37,7,1,0,0,B,-,FIGHT"
2026-06-22T12:15:00.000-04:00,"2026-6-22 12:15,3020.5,3019.92,3018.35,3015.57,7,1,0,0,-,-,FIGHT"
2026-06-22T12:20:00.000-04:00,"2026-6-22 12:20,3017.7,3019.22,3018.3,3015.65,-3,0,0,0,-,-,neutral"
2026-06-22T12:25:00.000-04:00,"2026-6-22 12:25,3018.2,3018.87,3018.29,3015.75,-3,0,0,0,-,-,neutral"
2026-06-22T12:30:00.000-04:00,"2026-6-22 12:30,3016.6,3018.03,3018.16,3015.78,-5,0,0,0,-,-,neutral"
2026-06-22T12:35:00.000-04:00,"2026-6-22 12:35,3017.7,3017.81,3018.12,3015.86,-5,-1,0,0,S,-,FIGHT"
2026-06-22T12:40:00.000-04:00,"2026-6-22 12:40,3018.8,3018.07,3018.18,3015.98,0,0,0,0,-,-,neutral"
2026-06-22T12:45:00.000-04:00,"2026-6-22 12:45,3021.7,3019.35,3018.45,3016.2,7,1,0,0,B,-,FIGHT"
2026-06-22T12:50:00.000-04:00,"2026-6-22 12:50,3024.4,3021.28,3018.9,3016.52,7,1,0,0,-,-,FIGHT"
2026-06-22T12:55:00.000-04:00,"2026-6-22 12:55,3024,3022.53,3019.3,3016.81,7,1,1,0,-,-,wave_only"
2026-06-22T13:00:00.000-04:00,"2026-6-22 13:00,3022.2,3022.75,3019.52,3017.03,3,1,1,0,-,-,wave_only"
2026-06-22T13:05:00.000-04:00,"2026-6-22 13:05,3017.2,3021.02,3019.34,3017.03,0,0,1,0,-,-,neutral"
2026-06-22T13:10:00.000-04:00,"2026-6-22 13:10,3019.1,3020.43,3019.32,3017.11,-3,0,0,0,-,-,neutral"
2026-06-22T13:15:00.000-04:00,"2026-6-22 13:15,3020.5,3020.5,3019.41,3017.25,7,1,0,0,-,-,FIGHT"
2026-06-22T13:20:00.000-04:00,"2026-6-22 13:20,3019.1,3020.02,3019.39,3017.32,-3,0,0,0,-,-,neutral"
2026-06-22T13:25:00.000-04:00,"2026-6-22 13:25,3018.8,3019.55,3019.34,3017.38,-5,0,0,0,-,-,neutral"
2026-06-22T13:30:00.000-04:00,"2026-6-22 13:30,3018.6,3019.14,3019.29,3017.43,-5,-1,0,0,S,-,FIGHT"
2026-06-22T13:35:00.000-04:00,"2026-6-22 13:35,3020.5,3019.54,3019.38,3017.55,7,1,0,0,B,-,FIGHT"
2026-06-22T13:40:00.000-04:00,"2026-6-22 13:40,3021.4,3020.18,3019.54,3017.7,7,1,0,0,-,-,FIGHT"
2026-06-22T13:45:00.000-04:00,"2026-6-22 13:45,3022.1,3020.9,3019.73,3017.87,7,1,0,0,-,-,FIGHT"
2026-06-22T13:50:00.000-04:00,"2026-6-22 13:50,3025.3,3022.61,3020.16,3018.16,7,1,0,0,-,-,FIGHT"
2026-06-22T13:55:00.000-04:00,"2026-6-22 13:55,3026.3,3024.22,3020.63,3018.48,7,1,1,0,-,-,wave_only"
2026-06-22T14:00:00.000-04:00,"2026-6-22 14:00,3025.6,3025.1,3021.02,3018.76,7,1,1,0,-,-,wave_only"
2026-06-22T14:05:00.000-04:00,"2026-6-22 14:05,3028.9,3026.93,3021.62,3019.16,7,1,1,0,-,-,wave_only"
2026-06-22T14:10:00.000-04:00,"2026-6-22 14:10,3030,3028.61,3022.27,3019.58,7,1,1,0,-,-,wave_only"
2026-06-22T14:15:00.000-04:00,"2026-6-22 14:15,3030.6,3030,3022.91,3020.01,7,1,1,0,-,-,wave_only"
2026-06-22T14:20:00.000-04:00,"2026-6-22 14:20,3033.3,3031.94,3023.71,3020.54,7,1,1,0,-,-,wave_only"
2026-06-22T14:25:00.000-04:00,"2026-6-22 14:25,3031.6,3032.64,3024.31,3020.97,0,0,1,0,-,-,neutral"
2026-06-22T14:30:00.000-04:00,"2026-6-22 14:30,3031.2,3032.9,3024.84,3021.37,0,0,1,0,-,-,neutral"
2026-06-22T14:35:00.000-04:00,"2026-6-22 14:35,3029.3,3032.29,3025.19,3021.68,0,0,1,0,-,-,neutral"
2026-06-22T14:40:00.000-04:00,"2026-6-22 14:40,3027.6,3031.13,3025.37,3021.91,0,0,0,0,-,-,neutral"
2026-06-22T14:45:00.000-04:00,"2026-6-22 14:45,3029.5,3030.92,3025.69,3022.21,0,0,0,0,-,-,neutral"
2026-06-22T14:50:00.000-04:00,"2026-6-22 14:50,3026.2,3029.48,3025.73,3022.37,0,0,0,0,-,-,neutral"
2026-06-22T14:55:00.000-04:00,"2026-6-22 14:55,3023.8,3027.5,3025.58,3022.42,-3,-1,0,0,S,-,FIGHT"
2026-06-22T15:00:00.000-04:00,"2026-6-22 15:00,3025.8,3026.77,3025.6,3022.56,-3,-1,0,0,-,-,FIGHT"
2026-06-22T15:05:00.000-04:00,"2026-6-22 15:05,3023.2,3025.27,3025.41,3022.58,-5,-1,0,0,-,-,FIGHT"
2026-06-22T15:10:00.000-04:00,"2026-6-22 15:10,3023.3,3024.22,3025.25,3022.61,-5,-1,0,0,-,-,FIGHT"
2026-06-22T15:15:00.000-04:00,"2026-6-22 15:15,3025.7,3024.37,3025.29,3022.73,0,0,0,0,-,-,neutral"
2026-06-22T15:20:00.000-04:00,"2026-6-22 15:20,3024.1,3023.92,3025.19,3022.78,-5,-1,0,0,-,-,FIGHT"
2026-06-22T15:25:00.000-04:00,"2026-6-22 15:25,3023.2,3023.28,3025.04,3022.8,-5,-1,0,0,-,-,FIGHT"
2026-06-22T15:30:00.000-04:00,"2026-6-22 15:30,3024.7,3023.41,3025.01,3022.88,0,0,0,0,-,-,neutral"
2026-06-22T15:35:00.000-04:00,"2026-6-22 15:35,3026.4,3024.17,3025.12,3023.01,0,0,0,0,-,-,neutral"
2026-06-22T15:40:00.000-04:00,"2026-6-22 15:40,3023.5,3023.68,3025,3023.03,-5,-1,-1,0,-,-,wave_only"
2026-06-22T15:45:00.000-04:00,"2026-6-22 15:45,3026.7,3024.53,3025.13,3023.18,0,0,-1,0,-,-,neutral"
2026-06-22T15:50:00.000-04:00,"2026-6-22 15:50,3028.2,3025.73,3025.36,3023.37,7,1,-1,0,B,-,FIGHT"
2026-06-22T15:55:00.000-04:00,"2026-6-22 15:55,3025.1,3025.47,3025.34,3023.44,-5,0,0,0,-,-,neutral"
2026-06-22T16:00:00.000-04:00,"2026-6-22 16:00,3027.9,3026.32,3025.54,3023.62,7,1,0,0,-,-,FIGHT"
2026-06-22T16:05:00.000-04:00,"2026-6-22 16:05,3026.3,3026.36,3025.6,3023.72,7,1,0,0,-,-,FIGHT"
2026-06-22T16:10:00.000-04:00,"2026-6-22 16:10,3025.7,3026.15,3025.61,3023.8,-3,0,0,0,-,-,neutral"
2026-06-22T16:15:00.000-04:00,"2026-6-22 16:15,3025.4,3025.89,3025.59,3023.86,-5,0,0,0,-,-,neutral"
2026-06-22T16:20:00.000-04:00,"2026-6-22 16:20,3024,3025.17,3025.47,3023.87,-5,-1,0,0,S,-,FIGHT"
2026-06-22T16:25:00.000-04:00,"2026-6-22 16:25,3021.6,3023.76,3025.17,3023.78,-5,-1,-1,0,-,-,wave_only"
2026-06-22T16:30:00.000-04:00,"2026-6-22 16:30,3022.2,3022.96,3024.94,3023.72,-5,-1,-1,0,-,-,wave_only"
2026-06-22T16:35:00.000-04:00,"2026-6-22 16:35,3022,3022.33,3024.72,3023.65,-5,-1,-1,0,-,-,wave_only"
2026-06-22T16:40:00.000-04:00,"2026-6-22 16:40,3023.3,3022.38,3024.61,3023.64,0,0,0,0,-,-,neutral"
2026-06-22T16:45:00.000-04:00,"2026-6-22 16:45,3023.1,3022.38,3024.49,3023.61,-5,0,0,0,-,-,neutral"
2026-06-22T16:50:00.000-04:00,"2026-6-22 16:50,3023.2,3022.44,3024.39,3023.6,0,0,0,0,-,-,neutral"
2026-06-22T16:55:00.000-04:00,"2026-6-22 16:55,3022.3,3022.18,3024.23,3023.55,-5,-1,-1,0,-,-,wave_only"
2026-06-22T18:00:00.000-04:00,"2026-6-22 18:00,3022.2,3021.98,3024.07,3023.49,-3,-1,-1,0,-,-,wave_only"
2026-06-22T18:05:00.000-04:00,"2026-6-22 18:05,3022.1,3021.82,3023.92,3023.44,-3,-1,-1,0,-,-,wave_only"
2026-06-22T18:10:00.000-04:00,"2026-6-22 18:10,3021.6,3021.55,3023.74,3023.37,-5,-1,-1,0,-,-,wave_only"
2026-06-22T18:15:00.000-04:00,"2026-6-22 18:15,3022,3021.52,3023.61,3023.31,-5,0,-1,0,-,-,neutral"
2026-06-22T18:20:00.000-04:00,"2026-6-22 18:20,3022.3,3021.63,3023.51,3023.27,0,0,-1,0,-,-,neutral"
2026-06-22T18:25:00.000-04:00,"2026-6-22 18:25,3021.4,3021.41,3023.35,3023.2,-5,-1,-1,0,-,-,wave_only"
2026-06-22T18:30:00.000-04:00,"2026-6-22 18:30,3019.5,3020.56,3023.05,3023.06,-7,-1,-1,0,-,-,wave_only"
2026-06-22T18:35:00.000-04:00,"2026-6-22 18:35,3019.1,3019.81,3022.75,3022.9,-7,-1,-1,0,-,-,wave_only"
2026-06-22T18:40:00.000-04:00,"2026-6-22 18:40,3017.8,3018.81,3022.37,3022.7,-5,-1,-1,0,-,-,wave_only"
2026-06-22T18:45:00.000-04:00,"2026-6-22 18:45,3019.3,3018.67,3022.13,3022.57,0,0,-1,0,-,-,neutral"
2026-06-22T18:50:00.000-04:00,"2026-6-22 18:50,3019.6,3018.72,3021.94,3022.45,0,0,-1,0,-,-,neutral"
2026-06-22T18:55:00.000-04:00,"2026-6-22 18:55,3019.8,3018.87,3021.77,3022.35,0,0,-1,0,-,-,neutral"
2026-06-22T19:00:00.000-04:00,"2026-6-22 19:00,3019.1,3018.75,3021.57,3022.22,0,0,-1,0,-,-,neutral"
2026-06-22T19:05:00.000-04:00,"2026-6-22 19:05,3019.5,3018.84,3021.41,3022.11,0,0,-1,0,-,-,neutral"
2026-06-22T19:10:00.000-04:00,"2026-6-22 19:10,3017.8,3018.3,3021.13,3021.94,-7,-1,-1,0,-,-,wave_only"
2026-06-22T19:15:00.000-04:00,"2026-6-22 19:15,3017.6,3017.86,3020.86,3021.77,-7,-1,-1,0,-,-,wave_only"
2026-06-22T19:20:00.000-04:00,"2026-6-22 19:20,3018.4,3017.86,3020.67,3021.64,0,0,-1,0,-,-,neutral"
2026-06-22T19:25:00.000-04:00,"2026-6-22 19:25,3020.3,3018.59,3020.64,3021.59,0,0,0,0,-,-,neutral"
2026-06-22T19:30:00.000-04:00,"2026-6-22 19:30,3018.7,3018.56,3020.49,3021.48,0,0,0,0,-,-,neutral"
2026-06-22T19:35:00.000-04:00,"2026-6-22 19:35,3019,3018.66,3020.38,3021.38,0,0,0,0,-,-,neutral"
2026-06-22T19:40:00.000-04:00,"2026-6-22 19:40,3020,3019.12,3020.35,3021.32,0,0,0,0,-,-,neutral"
2026-06-22T19:45:00.000-04:00,"2026-6-22 19:45,3019.6,3019.32,3020.29,3021.26,0,0,0,0,-,-,neutral"
2026-06-22T19:50:00.000-04:00,"2026-6-22 19:50,3020.4,3019.76,3020.3,3021.22,3,1,0,0,B,-,FIGHT"
2026-06-22T19:55:00.000-04:00,"2026-6-22 19:55,3021.6,3020.53,3020.4,3021.24,5,1,0,0,-,-,FIGHT"
2026-06-22T20:00:00.000-04:00,"2026-6-22 20:00,3021.6,3021.09,3020.49,3021.25,5,1,0,0,-,-,FIGHT"
2026-06-22T20:05:00.000-04:00,"2026-6-22 20:05,3020.6,3021.11,3020.5,3021.23,0,0,0,0,-,-,neutral"
2026-06-22T20:10:00.000-04:00,"2026-6-22 20:10,3018.9,3020.48,3020.38,3021.14,0,0,-1,0,-,-,neutral"
2026-06-22T20:15:00.000-04:00,"2026-6-22 20:15,3019.8,3020.34,3020.33,3021.08,0,0,-1,0,-,-,neutral"
2026-06-22T20:20:00.000-04:00,"2026-6-22 20:20,3020.2,3020.38,3020.32,3021.05,0,0,-1,0,-,-,neutral"
2026-06-22T20:25:00.000-04:00,"2026-6-22 20:25,3019.5,3020.14,3020.26,3020.99,-3,-1,0,0,S,-,FIGHT"
2026-06-22T20:30:00.000-04:00,"2026-6-22 20:30,3021.2,3020.58,3020.33,3021,5,1,0,0,B,-,FIGHT"
2026-06-22T20:35:00.000-04:00,"2026-6-22 20:35,3023.3,3021.69,3020.56,3021.09,5,1,0,0,-,-,FIGHT"
2026-06-22T20:40:00.000-04:00,"2026-6-22 20:40,3026.4,3023.63,3021.01,3021.29,5,1,0,0,-,-,FIGHT"
2026-06-22T20:45:00.000-04:00,"2026-6-22 20:45,3026.8,3025.17,3021.45,3021.51,5,1,0,0,-,-,FIGHT"
2026-06-22T20:50:00.000-04:00,"2026-6-22 20:50,3025.8,3025.89,3021.79,3021.68,5,1,0,0,-,-,FIGHT"
2026-06-22T20:55:00.000-04:00,"2026-6-22 20:55,3026.7,3026.69,3022.17,3021.88,7,1,1,0,-,-,wave_only"
2026-06-22T21:00:00.000-04:00,"2026-6-22 21:00,3027,3027.33,3022.54,3022.08,5,1,1,0,-,-,wave_only"
2026-06-22T21:05:00.000-04:00,"2026-6-22 21:05,3027.5,3027.93,3022.92,3022.29,5,0,1,0,-,-,neutral"
2026-06-22T21:10:00.000-04:00,"2026-6-22 21:10,3025.6,3027.59,3023.13,3022.42,0,0,1,0,-,-,neutral"
2026-06-22T21:15:00.000-04:00,"2026-6-22 21:15,3024.4,3026.85,3023.22,3022.5,0,0,1,0,-,-,neutral"
2026-06-22T21:20:00.000-04:00,"2026-6-22 21:20,3024.7,3026.36,3023.34,3022.58,0,0,1,0,-,-,neutral"
2026-06-22T21:25:00.000-04:00,"2026-6-22 21:25,3026.2,3026.52,3023.56,3022.72,0,0,1,0,-,-,neutral"
2026-06-22T21:30:00.000-04:00,"2026-6-22 21:30,3023.5,3025.61,3023.55,3022.76,0,0,1,0,-,-,neutral"
2026-06-22T21:35:00.000-04:00,"2026-6-22 21:35,3020.5,3023.8,3023.32,3022.67,-3,0,1,0,-,-,neutral"
2026-06-22T21:40:00.000-04:00,"2026-6-22 21:40,3018.9,3021.88,3022.98,3022.52,-5,-1,-1,0,S,-,wave_only"
2026-06-22T21:45:00.000-04:00,"2026-6-22 21:45,3017.8,3020.07,3022.58,3022.33,-5,-1,-1,0,-,-,wave_only"
2026-06-22T21:50:00.000-04:00,"2026-6-22 21:50,3018.5,3019.04,3022.27,3022.18,-7,-1,-1,0,-,-,wave_only"
2026-06-22T21:55:00.000-04:00,"2026-6-22 21:55,3019.1,3018.55,3022.02,3022.06,-5,-1,-1,0,-,-,wave_only"
2026-06-22T22:00:00.000-04:00,"2026-6-22 22:00,3019.5,3018.4,3021.83,3021.96,0,0,-1,0,-,-,neutral"
2026-06-22T22:05:00.000-04:00,"2026-6-22 22:05,3014.8,3016.59,3021.29,3021.68,-5,-1,-1,0,-,-,wave_only"
2026-06-22T22:10:00.000-04:00,"2026-6-22 22:10,3016.3,3015.88,3020.9,3021.47,-3,-1,-1,0,-,-,wave_only"
2026-06-22T22:15:00.000-04:00,"2026-6-22 22:15,3017.3,3015.8,3020.63,3021.31,0,0,-1,0,-,-,neutral"
2026-06-22T22:20:00.000-04:00,"2026-6-22 22:20,3016.7,3015.59,3020.33,3021.13,0,0,-1,0,-,-,neutral"
2026-06-22T22:25:00.000-04:00,"2026-6-22 22:25,3016.4,3015.38,3020.02,3020.94,0,0,-1,0,-,-,neutral"
2026-06-22T22:30:00.000-04:00,"2026-6-22 22:30,3015.3,3014.88,3019.66,3020.72,-7,-1,-1,0,-,-,wave_only"
2026-06-22T22:35:00.000-04:00,"2026-6-22 22:35,3016.2,3014.91,3019.39,3020.54,0,0,-1,0,-,-,neutral"
2026-06-22T22:40:00.000-04:00,"2026-6-22 22:40,3016.8,3015.2,3019.19,3020.4,0,0,-1,0,-,-,neutral"
2026-06-22T22:45:00.000-04:00,"2026-6-22 22:45,3014.9,3014.77,3018.86,3020.18,-3,-1,-1,0,-,-,wave_only"
2026-06-22T22:50:00.000-04:00,"2026-6-22 22:50,3015.9,3014.86,3018.64,3020.01,0,0,-1,0,-,-,neutral"
2026-06-22T22:55:00.000-04:00,"2026-6-22 22:55,3014.7,3014.53,3018.33,3019.8,0,0,-1,0,-,-,neutral"
2026-06-22T23:00:00.000-04:00,"2026-6-22 23:00,3012.8,3013.62,3017.91,3019.53,-7,-1,-1,0,-,-,wave_only"
2026-06-22T23:05:00.000-04:00,"2026-6-22 23:05,3009.4,3011.74,3017.25,3019.13,-7,-1,-1,0,-,-,wave_only"
2026-06-22T23:10:00.000-04:00,"2026-6-22 23:10,3009.9,3010.59,3016.69,3018.77,-7,-1,-1,0,-,-,wave_only"
2026-06-22T23:15:00.000-04:00,"2026-6-22 23:15,3009.4,3009.63,3016.13,3018.4,-7,-1,-1,0,-,-,wave_only"
2026-06-22T23:20:00.000-04:00,"2026-6-22 23:20,3009.9,3009.18,3015.65,3018.07,-7,0,-1,0,-,-,neutral"
2026-06-22T23:25:00.000-04:00,"2026-6-22 23:25,3009.8,3008.89,3015.2,3017.74,0,0,-1,0,-,-,neutral"
2026-06-22T23:30:00.000-04:00,"2026-6-22 23:30,3007.9,3008.04,3014.64,3017.36,-7,-1,-1,0,-,-,wave_only"
2026-06-22T23:35:00.000-04:00,"2026-6-22 23:35,3005,3006.41,3013.9,3016.87,-7,-1,-1,0,-,-,wave_only"
2026-06-22T23:40:00.000-04:00,"2026-6-22 23:40,3005.9,3005.62,3013.28,3016.44,-7,-1,-1,0,-,-,wave_only"
2026-06-22T23:45:00.000-04:00,"2026-6-22 23:45,3005,3004.79,3012.64,3015.99,-7,-1,-1,0,-,-,wave_only"
2026-06-22T23:50:00.000-04:00,"2026-6-22 23:50,3008.1,3005.42,3012.29,3015.69,0,0,-1,0,-,-,neutral"
2026-06-22T23:55:00.000-04:00,"2026-6-22 23:55,3010.1,3006.69,3012.13,3015.47,0,0,0,-1,-,-,neutral"
2026-06-23T00:00:00.000-04:00,"2026-6-23 0:00,3010.9,3007.98,3012.03,3015.29,0,0,0,-1,-,-,neutral"
2026-06-23T00:05:00.000-04:00,"2026-6-23 0:05,3008.3,3008,3011.74,3015.01,0,0,0,-1,-,-,neutral"
2026-06-23T00:10:00.000-04:00,"2026-6-23 0:10,3008.4,3008.08,3011.49,3014.75,0,0,0,-1,-,-,neutral"
2026-06-23T00:15:00.000-04:00,"2026-6-23 0:15,3005.7,3007.16,3011.04,3014.4,-7,-1,0,-1,-,-,tide_only"
2026-06-23T00:20:00.000-04:00,"2026-6-23 0:20,3005.9,3006.59,3010.65,3014.07,-7,-1,0,-1,-,-,tide_only"
2026-06-23T00:25:00.000-04:00,"2026-6-23 0:25,3006,3006.23,3010.29,3013.75,-7,-1,-1,-1,-,-,RIDE_both"
2026-06-23T00:30:00.000-04:00,"2026-6-23 0:30,3005.4,3005.78,3009.91,3013.42,-7,-1,-1,-1,-,-,RIDE_both"
2026-06-23T00:35:00.000-04:00,"2026-6-23 0:35,3004,3004.96,3009.46,3013.05,-7,-1,-1,-1,-,-,RIDE_both"
2026-06-23T00:40:00.000-04:00,"2026-6-23 0:40,3004.5,3004.57,3009.08,3012.72,-7,-1,-1,-1,-,-,RIDE_both"
2026-06-23T00:45:00.000-04:00,"2026-6-23 0:45,3004,3004.15,3008.69,3012.38,-7,-1,-1,-1,-,-,RIDE_both"
2026-06-23T00:50:00.000-04:00,"2026-6-23 0:50,3000.8,3002.69,3008.08,3011.92,-7,-1,-1,-1,-,-,RIDE_both"
2026-06-23T00:55:00.000-04:00,"2026-6-23 0:55,2998.7,3000.88,3007.36,3011.4,-7,-1,-1,-1,-,-,RIDE_both"
2026-06-23T01:00:00.000-04:00,"2026-6-23 1:00,3000.4,3000.24,3006.82,3010.97,-7,-1,-1,-1,-,-,RIDE_both"
2026-06-23T01:05:00.000-04:00,"2026-6-23 1:05,2998.7,2999.21,3006.2,3010.49,-7,-1,-1,-1,-,-,RIDE_both"
2026-06-23T01:10:00.000-04:00,"2026-6-23 1:10,2998.1,2998.3,3005.57,3010,-7,-1,0,-1,-,-,tide_only"
2026-06-23T01:15:00.000-04:00,"2026-6-23 1:15,2996.4,2997.07,3004.87,3009.47,-7,-1,0,-1,-,-,tide_only"
2026-06-23T01:20:00.000-04:00,"2026-6-23 1:20,2995.1,2995.77,3004.12,3008.91,-7,-1,0,-1,-,-,tide_only"
2026-06-23T01:25:00.000-04:00,"2026-6-23 1:25,2993.4,2994.26,3003.29,3008.3,-7,-1,-1,-1,-,-,RIDE_both"
2026-06-23T01:30:00.000-04:00,"2026-6-23 1:30,2993.7,2993.36,3002.56,3007.73,-7,-1,-1,-1,-,-,RIDE_both"
2026-06-23T01:35:00.000-04:00,"2026-6-23 1:35,2990.5,2991.61,3001.63,3007.05,-7,-1,-1,-1,-,-,RIDE_both"
2026-06-23T01:40:00.000-04:00,"2026-6-23 1:40,2991,2990.61,3000.81,3006.42,-7,-1,-1,-1,-,-,RIDE_both"
2026-06-23T01:45:00.000-04:00,"2026-6-23 1:45,2991.6,2990.21,3000.1,3005.84,0,0,-1,-1,-,-,neutral"
2026-06-23T01:50:00.000-04:00,"2026-6-23 1:50,2989.1,2989.09,2999.26,3005.18,-7,-1,-1,-1,-,-,RIDE_both"
2026-06-23T01:55:00.000-04:00,"2026-6-23 1:55,2989.1,2988.37,2998.47,3004.55,-7,0,-1,-1,-,-,neutral"
2026-06-23T02:00:00.000-04:00,"2026-6-23 2:00,2989.6,2988.13,2997.79,3003.97,0,0,-1,-1,-,-,neutral"
2026-06-23T02:05:00.000-04:00,"2026-6-23 2:05,2987.4,2987.23,2996.99,3003.32,-7,0,-1,-1,-,-,neutral"
2026-06-23T02:10:00.000-04:00,"2026-6-23 2:10,2988.5,2987.08,2996.34,3002.74,-3,-1,-1,-1,-,-,RIDE_both"
2026-06-23T02:15:00.000-04:00,"2026-6-23 2:15,2987.9,2986.84,2995.69,3002.15,-3,-1,-1,-1,-,-,RIDE_both"
2026-06-23T02:20:00.000-04:00,"2026-6-23 2:20,2985.2,2985.74,2994.88,3001.49,-7,-1,-1,-1,-,-,RIDE_both"
2026-06-23T02:25:00.000-04:00,"2026-6-23 2:25,2983.6,2984.42,2994.02,3000.79,-7,-1,-1,-1,-,-,RIDE_both"
2026-06-23T02:30:00.000-04:00,"2026-6-23 2:30,2985.6,2984.29,2993.37,3000.19,-3,-1,-1,-1,-,-,RIDE_both"
2026-06-23T02:35:00.000-04:00,"2026-6-23 2:35,2984.6,2983.9,2992.69,2999.58,-3,-1,-1,-1,-,-,RIDE_both"
2026-06-23T02:40:00.000-04:00,"2026-6-23 2:40,2983.2,2983.18,2991.96,2998.94,-7,-1,-1,-1,-,-,RIDE_both"
2026-06-23T02:45:00.000-04:00,"2026-6-23 2:45,2985,2983.39,2991.43,2998.39,0,0,-1,-1,-,-,neutral"
2026-06-23T02:50:00.000-04:00,"2026-6-23 2:50,2985.3,2983.73,2990.96,2997.88,0,0,-1,-1,-,-,neutral"
2026-06-23T02:55:00.000-04:00,"2026-6-23 2:55,2984.7,2983.82,2990.47,2997.36,0,0,0,-1,-,-,neutral"
2026-06-23T03:00:00.000-04:00,"2026-6-23 3:00,2983,2983.31,2989.9,2996.8,-7,-1,0,-1,-,-,tide_only"
2026-06-23T03:05:00.000-04:00,"2026-6-23 3:05,2986.8,2984.39,2989.66,2996.41,0,0,0,-1,-,-,neutral"
2026-06-23T03:10:00.000-04:00,"2026-6-23 3:10,2985.6,2984.78,2989.35,2995.98,0,0,0,-1,-,-,neutral"
2026-06-23T03:15:00.000-04:00,"2026-6-23 3:15,2981.6,2983.61,2988.75,2995.42,-7,-1,0,-1,-,-,tide_only"
2026-06-23T03:20:00.000-04:00,"2026-6-23 3:20,2980.7,2982.44,2988.13,2994.84,-7,-1,0,-1,-,-,tide_only"
2026-06-23T03:25:00.000-04:00,"2026-6-23 3:25,2982.4,2982.25,2987.69,2994.35,-7,-1,0,-1,-,-,tide_only"
2026-06-23T03:30:00.000-04:00,"2026-6-23 3:30,2982.2,2982.08,2987.27,2993.88,-7,-1,0,-1,-,-,tide_only"
2026-06-23T03:35:00.000-04:00,"2026-6-23 3:35,2983.1,2982.32,2986.95,2993.45,0,0,0,-1,-,-,neutral"
2026-06-23T03:40:00.000-04:00,"2026-6-23 3:40,2979.7,2981.27,2986.39,2992.91,-7,-1,0,-1,-,-,tide_only"
2026-06-23T03:45:00.000-04:00,"2026-6-23 3:45,2979.9,2980.6,2985.89,2992.4,-7,-1,0,-1,-,-,tide_only"
2026-06-23T03:50:00.000-04:00,"2026-6-23 3:50,2978.1,2979.48,2985.29,2991.84,-7,-1,0,-1,-,-,tide_only"
2026-06-23T03:55:00.000-04:00,"2026-6-23 3:55,2976.4,2978.08,2984.61,2991.24,-7,-1,-1,-1,-,-,RIDE_both"
2026-06-23T04:00:00.000-04:00,"2026-6-23 4:00,2970.5,2974.91,2983.52,2990.42,-7,-1,-1,-1,-,-,RIDE_both"
2026-06-23T04:05:00.000-04:00,"2026-6-23 4:05,2975.4,2974.47,2982.9,2989.84,-3,-1,-1,-1,-,-,RIDE_both"
2026-06-23T04:10:00.000-04:00,"2026-6-23 4:10,2974,2973.72,2982.21,2989.21,-7,-1,-1,-1,-,-,RIDE_both"
2026-06-23T04:15:00.000-04:00,"2026-6-23 4:15,2971.1,2972.17,2981.36,2988.5,-7,-1,-1,-1,-,-,RIDE_both"
2026-06-23T04:20:00.000-04:00,"2026-6-23 4:20,2969.7,2970.61,2980.46,2987.77,-7,-1,-1,-1,-,-,RIDE_both"
2026-06-23T04:25:00.000-04:00,"2026-6-23 4:25,2969,2969.29,2979.58,2987.03,-7,-1,-1,-1,-,-,RIDE_both"
2026-06-23T04:30:00.000-04:00,"2026-6-23 4:30,2974.2,2970.36,2979.17,2986.53,0,0,-1,-1,-,-,neutral"
2026-06-23T04:35:00.000-04:00,"2026-6-23 4:35,2972.7,2970.68,2978.67,2985.99,0,0,-1,-1,-,-,neutral"
2026-06-23T04:40:00.000-04:00,"2026-6-23 4:40,2973.7,2971.36,2978.29,2985.5,0,0,0,-1,-,-,neutral"
2026-06-23T04:45:00.000-04:00,"2026-6-23 4:45,2970,2970.56,2977.65,2984.9,-7,-1,0,-1,-,-,tide_only"
2026-06-23T04:50:00.000-04:00,"2026-6-23 4:50,2972,2970.77,2977.21,2984.39,0,0,0,-1,-,-,neutral"
2026-06-23T04:55:00.000-04:00,"2026-6-23 4:55,2972,2970.97,2976.81,2983.9,0,0,0,-1,-,-,neutral"
2026-06-23T05:00:00.000-04:00,"2026-6-23 5:00,2974.2,2971.98,2976.61,2983.52,3,1,0,-1,B,-,FIGHT"
2026-06-23T05:05:00.000-04:00,"2026-6-23 5:05,2976,2973.43,2976.57,2983.23,3,1,0,-1,-,-,FIGHT"
2026-06-23T05:10:00.000-04:00,"2026-6-23 5:10,2978.4,2975.39,2976.71,2983.04,3,1,0,-1,-,-,FIGHT"
2026-06-23T05:15:00.000-04:00,"2026-6-23 5:15,2978.3,2976.79,2976.83,2982.85,5,1,0,-1,-,-,FIGHT"
2026-06-23T05:20:00.000-04:00,"2026-6-23 5:20,2982.1,2979.2,2977.23,2982.82,5,1,0,-1,-,-,FIGHT"
2026-06-23T05:25:00.000-04:00,"2026-6-23 5:25,2980,2980.15,2977.45,2982.71,5,1,0,-1,-,-,FIGHT"
2026-06-23T05:30:00.000-04:00,"2026-6-23 5:30,2978,2980.05,2977.49,2982.53,0,0,0,-1,-,-,neutral"
2026-06-23T05:35:00.000-04:00,"2026-6-23 5:35,2978.9,2980.24,2977.6,2982.39,0,0,0,-1,-,-,neutral"
2026-06-23T05:40:00.000-04:00,"2026-6-23 5:40,2979.3,2980.47,2977.73,2982.26,3,1,0,-1,-,-,FIGHT"
2026-06-23T05:45:00.000-04:00,"2026-6-23 5:45,2980.3,2980.95,2977.93,2982.19,5,1,0,-1,-,-,FIGHT"
2026-06-23T05:50:00.000-04:00,"2026-6-23 5:50,2979.9,2981.1,2978.08,2982.1,0,0,0,-1,-,-,neutral"
2026-06-23T05:55:00.000-04:00,"2026-6-23 5:55,2980,2981.2,2978.23,2982.02,0,0,0,-1,-,-,neutral"
2026-06-23T06:00:00.000-04:00,"2026-6-23 6:00,2981.7,2981.84,2978.49,2982,5,1,0,-1,-,-,FIGHT"
2026-06-23T06:05:00.000-04:00,"2026-6-23 6:05,2979.1,2981.3,2978.54,2981.89,0,0,0,-1,-,-,neutral"
2026-06-23T06:10:00.000-04:00,"2026-6-23 6:10,2978.9,2980.78,2978.57,2981.77,0,0,0,-1,-,-,neutral"
2026-06-23T06:15:00.000-04:00,"2026-6-23 6:15,2979.7,2980.66,2978.66,2981.69,0,0,0,-1,-,-,neutral"
2026-06-23T06:20:00.000-04:00,"2026-6-23 6:20,2979.3,2980.39,2978.7,2981.6,0,0,0,-1,-,-,neutral"
2026-06-23T06:25:00.000-04:00,"2026-6-23 6:25,2976.7,2979.2,2978.55,2981.41,0,0,-1,-1,-,-,neutral"
2026-06-23T06:30:00.000-04:00,"2026-6-23 6:30,2973.6,2977.16,2978.17,2981.1,-7,-1,-1,-1,S,SELL,RIDE_both"
2026-06-23T06:35:00.000-04:00,"2026-6-23 6:35,2972.7,2975.34,2977.75,2980.77,-7,-1,-1,-1,-,-,RIDE_both"
2026-06-23T06:40:00.000-04:00,"2026-6-23 6:40,2973,2974.13,2977.38,2980.47,-7,-1,-1,-1,-,-,RIDE_both"
2026-06-23T06:45:00.000-04:00,"2026-6-23 6:45,2973.2,2973.36,2977.06,2980.18,-7,-1,-1,-1,-,-,RIDE_both"
2026-06-23T06:50:00.000-04:00,"2026-6-23 6:50,2975.5,2973.7,2976.94,2980,0,0,-1,-1,-,-,neutral"
2026-06-23T06:55:00.000-04:00,"2026-6-23 6:55,2977,2974.54,2976.95,2979.88,0,0,0,-1,-,-,neutral"
2026-06-23T07:00:00.000-04:00,"2026-6-23 7:00,2976.2,2974.91,2976.89,2979.73,3,1,0,-1,B,-,FIGHT"
2026-06-23T07:05:00.000-04:00,"2026-6-23 7:05,2977.3,2975.61,2976.92,2979.64,3,1,0,-1,-,-,FIGHT"
2026-06-23T07:10:00.000-04:00,"2026-6-23 7:10,2979.4,2976.91,2977.11,2979.63,5,1,1,-1,-,-,wave_only"
2026-06-23T07:15:00.000-04:00,"2026-6-23 7:15,2979.2,2977.81,2977.27,2979.61,5,1,1,-1,-,-,wave_only"
2026-06-23T07:20:00.000-04:00,"2026-6-23 7:20,2983.4,2980.01,2977.74,2979.76,5,1,1,-1,-,-,wave_only"
2026-06-23T07:25:00.000-04:00,"2026-6-23 7:25,2985.3,2982.31,2978.32,2979.98,5,1,1,-1,-,-,wave_only"
2026-06-23T07:30:00.000-04:00,"2026-6-23 7:30,2986.4,2984.36,2978.95,2980.23,5,1,1,-1,-,-,wave_only"
2026-06-23T07:35:00.000-04:00,"2026-6-23 7:35,2984,2984.9,2979.33,2980.38,3,1,1,-1,-,-,wave_only"
2026-06-23T07:40:00.000-04:00,"2026-6-23 7:40,2984.7,2985.49,2979.75,2980.55,3,1,1,-1,-,-,wave_only"
2026-06-23T07:45:00.000-04:00,"2026-6-23 7:45,2984,2985.58,2980.07,2980.68,0,0,1,-1,-,-,neutral"
2026-06-23T07:50:00.000-04:00,"2026-6-23 7:50,2987.8,2986.98,2980.67,2980.96,5,1,1,-1,-,-,wave_only"
2026-06-23T07:55:00.000-04:00,"2026-6-23 7:55,2988.2,2988.08,2981.25,2981.25,5,1,1,0,-,-,wave_only"
2026-06-23T08:00:00.000-04:00,"2026-6-23 8:00,2985,2987.63,2981.54,2981.39,0,0,1,0,-,-,neutral"
2026-06-23T08:05:00.000-04:00,"2026-6-23 8:05,2983.9,2986.81,2981.72,2981.49,0,0,1,0,-,-,neutral"
2026-06-23T08:10:00.000-04:00,"2026-6-23 8:10,2982.8,2985.73,2981.8,2981.54,0,0,0,0,-,-,neutral"
2026-06-23T08:15:00.000-04:00,"2026-6-23 8:15,2980.2,2983.93,2981.68,2981.49,0,0,0,0,-,-,neutral"
2026-06-23T08:20:00.000-04:00,"2026-6-23 8:20,2977.3,2981.51,2981.34,2981.33,-3,-1,0,0,S,-,FIGHT"
2026-06-23T08:25:00.000-04:00,"2026-6-23 8:25,2977,2979.61,2981.01,2981.16,-7,-1,-1,0,-,-,wave_only"
2026-06-23T08:30:00.000-04:00,"2026-6-23 8:30,2972.5,2976.58,2980.35,2980.82,-7,-1,-1,0,-,-,wave_only"
2026-06-23T08:35:00.000-04:00,"2026-6-23 8:35,2975.6,2975.56,2979.99,2980.61,-5,-1,-1,0,-,-,wave_only"
2026-06-23T08:40:00.000-04:00,"2026-6-23 8:40,2976.6,2975.24,2979.73,2980.45,-5,0,-1,0,-,-,neutral"
2026-06-23T08:45:00.000-04:00,"2026-6-23 8:45,2973.9,2974.08,2979.28,2980.2,-7,-1,-1,0,-,-,wave_only"
2026-06-23T08:50:00.000-04:00,"2026-6-23 8:50,2971.9,2972.56,2978.71,2979.87,-7,-1,-1,0,-,-,wave_only"
2026-06-23T08:55:00.000-04:00,"2026-6-23 8:55,2973.9,2972.27,2978.34,2979.64,0,0,-1,-1,-,-,neutral"
2026-06-23T09:00:00.000-04:00,"2026-6-23 9:00,2973,2971.81,2977.93,2979.38,0,0,-1,-1,-,-,neutral"
2026-06-23T09:05:00.000-04:00,"2026-6-23 9:05,2975.3,2972.41,2977.73,2979.22,0,0,-1,-1,-,-,neutral"
2026-06-23T09:10:00.000-04:00,"2026-6-23 9:10,2978.1,2973.96,2977.76,2979.17,0,0,-1,-1,-,-,neutral"
2026-06-23T09:15:00.000-04:00,"2026-6-23 9:15,2973.1,2973.3,2977.4,2978.94,-7,-1,-1,-1,-,-,RIDE_both"
2026-06-23T09:20:00.000-04:00,"2026-6-23 9:20,2975.1,2973.61,2977.22,2978.79,0,0,-1,-1,-,-,neutral"
2026-06-23T09:25:00.000-04:00,"2026-6-23 9:25,2974.1,2973.5,2976.98,2978.6,-3,-1,-1,-1,-,-,RIDE_both"
2026-06-23T09:30:00.000-04:00,"2026-6-23 9:30,2977.2,2974.61,2977,2978.55,0,0,-1,-1,-,-,neutral"
2026-06-23T09:35:00.000-04:00,"2026-6-23 9:35,2982.4,2977.39,2977.41,2978.7,5,1,-1,-1,B,-,FIGHT"
2026-06-23T09:40:00.000-04:00,"2026-6-23 9:40,2985.4,2980.54,2978.03,2978.96,5,1,1,-1,-,-,wave_only"
2026-06-23T09:45:00.000-04:00,"2026-6-23 9:45,2988.6,2984.01,2978.84,2979.34,5,1,1,-1,-,-,wave_only"
2026-06-23T09:50:00.000-04:00,"2026-6-23 9:50,2994.8,2988.79,2980.07,2979.95,7,1,1,-1,-,-,wave_only"
2026-06-23T09:55:00.000-04:00,"2026-6-23 9:55,3001.9,2994.82,2981.75,2980.81,7,1,1,0,-,-,wave_only"
2026-06-23T10:00:00.000-04:00,"2026-6-23 10:00,3009.7,3001.98,2983.9,2981.94,5,1,1,0,-,-,wave_only"
2026-06-23T10:05:00.000-04:00,"2026-6-23 10:05,3008.4,3006.55,2985.78,2982.98,5,1,1,0,-,-,wave_only"
2026-06-23T10:10:00.000-04:00,"2026-6-23 10:10,3014.9,3012.04,2988.02,2984.23,7,1,1,0,-,-,wave_only"
2026-06-23T10:15:00.000-04:00,"2026-6-23 10:15,3015.1,3015.85,2990.11,2985.44,7,1,1,0,-,-,wave_only"
2026-06-23T10:20:00.000-04:00,"2026-6-23 10:20,3013.1,3017.59,2991.87,2986.52,0,0,1,0,-,-,neutral"
2026-06-23T10:25:00.000-04:00,"2026-6-23 10:25,3011.6,3017.98,2993.39,2987.51,0,0,1,0,-,-,neutral"
2026-06-23T10:30:00.000-04:00,"2026-6-23 10:30,3007.8,3016.55,2994.5,2988.3,0,0,1,0,-,-,neutral"
2026-06-23T10:35:00.000-04:00,"2026-6-23 10:35,3006.8,3014.86,2995.45,2989.03,0,0,1,0,-,-,neutral"
2026-06-23T10:40:00.000-04:00,"2026-6-23 10:40,3002.5,3011.79,2995.99,2989.56,0,0,0,0,-,-,neutral"
2026-06-23T10:45:00.000-04:00,"2026-6-23 10:45,3005.2,3010.35,2996.7,2990.17,0,0,0,0,-,-,neutral"
2026-06-23T10:50:00.000-04:00,"2026-6-23 10:50,3003.6,3008.56,2997.23,2990.7,0,0,0,0,-,-,neutral"
2026-06-23T10:55:00.000-04:00,"2026-6-23 10:55,3007.7,3008.66,2998.03,2991.36,0,0,1,0,-,-,neutral"
2026-06-23T11:00:00.000-04:00,"2026-6-23 11:00,3007.7,3008.64,2998.78,2992,0,0,1,0,-,-,neutral"
2026-06-23T11:05:00.000-04:00,"2026-6-23 11:05,3004.5,3007.37,2999.22,2992.49,0,0,1,0,-,-,neutral"
2026-06-23T11:10:00.000-04:00,"2026-6-23 11:10,3004.6,3006.41,2999.63,2992.97,0,0,0,0,-,-,neutral"
2026-06-23T11:15:00.000-04:00,"2026-6-23 11:15,2998.6,3003.45,2999.55,2993.19,-3,-1,0,0,S,-,FIGHT"
2026-06-23T11:20:00.000-04:00,"2026-6-23 11:20,2998,3001.04,2999.43,2993.38,-3,-1,0,0,-,-,FIGHT"
2026-06-23T11:25:00.000-04:00,"2026-6-23 11:25,2999.4,2999.81,2999.43,2993.61,-5,-1,0,0,-,-,FIGHT"
2026-06-23T11:30:00.000-04:00,"2026-6-23 11:30,3001.9,2999.87,2999.62,2993.94,0,0,0,0,-,-,neutral"
2026-06-23T11:35:00.000-04:00,"2026-6-23 11:35,2998.5,2998.71,2999.53,2994.12,-5,-1,0,0,-,-,FIGHT"
2026-06-23T11:40:00.000-04:00,"2026-6-23 11:40,3000.7,2998.72,2999.62,2994.38,0,0,0,0,-,-,neutral"
2026-06-23T11:45:00.000-04:00,"2026-6-23 11:45,3000.6,2998.75,2999.7,2994.62,0,0,0,0,-,-,neutral"
2026-06-23T11:50:00.000-04:00,"2026-6-23 11:50,3006.4,3000.97,3000.21,2995.08,7,0,0,0,-,-,neutral"
2026-06-23T11:55:00.000-04:00,"2026-6-23 11:55,3007.6,3003.08,3000.78,2995.57,7,1,1,0,B,-,wave_only"
2026-06-23T12:00:00.000-04:00,"2026-6-23 12:00,3012,3006.27,3001.65,2996.22,7,1,1,0,-,-,wave_only"
2026-06-23T12:05:00.000-04:00,"2026-6-23 12:05,3017.2,3010.52,3002.84,2997.04,7,1,1,0,-,-,wave_only"
2026-06-23T12:10:00.000-04:00,"2026-6-23 12:10,3019.3,3014.37,3004.11,2997.91,7,1,1,0,-,-,wave_only"
2026-06-23T12:15:00.000-04:00,"2026-6-23 12:15,3012.9,3014.72,3004.78,2998.5,0,0,1,0,-,-,neutral"
2026-06-23T12:20:00.000-04:00,"2026-6-23 12:20,3015.8,3015.95,3005.63,2999.18,7,1,1,0,-,-,wave_only"
2026-06-23T12:25:00.000-04:00,"2026-6-23 12:25,3017.4,3017.33,3006.54,2999.89,7,0,1,0,-,-,neutral"
2026-06-23T12:30:00.000-04:00,"2026-6-23 12:30,3015.4,3017.49,3007.22,3000.5,0,0,1,0,-,-,neutral"
2026-06-23T12:35:00.000-04:00,"2026-6-23 12:35,3018.3,3018.57,3008.07,3001.2,7,1,1,0,-,-,wave_only"
2026-06-23T12:40:00.000-04:00,"2026-6-23 12:40,3019.6,3019.74,3008.96,3001.92,7,1,0,0,-,-,FIGHT"
2026-06-23T12:45:00.000-04:00,"2026-6-23 12:45,3015.4,3018.93,3009.45,3002.45,0,0,0,0,-,-,neutral"
2026-06-23T12:50:00.000-04:00,"2026-6-23 12:50,3014.8,3018.01,3009.86,3002.93,0,0,0,0,-,-,neutral"
2026-06-23T12:55:00.000-04:00,"2026-6-23 12:55,3015.1,3017.37,3010.27,3003.41,0,0,0,1,-,-,neutral"
2026-06-23T13:00:00.000-04:00,"2026-6-23 13:00,3012.4,3015.83,3010.43,3003.76,0,0,0,1,-,-,neutral"
2026-06-23T13:05:00.000-04:00,"2026-6-23 13:05,3013,3014.88,3010.63,3004.13,0,0,0,1,-,-,neutral"
2026-06-23T13:10:00.000-04:00,"2026-6-23 13:10,3015.6,3015.11,3011.01,3004.58,7,0,0,1,-,-,neutral"
2026-06-23T13:15:00.000-04:00,"2026-6-23 13:15,3015.5,3015.23,3011.36,3005,7,0,0,1,-,-,neutral"
2026-06-23T13:20:00.000-04:00,"2026-6-23 13:20,3018.8,3016.52,3011.93,3005.55,7,1,0,1,-,-,tide_only"
2026-06-23T13:25:00.000-04:00,"2026-6-23 13:25,3016.6,3016.63,3012.29,3005.98,7,0,0,1,-,-,neutral"
2026-06-23T13:30:00.000-04:00,"2026-6-23 13:30,3016.2,3016.54,3012.59,3006.38,0,0,0,1,-,-,neutral"
2026-06-23T13:35:00.000-04:00,"2026-6-23 13:35,3014.6,3015.86,3012.74,3006.7,0,0,0,1,-,-,neutral"
2026-06-23T13:40:00.000-04:00,"2026-6-23 13:40,3011.7,3014.27,3012.66,3006.9,-3,-1,0,1,S,-,FIGHT"
2026-06-23T13:45:00.000-04:00,"2026-6-23 13:45,3011.3,3012.95,3012.56,3007.07,-5,-1,0,1,-,-,FIGHT"
2026-06-23T13:50:00.000-04:00,"2026-6-23 13:50,3004.6,3009.51,3011.95,3006.97,-5,-1,0,1,-,-,FIGHT"
2026-06-23T13:55:00.000-04:00,"2026-6-23 13:55,3003,3006.44,3011.26,3006.82,-5,-1,0,1,-,-,FIGHT"
2026-06-23T14:00:00.000-04:00,"2026-6-23 14:00,3004.6,3004.86,3010.75,3006.73,-5,-1,0,1,-,-,FIGHT"
2026-06-23T14:05:00.000-04:00,"2026-6-23 14:05,3002.7,3003.08,3010.13,3006.57,-5,-1,0,1,-,-,FIGHT"
2026-06-23T14:10:00.000-04:00,"2026-6-23 14:10,3004.4,3002.52,3009.69,3006.49,0,0,0,1,-,-,neutral"
2026-06-23T14:15:00.000-04:00,"2026-6-23 14:15,3001.4,3001.11,3009.05,3006.29,-5,-1,0,1,-,-,FIGHT"
2026-06-23T14:20:00.000-04:00,"2026-6-23 14:20,3003.3,3000.89,3008.61,3006.17,0,0,0,1,-,-,neutral"
2026-06-23T14:25:00.000-04:00,"2026-6-23 14:25,3000.4,2999.76,3007.98,3005.94,-5,-1,0,1,-,-,FIGHT"
2026-06-23T14:30:00.000-04:00,"2026-6-23 14:30,2998.8,2998.46,3007.27,3005.66,-5,-1,0,1,-,-,FIGHT"
2026-06-23T14:35:00.000-04:00,"2026-6-23 14:35,2997.3,2997.06,3006.5,3005.34,-5,-1,0,1,-,-,FIGHT"
2026-06-23T14:40:00.000-04:00,"2026-6-23 14:40,2992.6,2994.41,3005.43,3004.84,-5,-1,-1,1,-,-,wave_only"
2026-06-23T14:45:00.000-04:00,"2026-6-23 14:45,2993.1,2992.79,3004.48,3004.38,0,0,-1,1,-,-,neutral"
2026-06-23T14:50:00.000-04:00,"2026-6-23 14:50,2991.8,2991.25,3003.51,3003.88,0,0,-1,1,-,-,neutral"
2026-06-23T14:55:00.000-04:00,"2026-6-23 14:55,2993.7,2990.98,3002.75,3003.48,0,0,-1,0,-,-,neutral"
2026-06-23T15:00:00.000-04:00,"2026-6-23 15:00,3000.6,2993.48,3002.59,3003.37,0,0,-1,0,-,-,neutral"
2026-06-23T15:05:00.000-04:00,"2026-6-23 15:05,2997.6,2994.32,3002.21,3003.14,0,0,-1,0,-,-,neutral"
2026-06-23T15:10:00.000-04:00,"2026-6-23 15:10,3000.6,2996.14,3002.08,3003.05,0,0,0,0,-,-,neutral"
2026-06-23T15:15:00.000-04:00,"2026-6-23 15:15,2995.7,2995.73,3001.59,3002.76,-5,0,0,0,-,-,neutral"
2026-06-23T15:20:00.000-04:00,"2026-6-23 15:20,3000.8,2997.36,3001.53,3002.68,0,0,0,0,-,-,neutral"
2026-06-23T15:25:00.000-04:00,"2026-6-23 15:25,3003.6,2999.64,3001.69,3002.72,0,0,0,0,-,-,neutral"
2026-06-23T15:30:00.000-04:00,"2026-6-23 15:30,3003.2,3001.18,3001.81,3002.74,3,1,0,0,B,-,FIGHT"
2026-06-23T15:35:00.000-04:00,"2026-6-23 15:35,3004.4,3002.73,3002,3002.8,5,1,0,0,-,-,FIGHT"
2026-06-23T15:40:00.000-04:00,"2026-6-23 15:40,3001.2,3002.67,3001.94,3002.74,0,0,0,0,-,-,neutral"
2026-06-23T15:45:00.000-04:00,"2026-6-23 15:45,2999.6,3001.98,3001.76,3002.61,0,0,0,0,-,-,neutral"
2026-06-23T15:50:00.000-04:00,"2026-6-23 15:50,3003,3002.71,3001.86,3002.63,5,1,0,0,-,-,FIGHT"
2026-06-23T15:55:00.000-04:00,"2026-6-23 15:55,2997.3,3001.11,3001.51,3002.42,-5,-1,-1,0,S,-,wave_only"
2026-06-23T16:00:00.000-04:00,"2026-6-23 16:00,2998.4,3000.31,3001.27,3002.26,-5,-1,-1,0,-,-,wave_only"
2026-06-23T16:05:00.000-04:00,"2026-6-23 16:05,2999.7,3000.2,3001.15,3002.16,0,0,-1,0,-,-,neutral"
2026-06-23T16:10:00.000-04:00,"2026-6-23 16:10,2999.7,3000.12,3001.04,3002.07,0,0,0,0,-,-,neutral"
2026-06-23T16:15:00.000-04:00,"2026-6-23 16:15,2998.3,2999.53,3000.83,3001.92,-5,-1,0,0,-,-,FIGHT"
2026-06-23T16:20:00.000-04:00,"2026-6-23 16:20,3000,2999.73,3000.76,3001.84,0,0,0,0,-,-,neutral"
2026-06-23T16:25:00.000-04:00,"2026-6-23 16:25,2999.5,2999.7,3000.67,3001.75,0,0,0,0,-,-,neutral"
2026-06-23T16:30:00.000-04:00,"2026-6-23 16:30,3000,2999.86,3000.61,3001.68,0,0,0,0,-,-,neutral"
2026-06-23T16:35:00.000-04:00,"2026-6-23 16:35,2998.2,2999.31,3000.43,3001.55,-7,-1,0,0,-,-,FIGHT"
2026-06-23T16:40:00.000-04:00,"2026-6-23 16:40,2999.1,2999.24,3000.33,3001.45,0,0,0,0,-,-,neutral"
2026-06-23T16:45:00.000-04:00,"2026-6-23 16:45,2998.8,2999.08,3000.21,3001.35,-3,-1,0,0,-,-,FIGHT"
2026-06-23T16:50:00.000-04:00,"2026-6-23 16:50,2999.4,2999.19,3000.15,3001.27,0,0,0,0,-,-,neutral"
2026-06-23T16:55:00.000-04:00,"2026-6-23 16:55,2998.9,2999.09,3000.05,3001.18,-3,-1,0,0,-,-,FIGHT"
2026-06-23T18:00:00.000-04:00,"2026-6-23 18:00,2998.9,2999.03,2999.96,3001.09,0,0,0,0,-,-,neutral"
2026-06-23T18:05:00.000-04:00,"2026-6-23 18:05,3000.7,2999.65,3000.02,3001.07,3,1,0,0,B,-,FIGHT"
2026-06-23T18:10:00.000-04:00,"2026-6-23 18:10,2999.6,2999.69,2999.99,3001.01,0,0,0,0,-,-,neutral"
2026-06-23T18:15:00.000-04:00,"2026-6-23 18:15,2998.5,2999.32,2999.87,3000.92,-7,-1,0,0,S,-,FIGHT"
2026-06-23T18:20:00.000-04:00,"2026-6-23 18:20,2996.3,2998.22,2999.6,3000.74,-7,-1,0,0,-,-,FIGHT"
2026-06-23T18:25:00.000-04:00,"2026-6-23 18:25,2995.7,2997.21,2999.3,3000.54,-7,-1,-1,0,-,-,wave_only"
2026-06-23T18:30:00.000-04:00,"2026-6-23 18:30,2995.2,2996.29,2998.98,3000.33,-7,-1,-1,0,-,-,wave_only"
2026-06-23T18:35:00.000-04:00,"2026-6-23 18:35,2992.6,2994.68,2998.49,3000.03,-7,-1,-1,0,-,-,wave_only"
2026-06-23T18:40:00.000-04:00,"2026-6-23 18:40,2992.8,2993.61,2998.05,2999.74,-7,-1,-1,0,-,-,wave_only"
2026-06-23T18:45:00.000-04:00,"2026-6-23 18:45,2993,2992.95,2997.66,2999.48,-7,-1,-1,0,-,-,wave_only"
2026-06-23T18:50:00.000-04:00,"2026-6-23 18:50,2993.3,2992.63,2997.33,2999.24,-7,-1,-1,0,-,-,wave_only"
2026-06-23T18:55:00.000-04:00,"2026-6-23 18:55,2992.9,2992.3,2996.99,2998.99,-7,-1,-1,-1,-,-,RIDE_both"
2026-06-23T19:00:00.000-04:00,"2026-6-23 19:00,2990.2,2991.11,2996.47,2998.64,-7,-1,-1,-1,-,-,RIDE_both"
2026-06-23T19:05:00.000-04:00,"2026-6-23 19:05,2989.4,2990,2995.92,2998.28,-7,-1,-1,-1,-,-,RIDE_both"
2026-06-23T19:10:00.000-04:00,"2026-6-23 19:10,2993,2990.58,2995.7,2998.07,0,0,-1,-1,-,-,neutral"
2026-06-23T19:15:00.000-04:00,"2026-6-23 19:15,2993.6,2991.3,2995.54,2997.9,0,0,-1,-1,-,-,neutral"
2026-06-23T19:20:00.000-04:00,"2026-6-23 19:20,2995,2992.39,2995.5,2997.78,0,0,-1,-1,-,-,neutral"
2026-06-23T19:25:00.000-04:00,"2026-6-23 19:25,2994.3,2992.96,2995.4,2997.65,0,0,0,-1,-,-,neutral"
2026-06-23T19:30:00.000-04:00,"2026-6-23 19:30,2992.1,2992.59,2995.15,2997.43,-7,-1,0,-1,-,-,tide_only"
2026-06-23T19:35:00.000-04:00,"2026-6-23 19:35,2991.5,2992.11,2994.87,2997.2,-7,-1,0,-1,-,-,tide_only"
2026-06-23T19:40:00.000-04:00,"2026-6-23 19:40,2993.7,2992.6,2994.78,2997.06,0,0,0,-1,-,-,neutral"
2026-06-23T19:45:00.000-04:00,"2026-6-23 19:45,2999.7,2995.19,2995.16,2997.16,5,1,0,-1,B,-,FIGHT"
2026-06-23T19:50:00.000-04:00,"2026-6-23 19:50,3000.8,2997.5,2995.59,2997.31,5,1,0,-1,-,-,FIGHT"
2026-06-23T19:55:00.000-04:00,"2026-6-23 19:55,3001.2,2999.32,2996.02,2997.46,5,1,0,1,-,-,tide_only"
2026-06-23T20:00:00.000-04:00,"2026-6-23 20:00,2999.2,2999.86,2996.27,2997.53,5,1,0,1,-,-,tide_only"
2026-06-23T20:05:00.000-04:00,"2026-6-23 20:05,3004.5,3002.16,2996.9,2997.8,5,1,0,1,-,-,tide_only"
2026-06-23T20:10:00.000-04:00,"2026-6-23 20:10,3003.5,3003.41,2997.41,2998.02,5,1,0,1,-,-,tide_only"
2026-06-23T20:15:00.000-04:00,"2026-6-23 20:15,3005.5,3004.98,2998.03,2998.32,5,1,0,1,-,-,tide_only"
2026-06-23T20:20:00.000-04:00,"2026-6-23 20:20,3001.9,3004.71,2998.33,2998.46,0,0,0,1,-,-,neutral"
2026-06-23T20:25:00.000-04:00,"2026-6-23 20:25,3004.4,3005.34,2998.8,2998.69,5,1,1,1,-,-,RIDE_both"
2026-06-23T20:30:00.000-04:00,"2026-6-23 20:30,3006.6,3006.53,2999.4,2999,7,1,1,1,-,-,RIDE_both"
2026-06-23T20:35:00.000-04:00,"2026-6-23 20:35,3007.1,3007.51,2999.99,2999.32,5,1,1,1,-,-,RIDE_both"
2026-06-23T20:40:00.000-04:00,"2026-6-23 20:40,3007.6,3008.31,3000.57,2999.64,5,1,1,1,-,-,RIDE_both"
2026-06-23T20:45:00.000-04:00,"2026-6-23 20:45,3006,3008.21,3000.99,2999.89,0,0,1,1,-,-,neutral"
2026-06-23T20:50:00.000-04:00,"2026-6-23 20:50,3004,3007.31,3001.22,3000.05,0,0,1,1,-,-,neutral"
2026-06-23T20:55:00.000-04:00,"2026-6-23 20:55,3005.1,3006.98,3001.52,3000.25,0,0,1,1,-,-,neutral"
2026-06-23T21:00:00.000-04:00,"2026-6-23 21:00,3002.5,3005.71,3001.6,3000.34,0,0,1,1,-,-,neutral"
2026-06-23T21:05:00.000-04:00,"2026-6-23 21:05,3003.6,3005.13,3001.75,3000.47,0,0,1,1,-,-,neutral"
2026-06-23T21:10:00.000-04:00,"2026-6-23 21:10,3006.1,3005.61,3002.08,3000.69,0,0,1,1,-,-,neutral"
2026-06-23T21:15:00.000-04:00,"2026-6-23 21:15,3001.5,3004.22,3002.04,3000.72,0,0,1,1,-,-,neutral"
2026-06-23T21:20:00.000-04:00,"2026-6-23 21:20,3006.2,3004.93,3002.36,3000.94,7,1,1,1,-,-,RIDE_both"
2026-06-23T21:25:00.000-04:00,"2026-6-23 21:25,3005.5,3005.17,3002.6,3001.11,3,1,1,1,-,-,RIDE_both"
2026-06-23T21:30:00.000-04:00,"2026-6-23 21:30,3006.2,3005.59,3002.88,3001.31,3,1,1,1,-,-,RIDE_both"
2026-06-23T21:35:00.000-04:00,"2026-6-23 21:35,3005.4,3005.59,3003.07,3001.47,0,0,1,1,-,-,neutral"
2026-06-23T21:40:00.000-04:00,"2026-6-23 21:40,3006.2,3005.86,3003.31,3001.66,3,1,0,1,-,-,tide_only"
2026-06-23T21:45:00.000-04:00,"2026-6-23 21:45,3005.1,3005.64,3003.45,3001.79,0,0,0,1,-,-,neutral"
2026-06-23T21:50:00.000-04:00,"2026-6-23 21:50,3007,3006.17,3003.72,3002,7,1,0,1,-,-,tide_only"
2026-06-23T21:55:00.000-04:00,"2026-6-23 21:55,3005.1,3005.83,3003.83,3002.12,0,0,0,1,-,-,neutral"
2026-06-23T22:00:00.000-04:00,"2026-6-23 22:00,3005.3,3005.65,3003.94,3002.24,0,0,0,1,-,-,neutral"
2026-06-23T22:05:00.000-04:00,"2026-6-23 22:05,3004.8,3005.32,3004.01,3002.34,0,0,0,1,-,-,neutral"
2026-06-23T22:10:00.000-04:00,"2026-6-23 22:10,3005,3005.15,3004.08,3002.45,0,0,0,1,-,-,neutral"
2026-06-23T22:15:00.000-04:00,"2026-6-23 22:15,3003.3,3004.39,3004.02,3002.48,-3,-1,0,1,S,-,FIGHT"
2026-06-23T22:20:00.000-04:00,"2026-6-23 22:20,3000.9,3002.95,3003.78,3002.42,-5,-1,0,1,-,-,FIGHT"
2026-06-23T22:25:00.000-04:00,"2026-6-23 22:25,3003.5,3002.87,3003.76,3002.46,-5,-1,0,1,-,-,FIGHT"
2026-06-23T22:30:00.000-04:00,"2026-6-23 22:30,3002.6,3002.5,3003.67,3002.47,-5,-1,0,1,-,-,FIGHT"
2026-06-23T22:35:00.000-04:00,"2026-6-23 22:35,3000,3001.3,3003.39,3002.37,-5,-1,0,1,-,-,FIGHT"
2026-06-23T22:40:00.000-04:00,"2026-6-23 22:40,2999.9,3000.41,3003.12,3002.27,-5,-1,0,1,-,-,FIGHT"
2026-06-23T22:45:00.000-04:00,"2026-6-23 22:45,2997.9,2999.05,3002.72,3002.1,-5,-1,0,1,-,-,FIGHT"
2026-06-23T22:50:00.000-04:00,"2026-6-23 22:50,2996.5,2997.59,3002.24,3001.88,-5,-1,0,1,-,-,FIGHT"
2026-06-23T22:55:00.000-04:00,"2026-6-23 22:55,2994.9,2995.99,3001.68,3001.61,-5,-1,-1,0,-,-,wave_only"
2026-06-23T23:00:00.000-04:00,"2026-6-23 23:00,2994.6,2994.78,3001.13,3001.33,-5,-1,-1,0,-,-,wave_only"
2026-06-23T23:05:00.000-04:00,"2026-6-23 23:05,2997.1,2994.89,3000.82,3001.17,0,0,-1,0,-,-,neutral"
2026-06-23T23:10:00.000-04:00,"2026-6-23 23:10,3001.1,2996.54,3000.84,3001.17,0,0,0,0,-,-,neutral"
2026-06-23T23:15:00.000-04:00,"2026-6-23 23:15,2997.3,2996.41,3000.57,3001.01,0,0,0,0,-,-,neutral"
2026-06-23T23:20:00.000-04:00,"2026-6-23 23:20,2996.5,2996.07,3000.26,3000.84,-5,0,0,0,-,-,neutral"
2026-06-23T23:25:00.000-04:00,"2026-6-23 23:25,3001.5,2997.72,3000.35,3000.86,0,0,0,0,-,-,neutral"
2026-06-23T23:30:00.000-04:00,"2026-6-23 23:30,3002.7,2999.42,3000.53,3000.94,3,1,0,0,B,-,FIGHT"
2026-06-23T23:35:00.000-04:00,"2026-6-23 23:35,3000.4,2999.82,3000.52,3000.91,0,0,0,0,-,-,neutral"
2026-06-23T23:40:00.000-04:00,"2026-6-23 23:40,3000.5,3000.16,3000.52,3000.9,0,0,-1,0,-,-,neutral"
2026-06-23T23:45:00.000-04:00,"2026-6-23 23:45,2999.1,2999.89,3000.41,3000.83,-5,-1,-1,0,S,-,wave_only"
2026-06-23T23:50:00.000-04:00,"2026-6-23 23:50,2998.8,2999.57,3000.29,3000.75,-5,-1,-1,0,-,-,wave_only"
2026-06-23T23:55:00.000-04:00,"2026-6-23 23:55,2999.8,2999.71,3000.25,3000.71,0,0,-1,0,-,-,neutral"
2026-06-24T00:00:00.000-04:00,"2026-6-24 0:00,2997.8,2999.07,3000.06,3000.6,-5,-1,-1,0,-,-,wave_only"
2026-06-24T00:05:00.000-04:00,"2026-6-24 0:05,2997.1,2998.34,2999.83,3000.46,-5,-1,-1,0,-,-,wave_only"
2026-06-24T00:10:00.000-04:00,"2026-6-24 0:10,2996.2,2997.48,2999.55,3000.29,-7,-1,-1,0,-,-,wave_only"
2026-06-24T00:15:00.000-04:00,"2026-6-24 0:15,2994.8,2996.35,2999.19,3000.08,-7,-1,-1,0,-,-,wave_only"
2026-06-24T00:20:00.000-04:00,"2026-6-24 0:20,2994.5,2995.43,2998.83,2999.86,-7,-1,-1,0,-,-,wave_only"
2026-06-24T00:25:00.000-04:00,"2026-6-24 0:25,2995.4,2995.13,2998.56,2999.68,0,0,-1,0,-,-,neutral"
2026-06-24T00:30:00.000-04:00,"2026-6-24 0:30,2998.3,2996.01,2998.54,2999.63,0,0,-1,0,-,-,neutral"
2026-06-24T00:35:00.000-04:00,"2026-6-24 0:35,3000.7,2997.59,2998.71,2999.67,3,0,-1,0,-,-,neutral"
2026-06-24T00:40:00.000-04:00,"2026-6-24 0:40,3000.9,2998.83,2998.88,2999.72,5,1,0,0,B,-,FIGHT"
2026-06-24T00:45:00.000-04:00,"2026-6-24 0:45,3001,2999.78,2999.04,2999.77,5,1,0,0,-,-,FIGHT"
2026-06-24T00:50:00.000-04:00,"2026-6-24 0:50,3000.6,3000.31,2999.16,2999.8,5,1,0,0,-,-,FIGHT"
2026-06-24T00:55:00.000-04:00,"2026-6-24 0:55,3000.4,3000.61,2999.26,2999.83,5,1,0,0,-,-,FIGHT"
2026-06-24T01:00:00.000-04:00,"2026-6-24 1:00,3000.2,3000.72,2999.33,2999.84,0,0,0,0,-,-,neutral"
2026-06-24T01:05:00.000-04:00,"2026-6-24 1:05,3001.6,3001.3,2999.5,2999.91,5,1,0,0,-,-,FIGHT"
2026-06-24T01:10:00.000-04:00,"2026-6-24 1:10,3001.2,3001.55,2999.63,2999.96,3,1,0,0,-,-,FIGHT"
2026-06-24T01:15:00.000-04:00,"2026-6-24 1:15,3003.3,3002.48,2999.92,3000.09,5,1,0,0,-,-,FIGHT"
2026-06-24T01:20:00.000-04:00,"2026-6-24 1:20,3004,3003.39,3000.23,3000.24,7,1,0,0,-,-,FIGHT"
2026-06-24T01:25:00.000-04:00,"2026-6-24 1:25,3002.2,3003.35,3000.38,3000.32,0,0,0,0,-,-,neutral"
2026-06-24T01:30:00.000-04:00,"2026-6-24 1:30,3002.3,3003.31,3000.53,3000.4,0,0,0,0,-,-,neutral"
2026-06-24T01:35:00.000-04:00,"2026-6-24 1:35,3005,3004.24,3000.87,3000.58,7,1,0,0,-,-,FIGHT"
2026-06-24T01:40:00.000-04:00,"2026-6-24 1:40,3002.5,3003.96,3001,3000.65,0,0,1,0,-,-,neutral"
2026-06-24T01:45:00.000-04:00,"2026-6-24 1:45,3001.7,3003.42,3001.05,3000.7,0,0,1,0,-,-,neutral"
2026-06-24T01:50:00.000-04:00,"2026-6-24 1:50,3000.4,3002.51,3001,3000.68,0,0,1,0,-,-,neutral"
2026-06-24T01:55:00.000-04:00,"2026-6-24 1:55,3000.5,3001.85,3000.96,3000.68,0,0,0,0,-,-,neutral"
2026-06-24T02:00:00.000-04:00,"2026-6-24 2:00,2997.7,3000.33,3000.71,3000.56,-7,-1,0,0,S,-,FIGHT"
2026-06-24T02:05:00.000-04:00,"2026-6-24 2:05,2999.6,2999.91,3000.63,3000.52,-5,-1,0,0,-,-,FIGHT"
2026-06-24T02:10:00.000-04:00,"2026-6-24 2:10,2999.8,2999.69,3000.56,3000.49,-5,-1,0,0,-,-,FIGHT"
2026-06-24T02:15:00.000-04:00,"2026-6-24 2:15,2998.5,2999.07,3000.4,3000.42,-5,-1,0,0,-,-,FIGHT"
2026-06-24T02:20:00.000-04:00,"2026-6-24 2:20,2998,2998.44,3000.22,3000.32,-5,-1,0,0,-,-,FIGHT"
2026-06-24T02:25:00.000-04:00,"2026-6-24 2:25,2997.9,2997.97,3000.04,3000.23,-5,-1,-1,0,-,-,wave_only"
2026-06-24T02:30:00.000-04:00,"2026-6-24 2:30,2999.8,2998.36,3000.02,3000.21,0,0,-1,0,-,-,neutral"
2026-06-24T02:35:00.000-04:00,"2026-6-24 2:35,2999.2,2998.45,2999.96,3000.17,0,0,-1,0,-,-,neutral"
2026-06-24T02:40:00.000-04:00,"2026-6-24 2:40,2999.5,2998.65,2999.92,3000.14,0,0,-1,0,-,-,neutral"
2026-06-24T02:45:00.000-04:00,"2026-6-24 2:45,2999.5,2998.82,2999.89,3000.12,0,0,-1,0,-,-,neutral"
2026-06-24T02:50:00.000-04:00,"2026-6-24 2:50,3000.9,2999.47,2999.97,3000.15,3,1,-1,0,B,-,FIGHT"
2026-06-24T02:55:00.000-04:00,"2026-6-24 2:55,2999.6,2999.49,2999.94,3000.13,0,0,0,0,-,-,neutral"
2026-06-24T03:00:00.000-04:00,"2026-6-24 3:00,2997.3,2998.65,2999.74,3000.02,-7,-1,0,0,S,-,FIGHT"
2026-06-24T03:05:00.000-04:00,"2026-6-24 3:05,2999,2998.67,2999.68,2999.98,0,0,0,0,-,-,neutral"
2026-06-24T03:10:00.000-04:00,"2026-6-24 3:10,2999.7,2998.96,2999.68,2999.97,0,0,0,0,-,-,neutral"
2026-06-24T03:15:00.000-04:00,"2026-6-24 3:15,3000.2,2999.36,2999.72,2999.97,3,0,0,0,-,-,neutral"
2026-06-24T03:20:00.000-04:00,"2026-6-24 3:20,3000.2,2999.67,2999.76,2999.98,5,0,0,0,-,-,neutral"
2026-06-24T03:25:00.000-04:00,"2026-6-24 3:25,2997.1,2998.74,2999.55,2999.87,-7,-1,-1,0,-,-,wave_only"
2026-06-24T03:30:00.000-04:00,"2026-6-24 3:30,2998.2,2998.48,2999.45,2999.81,-5,-1,-1,0,-,-,wave_only"
2026-06-24T03:35:00.000-04:00,"2026-6-24 3:35,2997.5,2998.03,2999.3,2999.71,-5,-1,-1,0,-,-,wave_only"
2026-06-24T03:40:00.000-04:00,"2026-6-24 3:40,3000.4,2998.79,2999.38,2999.74,3,1,0,0,B,-,FIGHT"
2026-06-24T03:45:00.000-04:00,"2026-6-24 3:45,3001.2,2999.66,2999.52,2999.8,5,1,0,0,-,-,FIGHT"
2026-06-24T03:50:00.000-04:00,"2026-6-24 3:50,2998.7,2999.36,2999.46,2999.76,-3,-1,0,0,S,-,FIGHT"
2026-06-24T03:55:00.000-04:00,"2026-6-24 3:55,2997.5,2998.7,2999.31,2999.67,-5,-1,-1,0,-,-,wave_only"
2026-06-24T04:00:00.000-04:00,"2026-6-24 4:00,3001.8,2999.81,2999.5,2999.75,5,1,-1,0,B,-,FIGHT"
2026-06-24T04:05:00.000-04:00,"2026-6-24 4:05,3002.7,3000.96,2999.75,2999.87,7,1,-1,0,-,-,FIGHT"
2026-06-24T04:10:00.000-04:00,"2026-6-24 4:10,3004.7,3002.53,3000.13,3000.06,7,1,1,0,-,-,wave_only"
2026-06-24T04:15:00.000-04:00,"2026-6-24 4:15,3003.4,3003.17,3000.38,3000.19,7,1,1,0,-,-,wave_only"
2026-06-24T04:20:00.000-04:00,"2026-6-24 4:20,3001,3002.72,3000.43,3000.22,0,0,1,0,-,-,neutral"
2026-06-24T04:25:00.000-04:00,"2026-6-24 4:25,3001.3,3002.46,3000.5,3000.26,0,0,1,0,-,-,neutral"
2026-06-24T04:30:00.000-04:00,"2026-6-24 4:30,3002.4,3002.65,3000.64,3000.35,3,1,1,0,-,-,wave_only"
2026-06-24T04:35:00.000-04:00,"2026-6-24 4:35,3000.8,3002.17,3000.65,3000.36,0,0,1,0,-,-,neutral"
2026-06-24T04:40:00.000-04:00,"2026-6-24 4:40,3000.8,3001.8,3000.67,3000.38,0,0,0,0,-,-,neutral"
2026-06-24T04:45:00.000-04:00,"2026-6-24 4:45,2999.4,3000.99,3000.57,3000.34,-3,0,0,0,-,-,neutral"
2026-06-24T04:50:00.000-04:00,"2026-6-24 4:50,2999.7,3000.51,3000.5,3000.32,-3,-1,0,0,S,-,FIGHT"
2026-06-24T04:55:00.000-04:00,"2026-6-24 4:55,3000.1,3000.3,3000.47,3000.31,-5,-1,0,0,-,-,FIGHT"
2026-06-24T05:00:00.000-04:00,"2026-6-24 5:00,3000,3000.11,3000.43,3000.3,-5,-1,0,0,-,-,FIGHT"
2026-06-24T05:05:00.000-04:00,"2026-6-24 5:05,3000.9,3000.31,3000.47,3000.32,0,0,0,0,-,-,neutral"
2026-06-24T05:10:00.000-04:00,"2026-6-24 5:10,3002.3,3000.99,3000.61,3000.4,7,1,1,0,B,-,wave_only"
2026-06-24T05:15:00.000-04:00,"2026-6-24 5:15,2999.8,3000.56,3000.55,3000.37,-3,-1,1,0,S,-,FIGHT"
2026-06-24T05:20:00.000-04:00,"2026-6-24 5:20,3000.6,3000.54,3000.55,3000.38,0,0,1,0,-,-,neutral"
2026-06-24T05:25:00.000-04:00,"2026-6-24 5:25,2999.6,3000.16,3000.48,3000.35,-5,-1,0,0,-,-,FIGHT"
2026-06-24T05:30:00.000-04:00,"2026-6-24 5:30,3000.3,3000.14,3000.47,3000.35,0,0,0,0,-,-,neutral"
2026-06-24T05:35:00.000-04:00,"2026-6-24 5:35,2998.8,2999.58,3000.34,3000.29,-5,-1,0,0,-,-,FIGHT"
2026-06-24T05:40:00.000-04:00,"2026-6-24 5:40,2996.6,2998.36,3000.05,3000.14,-7,-1,-1,0,-,-,wave_only"
2026-06-24T05:45:00.000-04:00,"2026-6-24 5:45,2998,2998,2999.89,3000.06,-5,-1,-1,0,-,-,wave_only"
2026-06-24T05:50:00.000-04:00,"2026-6-24 5:50,2998.8,2998.06,2999.81,3000.01,0,0,-1,0,-,-,neutral"
2026-06-24T05:55:00.000-04:00,"2026-6-24 5:55,2999.7,2998.46,2999.8,3000,0,0,0,0,-,-,neutral"
2026-06-24T06:00:00.000-04:00,"2026-6-24 6:00,2997.9,2998.11,2999.65,2999.92,-5,-1,0,0,-,-,FIGHT"
2026-06-24T06:05:00.000-04:00,"2026-6-24 6:05,2998.9,2998.25,2999.6,2999.88,0,0,0,0,-,-,neutral"
2026-06-24T06:10:00.000-04:00,"2026-6-24 6:10,3000.6,2998.99,2999.67,2999.91,3,1,0,0,B,-,FIGHT"
2026-06-24T06:15:00.000-04:00,"2026-6-24 6:15,3000.5,2999.51,2999.74,2999.93,3,0,0,0,-,-,neutral"
2026-06-24T06:20:00.000-04:00,"2026-6-24 6:20,2999.7,2999.6,2999.73,2999.92,0,0,0,0,-,-,neutral"
2026-06-24T06:25:00.000-04:00,"2026-6-24 6:25,3001.2,3000.22,2999.85,2999.97,7,1,1,0,-,-,wave_only"
2026-06-24T06:30:00.000-04:00,"2026-6-24 6:30,3002.8,3001.26,3000.07,3000.08,7,1,1,0,-,-,wave_only"
2026-06-24T06:35:00.000-04:00,"2026-6-24 6:35,3002.9,3002.05,3000.29,3000.19,7,1,1,0,-,-,wave_only"
2026-06-24T06:40:00.000-04:00,"2026-6-24 6:40,3004.1,3003.06,3000.58,3000.34,7,1,1,0,-,-,wave_only"
2026-06-24T06:45:00.000-04:00,"2026-6-24 6:45,3003.1,3003.39,3000.78,3000.45,7,0,1,0,-,-,neutral"
2026-06-24T06:50:00.000-04:00,"2026-6-24 6:50,3001.1,3002.86,3000.8,3000.48,0,0,1,0,-,-,neutral"
2026-06-24T06:55:00.000-04:00,"2026-6-24 6:55,3000.4,3002.18,3000.77,3000.47,0,0,0,0,-,-,neutral"
2026-06-24T07:00:00.000-04:00,"2026-6-24 7:00,3004,3002.99,3001.02,3000.61,7,1,0,0,-,-,FIGHT"
2026-06-24T07:05:00.000-04:00,"2026-6-24 7:05,3002.9,3003.16,3001.16,3000.7,3,1,0,0,-,-,FIGHT"
2026-06-24T07:10:00.000-04:00,"2026-6-24 7:10,3001.7,3002.81,3001.21,3000.74,0,0,0,0,-,-,neutral"
2026-06-24T07:15:00.000-04:00,"2026-6-24 7:15,3001.3,3002.39,3001.21,3000.76,0,0,0,0,-,-,neutral"
2026-06-24T07:20:00.000-04:00,"2026-6-24 7:20,3002.7,3002.58,3001.33,3000.84,7,1,0,0,-,-,FIGHT"
2026-06-24T07:25:00.000-04:00,"2026-6-24 7:25,3002.1,3002.49,3001.39,3000.89,0,0,1,0,-,-,neutral"
2026-06-24T07:30:00.000-04:00,"2026-6-24 7:30,3003.6,3002.96,3001.56,3001,7,1,1,0,-,-,wave_only"
2026-06-24T07:35:00.000-04:00,"2026-6-24 7:35,3005.8,3004.11,3001.88,3001.18,7,1,1,0,-,-,wave_only"
2026-06-24T07:40:00.000-04:00,"2026-6-24 7:40,3005,3004.64,3002.12,3001.33,5,1,1,0,-,-,wave_only"
2026-06-24T07:45:00.000-04:00,"2026-6-24 7:45,3011.2,3007.3,3002.82,3001.72,7,1,1,0,-,-,wave_only"
2026-06-24T07:50:00.000-04:00,"2026-6-24 7:50,3010.9,3009.1,3003.44,3002.08,7,1,1,0,-,-,wave_only"
2026-06-24T07:55:00.000-04:00,"2026-6-24 7:55,3011.5,3010.57,3004.06,3002.45,7,1,1,1,-,-,RIDE_both"
2026-06-24T08:00:00.000-04:00,"2026-6-24 8:00,3010.8,3011.32,3004.58,3002.78,7,0,1,1,-,-,neutral"
2026-06-24T08:05:00.000-04:00,"2026-6-24 8:05,3009.4,3011.27,3004.95,3003.04,0,0,1,1,-,-,neutral"
2026-06-24T08:10:00.000-04:00,"2026-6-24 8:10,3009.2,3011.09,3005.28,3003.28,0,0,1,1,-,-,neutral"
2026-06-24T08:15:00.000-04:00,"2026-6-24 8:15,3011.1,3011.58,3005.73,3003.59,0,0,1,1,-,-,neutral"
2026-06-24T08:20:00.000-04:00,"2026-6-24 8:20,3010.5,3011.66,3006.09,3003.86,0,0,1,1,-,-,neutral"
2026-06-24T08:25:00.000-04:00,"2026-6-24 8:25,3009.4,3011.24,3006.35,3004.07,0,0,1,1,-,-,neutral"
2026-06-24T08:30:00.000-04:00,"2026-6-24 8:30,3008.2,3010.44,3006.49,3004.24,0,0,1,1,-,-,neutral"
2026-06-24T08:35:00.000-04:00,"2026-6-24 8:35,3006,3009,3006.45,3004.3,0,0,1,1,-,-,neutral"
2026-06-24T08:40:00.000-04:00,"2026-6-24 8:40,3005.3,3007.65,3006.36,3004.34,0,0,0,1,-,-,neutral"
2026-06-24T08:45:00.000-04:00,"2026-6-24 8:45,3002.8,3005.73,3006.09,3004.28,-5,-1,0,1,S,-,FIGHT"
2026-06-24T08:50:00.000-04:00,"2026-6-24 8:50,3003.9,3004.74,3005.92,3004.27,-5,-1,0,1,-,-,FIGHT"
2026-06-24T08:55:00.000-04:00,"2026-6-24 8:55,3003.4,3003.85,3005.73,3004.23,-5,-1,0,0,-,-,FIGHT"
2026-06-24T09:00:00.000-04:00,"2026-6-24 9:00,3003.7,3003.35,3005.57,3004.21,-5,-1,0,0,-,-,FIGHT"
2026-06-24T09:05:00.000-04:00,"2026-6-24 9:05,3002.2,3002.47,3005.31,3004.13,-5,-1,0,0,-,-,FIGHT"
2026-06-24T09:10:00.000-04:00,"2026-6-24 9:10,3000.1,3001.1,3004.91,3003.98,-5,-1,0,0,-,-,FIGHT"
2026-06-24T09:15:00.000-04:00,"2026-6-24 9:15,3000.2,3000.18,3004.55,3003.83,-5,-1,0,0,-,-,FIGHT"
2026-06-24T09:20:00.000-04:00,"2026-6-24 9:20,3001.3,2999.98,3004.3,3003.73,-5,0,0,0,-,-,neutral"
2026-06-24T09:25:00.000-04:00,"2026-6-24 9:25,3002.5,3000.34,3004.16,3003.68,0,0,0,0,-,-,neutral"
2026-06-24T09:30:00.000-04:00,"2026-6-24 9:30,3011.4,3003.96,3004.72,3003.98,0,0,0,0,-,-,neutral"
2026-06-24T09:35:00.000-04:00,"2026-6-24 9:35,3006.1,3004.69,3004.82,3004.07,7,0,0,0,-,-,neutral"
2026-06-24T09:40:00.000-04:00,"2026-6-24 9:40,2998.5,3002.42,3004.34,3003.85,-5,-1,-1,0,-,-,wave_only"
2026-06-24T09:45:00.000-04:00,"2026-6-24 9:45,3007.1,3003.94,3004.55,3003.98,0,0,-1,0,-,-,neutral"
2026-06-24T09:50:00.000-04:00,"2026-6-24 9:50,3017.2,3008.82,3005.52,3004.49,7,1,-1,0,B,-,FIGHT"
2026-06-24T09:55:00.000-04:00,"2026-6-24 9:55,3016.3,3012.05,3006.35,3004.96,7,1,1,1,-,-,RIDE_both"
2026-06-24T10:00:00.000-04:00,"2026-6-24 10:00,3007.6,3011.14,3006.45,3005.06,0,0,1,1,-,-,neutral"
2026-06-24T10:05:00.000-04:00,"2026-6-24 10:05,3013.5,3012.58,3006.99,3005.39,7,1,1,1,-,-,RIDE_both"
2026-06-24T10:10:00.000-04:00,"2026-6-24 10:10,3009.6,3012.12,3007.19,3005.56,0,0,1,1,-,-,neutral"
2026-06-24T10:15:00.000-04:00,"2026-6-24 10:15,3004.5,3009.83,3006.98,3005.52,0,0,1,1,-,-,neutral"
2026-06-24T10:20:00.000-04:00,"2026-6-24 10:20,3014,3011.62,3007.52,3005.85,7,1,1,1,-,-,RIDE_both"
2026-06-24T10:25:00.000-04:00,"2026-6-24 10:25,3017.3,3014.11,3008.28,3006.3,7,1,1,1,-,-,RIDE_both"
2026-06-24T10:30:00.000-04:00,"2026-6-24 10:30,3024.4,3018.51,3009.52,3007.01,7,1,1,1,-,-,RIDE_both"
2026-06-24T10:35:00.000-04:00,"2026-6-24 10:35,3019.2,3019.72,3010.26,3007.49,5,1,1,1,-,-,RIDE_both"
2026-06-24T10:40:00.000-04:00,"2026-6-24 10:40,3023.3,3022.01,3011.26,3008.11,7,1,1,1,-,-,RIDE_both"
2026-06-24T10:45:00.000-04:00,"2026-6-24 10:45,3028.2,3025.39,3012.57,3008.89,7,1,1,1,-,-,RIDE_both"
2026-06-24T10:50:00.000-04:00,"2026-6-24 10:50,3027.4,3027.42,3013.71,3009.62,7,1,1,1,-,-,RIDE_both"
2026-06-24T10:55:00.000-04:00,"2026-6-24 10:55,3035.2,3031.64,3015.36,3010.62,7,1,1,1,-,-,RIDE_both"
2026-06-24T11:00:00.000-04:00,"2026-6-24 11:00,3033.6,3033.96,3016.76,3011.52,7,1,1,1,-,-,RIDE_both"
2026-06-24T11:05:00.000-04:00,"2026-6-24 11:05,3034.1,3035.65,3018.1,3012.41,3,1,1,1,-,-,RIDE_both"
2026-06-24T11:10:00.000-04:00,"2026-6-24 11:10,3035.2,3037.09,3019.41,3013.3,0,0,1,1,-,-,neutral"
2026-06-24T11:15:00.000-04:00,"2026-6-24 11:15,3040.4,3039.87,3021.03,3014.37,7,1,1,1,-,-,RIDE_both"
2026-06-24T11:20:00.000-04:00,"2026-6-24 11:20,3036.7,3040.33,3022.23,3015.24,0,0,1,1,-,-,neutral"
2026-06-24T11:25:00.000-04:00,"2026-6-24 11:25,3040.2,3041.76,3023.62,3016.22,0,0,1,1,-,-,neutral"
2026-06-24T11:30:00.000-04:00,"2026-6-24 11:30,3037.1,3041.46,3024.65,3017.04,0,0,1,1,-,-,neutral"
2026-06-24T11:35:00.000-04:00,"2026-6-24 11:35,3035.4,3040.43,3025.48,3017.76,0,0,1,1,-,-,neutral"
2026-06-24T11:40:00.000-04:00,"2026-6-24 11:40,3034.8,3039.28,3026.2,3018.43,0,0,0,1,-,-,neutral"
2026-06-24T11:45:00.000-04:00,"2026-6-24 11:45,3035.8,3038.68,3026.93,3019.11,0,0,0,1,-,-,neutral"
2026-06-24T11:50:00.000-04:00,"2026-6-24 11:50,3036.7,3038.47,3027.69,3019.8,0,0,0,1,-,-,neutral"
2026-06-24T11:55:00.000-04:00,"2026-6-24 11:55,3034.6,3037.44,3028.22,3020.38,0,0,0,1,-,-,neutral"
2026-06-24T12:00:00.000-04:00,"2026-6-24 12:00,3032.7,3035.9,3028.56,3020.86,0,0,0,1,-,-,neutral"
2026-06-24T12:05:00.000-04:00,"2026-6-24 12:05,3031.6,3034.32,3028.8,3021.28,0,0,0,1,-,-,neutral"
2026-06-24T12:10:00.000-04:00,"2026-6-24 12:10,3035.9,3034.72,3029.34,3021.86,7,1,0,1,-,-,tide_only"
2026-06-24T12:15:00.000-04:00,"2026-6-24 12:15,3034.5,3034.48,3029.74,3022.35,0,0,0,1,-,-,neutral"
2026-06-24T12:20:00.000-04:00,"2026-6-24 12:20,3038.7,3035.85,3030.43,3022.99,7,1,0,1,-,-,tide_only"
2026-06-24T12:25:00.000-04:00,"2026-6-24 12:25,3037.4,3036.35,3030.97,3023.56,7,1,0,1,-,-,tide_only"
2026-06-24T12:30:00.000-04:00,"2026-6-24 12:30,3034.6,3035.66,3031.24,3023.99,0,0,0,1,-,-,neutral"
2026-06-24T12:35:00.000-04:00,"2026-6-24 12:35,3028.7,3032.96,3031.05,3024.18,-3,-1,0,1,S,-,FIGHT"
2026-06-24T12:40:00.000-04:00,"2026-6-24 12:40,3030.2,3031.53,3030.98,3024.41,-3,-1,0,1,-,-,FIGHT"
2026-06-24T12:45:00.000-04:00,"2026-6-24 12:45,3030.2,3030.51,3030.92,3024.64,-5,-1,0,1,-,-,FIGHT"
2026-06-24T12:50:00.000-04:00,"2026-6-24 12:50,3025.6,3028.1,3030.51,3024.68,-5,-1,0,1,-,-,FIGHT"
2026-06-24T12:55:00.000-04:00,"2026-6-24 12:55,3025.5,3026.35,3030.13,3024.71,-5,-1,0,0,-,-,FIGHT"
2026-06-24T13:00:00.000-04:00,"2026-6-24 13:00,3028,3026.07,3029.96,3024.84,-3,-1,0,0,-,-,FIGHT"
2026-06-24T13:05:00.000-04:00,"2026-6-24 13:05,3022.6,3023.95,3029.4,3024.75,-5,-1,0,0,-,-,FIGHT"
2026-06-24T13:10:00.000-04:00,"2026-6-24 13:10,3020.6,3021.74,3028.72,3024.59,-5,-1,0,0,-,-,FIGHT"
2026-06-24T13:15:00.000-04:00,"2026-6-24 13:15,3016.8,3018.82,3027.8,3024.28,-5,-1,0,0,-,-,FIGHT"
2026-06-24T13:20:00.000-04:00,"2026-6-24 13:20,3013,3015.4,3026.67,3023.84,-5,-1,0,0,-,-,FIGHT"
2026-06-24T13:25:00.000-04:00,"2026-6-24 13:25,3008.1,3011.22,3025.24,3023.22,-5,0,0,0,-,-,neutral"
2026-06-24T13:30:00.000-04:00,"2026-6-24 13:30,3007.8,3008.23,3023.9,3022.62,-5,-1,0,0,-,-,FIGHT"
2026-06-24T13:35:00.000-04:00,"2026-6-24 13:35,3009.3,3006.79,3022.77,3022.1,-5,0,0,0,-,-,neutral"
2026-06-24T13:40:00.000-04:00,"2026-6-24 13:40,3004.8,3004.29,3021.39,3021.42,0,0,-1,0,-,-,neutral"
2026-06-24T13:45:00.000-04:00,"2026-6-24 13:45,3007.9,3003.81,3020.35,3020.89,0,0,-1,0,-,-,neutral"
2026-06-24T13:50:00.000-04:00,"2026-6-24 13:50,3008.7,3003.97,3019.46,3020.41,0,0,-1,0,-,-,neutral"
2026-06-24T13:55:00.000-04:00,"2026-6-24 13:55,3004.4,3002.69,3018.3,3019.78,0,0,-1,0,-,-,neutral"
2026-06-24T14:00:00.000-04:00,"2026-6-24 14:00,3004.3,3001.9,3017.22,3019.17,0,0,-1,0,-,-,neutral"
2026-06-24T14:05:00.000-04:00,"2026-6-24 14:05,3007.7,3002.76,3016.49,3018.72,0,0,-1,0,-,-,neutral"
2026-06-24T14:10:00.000-04:00,"2026-6-24 14:10,3007,3003.3,3015.76,3018.26,0,0,-1,0,-,-,neutral"
2026-06-24T14:15:00.000-04:00,"2026-6-24 14:15,3013.2,3006.12,3015.56,3018.07,0,0,-1,0,-,-,neutral"
2026-06-24T14:20:00.000-04:00,"2026-6-24 14:20,3017.3,3009.82,3015.7,3018.04,0,0,-1,0,-,-,neutral"
2026-06-24T14:25:00.000-04:00,"2026-6-24 14:25,3018.6,3013.08,3015.92,3018.06,3,0,0,0,-,-,neutral"
2026-06-24T14:30:00.000-04:00,"2026-6-24 14:30,3016.8,3014.82,3015.99,3018.01,3,1,0,0,B,-,FIGHT"
2026-06-24T14:35:00.000-04:00,"2026-6-24 14:35,3012.3,3014.41,3015.7,3017.78,-7,-1,0,0,S,-,FIGHT"
2026-06-24T14:40:00.000-04:00,"2026-6-24 14:40,3011.3,3013.71,3015.36,3017.53,-7,-1,-1,0,-,-,wave_only"
2026-06-24T14:45:00.000-04:00,"2026-6-24 14:45,3004.2,3010.55,3014.51,3017.01,-7,-1,-1,0,-,-,wave_only"
2026-06-24T14:50:00.000-04:00,"2026-6-24 14:50,3007.1,3009.3,3013.94,3016.62,-7,-1,-1,0,-,-,wave_only"
2026-06-24T14:55:00.000-04:00,"2026-6-24 14:55,3005,3007.63,3013.25,3016.16,-7,-1,-1,0,-,-,wave_only"
2026-06-24T15:00:00.000-04:00,"2026-6-24 15:00,3007.2,3007.26,3012.78,3015.81,-3,-1,-1,0,-,-,wave_only"
2026-06-24T15:05:00.000-04:00,"2026-6-24 15:05,2999.5,3004.18,3011.76,3015.17,-7,-1,-1,0,-,-,wave_only"
2026-06-24T15:10:00.000-04:00,"2026-6-24 15:10,3000.5,3002.34,3010.9,3014.6,-7,-1,-1,0,-,-,wave_only"
2026-06-24T15:15:00.000-04:00,"2026-6-24 15:15,2999.6,3000.74,3010.03,3014.01,-7,-1,-1,0,-,-,wave_only"
2026-06-24T15:20:00.000-04:00,"2026-6-24 15:20,3001.1,3000.2,3009.34,3013.5,-7,-1,-1,0,-,-,wave_only"
2026-06-24T15:25:00.000-04:00,"2026-6-24 15:25,3002.1,3000.28,3008.78,3013.06,0,0,-1,0,-,-,neutral"
2026-06-24T15:30:00.000-04:00,"2026-6-24 15:30,3000.5,2999.82,3008.15,3012.56,-7,-1,-1,0,-,-,wave_only"
2026-06-24T15:35:00.000-04:00,"2026-6-24 15:35,2999.3,2999.13,3007.47,3012.04,-7,-1,-1,0,-,-,wave_only"
2026-06-24T15:40:00.000-04:00,"2026-6-24 15:40,2999.8,2998.88,3006.88,3011.56,-7,-1,-1,0,-,-,wave_only"
2026-06-24T15:45:00.000-04:00,"2026-6-24 15:45,3003.4,3000.11,3006.61,3011.24,0,0,-1,0,-,-,neutral"
2026-06-24T15:50:00.000-04:00,"2026-6-24 15:50,3007.9,3002.73,3006.71,3011.11,0,0,-1,0,-,-,neutral"
2026-06-24T15:55:00.000-04:00,"2026-6-24 15:55,3014,3006.96,3007.27,3011.22,5,1,0,0,B,-,FIGHT"
2026-06-24T16:00:00.000-04:00,"2026-6-24 16:00,3018.1,3011.57,3008.1,3011.49,5,1,0,0,-,-,FIGHT"
2026-06-24T16:05:00.000-04:00,"2026-6-24 16:05,3019.3,3015.34,3008.96,3011.8,5,1,0,0,-,-,FIGHT"
2026-06-24T16:10:00.000-04:00,"2026-6-24 16:10,3019.5,3018.08,3009.77,3012.1,5,1,0,0,-,-,FIGHT"
2026-06-24T16:15:00.000-04:00,"2026-6-24 16:15,3020.7,3020.41,3010.61,3012.44,5,1,0,0,-,-,FIGHT"
2026-06-24T16:20:00.000-04:00,"2026-6-24 16:20,3022.9,3022.79,3011.56,3012.85,5,1,0,0,-,-,FIGHT"
2026-06-24T16:25:00.000-04:00,"2026-6-24 16:25,3022.1,3024.07,3012.37,3013.21,5,1,0,0,-,-,FIGHT"
2026-06-24T16:30:00.000-04:00,"2026-6-24 16:30,3021.1,3024.48,3013.04,3013.52,0,0,0,0,-,-,neutral"
2026-06-24T16:35:00.000-04:00,"2026-6-24 16:35,3021.7,3024.83,3013.71,3013.84,0,0,0,0,-,-,neutral"
2026-06-24T16:40:00.000-04:00,"2026-6-24 16:40,3023.7,3025.67,3014.48,3014.23,5,0,1,0,-,-,neutral"
2026-06-24T16:45:00.000-04:00,"2026-6-24 16:45,3023.4,3026.03,3015.16,3014.59,0,0,1,0,-,-,neutral"
2026-06-24T16:50:00.000-04:00,"2026-6-24 16:50,3023.7,3026.27,3015.82,3014.95,0,0,1,0,-,-,neutral"
2026-06-24T16:55:00.000-04:00,"2026-6-24 16:55,3023.6,3026.27,3016.42,3015.29,0,0,1,1,-,-,neutral"
2026-06-24T18:00:00.000-04:00,"2026-6-24 18:00,3021,3025.18,3016.77,3015.51,0,0,1,1,-,-,neutral"
2026-06-24T18:05:00.000-04:00,"2026-6-24 18:05,3021.1,3024.32,3017.1,3015.73,0,0,1,1,-,-,neutral"
2026-06-24T18:10:00.000-04:00,"2026-6-24 18:10,3020.8,3023.49,3017.39,3015.93,0,0,1,1,-,-,neutral"
2026-06-24T18:15:00.000-04:00,"2026-6-24 18:15,3020.5,3022.71,3017.63,3016.11,0,0,1,1,-,-,neutral"
2026-06-24T18:20:00.000-04:00,"2026-6-24 18:20,3022,3022.63,3017.96,3016.34,0,0,1,1,-,-,neutral"
2026-06-24T18:25:00.000-04:00,"2026-6-24 18:25,3020.4,3021.95,3018.15,3016.5,0,0,1,1,-,-,neutral"
2026-06-24T18:30:00.000-04:00,"2026-6-24 18:30,3021.4,3021.79,3018.4,3016.69,0,0,1,1,-,-,neutral"
2026-06-24T18:35:00.000-04:00,"2026-6-24 18:35,3021.8,3021.79,3018.66,3016.89,0,0,1,1,-,-,neutral"
2026-06-24T18:40:00.000-04:00,"2026-6-24 18:40,3022.4,3022,3018.95,3017.11,0,0,1,1,-,-,neutral"
2026-06-24T18:45:00.000-04:00,"2026-6-24 18:45,3020.8,3021.55,3019.09,3017.25,0,0,1,1,-,-,neutral"
2026-06-24T18:50:00.000-04:00,"2026-6-24 18:50,3021.8,3021.57,3019.3,3017.43,3,1,1,1,-,-,RIDE_both"
2026-06-24T18:55:00.000-04:00,"2026-6-24 18:55,3021.8,3021.58,3019.49,3017.6,3,1,1,1,-,-,RIDE_both"
2026-06-24T19:00:00.000-04:00,"2026-6-24 19:00,3022.3,3021.77,3019.71,3017.79,3,1,1,1,-,-,RIDE_both"
2026-06-24T19:05:00.000-04:00,"2026-6-24 19:05,3022,3021.79,3019.88,3017.95,0,0,1,1,-,-,neutral"
2026-06-24T19:10:00.000-04:00,"2026-6-24 19:10,3021.4,3021.58,3020,3018.09,0,0,1,1,-,-,neutral"
2026-06-24T19:15:00.000-04:00,"2026-6-24 19:15,3021.6,3021.49,3020.12,3018.22,0,0,1,1,-,-,neutral"
2026-06-24T19:20:00.000-04:00,"2026-6-24 19:20,3023.4,3022.09,3020.38,3018.43,7,1,1,1,-,-,RIDE_both"
2026-06-24T19:25:00.000-04:00,"2026-6-24 19:25,3023.2,3022.46,3020.59,3018.61,7,1,0,1,-,-,tide_only"
2026-06-24T19:30:00.000-04:00,"2026-6-24 19:30,3026,3023.76,3021.01,3018.9,7,1,0,1,-,-,tide_only"
2026-06-24T19:35:00.000-04:00,"2026-6-24 19:35,3026.3,3024.81,3021.42,3019.19,7,1,0,1,-,-,tide_only"
2026-06-24T19:40:00.000-04:00,"2026-6-24 19:40,3026.7,3025.71,3021.82,3019.49,7,1,1,1,-,-,RIDE_both"
2026-06-24T19:45:00.000-04:00,"2026-6-24 19:45,3027.1,3026.48,3022.23,3019.79,7,1,1,1,-,-,RIDE_both"
2026-06-24T19:50:00.000-04:00,"2026-6-24 19:50,3024.6,3026.08,3022.41,3019.98,0,0,1,1,-,-,neutral"
2026-06-24T19:55:00.000-04:00,"2026-6-24 19:55,3024.7,3025.78,3022.59,3020.16,0,0,1,1,-,-,neutral"
2026-06-24T20:00:00.000-04:00,"2026-6-24 20:00,3021.2,3024.24,3022.48,3020.2,0,0,1,1,-,-,neutral"
2026-06-24T20:05:00.000-04:00,"2026-6-24 20:05,3021,3023.02,3022.37,3020.23,-3,-1,1,1,S,-,FIGHT"
2026-06-24T20:10:00.000-04:00,"2026-6-24 20:10,3022.8,3022.79,3022.4,3020.33,-3,-1,0,1,-,-,FIGHT"
2026-06-24T20:15:00.000-04:00,"2026-6-24 20:15,3022.3,3022.44,3022.39,3020.41,-5,-1,0,1,-,-,FIGHT"
2026-06-24T20:20:00.000-04:00,"2026-6-24 20:20,3021.5,3021.9,3022.32,3020.45,-5,-1,0,1,-,-,FIGHT"
2026-06-24T20:25:00.000-04:00,"2026-6-24 20:25,3020.2,3021.04,3022.16,3020.44,-5,-1,0,1,-,-,FIGHT"
2026-06-24T20:30:00.000-04:00,"2026-6-24 20:30,3018.3,3019.73,3021.86,3020.36,-5,-1,0,1,-,-,FIGHT"
2026-06-24T20:35:00.000-04:00,"2026-6-24 20:35,3017.6,3018.54,3021.54,3020.25,-5,-1,0,1,-,-,FIGHT"
2026-06-24T20:40:00.000-04:00,"2026-6-24 20:40,3015.2,3016.83,3021.05,3020.05,-5,-1,0,1,-,-,FIGHT"
2026-06-24T20:45:00.000-04:00,"2026-6-24 20:45,3013.7,3015.07,3020.48,3019.8,-5,-1,0,1,-,-,FIGHT"
2026-06-24T20:50:00.000-04:00,"2026-6-24 20:50,3014.7,3014.22,3020.04,3019.6,-5,-1,0,1,-,-,FIGHT"
2026-06-24T20:55:00.000-04:00,"2026-6-24 20:55,3011.7,3012.57,3019.4,3019.29,-5,-1,-1,0,-,-,wave_only"
2026-06-24T21:00:00.000-04:00,"2026-6-24 21:00,3011.2,3011.26,3018.77,3018.98,-5,0,-1,0,-,-,neutral"
2026-06-24T21:05:00.000-04:00,"2026-6-24 21:05,3012.6,3010.91,3018.29,3018.73,0,0,-1,0,-,-,neutral"
2026-06-24T21:10:00.000-04:00,"2026-6-24 21:10,3012.5,3010.72,3017.85,3018.48,0,0,-1,0,-,-,neutral"
2026-06-24T21:15:00.000-04:00,"2026-6-24 21:15,3014.2,3011.3,3017.57,3018.31,0,0,-1,0,-,-,neutral"
2026-06-24T21:20:00.000-04:00,"2026-6-24 21:20,3015.3,3012.21,3017.39,3018.2,0,0,-1,0,-,-,neutral"
2026-06-24T21:25:00.000-04:00,"2026-6-24 21:25,3014,3012.47,3017.13,3018.03,0,0,-1,0,-,-,neutral"
2026-06-24T21:30:00.000-04:00,"2026-6-24 21:30,3016.6,3013.67,3017.09,3017.98,0,0,-1,0,-,-,neutral"
2026-06-24T21:35:00.000-04:00,"2026-6-24 21:35,3018.1,3015.15,3017.17,3017.98,0,0,-1,0,-,-,neutral"
2026-06-24T21:40:00.000-04:00,"2026-6-24 21:40,3016.5,3015.67,3017.12,3017.92,0,0,0,0,-,-,neutral"
2026-06-24T21:45:00.000-04:00,"2026-6-24 21:45,3016.9,3016.2,3017.1,3017.88,3,1,0,0,B,-,FIGHT"
2026-06-24T21:50:00.000-04:00,"2026-6-24 21:50,3016.3,3016.37,3017.04,3017.82,0,0,0,0,-,-,neutral"
2026-06-24T21:55:00.000-04:00,"2026-6-24 21:55,3014.4,3015.79,3016.84,3017.69,-7,-1,-1,0,S,-,wave_only"
2026-06-24T22:00:00.000-04:00,"2026-6-24 22:00,3016.8,3016.24,3016.83,3017.65,0,0,-1,0,-,-,neutral"
2026-06-24T22:05:00.000-04:00,"2026-6-24 22:05,3015.3,3016.02,3016.71,3017.56,-7,-1,-1,0,-,-,wave_only"
2026-06-24T22:10:00.000-04:00,"2026-6-24 22:10,3012.5,3014.82,3016.39,3017.36,-7,-1,-1,0,-,-,wave_only"
2026-06-24T22:15:00.000-04:00,"2026-6-24 22:15,3015.1,3014.9,3016.29,3017.27,0,0,-1,0,-,-,neutral"
2026-06-24T22:20:00.000-04:00,"2026-6-24 22:20,3015,3014.93,3016.19,3017.18,0,0,-1,0,-,-,neutral"
2026-06-24T22:25:00.000-04:00,"2026-6-24 22:25,3015.9,3015.29,3016.17,3017.13,3,0,0,0,-,-,neutral"
2026-06-24T22:30:00.000-04:00,"2026-6-24 22:30,3016.1,3015.64,3016.16,3017.09,3,0,0,0,-,-,neutral"
2026-06-24T22:35:00.000-04:00,"2026-6-24 22:35,3016.1,3015.89,3016.16,3017.05,5,1,0,0,B,-,FIGHT"
2026-06-24T22:40:00.000-04:00,"2026-6-24 22:40,3015.1,3015.7,3016.08,3016.98,-7,-1,0,0,S,-,FIGHT"
2026-06-24T22:45:00.000-04:00,"2026-6-24 22:45,3015.3,3015.63,3016.02,3016.91,-3,-1,0,0,-,-,FIGHT"
2026-06-24T22:50:00.000-04:00,"2026-6-24 22:50,3015.5,3015.65,3015.98,3016.86,0,0,0,0,-,-,neutral"
2026-06-24T22:55:00.000-04:00,"2026-6-24 22:55,3017.2,3016.29,3016.07,3016.87,5,1,0,0,B,-,FIGHT"
2026-06-24T23:00:00.000-04:00,"2026-6-24 23:00,3017.8,3016.97,3016.2,3016.91,5,1,0,0,-,-,FIGHT"
2026-06-24T23:05:00.000-04:00,"2026-6-24 23:05,3016.8,3017.09,3016.25,3016.9,0,0,0,0,-,-,neutral"
2026-06-24T23:10:00.000-04:00,"2026-6-24 23:10,3016.2,3016.94,3016.25,3016.87,0,0,0,0,-,-,neutral"
2026-06-24T23:15:00.000-04:00,"2026-6-24 23:15,3018.4,3017.62,3016.41,3016.93,5,1,0,0,-,-,FIGHT"
2026-06-24T23:20:00.000-04:00,"2026-6-24 23:20,3018,3017.96,3016.53,3016.98,5,1,0,0,-,-,FIGHT"
2026-06-24T23:25:00.000-04:00,"2026-6-24 23:25,3017.5,3018,3016.61,3017,0,0,0,0,-,-,neutral"
2026-06-24T23:30:00.000-04:00,"2026-6-24 23:30,3017.5,3018.01,3016.68,3017.02,0,0,0,0,-,-,neutral"
2026-06-24T23:35:00.000-04:00,"2026-6-24 23:35,3016.4,3017.59,3016.66,3016.99,0,0,0,0,-,-,neutral"
2026-06-24T23:40:00.000-04:00,"2026-6-24 23:40,3016.4,3017.26,3016.64,3016.97,0,0,0,0,-,-,neutral"
2026-06-24T23:45:00.000-04:00,"2026-6-24 23:45,3017.2,3017.31,3016.68,3016.98,0,0,0,0,-,-,neutral"
2026-06-24T23:50:00.000-04:00,"2026-6-24 23:50,3018.1,3017.67,3016.79,3017.02,5,1,0,0,-,-,FIGHT"
2026-06-24T23:55:00.000-04:00,"2026-6-24 23:55,3017.7,3017.77,3016.86,3017.05,0,0,0,0,-,-,neutral"
2026-06-25T00:00:00.000-04:00,"2026-6-25 0:00,3016.7,3017.46,3016.85,3017.03,0,0,0,0,-,-,neutral"
2026-06-25T00:05:00.000-04:00,"2026-6-25 0:05,3016.5,3017.16,3016.82,3017.01,0,0,0,0,-,-,neutral"
2026-06-25T00:10:00.000-04:00,"2026-6-25 0:10,3015.1,3016.41,3016.69,3016.94,-7,-1,-1,0,S,-,wave_only"
2026-06-25T00:15:00.000-04:00,"2026-6-25 0:15,3014.5,3015.64,3016.52,3016.84,-7,-1,-1,0,-,-,wave_only"
2026-06-25T00:20:00.000-04:00,"2026-6-25 0:20,3014.7,3015.15,3016.38,3016.76,-5,-1,-1,0,-,-,wave_only"
2026-06-25T00:25:00.000-04:00,"2026-6-25 0:25,3014.6,3014.78,3016.24,3016.67,-7,-1,-1,0,-,-,wave_only"
2026-06-25T00:30:00.000-04:00,"2026-6-25 0:30,3012.5,3013.74,3015.95,3016.51,-7,-1,-1,0,-,-,wave_only"
2026-06-25T00:35:00.000-04:00,"2026-6-25 0:35,3014.5,3013.75,3015.84,3016.43,0,0,-1,0,-,-,neutral"
2026-06-25T00:40:00.000-04:00,"2026-6-25 0:40,3015.8,3014.27,3015.84,3016.41,0,0,0,0,-,-,neutral"
2026-06-25T00:45:00.000-04:00,"2026-6-25 0:45,3014.7,3014.26,3015.75,3016.34,0,0,0,0,-,-,neutral"
2026-06-25T00:50:00.000-04:00,"2026-6-25 0:50,3015.4,3014.54,3015.72,3016.3,0,0,0,0,-,-,neutral"
2026-06-25T00:55:00.000-04:00,"2026-6-25 0:55,3014.1,3014.27,3015.6,3016.22,-7,-1,-1,0,-,-,wave_only"
2026-06-25T01:00:00.000-04:00,"2026-6-25 1:00,3016.4,3014.94,3015.66,3016.22,0,0,-1,0,-,-,neutral"
2026-06-25T01:05:00.000-04:00,"2026-6-25 1:05,3017.2,3015.75,3015.78,3016.26,5,1,-1,0,B,-,FIGHT"
2026-06-25T01:10:00.000-04:00,"2026-6-25 1:10,3017,3016.26,3015.87,3016.29,5,1,0,0,-,-,FIGHT"
2026-06-25T01:15:00.000-04:00,"2026-6-25 1:15,3017,3016.63,3015.96,3016.32,5,1,0,0,-,-,FIGHT"
2026-06-25T01:20:00.000-04:00,"2026-6-25 1:20,3018.2,3017.34,3016.13,3016.39,5,1,0,0,-,-,FIGHT"
2026-06-25T01:25:00.000-04:00,"2026-6-25 1:25,3019.8,3018.44,3016.41,3016.53,7,1,1,0,-,-,wave_only"
2026-06-25T01:30:00.000-04:00,"2026-6-25 1:30,3020.8,3019.59,3016.75,3016.69,5,1,1,0,-,-,wave_only"
2026-06-25T01:35:00.000-04:00,"2026-6-25 1:35,3018.9,3019.69,3016.92,3016.78,0,0,1,0,-,-,neutral"
2026-06-25T01:40:00.000-04:00,"2026-6-25 1:40,3020,3020.14,3017.15,3016.91,3,1,1,0,-,-,wave_only"
2026-06-25T01:45:00.000-04:00,"2026-6-25 1:45,3019.2,3020.13,3017.31,3017,0,0,1,0,-,-,neutral"
2026-06-25T01:50:00.000-04:00,"2026-6-25 1:50,3018.5,3019.83,3017.4,3017.06,0,0,1,0,-,-,neutral"
2026-06-25T01:55:00.000-04:00,"2026-6-25 1:55,3018.4,3019.54,3017.48,3017.11,0,0,1,1,-,-,neutral"
2026-06-25T02:00:00.000-04:00,"2026-6-25 2:00,3019.7,3019.78,3017.65,3017.21,0,0,1,1,-,-,neutral"
2026-06-25T02:05:00.000-04:00,"2026-6-25 2:05,3020.3,3020.15,3017.85,3017.33,5,1,1,1,-,-,RIDE_both"
2026-06-25T02:10:00.000-04:00,"2026-6-25 2:10,3021.5,3020.84,3018.13,3017.49,7,1,1,1,-,-,RIDE_both"
2026-06-25T02:15:00.000-04:00,"2026-6-25 2:15,3021.9,3021.47,3018.42,3017.67,7,1,1,1,-,-,RIDE_both"
2026-06-25T02:20:00.000-04:00,"2026-6-25 2:20,3021.5,3021.75,3018.66,3017.82,0,0,1,1,-,-,neutral"
2026-06-25T02:25:00.000-04:00,"2026-6-25 2:25,3022.7,3022.37,3018.97,3018.01,7,1,1,1,-,-,RIDE_both"
2026-06-25T02:30:00.000-04:00,"2026-6-25 2:30,3022.4,3022.67,3019.24,3018.18,0,0,1,1,-,-,neutral"
2026-06-25T02:35:00.000-04:00,"2026-6-25 2:35,3021.3,3022.45,3019.39,3018.3,0,0,1,1,-,-,neutral"
2026-06-25T02:40:00.000-04:00,"2026-6-25 2:40,3020.8,3022.06,3019.5,3018.4,0,0,0,1,-,-,neutral"
2026-06-25T02:45:00.000-04:00,"2026-6-25 2:45,3021.4,3021.98,3019.65,3018.52,0,0,0,1,-,-,neutral"
2026-06-25T02:50:00.000-04:00,"2026-6-25 2:50,3020.4,3021.52,3019.71,3018.59,0,0,0,1,-,-,neutral"
2026-06-25T02:55:00.000-04:00,"2026-6-25 2:55,3020.5,3021.2,3019.77,3018.67,0,0,1,1,-,-,neutral"
2026-06-25T03:00:00.000-04:00,"2026-6-25 3:00,3021.9,3021.47,3019.93,3018.79,7,1,1,1,-,-,RIDE_both"
2026-06-25T03:05:00.000-04:00,"2026-6-25 3:05,3021.9,3021.67,3020.08,3018.92,3,1,1,1,-,-,RIDE_both"
2026-06-25T03:10:00.000-04:00,"2026-6-25 3:10,3021.3,3021.57,3020.18,3019.01,0,0,0,1,-,-,neutral"
2026-06-25T03:15:00.000-04:00,"2026-6-25 3:15,3022.6,3021.98,3020.36,3019.15,7,1,0,1,-,-,tide_only"
2026-06-25T03:20:00.000-04:00,"2026-6-25 3:20,3023,3022.41,3020.57,3019.3,7,1,0,1,-,-,tide_only"
2026-06-25T03:25:00.000-04:00,"2026-6-25 3:25,3021.7,3022.23,3020.65,3019.4,0,0,0,1,-,-,neutral"
2026-06-25T03:30:00.000-04:00,"2026-6-25 3:30,3022.1,3022.24,3020.76,3019.5,7,0,0,1,-,-,neutral"
2026-06-25T03:35:00.000-04:00,"2026-6-25 3:35,3021.6,3022.05,3020.83,3019.58,0,0,0,1,-,-,neutral"
2026-06-25T03:40:00.000-04:00,"2026-6-25 3:40,3021.1,3021.71,3020.85,3019.64,0,0,0,1,-,-,neutral"
2026-06-25T03:45:00.000-04:00,"2026-6-25 3:45,3021.2,3021.5,3020.88,3019.7,0,0,0,1,-,-,neutral"
2026-06-25T03:50:00.000-04:00,"2026-6-25 3:50,3022.2,3021.71,3020.98,3019.8,7,1,0,1,-,-,tide_only"
2026-06-25T03:55:00.000-04:00,"2026-6-25 3:55,3023,3022.16,3021.13,3019.93,7,1,1,1,-,-,RIDE_both"
2026-06-25T04:00:00.000-04:00,"2026-6-25 4:00,3023.1,3022.52,3021.28,3020.05,7,1,1,1,-,-,RIDE_both"
2026-06-25T04:05:00.000-04:00,"2026-6-25 4:05,3024.6,3023.34,3021.54,3020.23,7,1,1,1,-,-,RIDE_both"
2026-06-25T04:10:00.000-04:00,"2026-6-25 4:10,3021.1,3022.63,3021.51,3020.26,0,0,0,1,-,-,neutral"
2026-06-25T04:15:00.000-04:00,"2026-6-25 4:15,3019.5,3021.5,3021.35,3020.23,-5,-1,0,1,S,-,FIGHT"
2026-06-25T04:20:00.000-04:00,"2026-6-25 4:20,3020.1,3020.9,3021.26,3020.23,-5,-1,0,1,-,-,FIGHT"
2026-06-25T04:25:00.000-04:00,"2026-6-25 4:25,3020.5,3020.61,3021.2,3020.24,-5,-1,0,1,-,-,FIGHT"
2026-06-25T04:30:00.000-04:00,"2026-6-25 4:30,3020.2,3020.3,3021.12,3020.24,-5,-1,0,1,-,-,FIGHT"
2026-06-25T04:35:00.000-04:00,"2026-6-25 4:35,3021,3020.38,3021.11,3020.27,0,0,0,1,-,-,neutral"
2026-06-25T04:40:00.000-04:00,"2026-6-25 4:40,3019.1,3019.76,3020.96,3020.22,-5,-1,0,1,-,-,FIGHT"
2026-06-25T04:45:00.000-04:00,"2026-6-25 4:45,3018.3,3019.02,3020.75,3020.15,-5,-1,0,1,-,-,FIGHT"
2026-06-25T04:50:00.000-04:00,"2026-6-25 4:50,3017.2,3018.1,3020.48,3020.03,-5,-1,0,1,-,-,FIGHT"
2026-06-25T04:55:00.000-04:00,"2026-6-25 4:55,3015.4,3016.78,3020.09,3019.85,-5,-1,-1,0,-,-,wave_only"
2026-06-25T05:00:00.000-04:00,"2026-6-25 5:00,3017.4,3016.6,3019.88,3019.75,-5,0,-1,0,-,-,neutral"
2026-06-25T05:05:00.000-04:00,"2026-6-25 5:05,3017,3016.36,3019.66,3019.65,-5,0,-1,0,-,-,neutral"
2026-06-25T05:10:00.000-04:00,"2026-6-25 5:10,3016.5,3016.05,3019.42,3019.52,0,0,-1,0,-,-,neutral"
2026-06-25T05:15:00.000-04:00,"2026-6-25 5:15,3014.4,3015.08,3019.03,3019.32,-5,-1,-1,0,-,-,wave_only"
2026-06-25T05:20:00.000-04:00,"2026-6-25 5:20,3014.8,3014.57,3018.71,3019.14,-3,-1,-1,0,-,-,wave_only"
2026-06-25T05:25:00.000-04:00,"2026-6-25 5:25,3015.9,3014.65,3018.49,3019.02,0,0,-1,0,-,-,neutral"
2026-06-25T05:30:00.000-04:00,"2026-6-25 5:30,3015.7,3014.68,3018.28,3018.89,0,0,-1,0,-,-,neutral"
2026-06-25T05:35:00.000-04:00,"2026-6-25 5:35,3016.1,3014.9,3018.11,3018.78,0,0,-1,0,-,-,neutral"
2026-06-25T05:40:00.000-04:00,"2026-6-25 5:40,3017.3,3015.54,3018.05,3018.72,0,0,-1,0,-,-,neutral"
2026-06-25T05:45:00.000-04:00,"2026-6-25 5:45,3016.8,3015.86,3017.95,3018.64,0,0,-1,0,-,-,neutral"
2026-06-25T05:50:00.000-04:00,"2026-6-25 5:50,3018.7,3016.82,3018.01,3018.65,0,0,-1,0,-,-,neutral"
2026-06-25T05:55:00.000-04:00,"2026-6-25 5:55,3016.5,3016.72,3017.89,3018.56,-3,-1,-1,0,-,-,wave_only"
2026-06-25T06:00:00.000-04:00,"2026-6-25 6:00,3017.6,3017.06,3017.87,3018.52,3,0,-1,0,-,-,neutral"
2026-06-25T06:05:00.000-04:00,"2026-6-25 6:05,3018.7,3017.72,3017.93,3018.53,5,1,-1,0,B,-,FIGHT"
2026-06-25T06:10:00.000-04:00,"2026-6-25 6:10,3019.9,3018.64,3018.08,3018.59,5,1,0,0,-,-,FIGHT"
2026-06-25T06:15:00.000-04:00,"2026-6-25 6:15,3021.5,3019.9,3018.35,3018.7,5,1,0,0,-,-,FIGHT"
2026-06-25T06:20:00.000-04:00,"2026-6-25 6:20,3022.4,3021.14,3018.66,3018.84,5,1,0,0,-,-,FIGHT"
2026-06-25T06:25:00.000-04:00,"2026-6-25 6:25,3023.7,3022.49,3019.05,3019.03,5,1,1,0,-,-,wave_only"
2026-06-25T06:30:00.000-04:00,"2026-6-25 6:30,3021.4,3022.59,3019.23,3019.13,0,0,1,0,-,-,neutral"
2026-06-25T06:35:00.000-04:00,"2026-6-25 6:35,3021.3,3022.57,3019.39,3019.21,0,0,1,0,-,-,neutral"
2026-06-25T06:40:00.000-04:00,"2026-6-25 6:40,3018.3,3021.39,3019.3,3019.18,0,0,0,0,-,-,neutral"
2026-06-25T06:45:00.000-04:00,"2026-6-25 6:45,3018.3,3020.49,3019.23,3019.14,0,0,0,0,-,-,neutral"
2026-06-25T06:50:00.000-04:00,"2026-6-25 6:50,3018.6,3019.92,3019.18,3019.12,0,0,0,0,-,-,neutral"
2026-06-25T06:55:00.000-04:00,"2026-6-25 6:55,3017.9,3019.23,3019.08,3019.07,-3,-1,-1,0,S,-,wave_only"
2026-06-25T07:00:00.000-04:00,"2026-6-25 7:00,3019,3019.12,3019.07,3019.07,0,0,-1,0,-,-,neutral"
2026-06-25T07:05:00.000-04:00,"2026-6-25 7:05,3018.5,3018.86,3019.03,3019.05,-5,-1,-1,0,-,-,wave_only"
2026-06-25T07:10:00.000-04:00,"2026-6-25 7:10,3016.9,3018.08,3018.87,3018.96,-7,-1,-1,0,-,-,wave_only"
2026-06-25T07:15:00.000-04:00,"2026-6-25 7:15,3016.3,3017.29,3018.67,3018.86,-7,-1,-1,0,-,-,wave_only"
2026-06-25T07:20:00.000-04:00,"2026-6-25 7:20,3014.3,3015.99,3018.33,3018.68,-7,-1,-1,0,-,-,wave_only"
2026-06-25T07:25:00.000-04:00,"2026-6-25 7:25,3014.1,3014.99,3018.01,3018.5,-7,-1,-1,0,-,-,wave_only"
2026-06-25T07:30:00.000-04:00,"2026-6-25 7:30,3016,3014.99,3017.85,3018.4,0,0,-1,0,-,-,neutral"
2026-06-25T07:35:00.000-04:00,"2026-6-25 7:35,3015.3,3014.77,3017.66,3018.28,0,0,-1,0,-,-,neutral"
2026-06-25T07:40:00.000-04:00,"2026-6-25 7:40,3016.1,3014.95,3017.54,3018.2,0,0,-1,0,-,-,neutral"
2026-06-25T07:45:00.000-04:00,"2026-6-25 7:45,3017.1,3015.48,3017.5,3018.15,0,0,-1,0,-,-,neutral"
2026-06-25T07:50:00.000-04:00,"2026-6-25 7:50,3015.7,3015.38,3017.36,3018.06,-3,-1,-1,0,-,-,wave_only"
2026-06-25T07:55:00.000-04:00,"2026-6-25 7:55,3016.3,3015.56,3017.28,3017.99,0,0,-1,0,-,-,neutral"
2026-06-25T08:00:00.000-04:00,"2026-6-25 8:00,3017.4,3016.11,3017.29,3017.96,0,0,-1,0,-,-,neutral"
2026-06-25T08:05:00.000-04:00,"2026-6-25 8:05,3019.9,3017.46,3017.49,3018.04,5,1,-1,0,B,-,FIGHT"
2026-06-25T08:10:00.000-04:00,"2026-6-25 8:10,3016.7,3017.27,3017.43,3017.99,-3,-1,0,0,S,-,FIGHT"
2026-06-25T08:15:00.000-04:00,"2026-6-25 8:15,3017.4,3017.38,3017.43,3017.96,0,0,0,0,-,-,neutral"
2026-06-25T08:20:00.000-04:00,"2026-6-25 8:20,3016.6,3017.16,3017.36,3017.91,-3,-1,0,0,-,-,FIGHT"
2026-06-25T08:25:00.000-04:00,"2026-6-25 8:25,3016.3,3016.89,3017.28,3017.85,-7,-1,0,0,-,-,FIGHT"
2026-06-25T08:30:00.000-04:00,"2026-6-25 8:30,3031.8,3022.42,3018.4,3018.4,7,1,0,0,B,-,FIGHT"
2026-06-25T08:35:00.000-04:00,"2026-6-25 8:35,3033.8,3027.2,3019.58,3019,7,1,0,0,-,-,FIGHT"
2026-06-25T08:40:00.000-04:00,"2026-6-25 8:40,3032.9,3030.29,3020.61,3019.54,5,1,1,0,-,-,wave_only"
2026-06-25T08:45:00.000-04:00,"2026-6-25 8:45,3033.3,3032.59,3021.58,3020.08,5,1,1,0,-,-,wave_only"
2026-06-25T08:50:00.000-04:00,"2026-6-25 8:50,3033.3,3034.13,3022.49,3020.6,7,1,1,0,-,-,wave_only"
2026-06-25T08:55:00.000-04:00,"2026-6-25 8:55,3031.3,3034.38,3023.16,3021.02,0,0,1,1,-,-,neutral"
2026-06-25T09:00:00.000-04:00,"2026-6-25 9:00,3033.8,3035.33,3023.98,3021.52,0,0,1,1,-,-,neutral"
2026-06-25T09:05:00.000-04:00,"2026-6-25 9:05,3031.5,3035.04,3024.56,3021.91,0,0,1,1,-,-,neutral"
2026-06-25T09:10:00.000-04:00,"2026-6-25 9:10,3032,3034.88,3025.13,3022.31,0,0,1,1,-,-,neutral"
2026-06-25T09:15:00.000-04:00,"2026-6-25 9:15,3030.4,3034.05,3025.54,3022.63,0,0,1,1,-,-,neutral"
2026-06-25T09:20:00.000-04:00,"2026-6-25 9:20,3032,3033.94,3026.04,3022.99,0,0,1,1,-,-,neutral"
2026-06-25T09:25:00.000-04:00,"2026-6-25 9:25,3040.5,3036.91,3027.15,3023.68,7,1,1,1,-,-,RIDE_both"
2026-06-25T09:30:00.000-04:00,"2026-6-25 9:30,3043.4,3040.07,3028.4,3024.45,7,1,1,1,-,-,RIDE_both"
2026-06-25T09:35:00.000-04:00,"2026-6-25 9:35,3049.6,3044.58,3030.03,3025.44,7,1,1,1,-,-,RIDE_both"
2026-06-25T09:40:00.000-04:00,"2026-6-25 9:40,3039.7,3044.07,3030.77,3026,0,0,1,1,-,-,neutral"
2026-06-25T09:45:00.000-04:00,"2026-6-25 9:45,3033,3041.05,3030.94,3026.27,0,0,1,1,-,-,neutral"
2026-06-25T09:50:00.000-04:00,"2026-6-25 9:50,3020.7,3034.16,3030.16,3026.06,0,0,1,1,-,-,neutral"
2026-06-25T09:55:00.000-04:00,"2026-6-25 9:55,3016.9,3027.64,3029.14,3025.7,-5,-1,0,0,S,-,FIGHT"
2026-06-25T10:00:00.000-04:00,"2026-6-25 10:00,3034.2,3029.28,3029.53,3026.03,7,1,0,0,B,-,FIGHT"
2026-06-25T10:05:00.000-04:00,"2026-6-25 10:05,3045.8,3034.83,3030.78,3026.81,7,1,0,0,-,-,FIGHT"
2026-06-25T10:10:00.000-04:00,"2026-6-25 10:10,3040.4,3036.92,3031.52,3027.34,7,1,1,0,-,-,wave_only"
2026-06-25T10:15:00.000-04:00,"2026-6-25 10:15,3043.2,3039.45,3032.42,3027.96,7,1,1,0,-,-,wave_only"
2026-06-25T10:20:00.000-04:00,"2026-6-25 10:20,3043.7,3041.45,3033.28,3028.58,7,1,1,0,-,-,wave_only"
2026-06-25T10:25:00.000-04:00,"2026-6-25 10:25,3047.9,3044.39,3034.41,3029.34,7,1,1,0,-,-,wave_only"
2026-06-25T10:30:00.000-04:00,"2026-6-25 10:30,3055.6,3049.31,3036.04,3030.37,7,1,1,0,-,-,wave_only"
2026-06-25T10:35:00.000-04:00,"2026-6-25 10:35,3055.7,3052.84,3037.55,3031.36,7,1,1,0,-,-,wave_only"
2026-06-25T10:40:00.000-04:00,"2026-6-25 10:40,3047.6,3052.26,3038.32,3032,0,0,1,0,-,-,neutral"
2026-06-25T10:45:00.000-04:00,"2026-6-25 10:45,3051,3052.94,3039.3,3032.74,0,0,1,0,-,-,neutral"
2026-06-25T10:50:00.000-04:00,"2026-6-25 10:50,3060.5,3056.8,3040.93,3033.83,7,1,1,0,-,-,wave_only"
2026-06-25T10:55:00.000-04:00,"2026-6-25 10:55,3051.5,3056.14,3041.74,3034.52,0,0,1,1,-,-,neutral"
2026-06-25T11:00:00.000-04:00,"2026-6-25 11:00,3051.7,3055.57,3042.51,3035.2,0,0,1,1,-,-,neutral"
2026-06-25T11:05:00.000-04:00,"2026-6-25 11:05,3042.3,3051.53,3042.49,3035.47,0,0,1,1,-,-,neutral"
2026-06-25T11:10:00.000-04:00,"2026-6-25 11:10,3031.6,3044.5,3041.66,3035.32,-3,-1,0,1,S,-,FIGHT"
2026-06-25T11:15:00.000-04:00,"2026-6-25 11:15,3036.8,3041.23,3041.28,3035.38,-5,-1,0,1,-,-,FIGHT"
2026-06-25T11:20:00.000-04:00,"2026-6-25 11:20,3038,3039.31,3041.03,3035.48,-5,-1,0,1,-,-,FIGHT"
2026-06-25T11:25:00.000-04:00,"2026-6-25 11:25,3033.8,3036.41,3040.47,3035.42,-5,-1,0,1,-,-,FIGHT"
2026-06-25T11:30:00.000-04:00,"2026-6-25 11:30,3031.8,3033.62,3039.81,3035.28,-5,-1,0,1,-,-,FIGHT"
2026-06-25T11:35:00.000-04:00,"2026-6-25 11:35,3031.1,3031.42,3039.14,3035.11,-5,-1,0,1,-,-,FIGHT"
2026-06-25T11:40:00.000-04:00,"2026-6-25 11:40,3032.8,3030.57,3038.65,3035.02,-5,-1,0,1,-,-,FIGHT"
2026-06-25T11:45:00.000-04:00,"2026-6-25 11:45,3029.3,3028.79,3037.93,3034.8,-5,-1,0,1,-,-,FIGHT"
2026-06-25T11:50:00.000-04:00,"2026-6-25 11:50,3030.7,3028.14,3037.37,3034.64,-3,-1,0,1,-,-,FIGHT"
2026-06-25T11:55:00.000-04:00,"2026-6-25 11:55,3028.8,3027.1,3036.71,3034.41,-5,-1,0,0,-,-,FIGHT"
2026-06-25T12:00:00.000-04:00,"2026-6-25 12:00,3029.4,3026.7,3036.15,3034.21,-3,-1,0,0,-,-,FIGHT"
2026-06-25T12:05:00.000-04:00,"2026-6-25 12:05,3036.2,3029.07,3036.16,3034.29,0,0,0,0,-,-,neutral"
2026-06-25T12:10:00.000-04:00,"2026-6-25 12:10,3040.3,3032.44,3036.47,3034.52,0,0,1,0,-,-,neutral"
2026-06-25T12:15:00.000-04:00,"2026-6-25 12:15,3040.4,3035.03,3036.78,3034.76,0,0,1,0,-,-,neutral"
2026-06-25T12:20:00.000-04:00,"2026-6-25 12:20,3037.9,3036.03,3036.86,3034.88,0,0,1,0,-,-,neutral"
2026-06-25T12:25:00.000-04:00,"2026-6-25 12:25,3038.8,3037.12,3037.01,3035.03,7,1,1,0,B,-,wave_only"
2026-06-25T12:30:00.000-04:00,"2026-6-25 12:30,3034.6,3036.35,3036.83,3035.02,-5,-1,1,0,S,-,FIGHT"
2026-06-25T12:35:00.000-04:00,"2026-6-25 12:35,3031.9,3034.79,3036.45,3034.89,-5,-1,1,0,-,-,FIGHT"
2026-06-25T12:40:00.000-04:00,"2026-6-25 12:40,3026.7,3031.72,3035.7,3034.57,-5,-1,0,0,-,-,FIGHT"
2026-06-25T12:45:00.000-04:00,"2026-6-25 12:45,3030.1,3030.76,3035.27,3034.4,-5,-1,0,0,-,-,FIGHT"
2026-06-25T12:50:00.000-04:00,"2026-6-25 12:50,3030.3,3030.18,3034.88,3034.24,-3,-1,0,0,-,-,FIGHT"
2026-06-25T12:55:00.000-04:00,"2026-6-25 12:55,3029.7,3029.58,3034.49,3034.06,-3,-1,-1,1,-,-,wave_only"
2026-06-25T13:00:00.000-04:00,"2026-6-25 13:00,3028.9,3028.91,3034.06,3033.86,-5,-1,-1,1,-,-,wave_only"
2026-06-25T13:05:00.000-04:00,"2026-6-25 13:05,3028.3,3028.25,3033.61,3033.64,-5,-1,-1,1,-,-,wave_only"
2026-06-25T13:10:00.000-04:00,"2026-6-25 13:10,3032.5,3029.38,3033.53,3033.59,0,0,0,1,-,-,neutral"
2026-06-25T13:15:00.000-04:00,"2026-6-25 13:15,3027.5,3028.41,3033.06,3033.35,-5,-1,0,1,-,-,FIGHT"
2026-06-25T13:20:00.000-04:00,"2026-6-25 13:20,3029.5,3028.48,3032.79,3033.2,0,0,0,1,-,-,neutral"
2026-06-25T13:25:00.000-04:00,"2026-6-25 13:25,3030.9,3029.1,3032.64,3033.11,0,0,0,1,-,-,neutral"
2026-06-25T13:30:00.000-04:00,"2026-6-25 13:30,3029.1,3028.92,3032.37,3032.96,-3,-1,0,1,-,-,FIGHT"
2026-06-25T13:35:00.000-04:00,"2026-6-25 13:35,3032,3029.9,3032.34,3032.92,0,0,0,1,-,-,neutral"
2026-06-25T13:40:00.000-04:00,"2026-6-25 13:40,3027.3,3028.9,3031.96,3032.7,-5,-1,-1,1,-,-,wave_only"
2026-06-25T13:45:00.000-04:00,"2026-6-25 13:45,3023.7,3026.85,3031.32,3032.34,-7,-1,-1,1,-,-,wave_only"
2026-06-25T13:50:00.000-04:00,"2026-6-25 13:50,3028.3,3027.09,3031.09,3032.19,0,0,-1,1,-,-,neutral"
2026-06-25T13:55:00.000-04:00,"2026-6-25 13:55,3031.6,3028.52,3031.13,3032.16,0,0,0,1,-,-,neutral"
2026-06-25T14:00:00.000-04:00,"2026-6-25 14:00,3023.5,3026.61,3030.54,3031.82,-5,-1,0,1,-,-,FIGHT"
2026-06-25T14:05:00.000-04:00,"2026-6-25 14:05,3025.8,3026.08,3030.18,3031.59,-3,-1,0,1,-,-,FIGHT"
2026-06-25T14:10:00.000-04:00,"2026-6-25 14:10,3024.7,3025.32,3029.75,3031.32,-5,-1,-1,1,-,-,wave_only"
2026-06-25T14:15:00.000-04:00,"2026-6-25 14:15,3028.9,3026.36,3029.69,3031.22,0,0,-1,1,-,-,neutral"
2026-06-25T14:20:00.000-04:00,"2026-6-25 14:20,3028.2,3026.9,3029.57,3031.1,0,0,-1,1,-,-,neutral"
2026-06-25T14:25:00.000-04:00,"2026-6-25 14:25,3034,3029.47,3029.91,3031.22,3,0,0,1,-,-,neutral"
2026-06-25T14:30:00.000-04:00,"2026-6-25 14:30,3023.4,3027.43,3029.41,3030.91,-5,-1,0,1,-,-,FIGHT"
2026-06-25T14:35:00.000-04:00,"2026-6-25 14:35,3025.5,3026.71,3029.11,3030.7,-5,-1,0,1,-,-,FIGHT"
2026-06-25T14:40:00.000-04:00,"2026-6-25 14:40,3022.5,3025.08,3028.6,3030.38,-7,-1,-1,1,-,-,wave_only"
2026-06-25T14:45:00.000-04:00,"2026-6-25 14:45,3020,3022.99,3027.94,3029.97,-7,-1,-1,1,-,-,wave_only"
2026-06-25T14:50:00.000-04:00,"2026-6-25 14:50,3020.5,3021.68,3027.37,3029.6,-7,-1,-1,1,-,-,wave_only"
2026-06-25T14:55:00.000-04:00,"2026-6-25 14:55,3021.7,3021.22,3026.93,3029.29,-7,-1,-1,0,-,-,wave_only"
2026-06-25T15:00:00.000-04:00,"2026-6-25 15:00,3018.1,3019.61,3026.25,3028.85,-7,-1,-1,0,-,-,wave_only"
2026-06-25T15:05:00.000-04:00,"2026-6-25 15:05,3017.9,3018.42,3025.61,3028.42,-7,-1,-1,0,-,-,wave_only"
2026-06-25T15:10:00.000-04:00,"2026-6-25 15:10,3016.5,3017.11,3024.91,3027.95,-7,-1,-1,0,-,-,wave_only"
2026-06-25T15:15:00.000-04:00,"2026-6-25 15:15,3014.2,3015.37,3024.09,3027.41,-7,-1,-1,0,-,-,wave_only"
2026-06-25T15:20:00.000-04:00,"2026-6-25 15:20,3016.6,3015.08,3023.51,3026.99,0,0,-1,0,-,-,neutral"
2026-06-25T15:25:00.000-04:00,"2026-6-25 15:25,3019.3,3015.96,3023.19,3026.69,0,0,-1,0,-,-,neutral"
2026-06-25T15:30:00.000-04:00,"2026-6-25 15:30,3018.1,3016.24,3022.8,3026.35,0,0,-1,0,-,-,neutral"
2026-06-25T15:35:00.000-04:00,"2026-6-25 15:35,3019,3016.86,3022.5,3026.06,0,0,-1,0,-,-,neutral"
2026-06-25T15:40:00.000-04:00,"2026-6-25 15:40,3019.5,3017.55,3022.27,3025.81,0,0,-1,0,-,-,neutral"
2026-06-25T15:45:00.000-04:00,"2026-6-25 15:45,3021.8,3018.95,3022.24,3025.65,0,0,-1,0,-,-,neutral"
2026-06-25T15:50:00.000-04:00,"2026-6-25 15:50,3026,3021.56,3022.53,3025.66,3,1,-1,0,B,-,FIGHT"
2026-06-25T15:55:00.000-04:00,"2026-6-25 15:55,3031.9,3025.66,3023.25,3025.91,5,1,0,1,-,-,tide_only"
2026-06-25T16:00:00.000-04:00,"2026-6-25 16:00,3036.2,3030.23,3024.24,3026.31,5,1,0,1,-,-,tide_only"
2026-06-25T16:05:00.000-04:00,"2026-6-25 16:05,3036.5,3033.62,3025.19,3026.71,5,1,0,1,-,-,tide_only"
2026-06-25T16:10:00.000-04:00,"2026-6-25 16:10,3036.5,3035.98,3026.06,3027.09,5,1,0,1,-,-,tide_only"
2026-06-25T16:15:00.000-04:00,"2026-6-25 16:15,3037.2,3037.83,3026.91,3027.49,5,1,0,1,-,-,tide_only"
2026-06-25T16:20:00.000-04:00,"2026-6-25 16:20,3040.1,3040.1,3027.93,3027.99,5,1,0,1,-,-,tide_only"
2026-06-25T16:25:00.000-04:00,"2026-6-25 16:25,3039.8,3041.5,3028.84,3028.45,0,0,1,1,-,-,neutral"
2026-06-25T16:30:00.000-04:00,"2026-6-25 16:30,3039,3042.05,3029.62,3028.86,0,0,1,1,-,-,neutral"
2026-06-25T16:35:00.000-04:00,"2026-6-25 16:35,3038.1,3041.96,3030.27,3029.22,0,0,1,1,-,-,neutral"
2026-06-25T16:40:00.000-04:00,"2026-6-25 16:40,3038.7,3041.96,3030.92,3029.6,0,0,1,1,-,-,neutral"
2026-06-25T16:45:00.000-04:00,"2026-6-25 16:45,3036.4,3040.96,3031.34,3029.86,0,0,1,1,-,-,neutral"
2026-06-25T16:50:00.000-04:00,"2026-6-25 16:50,3035.3,3039.7,3031.65,3030.08,0,0,1,1,-,-,neutral"
2026-06-25T16:55:00.000-04:00,"2026-6-25 16:55,3034.5,3038.37,3031.87,3030.25,0,0,1,1,-,-,neutral"
2026-06-25T18:00:00.000-04:00,"2026-6-25 18:00,3031.9,3036.36,3031.87,3030.31,0,0,1,1,-,-,neutral"
2026-06-25T18:05:00.000-04:00,"2026-6-25 18:05,3030.8,3034.43,3031.79,3030.33,0,0,1,1,-,-,neutral"
2026-06-25T18:10:00.000-04:00,"2026-6-25 18:10,3030.1,3032.73,3031.66,3030.32,-3,0,0,1,-,-,neutral"
2026-06-25T18:15:00.000-04:00,"2026-6-25 18:15,3030.7,3031.7,3031.58,3030.34,-5,-1,0,1,S,-,FIGHT"
2026-06-25T18:20:00.000-04:00,"2026-6-25 18:20,3031.4,3031.23,3031.57,3030.38,-5,-1,0,1,-,-,FIGHT"
2026-06-25T18:25:00.000-04:00,"2026-6-25 18:25,3029.3,3030.13,3031.4,3030.34,-5,-1,0,1,-,-,FIGHT"
2026-06-25T18:30:00.000-04:00,"2026-6-25 18:30,3030.3,3029.72,3031.31,3030.34,-5,-1,0,1,-,-,FIGHT"
2026-06-25T18:35:00.000-04:00,"2026-6-25 18:35,3031.1,3029.76,3031.3,3030.37,0,0,0,1,-,-,neutral"
2026-06-25T18:40:00.000-04:00,"2026-6-25 18:40,3031.1,3029.83,3031.28,3030.4,0,0,0,1,-,-,neutral"
2026-06-25T18:45:00.000-04:00,"2026-6-25 18:45,3029.9,3029.47,3031.17,3030.38,-5,-1,0,1,-,-,FIGHT"
2026-06-25T18:50:00.000-04:00,"2026-6-25 18:50,3032,3030.02,3031.24,3030.44,0,0,0,1,-,-,neutral"
2026-06-25T18:55:00.000-04:00,"2026-6-25 18:55,3032.7,3030.72,3031.35,3030.53,0,0,0,1,-,-,neutral"
2026-06-25T19:00:00.000-04:00,"2026-6-25 19:00,3032.8,3031.29,3031.46,3030.62,0,0,0,1,-,-,neutral"
2026-06-25T19:05:00.000-04:00,"2026-6-25 19:05,3031.6,3031.28,3031.47,3030.66,0,0,0,1,-,-,neutral"
2026-06-25T19:10:00.000-04:00,"2026-6-25 19:10,3035.3,3032.65,3031.77,3030.84,7,1,1,1,B,BUY,RIDE_both"
2026-06-25T19:15:00.000-04:00,"2026-6-25 19:15,3041.6,3036,3032.52,3031.26,7,1,1,1,-,-,RIDE_both"
2026-06-25T19:20:00.000-04:00,"2026-6-25 19:20,3043.7,3039.21,3033.38,3031.75,7,1,1,1,-,-,RIDE_both"
2026-06-25T19:25:00.000-04:00,"2026-6-25 19:25,3043.4,3041.39,3034.15,3032.2,7,1,1,1,-,-,RIDE_both"
2026-06-25T19:30:00.000-04:00,"2026-6-25 19:30,3041.1,3042.07,3034.69,3032.55,3,1,1,1,-,-,RIDE_both"
2026-06-25T19:35:00.000-04:00,"2026-6-25 19:35,3037.2,3041.02,3034.88,3032.74,0,0,1,1,-,-,neutral"
2026-06-25T19:40:00.000-04:00,"2026-6-25 19:40,3033.9,3038.95,3034.81,3032.78,0,0,0,1,-,-,neutral"
2026-06-25T19:45:00.000-04:00,"2026-6-25 19:45,3030.3,3036.04,3034.46,3032.68,0,0,0,1,-,-,neutral"
2026-06-25T19:50:00.000-04:00,"2026-6-25 19:50,3029.5,3033.59,3034.08,3032.56,-5,-1,0,1,S,-,FIGHT"
2026-06-25T19:55:00.000-04:00,"2026-6-25 19:55,3030,3031.97,3033.76,3032.46,-5,-1,0,0,-,-,FIGHT"
2026-06-25T20:00:00.000-04:00,"2026-6-25 20:00,3032.7,3031.82,3033.68,3032.47,-3,-1,0,0,-,-,FIGHT"
2026-06-25T20:05:00.000-04:00,"2026-6-25 20:05,3036.1,3033.01,3033.87,3032.61,0,0,0,0,-,-,neutral"
2026-06-25T20:10:00.000-04:00,"2026-6-25 20:10,3034.2,3033.2,3033.89,3032.67,0,0,0,0,-,-,neutral"
2026-06-25T20:15:00.000-04:00,"2026-6-25 20:15,3032.4,3032.7,3033.78,3032.66,-5,-1,0,0,-,-,FIGHT"
2026-06-25T20:20:00.000-04:00,"2026-6-25 20:20,3032.5,3032.39,3033.68,3032.66,-5,-1,0,0,-,-,FIGHT"
2026-06-25T20:25:00.000-04:00,"2026-6-25 20:25,3035.1,3033.15,3033.79,3032.75,0,0,1,0,-,-,neutral"
2026-06-25T20:30:00.000-04:00,"2026-6-25 20:30,3032.4,3032.73,3033.68,3032.74,-5,-1,1,0,-,-,FIGHT"
2026-06-25T20:35:00.000-04:00,"2026-6-25 20:35,3031.5,3032.1,3033.51,3032.69,-5,-1,1,0,-,-,FIGHT"
2026-06-25T20:40:00.000-04:00,"2026-6-25 20:40,3031.6,3031.7,3033.37,3032.65,-5,-1,0,0,-,-,FIGHT"
2026-06-25T20:45:00.000-04:00,"2026-6-25 20:45,3031.5,3031.39,3033.22,3032.6,-5,-1,0,0,-,-,FIGHT"
2026-06-25T20:50:00.000-04:00,"2026-6-25 20:50,3030.1,3030.67,3032.98,3032.5,-5,-1,0,0,-,-,FIGHT"
2026-06-25T20:55:00.000-04:00,"2026-6-25 20:55,3029.6,3029.99,3032.72,3032.39,-5,-1,-1,0,-,-,wave_only"
2026-06-25T21:00:00.000-04:00,"2026-6-25 21:00,3029,3029.3,3032.44,3032.26,-5,-1,-1,0,-,-,wave_only"
2026-06-25T21:05:00.000-04:00,"2026-6-25 21:05,3028.9,3028.8,3032.16,3032.13,-5,-1,-1,0,-,-,wave_only"
2026-06-25T21:10:00.000-04:00,"2026-6-25 21:10,3031,3029.25,3032.08,3032.08,0,0,0,0,-,-,neutral"
2026-06-25T21:15:00.000-04:00,"2026-6-25 21:15,3033.4,3030.51,3032.18,3032.13,0,0,0,0,-,-,neutral"
2026-06-25T21:20:00.000-04:00,"2026-6-25 21:20,3032.7,3031.21,3032.22,3032.16,0,0,0,0,-,-,neutral"
2026-06-25T21:25:00.000-04:00,"2026-6-25 21:25,3029.5,3030.54,3032.01,3032.05,-5,-1,-1,0,-,-,wave_only"
2026-06-25T21:30:00.000-04:00,"2026-6-25 21:30,3026.1,3028.81,3031.55,3031.82,-7,-1,-1,0,-,-,wave_only"
2026-06-25T21:35:00.000-04:00,"2026-6-25 21:35,3026.9,3027.85,3031.2,3031.62,-5,-1,-1,0,-,-,wave_only"
2026-06-25T21:40:00.000-04:00,"2026-6-25 21:40,3024.6,3026.34,3030.69,3031.35,-7,-1,-1,0,-,-,wave_only"
2026-06-25T21:45:00.000-04:00,"2026-6-25 21:45,3027,3026.16,3030.4,3031.18,0,0,-1,0,-,-,neutral"
2026-06-25T21:50:00.000-04:00,"2026-6-25 21:50,3025.3,3025.45,3030.01,3030.95,-7,-1,-1,0,-,-,wave_only"
2026-06-25T21:55:00.000-04:00,"2026-6-25 21:55,3024.6,3024.72,3029.6,3030.7,-7,-1,-1,0,-,-,wave_only"
2026-06-25T22:00:00.000-04:00,"2026-6-25 22:00,3023.5,3023.84,3029.13,3030.42,-7,-1,-1,0,-,-,wave_only"
2026-06-25T22:05:00.000-04:00,"2026-6-25 22:05,3023.6,3023.28,3028.7,3030.15,0,0,-1,0,-,-,neutral"
2026-06-25T22:10:00.000-04:00,"2026-6-25 22:10,3021.4,3022.12,3028.14,3029.81,-7,-1,-1,0,-,-,wave_only"
2026-06-25T22:15:00.000-04:00,"2026-6-25 22:15,3019.9,3020.78,3027.51,3029.42,-7,-1,-1,0,-,-,wave_only"
2026-06-25T22:20:00.000-04:00,"2026-6-25 22:20,3018.2,3019.24,3026.79,3028.98,-7,-1,-1,0,-,-,wave_only"
2026-06-25T22:25:00.000-04:00,"2026-6-25 22:25,3019.5,3018.67,3026.23,3028.61,-3,-1,-1,0,-,-,wave_only"
2026-06-25T22:30:00.000-04:00,"2026-6-25 22:30,3017.3,3017.52,3025.54,3028.16,-7,-1,-1,0,-,-,wave_only"
2026-06-25T22:35:00.000-04:00,"2026-6-25 22:35,3017.8,3016.95,3024.95,3027.76,-3,-1,-1,0,-,-,wave_only"
2026-06-25T22:40:00.000-04:00,"2026-6-25 22:40,3016.6,3016.18,3024.3,3027.32,-3,-1,-1,0,-,-,wave_only"
2026-06-25T22:45:00.000-04:00,"2026-6-25 22:45,3013.7,3014.62,3023.49,3026.79,-7,-1,-1,0,-,-,wave_only"
2026-06-25T22:50:00.000-04:00,"2026-6-25 22:50,3013.1,3013.35,3022.69,3026.25,-7,-1,-1,0,-,-,wave_only"
2026-06-25T22:55:00.000-04:00,"2026-6-25 22:55,3013.3,3012.59,3021.97,3025.74,-7,0,-1,-1,-,-,neutral"
2026-06-25T23:00:00.000-04:00,"2026-6-25 23:00,3011.9,3011.62,3021.19,3025.2,-7,-1,-1,-1,-,-,RIDE_both"
2026-06-25T23:05:00.000-04:00,"2026-6-25 23:05,3012,3011.04,3020.49,3024.68,0,0,-1,-1,-,-,neutral"
2026-06-25T23:10:00.000-04:00,"2026-6-25 23:10,3012.5,3010.9,3019.87,3024.2,0,0,-1,-1,-,-,neutral"
2026-06-25T23:15:00.000-04:00,"2026-6-25 23:15,3012.8,3011,3019.33,3023.76,0,0,-1,-1,-,-,neutral"
2026-06-25T23:20:00.000-04:00,"2026-6-25 23:20,3011.6,3010.71,3018.73,3023.28,0,0,-1,-1,-,-,neutral"
2026-06-25T23:25:00.000-04:00,"2026-6-25 23:25,3011.8,3010.66,3018.2,3022.83,0,0,-1,-1,-,-,neutral"
2026-06-25T23:30:00.000-04:00,"2026-6-25 23:30,3010.3,3010.13,3017.59,3022.34,0,0,-1,-1,-,-,neutral"
2026-06-25T23:35:00.000-04:00,"2026-6-25 23:35,3009,3009.33,3016.93,3021.81,-7,-1,-1,-1,-,-,RIDE_both"
2026-06-25T23:40:00.000-04:00,"2026-6-25 23:40,3013,3010.29,3016.63,3021.47,0,0,0,-1,-,-,neutral"
2026-06-25T23:45:00.000-04:00,"2026-6-25 23:45,3011.1,3010.35,3016.2,3021.06,0,0,0,-1,-,-,neutral"
2026-06-25T23:50:00.000-04:00,"2026-6-25 23:50,3014.7,3011.77,3016.09,3020.81,0,0,0,-1,-,-,neutral"
2026-06-25T23:55:00.000-04:00,"2026-6-25 23:55,3018.3,3014.18,3016.26,3020.71,3,1,0,-1,B,-,FIGHT"
2026-06-26T00:00:00.000-04:00,"2026-6-26 0:00,3017.3,3015.59,3016.34,3020.58,3,1,0,-1,-,-,FIGHT"
2026-06-26T00:05:00.000-04:00,"2026-6-26 0:05,3017,3016.5,3016.39,3020.44,5,1,0,-1,-,-,FIGHT"
2026-06-26T00:10:00.000-04:00,"2026-6-26 0:10,3017.2,3017.21,3016.45,3020.31,5,1,0,-1,-,-,FIGHT"
2026-06-26T00:15:00.000-04:00,"2026-6-26 0:15,3017.5,3017.81,3016.53,3020.2,5,1,0,-1,-,-,FIGHT"
2026-06-26T00:20:00.000-04:00,"2026-6-26 0:20,3015.2,3017.35,3016.43,3020.01,0,0,0,-1,-,-,neutral"
2026-06-26T00:25:00.000-04:00,"2026-6-26 0:25,3016.5,3017.46,3016.44,3019.87,0,0,0,-1,-,-,neutral"
2026-06-26T00:30:00.000-04:00,"2026-6-26 0:30,3014,3016.57,3016.25,3019.64,0,0,0,-1,-,-,neutral"
2026-06-26T00:35:00.000-04:00,"2026-6-26 0:35,3014.2,3015.97,3016.09,3019.43,-3,-1,0,-1,S,-,tide_only"
2026-06-26T00:40:00.000-04:00,"2026-6-26 0:40,3015.1,3015.84,3016.01,3019.26,-3,-1,0,-1,-,-,tide_only"
2026-06-26T00:45:00.000-04:00,"2026-6-26 0:45,3012.9,3014.92,3015.77,3019.01,-7,-1,0,-1,-,-,tide_only"
2026-06-26T00:50:00.000-04:00,"2026-6-26 0:50,3012.1,3013.93,3015.49,3018.74,-7,-1,0,-1,-,-,tide_only"
2026-06-26T00:55:00.000-04:00,"2026-6-26 0:55,3012.3,3013.29,3015.25,3018.48,-7,-1,0,-1,-,-,tide_only"
2026-06-26T01:00:00.000-04:00,"2026-6-26 1:00,3013,3013.09,3015.07,3018.27,-7,-1,0,-1,-,-,tide_only"
2026-06-26T01:05:00.000-04:00,"2026-6-26 1:05,3012.9,3012.92,3014.91,3018.06,-7,-1,0,-1,-,-,tide_only"
2026-06-26T01:10:00.000-04:00,"2026-6-26 1:10,3016.6,3014.18,3015.04,3018,3,1,0,-1,B,-,FIGHT"
2026-06-26T01:15:00.000-04:00,"2026-6-26 1:15,3017.2,3015.34,3015.2,3017.97,5,1,0,-1,-,-,FIGHT"
2026-06-26T01:20:00.000-04:00,"2026-6-26 1:20,3017.3,3016.22,3015.36,3017.94,5,1,0,-1,-,-,FIGHT"
2026-06-26T01:25:00.000-04:00,"2026-6-26 1:25,3018.9,3017.44,3015.64,3017.98,5,1,0,-1,-,-,FIGHT"
2026-06-26T01:30:00.000-04:00,"2026-6-26 1:30,3019.1,3018.38,3015.9,3018.02,5,1,0,-1,-,-,FIGHT"
2026-06-26T01:35:00.000-04:00,"2026-6-26 1:35,3016.4,3018.04,3015.94,3017.96,0,0,0,-1,-,-,neutral"
2026-06-26T01:40:00.000-04:00,"2026-6-26 1:40,3013.6,3016.71,3015.76,3017.79,0,0,-1,-1,-,-,neutral"
2026-06-26T01:45:00.000-04:00,"2026-6-26 1:45,3013.6,3015.71,3015.59,3017.63,0,0,-1,-1,-,-,neutral"
2026-06-26T01:50:00.000-04:00,"2026-6-26 1:50,3016.8,3016.14,3015.69,3017.59,5,1,-1,-1,-,-,FIGHT"
2026-06-26T01:55:00.000-04:00,"2026-6-26 1:55,3016.2,3016.24,3015.73,3017.54,0,0,0,-1,-,-,neutral"
2026-06-26T02:00:00.000-04:00,"2026-6-26 2:00,3016,3016.22,3015.75,3017.48,0,0,0,-1,-,-,neutral"
2026-06-26T02:05:00.000-04:00,"2026-6-26 2:05,3014.8,3015.76,3015.67,3017.37,0,0,0,-1,-,-,neutral"
2026-06-26T02:10:00.000-04:00,"2026-6-26 2:10,3016.8,3016.15,3015.76,3017.35,5,1,0,-1,-,-,FIGHT"
2026-06-26T02:15:00.000-04:00,"2026-6-26 2:15,3017.7,3016.77,3015.91,3017.36,5,1,0,-1,-,-,FIGHT"
2026-06-26T02:20:00.000-04:00,"2026-6-26 2:20,3019.4,3017.85,3016.18,3017.44,5,1,0,-1,-,-,FIGHT"
2026-06-26T02:25:00.000-04:00,"2026-6-26 2:25,3022.3,3019.69,3016.65,3017.63,5,1,1,-1,-,-,wave_only"
2026-06-26T02:30:00.000-04:00,"2026-6-26 2:30,3023.1,3021.31,3017.15,3017.85,5,1,1,-1,-,-,wave_only"
2026-06-26T02:35:00.000-04:00,"2026-6-26 2:35,3024.2,3022.86,3017.69,3018.1,5,1,1,-1,-,-,wave_only"
2026-06-26T02:40:00.000-04:00,"2026-6-26 2:40,3026.8,3024.89,3018.39,3018.44,5,1,1,-1,-,-,wave_only"
2026-06-26T02:45:00.000-04:00,"2026-6-26 2:45,3027.8,3026.68,3019.11,3018.81,5,1,1,-1,-,-,wave_only"
2026-06-26T02:50:00.000-04:00,"2026-6-26 2:50,3031.9,3029.42,3020.1,3019.32,5,1,1,-1,-,-,wave_only"
2026-06-26T02:55:00.000-04:00,"2026-6-26 2:55,3031.5,3031.18,3020.97,3019.8,5,1,1,0,-,-,wave_only"
2026-06-26T03:00:00.000-04:00,"2026-6-26 3:00,3030.6,3032.01,3021.71,3020.22,0,0,1,0,-,-,neutral"
2026-06-26T03:05:00.000-04:00,"2026-6-26 3:05,3027.3,3031.28,3022.14,3020.5,0,0,1,0,-,-,neutral"
2026-06-26T03:10:00.000-04:00,"2026-6-26 3:10,3029.9,3031.58,3022.74,3020.87,0,0,1,0,-,-,neutral"
2026-06-26T03:15:00.000-04:00,"2026-6-26 3:15,3030.1,3031.77,3023.31,3021.23,0,0,1,0,-,-,neutral"
2026-06-26T03:20:00.000-04:00,"2026-6-26 3:20,3032.6,3032.75,3024.02,3021.68,7,1,1,0,-,-,wave_only"
2026-06-26T03:25:00.000-04:00,"2026-6-26 3:25,3032.8,3033.44,3024.7,3022.11,0,0,1,0,-,-,neutral"
2026-06-26T03:30:00.000-04:00,"2026-6-26 3:30,3034.7,3034.56,3025.47,3022.61,7,1,1,0,-,-,wave_only"
2026-06-26T03:35:00.000-04:00,"2026-6-26 3:35,3034.9,3035.36,3026.19,3023.09,0,0,1,0,-,-,neutral"
2026-06-26T03:40:00.000-04:00,"2026-6-26 3:40,3031.6,3034.63,3026.61,3023.42,0,0,1,0,-,-,neutral"
2026-06-26T03:45:00.000-04:00,"2026-6-26 3:45,3030.7,3033.68,3026.92,3023.71,0,0,1,0,-,-,neutral"
2026-06-26T03:50:00.000-04:00,"2026-6-26 3:50,3033.3,3033.87,3027.41,3024.08,0,0,1,0,-,-,neutral"
2026-06-26T03:55:00.000-04:00,"2026-6-26 3:55,3033.1,3033.88,3027.85,3024.44,0,0,1,1,-,-,neutral"
2026-06-26T04:00:00.000-04:00,"2026-6-26 4:00,3030.3,3032.8,3028.04,3024.67,0,0,1,1,-,-,neutral"
2026-06-26T04:05:00.000-04:00,"2026-6-26 4:05,3031.1,3032.26,3028.27,3024.92,0,0,1,1,-,-,neutral"
2026-06-26T04:10:00.000-04:00,"2026-6-26 4:10,3028.1,3030.73,3028.26,3025.04,0,0,0,1,-,-,neutral"
2026-06-26T04:15:00.000-04:00,"2026-6-26 4:15,3027.4,3029.33,3028.2,3025.14,-3,-1,0,1,S,-,FIGHT"
2026-06-26T04:20:00.000-04:00,"2026-6-26 4:20,3028.1,3028.57,3028.19,3025.25,-3,-1,0,1,-,-,FIGHT"
2026-06-26T04:25:00.000-04:00,"2026-6-26 4:25,3030.8,3029.03,3028.39,3025.47,7,1,0,1,B,-,tide_only"
2026-06-26T04:30:00.000-04:00,"2026-6-26 4:30,3025.5,3027.43,3028.17,3025.47,-5,-1,0,1,S,-,FIGHT"
2026-06-26T04:35:00.000-04:00,"2026-6-26 4:35,3026.4,3026.62,3028.03,3025.51,-5,-1,0,1,-,-,FIGHT"
2026-06-26T04:40:00.000-04:00,"2026-6-26 4:40,3024.8,3025.46,3027.78,3025.48,-5,-1,0,1,-,-,FIGHT"
2026-06-26T04:45:00.000-04:00,"2026-6-26 4:45,3021.3,3023.37,3027.28,3025.32,-5,-1,0,1,-,-,FIGHT"
2026-06-26T04:50:00.000-04:00,"2026-6-26 4:50,3017.6,3020.52,3026.54,3025.01,-5,-1,0,1,-,-,FIGHT"
2026-06-26T04:55:00.000-04:00,"2026-6-26 4:55,3017.4,3018.44,3025.84,3024.71,-5,-1,0,-1,-,-,tide_only"
2026-06-26T05:00:00.000-04:00,"2026-6-26 5:00,3015.2,3016.21,3025.02,3024.34,-5,-1,0,-1,-,-,tide_only"
2026-06-26T05:05:00.000-04:00,"2026-6-26 5:05,3014,3014.24,3024.17,3023.94,-5,-1,0,-1,-,-,tide_only"
2026-06-26T05:10:00.000-04:00,"2026-6-26 5:10,3016.1,3013.71,3023.55,3023.63,0,0,-1,-1,-,-,neutral"
2026-06-26T05:15:00.000-04:00,"2026-6-26 5:15,3014,3012.68,3022.81,3023.25,0,0,-1,-1,-,-,neutral"
2026-06-26T05:20:00.000-04:00,"2026-6-26 5:20,3010.5,3010.76,3021.87,3022.75,-5,-1,-1,-1,-,-,RIDE_both"
2026-06-26T05:25:00.000-04:00,"2026-6-26 5:25,3011.5,3009.86,3021.07,3022.31,0,0,-1,-1,-,-,neutral"
2026-06-26T05:30:00.000-04:00,"2026-6-26 5:30,3011.5,3009.34,3020.33,3021.89,0,0,-1,-1,-,-,neutral"
2026-06-26T05:35:00.000-04:00,"2026-6-26 5:35,3012.9,3009.62,3019.76,3021.53,0,0,-1,-1,-,-,neutral"
2026-06-26T05:40:00.000-04:00,"2026-6-26 5:40,3015.1,3010.76,3019.4,3021.28,0,0,-1,-1,-,-,neutral"
2026-06-26T05:45:00.000-04:00,"2026-6-26 5:45,3016.3,3012.15,3019.16,3021.09,0,0,-1,-1,-,-,neutral"
2026-06-26T05:50:00.000-04:00,"2026-6-26 5:50,3013.4,3012.18,3018.72,3020.78,0,0,-1,-1,-,-,neutral"
2026-06-26T05:55:00.000-04:00,"2026-6-26 5:55,3012.4,3011.9,3018.23,3020.46,-3,-1,-1,-1,-,-,RIDE_both"
2026-06-26T06:00:00.000-04:00,"2026-6-26 6:00,3008.1,3010.16,3017.46,3019.97,-7,-1,-1,-1,-,-,RIDE_both"
2026-06-26T06:05:00.000-04:00,"2026-6-26 6:05,3011.7,3010.28,3017.01,3019.65,0,0,-1,-1,-,-,neutral"
2026-06-26T06:10:00.000-04:00,"2026-6-26 6:10,3013.1,3010.95,3016.71,3019.39,0,0,-1,-1,-,-,neutral"
2026-06-26T06:15:00.000-04:00,"2026-6-26 6:15,3011.6,3010.95,3016.32,3019.08,-7,0,-1,-1,-,-,neutral"
2026-06-26T06:20:00.000-04:00,"2026-6-26 6:20,3009.2,3010.1,3015.77,3018.7,-7,-1,-1,-1,-,-,RIDE_both"
2026-06-26T06:25:00.000-04:00,"2026-6-26 6:25,3011.3,3010.3,3015.43,3018.41,0,0,-1,-1,-,-,neutral"
2026-06-26T06:30:00.000-04:00,"2026-6-26 6:30,3012,3010.75,3015.16,3018.16,0,0,-1,-1,-,-,neutral"
2026-06-26T06:35:00.000-04:00,"2026-6-26 6:35,3010.7,3010.64,3014.82,3017.86,-7,-1,-1,-1,-,-,RIDE_both"
2026-06-26T06:40:00.000-04:00,"2026-6-26 6:40,3010.3,3010.43,3014.47,3017.57,-7,-1,-1,-1,-,-,RIDE_both"
2026-06-26T06:45:00.000-04:00,"2026-6-26 6:45,3011.4,3010.72,3014.24,3017.32,0,0,-1,-1,-,-,neutral"
2026-06-26T06:50:00.000-04:00,"2026-6-26 6:50,3011.8,3011.1,3014.05,3017.11,0,0,-1,-1,-,-,neutral"
2026-06-26T06:55:00.000-04:00,"2026-6-26 6:55,3012,3011.47,3013.89,3016.91,0,0,0,-1,-,-,neutral"
2026-06-26T07:00:00.000-04:00,"2026-6-26 7:00,3014,3012.49,3013.9,3016.79,3,1,0,-1,B,-,FIGHT"
2026-06-26T07:05:00.000-04:00,"2026-6-26 7:05,3014.9,3013.57,3013.98,3016.72,5,1,0,-1,-,-,FIGHT"
2026-06-26T07:10:00.000-04:00,"2026-6-26 7:10,3015,3014.39,3014.06,3016.65,5,1,0,-1,-,-,FIGHT"
2026-06-26T07:15:00.000-04:00,"2026-6-26 7:15,3013.9,3014.56,3014.04,3016.54,5,0,0,-1,-,-,neutral"
2026-06-26T07:20:00.000-04:00,"2026-6-26 7:20,3014.3,3014.81,3014.06,3016.46,5,1,0,-1,-,-,FIGHT"
2026-06-26T07:25:00.000-04:00,"2026-6-26 7:25,3013.7,3014.74,3014.04,3016.35,0,0,0,-1,-,-,neutral"
2026-06-26T07:30:00.000-04:00,"2026-6-26 7:30,3013.7,3014.66,3014.01,3016.24,0,0,0,-1,-,-,neutral"
2026-06-26T07:35:00.000-04:00,"2026-6-26 7:35,3013.2,3014.39,3013.95,3016.12,0,0,0,-1,-,-,neutral"
2026-06-26T07:40:00.000-04:00,"2026-6-26 7:40,3013.7,3014.35,3013.93,3016.03,0,0,0,-1,-,-,neutral"
2026-06-26T07:45:00.000-04:00,"2026-6-26 7:45,3015.7,3015.05,3014.06,3016.02,5,1,0,-1,-,-,FIGHT"
2026-06-26T07:50:00.000-04:00,"2026-6-26 7:50,3011,3013.8,3013.83,3015.82,0,0,0,-1,-,-,neutral"
2026-06-26T07:55:00.000-04:00,"2026-6-26 7:55,3014.1,3014.01,3013.85,3015.75,5,0,0,-1,-,-,neutral"
2026-06-26T08:00:00.000-04:00,"2026-6-26 8:00,3016.5,3015.05,3014.05,3015.78,5,1,0,-1,-,-,FIGHT"
2026-06-26T08:05:00.000-04:00,"2026-6-26 8:05,3019.2,3016.79,3014.45,3015.92,5,1,0,-1,-,-,FIGHT"
2026-06-26T08:10:00.000-04:00,"2026-6-26 8:10,3018.7,3017.86,3014.78,3016.03,5,1,0,-1,-,-,FIGHT"
2026-06-26T08:15:00.000-04:00,"2026-6-26 8:15,3017.1,3018.01,3014.95,3016.07,0,0,0,-1,-,-,neutral"
2026-06-26T08:20:00.000-04:00,"2026-6-26 8:20,3013.9,3016.88,3014.87,3015.98,0,0,0,-1,-,-,neutral"
2026-06-26T08:25:00.000-04:00,"2026-6-26 8:25,3014.7,3016.32,3014.86,3015.93,0,0,0,-1,-,-,neutral"
2026-06-26T08:30:00.000-04:00,"2026-6-26 8:30,3014.8,3015.91,3014.86,3015.89,0,0,0,-1,-,-,neutral"
2026-06-26T08:35:00.000-04:00,"2026-6-26 8:35,3010.8,3014.12,3014.54,3015.69,-7,-1,0,-1,S,-,tide_only"
2026-06-26T08:40:00.000-04:00,"2026-6-26 8:40,3010.4,3012.65,3014.23,3015.48,-7,-1,-1,-1,-,-,RIDE_both"
2026-06-26T08:45:00.000-04:00,"2026-6-26 8:45,3008.6,3010.92,3013.79,3015.21,-7,-1,-1,-1,-,-,RIDE_both"
2026-06-26T08:50:00.000-04:00,"2026-6-26 8:50,3010.2,3010.27,3013.52,3015.01,-7,-1,-1,-1,-,-,RIDE_both"
2026-06-26T08:55:00.000-04:00,"2026-6-26 8:55,3011.5,3010.32,3013.36,3014.88,0,0,-1,-1,-,-,neutral"
2026-06-26T09:00:00.000-04:00,"2026-6-26 9:00,3009.5,3009.66,3013.06,3014.67,-7,-1,-1,-1,-,-,RIDE_both"
2026-06-26T09:05:00.000-04:00,"2026-6-26 9:05,3007.7,3008.55,3012.65,3014.39,-7,-1,-1,-1,-,-,RIDE_both"
2026-06-26T09:10:00.000-04:00,"2026-6-26 9:10,3008.7,3008.15,3012.35,3014.17,0,0,-1,-1,-,-,neutral"
2026-06-26T09:15:00.000-04:00,"2026-6-26 9:15,3005.7,3006.81,3011.84,3013.84,-7,-1,-1,-1,-,-,RIDE_both"
2026-06-26T09:20:00.000-04:00,"2026-6-26 9:20,3009.5,3007.28,3011.66,3013.67,0,0,-1,-1,-,-,neutral"
2026-06-26T09:25:00.000-04:00,"2026-6-26 9:25,3008.6,3007.35,3011.42,3013.47,0,0,-1,-1,-,-,neutral"
2026-06-26T09:30:00.000-04:00,"2026-6-26 9:30,3004.2,3005.83,3010.87,3013.1,-7,-1,-1,-1,-,-,RIDE_both"
2026-06-26T09:35:00.000-04:00,"2026-6-26 9:35,3007.8,3006.09,3010.63,3012.9,0,0,-1,-1,-,-,neutral"
2026-06-26T09:40:00.000-04:00,"2026-6-26 9:40,3019.7,3010.75,3011.33,3013.16,5,1,0,-1,B,-,FIGHT"
2026-06-26T09:45:00.000-04:00,"2026-6-26 9:45,3014.2,3012.15,3011.55,3013.2,5,1,0,-1,-,-,FIGHT"
2026-06-26T09:50:00.000-04:00,"2026-6-26 9:50,3012.6,3012.58,3011.63,3013.18,5,1,0,-1,-,-,FIGHT"
2026-06-26T09:55:00.000-04:00,"2026-6-26 9:55,3023.6,3016.94,3012.55,3013.59,5,1,1,0,-,-,wave_only"
2026-06-26T10:00:00.000-04:00,"2026-6-26 10:00,3032.5,3023.39,3014.08,3014.33,7,1,1,0,-,-,wave_only"
2026-06-26T10:05:00.000-04:00,"2026-6-26 10:05,3034.3,3028.69,3015.64,3015.11,5,1,1,0,-,-,wave_only"
2026-06-26T10:10:00.000-04:00,"2026-6-26 10:10,3034.6,3032.54,3017.1,3015.88,7,1,1,0,-,-,wave_only"
2026-06-26T10:15:00.000-04:00,"2026-6-26 10:15,3029,3033.09,3018.01,3016.39,0,0,1,0,-,-,neutral"
2026-06-26T10:20:00.000-04:00,"2026-6-26 10:20,3033.1,3034.8,3019.17,3017.05,5,0,1,0,-,-,neutral"
2026-06-26T10:25:00.000-04:00,"2026-6-26 10:25,3036.8,3037.23,3020.53,3017.82,5,1,1,0,-,-,wave_only"
2026-06-26T10:30:00.000-04:00,"2026-6-26 10:30,3033.3,3037.51,3021.51,3018.43,0,0,1,0,-,-,neutral"
2026-06-26T10:35:00.000-04:00,"2026-6-26 10:35,3026.6,3035.03,3021.9,3018.75,0,0,1,0,-,-,neutral"
2026-06-26T10:40:00.000-04:00,"2026-6-26 10:40,3025.5,3032.63,3022.18,3019.01,0,0,0,0,-,-,neutral"
2026-06-26T10:45:00.000-04:00,"2026-6-26 10:45,3029.5,3032.21,3022.74,3019.43,0,0,0,0,-,-,neutral"
2026-06-26T10:50:00.000-04:00,"2026-6-26 10:50,3025.5,3030.33,3022.96,3019.66,0,0,0,0,-,-,neutral"
2026-06-26T10:55:00.000-04:00,"2026-6-26 10:55,3024.6,3028.53,3023.08,3019.86,0,0,0,0,-,-,neutral"
2026-06-26T11:00:00.000-04:00,"2026-6-26 11:00,3024.9,3027.27,3023.22,3020.06,0,0,0,0,-,-,neutral"
2026-06-26T11:05:00.000-04:00,"2026-6-26 11:05,3028.1,3027.5,3023.6,3020.37,7,1,0,0,-,-,FIGHT"
2026-06-26T11:10:00.000-04:00,"2026-6-26 11:10,3022.1,3025.44,3023.48,3020.44,-3,-1,0,0,S,-,FIGHT"
2026-06-26T11:15:00.000-04:00,"2026-6-26 11:15,3027.4,3025.88,3023.78,3020.71,7,1,0,0,B,-,FIGHT"
2026-06-26T11:20:00.000-04:00,"2026-6-26 11:20,3030.8,3027.47,3024.32,3021.11,7,1,0,0,-,-,FIGHT"
2026-06-26T11:25:00.000-04:00,"2026-6-26 11:25,3035.1,3030.22,3025.15,3021.66,7,1,1,0,-,-,wave_only"
2026-06-26T11:30:00.000-04:00,"2026-6-26 11:30,3033.7,3031.7,3025.81,3022.13,7,1,1,0,-,-,wave_only"
2026-06-26T11:35:00.000-04:00,"2026-6-26 11:35,3040.4,3035.23,3026.93,3022.84,7,1,1,0,-,-,wave_only"
2026-06-26T11:40:00.000-04:00,"2026-6-26 11:40,3041.6,3038.19,3028.06,3023.58,7,1,1,0,-,-,wave_only"
2026-06-26T11:45:00.000-04:00,"2026-6-26 11:45,3038.1,3038.97,3028.83,3024.15,0,0,1,0,-,-,neutral"
2026-06-26T11:50:00.000-04:00,"2026-6-26 11:50,3033,3037.55,3029.15,3024.5,0,0,1,0,-,-,neutral"
2026-06-26T11:55:00.000-04:00,"2026-6-26 11:55,3038.5,3038.45,3029.87,3025.05,0,0,1,1,-,-,neutral"
2026-06-26T12:00:00.000-04:00,"2026-6-26 12:00,3035.3,3037.84,3030.29,3025.45,0,0,1,1,-,-,neutral"
2026-06-26T12:05:00.000-04:00,"2026-6-26 12:05,3028.3,3034.72,3030.14,3025.56,0,0,1,1,-,-,neutral"
2026-06-26T12:10:00.000-04:00,"2026-6-26 12:10,3027,3031.91,3029.9,3025.62,-3,-1,0,1,S,-,FIGHT"
2026-06-26T12:15:00.000-04:00,"2026-6-26 12:15,3026.8,3029.75,3029.66,3025.66,-5,-1,0,1,-,-,FIGHT"
2026-06-26T12:20:00.000-04:00,"2026-6-26 12:20,3023.8,3027.08,3029.21,3025.59,-5,-1,0,1,-,-,FIGHT"
2026-06-26T12:25:00.000-04:00,"2026-6-26 12:25,3023.8,3025.17,3028.79,3025.52,-5,-1,0,1,-,-,FIGHT"
2026-06-26T12:30:00.000-04:00,"2026-6-26 12:30,3030.9,3026.46,3028.95,3025.73,0,0,0,1,-,-,neutral"
2026-06-26T12:35:00.000-04:00,"2026-6-26 12:35,3029.9,3027.11,3029.03,3025.89,0,0,0,1,-,-,neutral"
2026-06-26T12:40:00.000-04:00,"2026-6-26 12:40,3027.3,3026.68,3028.89,3025.95,-5,-1,0,1,-,-,FIGHT"
2026-06-26T12:45:00.000-04:00,"2026-6-26 12:45,3028.1,3026.71,3028.83,3026.03,0,0,0,1,-,-,neutral"
2026-06-26T12:50:00.000-04:00,"2026-6-26 12:50,3028.4,3026.88,3028.8,3026.13,0,0,0,1,-,-,neutral"
2026-06-26T12:55:00.000-04:00,"2026-6-26 12:55,3026.9,3026.5,3028.65,3026.16,-5,-1,0,1,-,-,FIGHT"
2026-06-26T13:00:00.000-04:00,"2026-6-26 13:00,3029.5,3027.22,3028.72,3026.29,0,0,0,1,-,-,neutral"
2026-06-26T13:05:00.000-04:00,"2026-6-26 13:05,3032.3,3028.82,3028.99,3026.52,7,1,0,1,B,-,tide_only"
2026-06-26T13:10:00.000-04:00,"2026-6-26 13:10,3030.2,3029.24,3029.09,3026.67,7,0,0,1,-,-,neutral"
2026-06-26T13:15:00.000-04:00,"2026-6-26 13:15,3025.7,3027.89,3028.83,3026.63,-5,-1,0,1,S,-,FIGHT"
2026-06-26T13:20:00.000-04:00,"2026-6-26 13:20,3022.4,3025.69,3028.33,3026.46,-5,-1,0,1,-,-,FIGHT"
2026-06-26T13:25:00.000-04:00,"2026-6-26 13:25,3023.6,3024.55,3027.97,3026.35,-5,-1,0,1,-,-,FIGHT"
2026-06-26T13:30:00.000-04:00,"2026-6-26 13:30,3023.4,3023.68,3027.62,3026.24,-5,-1,0,1,-,-,FIGHT"
2026-06-26T13:35:00.000-04:00,"2026-6-26 13:35,3019,3021.46,3026.95,3025.95,-5,-1,0,1,-,-,FIGHT"
2026-06-26T13:40:00.000-04:00,"2026-6-26 13:40,3021,3020.65,3026.5,3025.76,-5,-1,-1,1,-,-,wave_only"
2026-06-26T13:45:00.000-04:00,"2026-6-26 13:45,3020.4,3019.9,3026.03,3025.55,-5,-1,-1,1,-,-,wave_only"
2026-06-26T13:50:00.000-04:00,"2026-6-26 13:50,3021.9,3019.99,3025.71,3025.4,0,0,-1,1,-,-,neutral"
2026-06-26T13:55:00.000-04:00,"2026-6-26 13:55,3020.1,3019.46,3025.28,3025.2,0,0,-1,0,-,-,neutral"
2026-06-26T14:00:00.000-04:00,"2026-6-26 14:00,3022.7,3020.11,3025.08,3025.1,0,0,-1,0,-,-,neutral"
2026-06-26T14:05:00.000-04:00,"2026-6-26 14:05,3022.4,3020.54,3024.87,3024.99,0,0,-1,0,-,-,neutral"
2026-06-26T14:10:00.000-04:00,"2026-6-26 14:10,3022.7,3021.01,3024.71,3024.9,0,0,-1,0,-,-,neutral"
2026-06-26T14:15:00.000-04:00,"2026-6-26 14:15,3018.9,3020,3024.26,3024.67,-5,-1,-1,0,-,-,wave_only"
2026-06-26T14:20:00.000-04:00,"2026-6-26 14:20,3018.2,3019.04,3023.79,3024.41,-5,-1,-1,0,-,-,wave_only"
2026-06-26T14:25:00.000-04:00,"2026-6-26 14:25,3015,3017.19,3023.12,3024.04,-7,-1,-1,0,-,-,wave_only"
2026-06-26T14:30:00.000-04:00,"2026-6-26 14:30,3016.2,3016.34,3022.58,3023.74,-5,-1,-1,0,-,-,wave_only"
2026-06-26T14:35:00.000-04:00,"2026-6-26 14:35,3015.6,3015.56,3022.05,3023.42,-7,-1,-1,0,-,-,wave_only"
2026-06-26T14:40:00.000-04:00,"2026-6-26 14:40,3015.3,3014.95,3021.53,3023.1,0,0,-1,0,-,-,neutral"
2026-06-26T14:45:00.000-04:00,"2026-6-26 14:45,3010.7,3012.86,3020.7,3022.61,-7,-1,-1,0,-,-,wave_only"
2026-06-26T14:50:00.000-04:00,"2026-6-26 14:50,3011.2,3011.6,3019.97,3022.17,-7,-1,-1,0,-,-,wave_only"
2026-06-26T14:55:00.000-04:00,"2026-6-26 14:55,3009,3009.95,3019.12,3021.65,-7,-1,-1,-1,-,-,RIDE_both"
2026-06-26T15:00:00.000-04:00,"2026-6-26 15:00,3008.5,3008.64,3018.3,3021.13,-7,-1,-1,-1,-,-,RIDE_both"
2026-06-26T15:05:00.000-04:00,"2026-6-26 15:05,3013.2,3009.53,3017.91,3020.82,0,0,-1,-1,-,-,neutral"
2026-06-26T15:10:00.000-04:00,"2026-6-26 15:10,3014.4,3010.73,3017.64,3020.57,0,0,-1,-1,-,-,neutral"
2026-06-26T15:15:00.000-04:00,"2026-6-26 15:15,3013,3011.16,3017.28,3020.27,0,0,-1,-1,-,-,neutral"
2026-06-26T15:20:00.000-04:00,"2026-6-26 15:20,3011.6,3011.03,3016.85,3019.93,-7,-1,-1,-1,-,-,RIDE_both"
2026-06-26T15:25:00.000-04:00,"2026-6-26 15:25,3012.5,3011.31,3016.51,3019.64,0,0,-1,-1,-,-,neutral"
2026-06-26T15:30:00.000-04:00,"2026-6-26 15:30,3014.4,3012.27,3016.35,3019.44,0,0,-1,-1,-,-,neutral"
2026-06-26T15:35:00.000-04:00,"2026-6-26 15:35,3012.3,3012.22,3016.04,3019.16,-7,0,-1,-1,-,-,neutral"
2026-06-26T15:40:00.000-04:00,"2026-6-26 15:40,3013.1,3012.51,3015.81,3018.92,0,0,-1,-1,-,-,neutral"
2026-06-26T15:45:00.000-04:00,"2026-6-26 15:45,3013.5,3012.89,3015.63,3018.71,0,0,-1,-1,-,-,neutral"
2026-06-26T15:50:00.000-04:00,"2026-6-26 15:50,3018.7,3015.11,3015.87,3018.71,3,1,-1,-1,B,-,FIGHT"
2026-06-26T15:55:00.000-04:00,"2026-6-26 15:55,3016.9,3016.07,3015.95,3018.64,5,1,0,-1,-,-,FIGHT"
2026-06-26T16:00:00.000-04:00,"2026-6-26 16:00,3022,3018.64,3016.42,3018.77,5,1,0,-1,-,-,FIGHT"
2026-06-26T16:05:00.000-04:00,"2026-6-26 16:05,3022.9,3020.81,3016.91,3018.93,5,1,0,-1,-,-,FIGHT"
2026-06-26T16:10:00.000-04:00,"2026-6-26 16:10,3025.1,3023.16,3017.54,3019.17,5,1,0,-1,-,-,FIGHT"
2026-06-26T16:15:00.000-04:00,"2026-6-26 16:15,3029.9,3026.58,3018.49,3019.59,5,1,0,-1,-,-,FIGHT"
2026-06-26T16:20:00.000-04:00,"2026-6-26 16:20,3031.5,3029.57,3019.49,3020.06,5,1,0,-1,-,-,FIGHT"
2026-06-26T16:25:00.000-04:00,"2026-6-26 16:25,3030.2,3031.15,3020.32,3020.46,5,1,1,-1,-,-,wave_only"
2026-06-26T16:30:00.000-04:00,"2026-6-26 16:30,3028.9,3031.67,3020.98,3020.79,0,0,1,-1,-,-,neutral"
2026-06-26T16:35:00.000-04:00,"2026-6-26 16:35,3023.8,3030.02,3021.2,3020.91,0,0,1,-1,-,-,neutral"
2026-06-26T16:40:00.000-04:00,"2026-6-26 16:40,3024.9,3029.08,3021.48,3021.06,0,0,1,-1,-,-,neutral"
2026-06-26T16:45:00.000-04:00,"2026-6-26 16:45,3024.8,3028.25,3021.74,3021.21,0,0,1,-1,-,-,neutral"
2026-06-26T16:50:00.000-04:00,"2026-6-26 16:50,3029.2,3029.18,3022.31,3021.52,3,1,1,-1,-,-,wave_only"
2026-06-26T16:55:00.000-04:00,"2026-6-26 16:55,3024.1,3027.9,3022.45,3021.62,0,0,1,0,-,-,neutral"
2026-06-28T18:00:00.000-04:00,"2026-6-28 18:00,3036.4,3031.44,3023.52,3022.2,7,1,1,0,-,-,wave_only"
2026-06-28T18:05:00.000-04:00,"2026-6-28 18:05,3036.9,3034.15,3024.55,3022.78,7,1,1,0,-,-,wave_only"
2026-06-28T18:10:00.000-04:00,"2026-6-28 18:10,3039.3,3036.92,3025.68,3023.43,7,1,1,0,-,-,wave_only"
2026-06-28T18:15:00.000-04:00,"2026-6-28 18:15,3035.7,3037.51,3026.46,3023.91,0,0,1,0,-,-,neutral"
2026-06-28T18:20:00.000-04:00,"2026-6-28 18:20,3036.6,3038.14,3027.24,3024.41,0,0,1,0,-,-,neutral"
2026-06-28T18:25:00.000-04:00,"2026-6-28 18:25,3037.7,3038.88,3028.04,3024.93,0,0,1,0,-,-,neutral"
2026-06-28T18:30:00.000-04:00,"2026-6-28 18:30,3036.7,3038.94,3028.71,3025.39,0,0,1,0,-,-,neutral"
2026-06-28T18:35:00.000-04:00,"2026-6-28 18:35,3036.1,3038.64,3029.28,3025.81,0,0,1,0,-,-,neutral"
2026-06-28T18:40:00.000-04:00,"2026-6-28 18:40,3037.3,3038.77,3029.89,3026.26,0,0,1,0,-,-,neutral"
2026-06-28T18:45:00.000-04:00,"2026-6-28 18:45,3037,3038.66,3030.44,3026.68,0,0,1,0,-,-,neutral"
2026-06-28T18:50:00.000-04:00,"2026-6-28 18:50,3035.2,3037.83,3030.81,3027.02,0,0,1,0,-,-,neutral"
2026-06-28T18:55:00.000-04:00,"2026-6-28 18:55,3034.8,3037.01,3031.11,3027.32,0,0,0,1,-,-,neutral"
2026-06-28T19:00:00.000-04:00,"2026-6-28 19:00,3037.5,3037.35,3031.6,3027.72,0,0,0,1,-,-,neutral"
2026-06-28T19:05:00.000-04:00,"2026-6-28 19:05,3040.2,3038.56,3032.27,3028.21,7,1,0,1,-,-,tide_only"
2026-06-28T19:10:00.000-04:00,"2026-6-28 19:10,3040.8,3039.63,3032.92,3028.7,7,1,1,1,-,-,RIDE_both"
2026-06-28T19:15:00.000-04:00,"2026-6-28 19:15,3041.7,3040.69,3033.6,3029.21,7,0,1,1,-,-,neutral"
2026-06-28T19:20:00.000-04:00,"2026-6-28 19:20,3042.1,3041.56,3034.25,3029.72,3,1,1,1,-,-,RIDE_both"
2026-06-28T19:25:00.000-04:00,"2026-6-28 19:25,3042.7,3042.36,3034.9,3030.23,7,1,1,1,-,-,RIDE_both"
2026-06-28T19:30:00.000-04:00,"2026-6-28 19:30,3043.2,3043.07,3035.54,3030.74,7,1,1,1,-,-,RIDE_both"
2026-06-28T19:35:00.000-04:00,"2026-6-28 19:35,3044.2,3043.89,3036.21,3031.26,7,1,1,1,-,-,RIDE_both"
2026-06-28T19:40:00.000-04:00,"2026-6-28 19:40,3043.3,3044.09,3036.75,3031.74,0,0,1,1,-,-,neutral"
2026-06-28T19:45:00.000-04:00,"2026-6-28 19:45,3043,3044.06,3037.23,3032.18,0,0,1,1,-,-,neutral"
2026-06-28T19:50:00.000-04:00,"2026-6-28 19:50,3042.4,3043.76,3037.63,3032.58,0,0,1,1,-,-,neutral"
2026-06-28T19:55:00.000-04:00,"2026-6-28 19:55,3040,3042.59,3037.81,3032.87,0,0,0,1,-,-,neutral"
2026-06-28T20:00:00.000-04:00,"2026-6-28 20:00,3036.2,3040.29,3037.69,3033,0,0,0,1,-,-,neutral"
2026-06-28T20:05:00.000-04:00,"2026-6-28 20:05,3034.5,3037.96,3037.44,3033.06,-3,-1,0,1,S,-,FIGHT"
2026-06-28T20:10:00.000-04:00,"2026-6-28 20:10,3035.2,3036.52,3037.27,3033.14,-5,-1,0,1,-,-,FIGHT"
2026-06-28T20:15:00.000-04:00,"2026-6-28 20:15,3032.2,3034.39,3036.88,3033.11,-5,-1,0,1,-,-,FIGHT"
2026-06-28T20:20:00.000-04:00,"2026-6-28 20:20,3027.9,3031.28,3036.19,3032.9,-5,-1,0,1,-,-,FIGHT"
2026-06-28T20:25:00.000-04:00,"2026-6-28 20:25,3026.1,3028.42,3035.41,3032.64,-5,-1,0,1,-,-,FIGHT"
2026-06-28T20:30:00.000-04:00,"2026-6-28 20:30,3026.4,3026.53,3034.72,3032.39,-5,-1,0,1,-,-,FIGHT"
2026-06-28T20:35:00.000-04:00,"2026-6-28 20:35,3025,3024.75,3033.97,3032.1,-5,0,0,1,-,-,neutral"
2026-06-28T20:40:00.000-04:00,"2026-6-28 20:40,3030.1,3025.46,3033.67,3032.02,0,0,0,1,-,-,neutral"
2026-06-28T20:45:00.000-04:00,"2026-6-28 20:45,3024.4,3024.01,3032.96,3031.72,-5,-1,0,1,-,-,FIGHT"
2026-06-28T20:50:00.000-04:00,"2026-6-28 20:50,3026,3023.66,3032.43,3031.5,0,0,0,1,-,-,neutral"
2026-06-28T20:55:00.000-04:00,"2026-6-28 20:55,3028.8,3024.56,3032.15,3031.39,0,0,0,0,-,-,neutral"
2026-06-28T21:00:00.000-04:00,"2026-6-28 21:00,3025.4,3024.07,3031.63,3031.16,-5,0,0,0,-,-,neutral"
2026-06-28T21:05:00.000-04:00,"2026-6-28 21:05,3025.7,3023.92,3031.17,3030.94,0,0,0,0,-,-,neutral"
2026-06-28T21:10:00.000-04:00,"2026-6-28 21:10,3027,3024.39,3030.85,3030.79,0,0,-1,0,-,-,neutral"
2026-06-28T21:15:00.000-04:00,"2026-6-28 21:15,3024.2,3023.77,3030.34,3030.53,-5,0,-1,0,-,-,neutral"
2026-06-28T21:20:00.000-04:00,"2026-6-28 21:20,3024.4,3023.47,3029.88,3030.29,-5,0,-1,0,-,-,neutral"
2026-06-28T21:25:00.000-04:00,"2026-6-28 21:25,3021.9,3022.4,3029.27,3029.96,-3,-1,-1,0,-,-,wave_only"
2026-06-28T21:30:00.000-04:00,"2026-6-28 21:30,3019.4,3020.75,3028.51,3029.55,-3,-1,-1,0,-,-,wave_only"
2026-06-28T21:35:00.000-04:00,"2026-6-28 21:35,3020.8,3020.15,3027.92,3029.2,0,0,-1,0,-,-,neutral"
2026-06-28T21:40:00.000-04:00,"2026-6-28 21:40,3021.8,3020.16,3027.45,3028.91,0,0,-1,0,-,-,neutral"
2026-06-28T21:45:00.000-04:00,"2026-6-28 21:45,3021.2,3020.03,3026.97,3028.61,0,0,-1,0,-,-,neutral"
2026-06-28T21:50:00.000-04:00,"2026-6-28 21:50,3023.4,3020.82,3026.69,3028.41,0,0,-1,0,-,-,neutral"
2026-06-28T21:55:00.000-04:00,"2026-6-28 21:55,3024.7,3021.94,3026.54,3028.26,0,0,-1,0,-,-,neutral"
2026-06-28T22:00:00.000-04:00,"2026-6-28 22:00,3023.1,3022.22,3026.27,3028.06,0,0,-1,0,-,-,neutral"
2026-06-28T22:05:00.000-04:00,"2026-6-28 22:05,3020.6,3021.53,3025.84,3027.77,-7,-1,-1,0,-,-,wave_only"
2026-06-28T22:10:00.000-04:00,"2026-6-28 22:10,3018.5,3020.28,3025.27,3027.4,-7,-1,-1,0,-,-,wave_only"
2026-06-28T22:15:00.000-04:00,"2026-6-28 22:15,3021.2,3020.39,3024.96,3027.16,0,0,-1,0,-,-,neutral"
2026-06-28T22:20:00.000-04:00,"2026-6-28 22:20,3022.9,3021.15,3024.8,3026.99,0,0,-1,0,-,-,neutral"
2026-06-28T22:25:00.000-04:00,"2026-6-28 22:25,3025.4,3022.66,3024.85,3026.93,0,0,0,0,-,-,neutral"
2026-06-28T22:30:00.000-04:00,"2026-6-28 22:30,3025.7,3023.89,3024.91,3026.88,3,1,0,0,B,-,FIGHT"
2026-06-28T22:35:00.000-04:00,"2026-6-28 22:35,3026.1,3024.94,3025,3026.85,5,1,0,0,-,-,FIGHT"
2026-06-28T22:40:00.000-04:00,"2026-6-28 22:40,3025.9,3025.62,3025.07,3026.81,5,1,0,0,-,-,FIGHT"
2026-06-28T22:45:00.000-04:00,"2026-6-28 22:45,3026.5,3026.32,3025.18,3026.8,5,1,0,0,-,-,FIGHT"
2026-06-28T22:50:00.000-04:00,"2026-6-28 22:50,3025.3,3026.35,3025.19,3026.74,0,0,0,0,-,-,neutral"
2026-06-28T22:55:00.000-04:00,"2026-6-28 22:55,3025.1,3026.27,3025.18,3026.68,0,0,0,0,-,-,neutral"
2026-06-28T23:00:00.000-04:00,"2026-6-28 23:00,3027.2,3026.95,3025.34,3026.7,5,1,0,0,-,-,FIGHT"
2026-06-28T23:05:00.000-04:00,"2026-6-28 23:05,3026.8,3027.27,3025.45,3026.7,5,1,0,0,-,-,FIGHT"
2026-06-28T23:10:00.000-04:00,"2026-6-28 23:10,3024.4,3026.58,3025.37,3026.61,0,0,0,0,-,-,neutral"
2026-06-28T23:15:00.000-04:00,"2026-6-28 23:15,3024.7,3026.15,3025.32,3026.54,0,0,0,0,-,-,neutral"
2026-06-28T23:20:00.000-04:00,"2026-6-28 23:20,3024.3,3025.67,3025.24,3026.45,0,0,0,0,-,-,neutral"
2026-06-28T23:25:00.000-04:00,"2026-6-28 23:25,3024.6,3025.41,3025.19,3026.38,0,0,0,0,-,-,neutral"
2026-06-28T23:30:00.000-04:00,"2026-6-28 23:30,3022.9,3024.57,3025.02,3026.24,-7,-1,0,0,S,-,FIGHT"
2026-06-28T23:35:00.000-04:00,"2026-6-28 23:35,3020.8,3023.18,3024.69,3026.03,-7,-1,0,0,-,-,FIGHT"
2026-06-28T23:40:00.000-04:00,"2026-6-28 23:40,3021.8,3022.53,3024.47,3025.86,-7,-1,-1,0,-,-,wave_only"
2026-06-28T23:45:00.000-04:00,"2026-6-28 23:45,3023.9,3022.86,3024.43,3025.78,0,0,-1,0,-,-,neutral"
2026-06-28T23:50:00.000-04:00,"2026-6-28 23:50,3025,3023.52,3024.47,3025.75,3,1,-1,0,B,-,FIGHT"
2026-06-28T23:55:00.000-04:00,"2026-6-28 23:55,3026.4,3024.54,3024.62,3025.78,5,1,0,0,-,-,FIGHT"
2026-06-29T00:00:00.000-04:00,"2026-6-29 0:00,3026.1,3025.18,3024.73,3025.79,5,1,0,0,-,-,FIGHT"
2026-06-29T00:05:00.000-04:00,"2026-6-29 0:05,3026.1,3025.64,3024.84,3025.8,5,1,0,0,-,-,FIGHT"
2026-06-29T00:10:00.000-04:00,"2026-6-29 0:10,3025.4,3025.7,3024.88,3025.79,0,0,0,0,-,-,neutral"
2026-06-29T00:15:00.000-04:00,"2026-6-29 0:15,3024.6,3025.44,3024.86,3025.74,0,0,0,0,-,-,neutral"
2026-06-29T00:20:00.000-04:00,"2026-6-29 0:20,3024.5,3025.19,3024.83,3025.69,0,0,0,0,-,-,neutral"
2026-06-29T00:25:00.000-04:00,"2026-6-29 0:25,3025.1,3025.23,3024.85,3025.67,0,0,0,0,-,-,neutral"
2026-06-29T00:30:00.000-04:00,"2026-6-29 0:30,3024.6,3025.06,3024.83,3025.63,0,0,0,0,-,-,neutral"
2026-06-29T00:35:00.000-04:00,"2026-6-29 0:35,3024.1,3024.74,3024.78,3025.57,0,0,0,0,-,-,neutral"
2026-06-29T00:40:00.000-04:00,"2026-6-29 0:40,3022.9,3024.07,3024.63,3025.46,-7,-1,-1,0,S,-,wave_only"
2026-06-29T00:45:00.000-04:00,"2026-6-29 0:45,3023.8,3023.91,3024.57,3025.4,-7,-1,-1,0,-,-,wave_only"
2026-06-29T00:50:00.000-04:00,"2026-6-29 0:50,3024.2,3023.94,3024.54,3025.35,0,0,-1,0,-,-,neutral"
2026-06-29T00:55:00.000-04:00,"2026-6-29 0:55,3022.7,3023.42,3024.4,3025.25,-7,-1,-1,0,-,-,wave_only"
2026-06-29T01:00:00.000-04:00,"2026-6-29 1:00,3021.9,3022.75,3024.21,3025.12,-7,-1,-1,0,-,-,wave_only"
2026-06-29T01:05:00.000-04:00,"2026-6-29 1:05,3023,3022.68,3024.11,3025.03,-3,-1,-1,0,-,-,wave_only"
2026-06-29T01:10:00.000-04:00,"2026-6-29 1:10,3024.4,3023.17,3024.14,3025.01,3,0,0,0,-,-,neutral"
2026-06-29T01:15:00.000-04:00,"2026-6-29 1:15,3022.8,3022.95,3024.03,3024.92,-7,-1,0,0,-,-,FIGHT"
2026-06-29T01:20:00.000-04:00,"2026-6-29 1:20,3023.1,3022.91,3023.96,3024.85,0,0,0,0,-,-,neutral"
2026-06-29T01:25:00.000-04:00,"2026-6-29 1:25,3022.7,3022.74,3023.86,3024.77,-7,-1,-1,0,-,-,wave_only"
2026-06-29T01:30:00.000-04:00,"2026-6-29 1:30,3026.6,3024.08,3024.07,3024.84,5,1,-1,0,B,-,FIGHT"
2026-06-29T01:35:00.000-04:00,"2026-6-29 1:35,3026.3,3024.95,3024.25,3024.89,5,1,-1,0,-,-,FIGHT"
2026-06-29T01:40:00.000-04:00,"2026-6-29 1:40,3029.5,3026.77,3024.65,3025.08,5,1,0,0,-,-,FIGHT"
2026-06-29T01:45:00.000-04:00,"2026-6-29 1:45,3028.9,3027.86,3024.98,3025.23,5,1,0,0,-,-,FIGHT"
2026-06-29T01:50:00.000-04:00,"2026-6-29 1:50,3032.7,3030.03,3025.57,3025.52,5,1,0,0,-,-,FIGHT"
2026-06-29T01:55:00.000-04:00,"2026-6-29 1:55,3033.4,3031.83,3026.17,3025.83,5,1,1,1,-,-,RIDE_both"
2026-06-29T02:00:00.000-04:00,"2026-6-29 2:00,3029.1,3031.49,3026.4,3025.96,0,0,1,1,-,-,neutral"
2026-06-29T02:05:00.000-04:00,"2026-6-29 2:05,3028.4,3030.91,3026.55,3026.05,0,0,1,1,-,-,neutral"
2026-06-29T02:10:00.000-04:00,"2026-6-29 2:10,3028.8,3030.57,3026.73,3026.16,0,0,1,1,-,-,neutral"
2026-06-29T02:15:00.000-04:00,"2026-6-29 2:15,3027.9,3029.94,3026.82,3026.23,0,0,1,1,-,-,neutral"
2026-06-29T02:20:00.000-04:00,"2026-6-29 2:20,3028.5,3029.65,3026.94,3026.32,0,0,1,1,-,-,neutral"
2026-06-29T02:25:00.000-04:00,"2026-6-29 2:25,3028.8,3029.53,3027.09,3026.41,0,0,1,1,-,-,neutral"
2026-06-29T02:30:00.000-04:00,"2026-6-29 2:30,3029.2,3029.55,3027.25,3026.52,3,1,1,1,-,-,RIDE_both"
2026-06-29T02:35:00.000-04:00,"2026-6-29 2:35,3026.9,3028.7,3027.22,3026.54,0,0,1,1,-,-,neutral"
2026-06-29T02:40:00.000-04:00,"2026-6-29 2:40,3027.4,3028.24,3027.24,3026.57,0,0,0,1,-,-,neutral"
2026-06-29T02:45:00.000-04:00,"2026-6-29 2:45,3026,3027.38,3027.14,3026.55,-3,-1,0,1,S,-,FIGHT"
2026-06-29T02:50:00.000-04:00,"2026-6-29 2:50,3025.4,3026.53,3027.01,3026.5,-5,-1,0,1,-,-,FIGHT"
2026-06-29T02:55:00.000-04:00,"2026-6-29 2:55,3025,3025.76,3026.85,3026.45,-5,-1,0,0,-,-,FIGHT"
2026-06-29T03:00:00.000-04:00,"2026-6-29 3:00,3023.5,3024.67,3026.6,3026.33,-5,-1,0,0,-,-,FIGHT"
2026-06-29T03:05:00.000-04:00,"2026-6-29 3:05,3025,3024.45,3026.47,3026.28,-5,-1,0,0,-,-,FIGHT"
2026-06-29T03:10:00.000-04:00,"2026-6-29 3:10,3025.1,3024.36,3026.37,3026.23,-3,-1,0,0,-,-,FIGHT"
2026-06-29T03:15:00.000-04:00,"2026-6-29 3:15,3025.8,3024.58,3026.32,3026.21,0,0,0,0,-,-,neutral"
2026-06-29T03:20:00.000-04:00,"2026-6-29 3:20,3028.2,3025.67,3026.47,3026.29,0,0,0,0,-,-,neutral"
2026-06-29T03:25:00.000-04:00,"2026-6-29 3:25,3030.9,3027.49,3026.81,3026.47,7,1,1,0,B,-,wave_only"
2026-06-29T03:30:00.000-04:00,"2026-6-29 3:30,3029.8,3028.42,3027.04,3026.6,7,1,1,0,-,-,wave_only"
2026-06-29T03:35:00.000-04:00,"2026-6-29 3:35,3032.2,3029.97,3027.44,3026.82,7,1,1,0,-,-,wave_only"
2026-06-29T03:40:00.000-04:00,"2026-6-29 3:40,3030.4,3030.43,3027.66,3026.96,7,1,1,0,-,-,wave_only"
2026-06-29T03:45:00.000-04:00,"2026-6-29 3:45,3029.7,3030.46,3027.82,3027.07,3,1,1,0,-,-,wave_only"
2026-06-29T03:50:00.000-04:00,"2026-6-29 3:50,3029,3030.2,3027.91,3027.15,0,0,1,0,-,-,neutral"
2026-06-29T03:55:00.000-04:00,"2026-6-29 3:55,3029.4,3030.12,3028.03,3027.23,0,0,0,0,-,-,neutral"
2026-06-29T04:00:00.000-04:00,"2026-6-29 4:00,3033.3,3031.48,3028.43,3027.47,7,1,0,0,-,-,FIGHT"
2026-06-29T04:05:00.000-04:00,"2026-6-29 4:05,3034.7,3032.97,3028.91,3027.76,7,1,0,0,-,-,FIGHT"
2026-06-29T04:10:00.000-04:00,"2026-6-29 4:10,3034.2,3033.84,3029.32,3028.01,7,1,1,0,-,-,wave_only"
2026-06-29T04:15:00.000-04:00,"2026-6-29 4:15,3034.8,3034.64,3029.74,3028.28,7,1,1,0,-,-,wave_only"
2026-06-29T04:20:00.000-04:00,"2026-6-29 4:20,3034,3034.88,3030.07,3028.5,0,0,1,0,-,-,neutral"
2026-06-29T04:25:00.000-04:00,"2026-6-29 4:25,3032.5,3034.44,3030.26,3028.66,0,0,1,0,-,-,neutral"
2026-06-29T04:30:00.000-04:00,"2026-6-29 4:30,3031.6,3033.73,3030.36,3028.77,0,0,1,0,-,-,neutral"
2026-06-29T04:35:00.000-04:00,"2026-6-29 4:35,3029.8,3032.51,3030.32,3028.81,0,0,1,0,-,-,neutral"
2026-06-29T04:40:00.000-04:00,"2026-6-29 4:40,3028.1,3030.95,3030.15,3028.78,-3,-1,0,0,S,-,FIGHT"
2026-06-29T04:45:00.000-04:00,"2026-6-29 4:45,3027.3,3029.5,3029.93,3028.73,-5,-1,0,0,-,-,FIGHT"
2026-06-29T04:50:00.000-04:00,"2026-6-29 4:50,3026.6,3028.19,3029.67,3028.64,-5,-1,0,0,-,-,FIGHT"
2026-06-29T04:55:00.000-04:00,"2026-6-29 4:55,3025.5,3026.85,3029.35,3028.52,-5,-1,0,0,-,-,FIGHT"
2026-06-29T05:00:00.000-04:00,"2026-6-29 5:00,3028,3026.83,3029.25,3028.5,0,0,0,0,-,-,neutral"
2026-06-29T05:05:00.000-04:00,"2026-6-29 5:05,3028.3,3026.96,3029.17,3028.49,0,0,0,0,-,-,neutral"
2026-06-29T05:10:00.000-04:00,"2026-6-29 5:10,3030.1,3027.77,3029.24,3028.55,0,0,0,0,-,-,neutral"
2026-06-29T05:15:00.000-04:00,"2026-6-29 5:15,3031.3,3028.84,3029.4,3028.66,0,0,0,0,-,-,neutral"
2026-06-29T05:20:00.000-04:00,"2026-6-29 5:20,3031.8,3029.83,3029.59,3028.79,7,1,0,0,B,-,FIGHT"
2026-06-29T05:25:00.000-04:00,"2026-6-29 5:25,3032.1,3030.67,3029.78,3028.92,7,1,1,0,-,-,wave_only"
2026-06-29T05:30:00.000-04:00,"2026-6-29 5:30,3032,3031.24,3029.95,3029.04,7,1,1,0,-,-,wave_only"
2026-06-29T05:35:00.000-04:00,"2026-6-29 5:35,3031.6,3031.51,3030.08,3029.14,7,1,1,0,-,-,wave_only"
2026-06-29T05:40:00.000-04:00,"2026-6-29 5:40,3030.3,3031.2,3030.1,3029.18,0,0,0,0,-,-,neutral"
2026-06-29T05:45:00.000-04:00,"2026-6-29 5:45,3029,3030.48,3030.01,3029.18,-3,0,0,0,-,-,neutral"
2026-06-29T05:50:00.000-04:00,"2026-6-29 5:50,3027.3,3029.32,3029.8,3029.1,-5,-1,0,0,S,-,FIGHT"
2026-06-29T05:55:00.000-04:00,"2026-6-29 5:55,3029.2,3029.17,3029.76,3029.11,-5,-1,0,0,-,-,FIGHT"
2026-06-29T06:00:00.000-04:00,"2026-6-29 6:00,3029.7,3029.26,3029.75,3029.13,0,0,0,0,-,-,neutral"
2026-06-29T06:05:00.000-04:00,"2026-6-29 6:05,3030.8,3029.74,3029.83,3029.19,7,0,0,0,-,-,neutral"
2026-06-29T06:10:00.000-04:00,"2026-6-29 6:10,3029.1,3029.47,3029.78,3029.19,-5,-1,0,0,-,-,FIGHT"
2026-06-29T06:15:00.000-04:00,"2026-6-29 6:15,3028,3028.87,3029.64,3029.14,-5,-1,0,0,-,-,FIGHT"
2026-06-29T06:20:00.000-04:00,"2026-6-29 6:20,3028.5,3028.62,3029.55,3029.12,-5,-1,0,0,-,-,FIGHT"
2026-06-29T06:25:00.000-04:00,"2026-6-29 6:25,3030.3,3029.12,3029.61,3029.16,0,0,0,0,-,-,neutral"
2026-06-29T06:30:00.000-04:00,"2026-6-29 6:30,3030.9,3029.72,3029.71,3029.23,7,1,0,0,B,-,FIGHT"
2026-06-29T06:35:00.000-04:00,"2026-6-29 6:35,3033,3030.94,3029.96,3029.38,7,1,0,0,-,-,FIGHT"
2026-06-29T06:40:00.000-04:00,"2026-6-29 6:40,3030.9,3031.05,3030.03,3029.44,7,0,1,0,-,-,neutral"
2026-06-29T06:45:00.000-04:00,"2026-6-29 6:45,3031.3,3031.27,3030.13,3029.51,7,1,1,0,-,-,wave_only"
2026-06-29T06:50:00.000-04:00,"2026-6-29 6:50,3032.7,3031.93,3030.33,3029.64,7,1,1,0,-,-,wave_only"
2026-06-29T06:55:00.000-04:00,"2026-6-29 6:55,3033.8,3032.81,3030.6,3029.8,7,1,1,1,-,-,RIDE_both"
2026-06-29T07:00:00.000-04:00,"2026-6-29 7:00,3035.5,3034.06,3030.97,3030.02,7,1,1,1,-,-,RIDE_both"
2026-06-29T07:05:00.000-04:00,"2026-6-29 7:05,3034.7,3034.64,3031.26,3030.21,5,1,1,1,-,-,RIDE_both"
2026-06-29T07:10:00.000-04:00,"2026-6-29 7:10,3032.8,3034.33,3031.38,3030.31,0,0,1,1,-,-,neutral"
2026-06-29T07:15:00.000-04:00,"2026-6-29 7:15,3031.2,3033.46,3031.36,3030.34,0,0,1,1,-,-,neutral"
2026-06-29T07:20:00.000-04:00,"2026-6-29 7:20,3031.7,3032.98,3031.39,3030.4,0,0,1,1,-,-,neutral"
2026-06-29T07:25:00.000-04:00,"2026-6-29 7:25,3031.5,3032.54,3031.4,3030.44,0,0,0,1,-,-,neutral"
2026-06-29T07:30:00.000-04:00,"2026-6-29 7:30,3034.1,3033.16,3031.61,3030.58,7,1,0,1,-,-,tide_only"
2026-06-29T07:35:00.000-04:00,"2026-6-29 7:35,3034.4,3033.72,3031.82,3030.73,7,1,0,1,-,-,tide_only"
2026-06-29T07:40:00.000-04:00,"2026-6-29 7:40,3035,3034.33,3032.07,3030.9,5,1,1,1,-,-,RIDE_both"
2026-06-29T07:45:00.000-04:00,"2026-6-29 7:45,3036.3,3035.24,3032.39,3031.11,7,1,1,1,-,-,RIDE_both"
2026-06-29T07:50:00.000-04:00,"2026-6-29 7:50,3035.9,3035.73,3032.66,3031.3,7,1,1,1,-,-,RIDE_both"
2026-06-29T07:55:00.000-04:00,"2026-6-29 7:55,3035,3035.72,3032.84,3031.45,0,0,1,1,-,-,neutral"
2026-06-29T08:00:00.000-04:00,"2026-6-29 8:00,3036.4,3036.21,3033.12,3031.64,7,1,1,1,-,-,RIDE_both"
2026-06-29T08:05:00.000-04:00,"2026-6-29 8:05,3037.4,3036.9,3033.44,3031.87,7,1,1,1,-,-,RIDE_both"
2026-06-29T08:10:00.000-04:00,"2026-6-29 8:10,3038,3037.59,3033.8,3032.11,7,1,1,1,-,-,RIDE_both"
2026-06-29T08:15:00.000-04:00,"2026-6-29 8:15,3037.7,3037.95,3034.1,3032.33,0,0,1,1,-,-,neutral"
2026-06-29T08:20:00.000-04:00,"2026-6-29 8:20,3036.1,3037.58,3034.25,3032.47,0,0,1,1,-,-,neutral"
2026-06-29T08:25:00.000-04:00,"2026-6-29 8:25,3035,3036.86,3034.31,3032.57,0,0,1,1,-,-,neutral"
2026-06-29T08:30:00.000-04:00,"2026-6-29 8:30,3036.2,3036.75,3034.45,3032.72,0,0,1,1,-,-,neutral"
2026-06-29T08:35:00.000-04:00,"2026-6-29 8:35,3033.9,3035.79,3034.41,3032.76,0,0,1,1,-,-,neutral"
2026-06-29T08:40:00.000-04:00,"2026-6-29 8:40,3033.7,3035,3034.36,3032.8,-3,-1,0,1,S,-,FIGHT"
2026-06-29T08:45:00.000-04:00,"2026-6-29 8:45,3033.8,3034.46,3034.31,3032.84,-5,-1,0,1,-,-,FIGHT"
2026-06-29T08:50:00.000-04:00,"2026-6-29 8:50,3034.6,3034.36,3034.34,3032.91,-5,0,0,1,-,-,neutral"
2026-06-29T08:55:00.000-04:00,"2026-6-29 8:55,3035,3034.45,3034.39,3032.99,0,0,1,1,-,-,neutral"
2026-06-29T09:00:00.000-04:00,"2026-6-29 9:00,3035,3034.53,3034.43,3033.07,0,0,1,1,-,-,neutral"
2026-06-29T09:05:00.000-04:00,"2026-6-29 9:05,3035.2,3034.66,3034.49,3033.15,0,0,1,1,-,-,neutral"
2026-06-29T09:10:00.000-04:00,"2026-6-29 9:10,3035.9,3035.03,3034.6,3033.26,7,1,1,1,B,BUY,RIDE_both"
2026-06-29T09:15:00.000-04:00,"2026-6-29 9:15,3036.6,3035.56,3034.75,3033.39,7,1,1,1,-,-,RIDE_both"
2026-06-29T09:20:00.000-04:00,"2026-6-29 9:20,3032,3034.25,3034.54,3033.34,-5,-1,1,1,S,-,FIGHT"
2026-06-29T09:25:00.000-04:00,"2026-6-29 9:25,3021.9,3029.55,3033.57,3032.89,-5,-1,-1,1,-,-,wave_only"
2026-06-29T09:30:00.000-04:00,"2026-6-29 9:30,3024.5,3027.1,3032.87,3032.56,-7,-1,-1,1,-,-,wave_only"
2026-06-29T09:35:00.000-04:00,"2026-6-29 9:35,3022.2,3024.52,3032.05,3032.15,-7,-1,-1,1,-,-,wave_only"
2026-06-29T09:40:00.000-04:00,"2026-6-29 9:40,3031.8,3026.27,3032.03,3032.14,0,0,0,1,-,-,neutral"
2026-06-29T09:45:00.000-04:00,"2026-6-29 9:45,3018.1,3022.58,3030.96,3031.59,-7,-1,0,1,-,-,FIGHT"
2026-06-29T09:50:00.000-04:00,"2026-6-29 9:50,3016.5,3019.37,3029.85,3031,-5,-1,0,1,-,-,FIGHT"
2026-06-29T09:55:00.000-04:00,"2026-6-29 9:55,3012.9,3015.81,3028.54,3030.29,-7,-1,-1,-1,-,-,RIDE_both"
2026-06-29T10:00:00.000-04:00,"2026-6-29 10:00,3005.3,3010.53,3026.76,3029.31,-7,-1,-1,-1,-,-,RIDE_both"
2026-06-29T10:05:00.000-04:00,"2026-6-29 10:05,3005.7,3006.99,3025.14,3028.38,-5,-1,-1,-1,-,-,RIDE_both"
2026-06-29T10:10:00.000-04:00,"2026-6-29 10:10,2989.6,2998.65,3022.4,3026.86,-5,-1,-1,-1,-,-,RIDE_both"
2026-06-29T10:15:00.000-04:00,"2026-6-29 10:15,2995.8,2995.08,3020.36,3025.64,-3,-1,-1,-1,-,-,RIDE_both"
2026-06-29T10:20:00.000-04:00,"2026-6-29 10:20,3002.8,2995.37,3019.01,3024.75,0,0,-1,-1,-,-,neutral"
2026-06-29T10:25:00.000-04:00,"2026-6-29 10:25,3012.5,2999.47,3018.51,3024.27,0,0,0,-1,-,-,neutral"
2026-06-29T10:30:00.000-04:00,"2026-6-29 10:30,3012.4,3002.69,3018.04,3023.8,0,0,0,-1,-,-,neutral"
2026-06-29T10:35:00.000-04:00,"2026-6-29 10:35,3010.5,3004.54,3017.46,3023.28,0,0,0,-1,-,-,neutral"
2026-06-29T10:40:00.000-04:00,"2026-6-29 10:40,3009.4,3005.63,3016.84,3022.73,0,0,-1,-1,-,-,neutral"
2026-06-29T10:45:00.000-04:00,"2026-6-29 10:45,3009.3,3006.5,3016.26,3022.21,0,0,-1,-1,-,-,neutral"
2026-06-29T10:50:00.000-04:00,"2026-6-29 10:50,3013.4,3008.74,3016.04,3021.86,0,0,-1,-1,-,-,neutral"
2026-06-29T10:55:00.000-04:00,"2026-6-29 10:55,3011.2,3009.64,3015.67,3021.44,0,0,0,-1,-,-,neutral"
2026-06-29T11:00:00.000-04:00,"2026-6-29 11:00,3005.6,3008.25,3014.89,3020.82,-7,-1,0,-1,-,-,tide_only"
2026-06-29T11:05:00.000-04:00,"2026-6-29 11:05,3005.9,3007.37,3014.2,3020.24,-7,-1,0,-1,-,-,tide_only"
2026-06-29T11:10:00.000-04:00,"2026-6-29 11:10,2999.6,3004.43,3013.08,3019.43,-7,-1,-1,-1,-,-,RIDE_both"
2026-06-29T11:15:00.000-04:00,"2026-6-29 11:15,2996.2,3001.07,3011.78,3018.52,-7,-1,-1,-1,-,-,RIDE_both"
2026-06-29T11:20:00.000-04:00,"2026-6-29 11:20,2994,2997.87,3010.41,3017.56,-7,-1,-1,-1,-,-,RIDE_both"
2026-06-29T11:25:00.000-04:00,"2026-6-29 11:25,3000,2997.84,3009.61,3016.87,-7,0,-1,-1,-,-,neutral"
2026-06-29T11:30:00.000-04:00,"2026-6-29 11:30,3002.3,2998.79,3009.05,3016.3,0,0,-1,-1,-,-,neutral"
2026-06-29T11:35:00.000-04:00,"2026-6-29 11:35,3008.3,3001.81,3008.99,3015.98,0,0,-1,-1,-,-,neutral"
2026-06-29T11:40:00.000-04:00,"2026-6-29 11:40,3007.7,3003.88,3008.89,3015.66,0,0,0,-1,-,-,neutral"
2026-06-29T11:45:00.000-04:00,"2026-6-29 11:45,3005.3,3004.53,3008.61,3015.25,3,0,0,-1,-,-,neutral"
2026-06-29T11:50:00.000-04:00,"2026-6-29 11:50,3004.6,3004.76,3008.31,3014.83,0,0,0,-1,-,-,neutral"
2026-06-29T11:55:00.000-04:00,"2026-6-29 11:55,3005.4,3005.23,3008.08,3014.46,0,0,0,-1,-,-,neutral"
2026-06-29T12:00:00.000-04:00,"2026-6-29 12:00,3009.4,3007.06,3008.18,3014.27,5,1,0,-1,B,-,FIGHT"
2026-06-29T12:05:00.000-04:00,"2026-6-29 12:05,3012,3009.34,3008.48,3014.18,5,1,0,-1,-,-,FIGHT"
2026-06-29T12:10:00.000-04:00,"2026-6-29 12:10,3011.1,3010.65,3008.68,3014.06,5,1,0,-1,-,-,FIGHT"
2026-06-29T12:15:00.000-04:00,"2026-6-29 12:15,3008.2,3010.47,3008.64,3013.83,0,0,0,-1,-,-,neutral"
2026-06-29T12:20:00.000-04:00,"2026-6-29 12:20,3010.9,3011.28,3008.82,3013.71,5,1,0,-1,-,-,FIGHT"
2026-06-29T12:25:00.000-04:00,"2026-6-29 12:25,3007.3,3010.48,3008.7,3013.46,0,0,0,-1,-,-,neutral"
2026-06-29T12:30:00.000-04:00,"2026-6-29 12:30,3004.3,3008.73,3008.36,3013.1,0,0,0,-1,-,-,neutral"
2026-06-29T12:35:00.000-04:00,"2026-6-29 12:35,3006.5,3008.21,3008.22,3012.84,0,0,0,-1,-,-,neutral"
2026-06-29T12:40:00.000-04:00,"2026-6-29 12:40,3007.9,3008.33,3008.19,3012.65,0,0,0,-1,-,-,neutral"
2026-06-29T12:45:00.000-04:00,"2026-6-29 12:45,3011.3,3009.66,3008.43,3012.6,5,1,0,-1,-,-,FIGHT"
2026-06-29T12:50:00.000-04:00,"2026-6-29 12:50,3012.1,3010.9,3008.71,3012.58,5,1,0,-1,-,-,FIGHT"
2026-06-29T12:55:00.000-04:00,"2026-6-29 12:55,3011.2,3011.44,3008.91,3012.52,5,1,0,-1,-,-,FIGHT"
2026-06-29T13:00:00.000-04:00,"2026-6-29 13:00,3014.4,3012.98,3009.33,3012.6,5,1,0,-1,-,-,FIGHT"
2026-06-29T13:05:00.000-04:00,"2026-6-29 13:05,3016.3,3014.76,3009.86,3012.74,5,1,0,-1,-,-,FIGHT"
2026-06-29T13:10:00.000-04:00,"2026-6-29 13:10,3019.9,3017.33,3010.64,3013.02,5,1,0,-1,-,-,FIGHT"
2026-06-29T13:15:00.000-04:00,"2026-6-29 13:15,3016.9,3018.02,3011.12,3013.17,3,1,0,-1,-,-,FIGHT"
2026-06-29T13:20:00.000-04:00,"2026-6-29 13:20,3014,3017.35,3011.34,3013.21,0,0,0,-1,-,-,neutral"
2026-06-29T13:25:00.000-04:00,"2026-6-29 13:25,3015.9,3017.48,3011.69,3013.31,0,0,1,-1,-,-,neutral"
2026-06-29T13:30:00.000-04:00,"2026-6-29 13:30,3017,3017.9,3012.1,3013.46,0,0,1,-1,-,-,neutral"
2026-06-29T13:35:00.000-04:00,"2026-6-29 13:35,3016.5,3017.95,3012.44,3013.58,0,0,1,-1,-,-,neutral"
2026-06-29T13:40:00.000-04:00,"2026-6-29 13:40,3016.9,3018.07,3012.78,3013.71,0,0,1,-1,-,-,neutral"
2026-06-29T13:45:00.000-04:00,"2026-6-29 13:45,3018.3,3018.61,3013.21,3013.89,0,0,1,-1,-,-,neutral"
2026-06-29T13:50:00.000-04:00,"2026-6-29 13:50,3019.6,3019.42,3013.7,3014.11,5,1,1,-1,-,-,wave_only"
2026-06-29T13:55:00.000-04:00,"2026-6-29 13:55,3018.4,3019.51,3014.06,3014.28,0,0,1,0,-,-,neutral"
2026-06-29T14:00:00.000-04:00,"2026-6-29 14:00,3020.2,3020.18,3014.53,3014.51,5,1,1,0,-,-,wave_only"
2026-06-29T14:05:00.000-04:00,"2026-6-29 14:05,3020.6,3020.76,3015,3014.75,5,0,1,0,-,-,neutral"
2026-06-29T14:10:00.000-04:00,"2026-6-29 14:10,3020.3,3021.02,3015.41,3014.97,0,0,1,0,-,-,neutral"
2026-06-29T14:15:00.000-04:00,"2026-6-29 14:15,3017.9,3020.25,3015.6,3015.08,0,0,1,0,-,-,neutral"
2026-06-29T14:20:00.000-04:00,"2026-6-29 14:20,3018.4,3019.83,3015.81,3015.21,0,0,1,0,-,-,neutral"
2026-06-29T14:25:00.000-04:00,"2026-6-29 14:25,3018.3,3019.44,3016,3015.33,0,0,1,0,-,-,neutral"
2026-06-29T14:30:00.000-04:00,"2026-6-29 14:30,3020.9,3020.08,3016.38,3015.55,7,1,1,0,-,-,wave_only"
2026-06-29T14:35:00.000-04:00,"2026-6-29 14:35,3022.2,3021.01,3016.83,3015.81,5,1,1,0,-,-,wave_only"
2026-06-29T14:40:00.000-04:00,"2026-6-29 14:40,3022.6,3021.81,3017.27,3016.08,5,1,1,0,-,-,wave_only"
2026-06-29T14:45:00.000-04:00,"2026-6-29 14:45,3022,3022.13,3017.64,3016.31,0,0,1,0,-,-,neutral"
2026-06-29T14:50:00.000-04:00,"2026-6-29 14:50,3023.8,3022.99,3018.11,3016.6,7,1,1,0,-,-,wave_only"
2026-06-29T14:55:00.000-04:00,"2026-6-29 14:55,3023.1,3023.32,3018.49,3016.86,0,0,1,0,-,-,neutral"
2026-06-29T15:00:00.000-04:00,"2026-6-29 15:00,3020.5,3022.56,3018.65,3017,0,0,1,0,-,-,neutral"
2026-06-29T15:05:00.000-04:00,"2026-6-29 15:05,3022.7,3022.77,3018.96,3017.23,0,0,1,0,-,-,neutral"
2026-06-29T15:10:00.000-04:00,"2026-6-29 15:10,3024.4,3023.53,3019.38,3017.51,7,1,1,0,-,-,wave_only"
2026-06-29T15:15:00.000-04:00,"2026-6-29 15:15,3025.9,3024.6,3019.88,3017.84,7,1,1,0,-,-,wave_only"
2026-06-29T15:20:00.000-04:00,"2026-6-29 15:20,3026.6,3025.61,3020.4,3018.18,7,1,1,0,-,-,wave_only"
2026-06-29T15:25:00.000-04:00,"2026-6-29 15:25,3026,3026.09,3020.83,3018.49,0,0,1,0,-,-,neutral"
2026-06-29T15:30:00.000-04:00,"2026-6-29 15:30,3023.3,3025.38,3021.02,3018.68,0,0,1,0,-,-,neutral"
2026-06-29T15:35:00.000-04:00,"2026-6-29 15:35,3023.8,3025.01,3021.23,3018.88,0,0,1,0,-,-,neutral"
2026-06-29T15:40:00.000-04:00,"2026-6-29 15:40,3025.7,3025.4,3021.58,3019.14,0,0,0,0,-,-,neutral"
2026-06-29T15:45:00.000-04:00,"2026-6-29 15:45,3027.6,3026.37,3022.04,3019.48,7,1,0,0,-,-,FIGHT"
2026-06-29T15:50:00.000-04:00,"2026-6-29 15:50,3024.2,3025.78,3022.21,3019.66,0,0,0,0,-,-,neutral"
2026-06-29T15:55:00.000-04:00,"2026-6-29 15:55,3030.4,3027.62,3022.84,3020.08,7,1,1,0,-,-,wave_only"
2026-06-29T16:00:00.000-04:00,"2026-6-29 16:00,3028,3028.04,3023.23,3020.39,0,0,1,0,-,-,neutral"
2026-06-29T16:05:00.000-04:00,"2026-6-29 16:05,3027.4,3028.08,3023.55,3020.67,0,0,1,0,-,-,neutral"
2026-06-29T16:10:00.000-04:00,"2026-6-29 16:10,3030.2,3029.11,3024.06,3021.04,7,1,1,0,-,-,wave_only"
2026-06-29T16:15:00.000-04:00,"2026-6-29 16:15,3029.6,3029.6,3024.49,3021.38,0,0,1,0,-,-,neutral"
2026-06-29T16:20:00.000-04:00,"2026-6-29 16:20,3030,3030.06,3024.91,3021.71,0,0,1,0,-,-,neutral"
2026-06-29T16:25:00.000-04:00,"2026-6-29 16:25,3030.8,3030.64,3025.37,3022.07,3,1,1,0,-,-,wave_only"
2026-06-29T16:30:00.000-04:00,"2026-6-29 16:30,3029.9,3030.69,3025.72,3022.38,0,0,1,0,-,-,neutral"
2026-06-29T16:35:00.000-04:00,"2026-6-29 16:35,3027.8,3029.9,3025.88,3022.59,0,0,1,0,-,-,neutral"
2026-06-29T16:40:00.000-04:00,"2026-6-29 16:40,3028,3029.36,3026.04,3022.8,0,0,0,0,-,-,neutral"
2026-06-29T16:45:00.000-04:00,"2026-6-29 16:45,3027,3028.56,3026.11,3022.97,0,0,0,0,-,-,neutral"
2026-06-29T16:50:00.000-04:00,"2026-6-29 16:50,3029.2,3028.77,3026.35,3023.21,7,1,0,0,-,-,FIGHT"
2026-06-29T16:55:00.000-04:00,"2026-6-29 16:55,3026.3,3027.85,3026.35,3023.33,-3,-1,0,0,S,-,FIGHT"
2026-06-29T18:00:00.000-04:00,"2026-6-29 18:00,3025.5,3026.86,3026.28,3023.42,-3,-1,0,0,-,-,FIGHT"
2026-06-29T18:05:00.000-04:00,"2026-6-29 18:05,3026.2,3026.41,3026.28,3023.53,-5,-1,0,0,-,-,FIGHT"
2026-06-29T18:10:00.000-04:00,"2026-6-29 18:10,3025.8,3025.94,3026.24,3023.62,-5,-1,0,0,-,-,FIGHT"
2026-06-29T18:15:00.000-04:00,"2026-6-29 18:15,3025.9,3025.65,3026.21,3023.71,-5,-1,0,0,-,-,FIGHT"
2026-06-29T18:20:00.000-04:00,"2026-6-29 18:20,3026,3025.5,3026.2,3023.8,-5,-1,0,0,-,-,FIGHT"
2026-06-29T18:25:00.000-04:00,"2026-6-29 18:25,3025.5,3025.23,3026.14,3023.86,-5,-1,0,0,-,-,FIGHT"
2026-06-29T18:30:00.000-04:00,"2026-6-29 18:30,3024.3,3024.61,3026,3023.88,-5,-1,0,0,-,-,FIGHT"
2026-06-29T18:35:00.000-04:00,"2026-6-29 18:35,3024.4,3024.22,3025.88,3023.9,-5,-1,0,0,-,-,FIGHT"
2026-06-29T18:40:00.000-04:00,"2026-6-29 18:40,3024.9,3024.15,3025.8,3023.94,-3,-1,0,0,-,-,FIGHT"
2026-06-29T18:45:00.000-04:00,"2026-6-29 18:45,3025.1,3024.21,3025.75,3023.98,0,0,0,0,-,-,neutral"
2026-06-29T18:50:00.000-04:00,"2026-6-29 18:50,3025,3024.24,3025.69,3024.02,0,0,0,0,-,-,neutral"
2026-06-29T18:55:00.000-04:00,"2026-6-29 18:55,3024.7,3024.18,3025.61,3024.05,-3,-1,0,0,-,-,FIGHT"
2026-06-29T19:00:00.000-04:00,"2026-6-29 19:00,3025.5,3024.46,3025.61,3024.11,0,0,0,0,-,-,neutral"
2026-06-29T19:05:00.000-04:00,"2026-6-29 19:05,3027.5,3025.42,3025.75,3024.24,0,0,0,0,-,-,neutral"
2026-06-29T19:10:00.000-04:00,"2026-6-29 19:10,3026.8,3025.89,3025.83,3024.34,0,0,0,0,-,-,neutral"
2026-06-29T19:15:00.000-04:00,"2026-6-29 19:15,3026.6,3026.15,3025.89,3024.43,7,0,0,0,-,-,neutral"
2026-06-29T19:20:00.000-04:00,"2026-6-29 19:20,3026.3,3026.24,3025.92,3024.5,7,1,0,0,B,-,FIGHT"
2026-06-29T19:25:00.000-04:00,"2026-6-29 19:25,3026.2,3026.26,3025.94,3024.57,7,1,0,0,-,-,FIGHT"
2026-06-29T19:30:00.000-04:00,"2026-6-29 19:30,3027,3026.57,3026.03,3024.67,7,1,0,0,-,-,FIGHT"
2026-06-29T19:35:00.000-04:00,"2026-6-29 19:35,3026.5,3026.61,3026.06,3024.74,7,1,0,0,-,-,FIGHT"
2026-06-29T19:40:00.000-04:00,"2026-6-29 19:40,3026.4,3026.59,3026.09,3024.8,0,0,0,0,-,-,neutral"
2026-06-29T19:45:00.000-04:00,"2026-6-29 19:45,3024.9,3026.02,3026,3024.81,-5,-1,0,0,S,-,FIGHT"
2026-06-29T19:50:00.000-04:00,"2026-6-29 19:50,3024.9,3025.6,3025.91,3024.81,-5,-1,0,0,-,-,FIGHT"
2026-06-29T19:55:00.000-04:00,"2026-6-29 19:55,3026,3025.7,3025.92,3024.86,0,0,0,1,-,-,neutral"
2026-06-29T20:00:00.000-04:00,"2026-6-29 20:00,3025.7,3025.67,3025.9,3024.89,0,0,0,1,-,-,neutral"
2026-06-29T20:05:00.000-04:00,"2026-6-29 20:05,3025.7,3025.64,3025.89,3024.92,0,0,0,1,-,-,neutral"
2026-06-29T20:10:00.000-04:00,"2026-6-29 20:10,3026.4,3025.89,3025.93,3024.98,3,1,0,1,B,-,tide_only"
2026-06-29T20:15:00.000-04:00,"2026-6-29 20:15,3025.8,3025.86,3025.92,3025.01,0,0,0,1,-,-,neutral"
2026-06-29T20:20:00.000-04:00,"2026-6-29 20:20,3024.5,3025.35,3025.81,3024.99,-5,-1,0,1,S,-,FIGHT"
2026-06-29T20:25:00.000-04:00,"2026-6-29 20:25,3022.3,3024.16,3025.54,3024.89,-5,-1,0,1,-,-,FIGHT"
2026-06-29T20:30:00.000-04:00,"2026-6-29 20:30,3020.6,3022.68,3025.16,3024.72,-5,-1,0,1,-,-,FIGHT"
2026-06-29T20:35:00.000-04:00,"2026-6-29 20:35,3020.8,3021.69,3024.82,3024.56,-5,-1,0,1,-,-,FIGHT"
2026-06-29T20:40:00.000-04:00,"2026-6-29 20:40,3019.7,3020.59,3024.43,3024.37,-5,-1,-1,1,-,-,wave_only"
2026-06-29T20:45:00.000-04:00,"2026-6-29 20:45,3022.3,3020.8,3024.26,3024.29,0,0,-1,1,-,-,neutral"
2026-06-29T20:50:00.000-04:00,"2026-6-29 20:50,3023.1,3021.29,3024.18,3024.25,0,0,-1,1,-,-,neutral"
2026-06-29T20:55:00.000-04:00,"2026-6-29 20:55,3023,3021.65,3024.08,3024.2,0,0,-1,0,-,-,neutral"
2026-06-29T21:00:00.000-04:00,"2026-6-29 21:00,3022.6,3021.8,3023.97,3024.13,0,0,-1,0,-,-,neutral"
2026-06-29T21:05:00.000-04:00,"2026-6-29 21:05,3021.9,3021.68,3023.81,3024.05,-3,-1,-1,0,-,-,wave_only"
2026-06-29T21:10:00.000-04:00,"2026-6-29 21:10,3021.8,3021.58,3023.66,3023.96,-3,-1,-1,0,-,-,wave_only"
2026-06-29T21:15:00.000-04:00,"2026-6-29 21:15,3022.8,3021.89,3023.59,3023.91,0,0,-1,0,-,-,neutral"
2026-06-29T21:20:00.000-04:00,"2026-6-29 21:20,3023.7,3022.47,3023.6,3023.9,0,0,-1,0,-,-,neutral"
2026-06-29T21:25:00.000-04:00,"2026-6-29 21:25,3027.4,3024.28,3023.89,3024.04,7,1,0,0,B,-,FIGHT"
2026-06-29T21:30:00.000-04:00,"2026-6-29 21:30,3027.5,3025.65,3024.17,3024.18,7,1,0,0,-,-,FIGHT"
2026-06-29T21:35:00.000-04:00,"2026-6-29 21:35,3026,3026.07,3024.31,3024.25,7,1,0,0,-,-,FIGHT"
2026-06-29T21:40:00.000-04:00,"2026-6-29 21:40,3027.5,3026.91,3024.56,3024.38,7,1,1,0,-,-,wave_only"
2026-06-29T21:45:00.000-04:00,"2026-6-29 21:45,3027.3,3027.41,3024.77,3024.49,7,1,1,0,-,-,wave_only"
2026-06-29T21:50:00.000-04:00,"2026-6-29 21:50,3028.1,3028.04,3025.02,3024.63,7,1,1,0,-,-,wave_only"
2026-06-29T21:55:00.000-04:00,"2026-6-29 21:55,3028.2,3028.5,3025.27,3024.77,5,1,1,1,-,-,RIDE_both"
2026-06-29T22:00:00.000-04:00,"2026-6-29 22:00,3026.7,3028.23,3025.38,3024.85,0,0,1,1,-,-,neutral"
2026-06-29T22:05:00.000-04:00,"2026-6-29 22:05,3026.2,3027.81,3025.44,3024.9,0,0,1,1,-,-,neutral"
2026-06-29T22:10:00.000-04:00,"2026-6-29 22:10,3025.1,3027.06,3025.41,3024.91,0,0,0,1,-,-,neutral"
2026-06-29T22:15:00.000-04:00,"2026-6-29 22:15,3024.8,3026.37,3025.37,3024.9,0,0,0,1,-,-,neutral"
2026-06-29T22:20:00.000-04:00,"2026-6-29 22:20,3026.4,3026.44,3025.45,3024.96,7,0,0,1,-,-,neutral"
2026-06-29T22:25:00.000-04:00,"2026-6-29 22:25,3026.5,3026.52,3025.53,3025.02,7,1,1,1,-,-,RIDE_both"
2026-06-29T22:30:00.000-04:00,"2026-6-29 22:30,3026.6,3026.61,3025.61,3025.09,7,1,1,1,-,-,RIDE_both"
2026-06-29T22:35:00.000-04:00,"2026-6-29 22:35,3026.8,3026.74,3025.7,3025.15,7,1,1,1,-,-,RIDE_both"
2026-06-29T22:40:00.000-04:00,"2026-6-29 22:40,3026,3026.52,3025.72,3025.19,0,0,0,1,-,-,neutral"
2026-06-29T22:45:00.000-04:00,"2026-6-29 22:45,3027.1,3026.77,3025.83,3025.26,7,1,0,1,-,-,tide_only"
2026-06-29T22:50:00.000-04:00,"2026-6-29 22:50,3026.4,3026.68,3025.87,3025.31,0,0,0,1,-,-,neutral"
2026-06-29T22:55:00.000-04:00,"2026-6-29 22:55,3025.3,3026.2,3025.83,3025.31,-3,0,0,0,-,-,neutral"
2026-06-29T23:00:00.000-04:00,"2026-6-29 23:00,3025.7,3025.99,3025.82,3025.32,0,0,0,0,-,-,neutral"
2026-06-29T23:05:00.000-04:00,"2026-6-29 23:05,3027.4,3026.47,3025.94,3025.4,7,1,0,0,-,-,FIGHT"
2026-06-29T23:10:00.000-04:00,"2026-6-29 23:10,3026.9,3026.63,3026.02,3025.46,7,1,1,0,-,-,wave_only"
2026-06-29T23:15:00.000-04:00,"2026-6-29 23:15,3027.7,3027.05,3026.14,3025.55,7,1,1,0,-,-,wave_only"
2026-06-29T23:20:00.000-04:00,"2026-6-29 23:20,3026.8,3027.01,3026.2,3025.6,0,0,1,0,-,-,neutral"
2026-06-29T23:25:00.000-04:00,"2026-6-29 23:25,3027.9,3027.38,3026.33,3025.69,7,1,1,0,-,-,wave_only"
2026-06-29T23:30:00.000-04:00,"2026-6-29 23:30,3028.6,3027.91,3026.5,3025.8,7,1,1,0,-,-,wave_only"
2026-06-29T23:35:00.000-04:00,"2026-6-29 23:35,3029.4,3028.58,3026.72,3025.94,7,1,1,0,-,-,wave_only"
2026-06-29T23:40:00.000-04:00,"2026-6-29 23:40,3030,3029.27,3026.98,3026.1,7,1,1,0,-,-,wave_only"
2026-06-29T23:45:00.000-04:00,"2026-6-29 23:45,3030,3029.76,3027.21,3026.26,7,1,1,0,-,-,wave_only"
2026-06-29T23:50:00.000-04:00,"2026-6-29 23:50,3029.8,3030.01,3027.41,3026.39,0,0,1,0,-,-,neutral"
2026-06-29T23:55:00.000-04:00,"2026-6-29 23:55,3029.7,3030.13,3027.58,3026.52,0,0,1,1,-,-,neutral"
2026-06-30T00:00:00.000-04:00,"2026-6-30 0:00,3031.4,3030.82,3027.88,3026.72,7,1,1,1,-,-,RIDE_both"
2026-06-30T00:05:00.000-04:00,"2026-6-30 0:05,3030.7,3031.03,3028.1,3026.87,0,0,1,1,-,-,neutral"
2026-06-30T00:10:00.000-04:00,"2026-6-30 0:10,3031.4,3031.41,3028.35,3027.05,7,0,1,1,-,-,neutral"
2026-06-30T00:15:00.000-04:00,"2026-6-30 0:15,3031.5,3031.7,3028.59,3027.22,0,0,1,1,-,-,neutral"
2026-06-30T00:20:00.000-04:00,"2026-6-30 0:20,3031.9,3032.02,3028.85,3027.41,3,1,1,1,-,-,RIDE_both"
2026-06-30T00:25:00.000-04:00,"2026-6-30 0:25,3032.9,3032.6,3029.16,3027.62,7,1,1,1,-,-,RIDE_both"
2026-06-30T00:30:00.000-04:00,"2026-6-30 0:30,3033.3,3033.13,3029.48,3027.85,7,1,1,1,-,-,RIDE_both"
2026-06-30T00:35:00.000-04:00,"2026-6-30 0:35,3034.6,3033.97,3029.87,3028.11,7,1,1,1,-,-,RIDE_both"
2026-06-30T00:40:00.000-04:00,"2026-6-30 0:40,3034.7,3034.57,3030.24,3028.37,7,1,1,1,-,-,RIDE_both"
2026-06-30T00:45:00.000-04:00,"2026-6-30 0:45,3033.8,3034.64,3030.52,3028.58,0,0,1,1,-,-,neutral"
2026-06-30T00:50:00.000-04:00,"2026-6-30 0:50,3033.5,3034.53,3030.75,3028.77,0,0,1,1,-,-,neutral"
2026-06-30T00:55:00.000-04:00,"2026-6-30 0:55,3033.3,3034.34,3030.94,3028.95,0,0,1,1,-,-,neutral"
2026-06-30T01:00:00.000-04:00,"2026-6-30 1:00,3034.8,3034.71,3031.24,3029.18,7,1,1,1,-,-,RIDE_both"
2026-06-30T01:05:00.000-04:00,"2026-6-30 1:05,3034.7,3034.92,3031.5,3029.4,7,0,1,1,-,-,neutral"
2026-06-30T01:10:00.000-04:00,"2026-6-30 1:10,3035.1,3035.19,3031.78,3029.62,7,0,1,1,-,-,neutral"
2026-06-30T01:15:00.000-04:00,"2026-6-30 1:15,3033,3034.58,3031.88,3029.75,0,0,1,1,-,-,neutral"
2026-06-30T01:20:00.000-04:00,"2026-6-30 1:20,3034.2,3034.54,3032.05,3029.93,0,0,1,1,-,-,neutral"
2026-06-30T01:25:00.000-04:00,"2026-6-30 1:25,3032.5,3033.87,3032.09,3030.03,0,0,0,1,-,-,neutral"
2026-06-30T01:30:00.000-04:00,"2026-6-30 1:30,3032,3033.18,3032.08,3030.11,0,0,0,1,-,-,neutral"
2026-06-30T01:35:00.000-04:00,"2026-6-30 1:35,3031.8,3032.59,3032.06,3030.17,-3,-1,0,1,S,-,FIGHT"
2026-06-30T01:40:00.000-04:00,"2026-6-30 1:40,3032,3032.23,3032.06,3030.24,-3,-1,0,1,-,-,FIGHT"
2026-06-30T01:45:00.000-04:00,"2026-6-30 1:45,3032.8,3032.28,3032.11,3030.34,7,1,0,1,B,-,tide_only"
2026-06-30T01:50:00.000-04:00,"2026-6-30 1:50,3033.1,3032.43,3032.19,3030.45,7,1,0,1,-,-,tide_only"
2026-06-30T01:55:00.000-04:00,"2026-6-30 1:55,3033.1,3032.56,3032.26,3030.56,7,1,0,1,-,-,tide_only"
2026-06-30T02:00:00.000-04:00,"2026-6-30 2:00,3033.8,3032.91,3032.38,3030.68,7,1,0,1,-,-,tide_only"
2026-06-30T02:05:00.000-04:00,"2026-6-30 2:05,3032.4,3032.66,3032.38,3030.75,-3,-1,0,1,S,-,FIGHT"
2026-06-30T02:10:00.000-04:00,"2026-6-30 2:10,3032.3,3032.44,3032.37,3030.81,-5,-1,0,1,-,-,FIGHT"
2026-06-30T02:15:00.000-04:00,"2026-6-30 2:15,3032,3032.18,3032.34,3030.86,-5,-1,0,1,-,-,FIGHT"
2026-06-30T02:20:00.000-04:00,"2026-6-30 2:20,3031.6,3031.84,3032.29,3030.89,-5,-1,0,1,-,-,FIGHT"
2026-06-30T02:25:00.000-04:00,"2026-6-30 2:25,3032.3,3031.87,3032.29,3030.94,0,0,0,1,-,-,neutral"
2026-06-30T02:30:00.000-04:00,"2026-6-30 2:30,3030.1,3031.09,3032.12,3030.91,-5,-1,0,1,-,-,FIGHT"
2026-06-30T02:35:00.000-04:00,"2026-6-30 2:35,3030.8,3030.79,3032.02,3030.91,-5,-1,0,1,-,-,FIGHT"
2026-06-30T02:40:00.000-04:00,"2026-6-30 2:40,3030,3030.29,3031.86,3030.87,-5,-1,0,1,-,-,FIGHT"
2026-06-30T02:45:00.000-04:00,"2026-6-30 2:45,3032.5,3030.88,3031.91,3030.93,0,0,0,1,-,-,neutral"
2026-06-30T02:50:00.000-04:00,"2026-6-30 2:50,3032.1,3031.18,3031.93,3030.98,0,0,0,1,-,-,neutral"
2026-06-30T02:55:00.000-04:00,"2026-6-30 2:55,3032.8,3031.68,3031.99,3031.05,0,0,1,1,-,-,neutral"
2026-06-30T03:00:00.000-04:00,"2026-6-30 3:00,3034.3,3032.6,3032.17,3031.18,7,1,1,1,B,BUY,RIDE_both"
2026-06-30T03:05:00.000-04:00,"2026-6-30 3:05,3034.8,3033.47,3032.37,3031.32,7,1,1,1,-,-,RIDE_both"
2026-06-30T03:10:00.000-04:00,"2026-6-30 3:10,3033.3,3033.54,3032.44,3031.4,3,1,1,1,-,-,RIDE_both"
2026-06-30T03:15:00.000-04:00,"2026-6-30 3:15,3033.5,3033.66,3032.53,3031.48,3,1,1,1,-,-,RIDE_both"
2026-06-30T03:20:00.000-04:00,"2026-6-30 3:20,3034.5,3034.09,3032.68,3031.6,7,1,1,1,-,-,RIDE_both"
2026-06-30T03:25:00.000-04:00,"2026-6-30 3:25,3033.6,3034.07,3032.75,3031.68,0,0,1,1,-,-,neutral"
2026-06-30T03:30:00.000-04:00,"2026-6-30 3:30,3033.9,3034.14,3032.84,3031.76,0,0,1,1,-,-,neutral"
2026-06-30T03:35:00.000-04:00,"2026-6-30 3:35,3034.1,3034.25,3032.93,3031.86,3,1,1,1,-,-,RIDE_both"
2026-06-30T03:40:00.000-04:00,"2026-6-30 3:40,3033.6,3034.14,3032.99,3031.92,0,0,1,1,-,-,neutral"
2026-06-30T03:45:00.000-04:00,"2026-6-30 3:45,3032.7,3033.7,3032.96,3031.95,0,0,1,1,-,-,neutral"
2026-06-30T03:50:00.000-04:00,"2026-6-30 3:50,3031.5,3032.93,3032.85,3031.94,-5,-1,1,1,S,-,FIGHT"
2026-06-30T03:55:00.000-04:00,"2026-6-30 3:55,3030.6,3032.03,3032.68,3031.88,-5,-1,0,0,-,-,FIGHT"
2026-06-30T04:00:00.000-04:00,"2026-6-30 4:00,3031.6,3031.74,3032.59,3031.87,-5,-1,0,0,-,-,FIGHT"
2026-06-30T04:05:00.000-04:00,"2026-6-30 4:05,3030.8,3031.25,3032.46,3031.83,-5,-1,0,0,-,-,FIGHT"
2026-06-30T04:10:00.000-04:00,"2026-6-30 4:10,3030,3030.61,3032.27,3031.76,-5,-1,-1,0,-,-,wave_only"
2026-06-30T04:15:00.000-04:00,"2026-6-30 4:15,3030.1,3030.2,3032.1,3031.69,-5,-1,-1,0,-,-,wave_only"
2026-06-30T04:20:00.000-04:00,"2026-6-30 4:20,3031.5,3030.44,3032.05,3031.69,0,0,-1,0,-,-,neutral"
2026-06-30T04:25:00.000-04:00,"2026-6-30 4:25,3031.7,3030.72,3032.03,3031.69,0,0,-1,0,-,-,neutral"
2026-06-30T04:30:00.000-04:00,"2026-6-30 4:30,3028.7,3029.83,3031.77,3031.57,-5,-1,-1,0,-,-,wave_only"
2026-06-30T04:35:00.000-04:00,"2026-6-30 4:35,3026.8,3028.49,3031.39,3031.38,-7,-1,-1,0,-,-,wave_only"
2026-06-30T04:40:00.000-04:00,"2026-6-30 4:40,3026.9,3027.58,3031.04,3031.21,-5,-1,-1,0,-,-,wave_only"
2026-06-30T04:45:00.000-04:00,"2026-6-30 4:45,3026,3026.62,3030.66,3031,-5,-1,-1,0,-,-,wave_only"
2026-06-30T04:50:00.000-04:00,"2026-6-30 4:50,3028.3,3026.82,3030.47,3030.9,0,0,-1,0,-,-,neutral"
2026-06-30T04:55:00.000-04:00,"2026-6-30 4:55,3029.3,3027.38,3030.38,3030.83,0,0,-1,0,-,-,neutral"
2026-06-30T05:00:00.000-04:00,"2026-6-30 5:00,3030.3,3028.2,3030.38,3030.81,0,0,-1,0,-,-,neutral"
2026-06-30T05:05:00.000-04:00,"2026-6-30 5:05,3029.3,3028.46,3030.29,3030.75,0,0,-1,0,-,-,neutral"
2026-06-30T05:10:00.000-04:00,"2026-6-30 5:10,3030.4,3029.08,3030.3,3030.74,0,0,0,0,-,-,neutral"
2026-06-30T05:15:00.000-04:00,"2026-6-30 5:15,3030.4,3029.55,3030.31,3030.73,0,0,0,0,-,-,neutral"
2026-06-30T05:20:00.000-04:00,"2026-6-30 5:20,3030.4,3029.9,3030.32,3030.71,0,0,0,0,-,-,neutral"
2026-06-30T05:25:00.000-04:00,"2026-6-30 5:25,3030.7,3030.26,3030.35,3030.71,5,0,0,0,-,-,neutral"
2026-06-30T05:30:00.000-04:00,"2026-6-30 5:30,3028.7,3029.79,3030.22,3030.63,-5,-1,0,0,-,-,FIGHT"
2026-06-30T05:35:00.000-04:00,"2026-6-30 5:35,3030.9,3030.25,3030.27,3030.64,5,1,0,0,B,-,FIGHT"
2026-06-30T05:40:00.000-04:00,"2026-6-30 5:40,3032.1,3031.03,3030.41,3030.7,5,1,0,0,-,-,FIGHT"
2026-06-30T05:45:00.000-04:00,"2026-6-30 5:45,3033.8,3032.22,3030.67,3030.82,5,1,0,0,-,-,FIGHT"
2026-06-30T05:50:00.000-04:00,"2026-6-30 5:50,3033.8,3033.07,3030.91,3030.94,7,1,0,0,-,-,FIGHT"
2026-06-30T05:55:00.000-04:00,"2026-6-30 5:55,3032.8,3033.3,3031.06,3031.01,3,1,1,1,-,-,RIDE_both"
2026-06-30T06:00:00.000-04:00,"2026-6-30 6:00,3033,3033.51,3031.21,3031.09,0,0,1,1,-,-,neutral"
2026-06-30T06:05:00.000-04:00,"2026-6-30 6:05,3033.8,3033.92,3031.41,3031.2,3,1,1,1,-,-,RIDE_both"
2026-06-30T06:10:00.000-04:00,"2026-6-30 6:10,3034.2,3034.34,3031.62,3031.32,3,1,1,1,-,-,RIDE_both"
2026-06-30T06:15:00.000-04:00,"2026-6-30 6:15,3035.5,3035.09,3031.92,3031.48,7,1,1,1,-,-,RIDE_both"
2026-06-30T06:20:00.000-04:00,"2026-6-30 6:20,3034.3,3035.15,3032.1,3031.59,0,0,1,1,-,-,neutral"
2026-06-30T06:25:00.000-04:00,"2026-6-30 6:25,3035.4,3035.57,3032.36,3031.74,5,0,1,1,-,-,neutral"
2026-06-30T06:30:00.000-04:00,"2026-6-30 6:30,3033.7,3035.2,3032.46,3031.82,0,0,1,1,-,-,neutral"
2026-06-30T06:35:00.000-04:00,"2026-6-30 6:35,3034,3035.01,3032.58,3031.9,0,0,1,1,-,-,neutral"
2026-06-30T06:40:00.000-04:00,"2026-6-30 6:40,3033.6,3034.69,3032.66,3031.97,0,0,1,1,-,-,neutral"
2026-06-30T06:45:00.000-04:00,"2026-6-30 6:45,3034.3,3034.69,3032.78,3032.06,0,0,1,1,-,-,neutral"
2026-06-30T06:50:00.000-04:00,"2026-6-30 6:50,3035.5,3035.11,3032.99,3032.19,7,1,1,1,-,-,RIDE_both"
2026-06-30T06:55:00.000-04:00,"2026-6-30 6:55,3036.5,3035.77,3033.26,3032.36,7,1,1,1,-,-,RIDE_both"
2026-06-30T07:00:00.000-04:00,"2026-6-30 7:00,3035.3,3035.79,3033.42,3032.48,0,0,1,1,-,-,neutral"
2026-06-30T07:05:00.000-04:00,"2026-6-30 7:05,3036,3036.04,3033.62,3032.62,0,0,1,1,-,-,neutral"
2026-06-30T07:10:00.000-04:00,"2026-6-30 7:10,3035.5,3036.01,3033.76,3032.73,0,0,1,1,-,-,neutral"
2026-06-30T07:15:00.000-04:00,"2026-6-30 7:15,3034.4,3035.55,3033.81,3032.8,0,0,1,1,-,-,neutral"
2026-06-30T07:20:00.000-04:00,"2026-6-30 7:20,3033.3,3034.8,3033.77,3032.82,0,0,1,1,-,-,neutral"
2026-06-30T07:25:00.000-04:00,"2026-6-30 7:25,3033.3,3034.23,3033.74,3032.83,-3,-1,0,1,S,-,FIGHT"
2026-06-30T07:30:00.000-04:00,"2026-6-30 7:30,3033,3033.7,3033.68,3032.84,-5,-1,0,1,-,-,FIGHT"
2026-06-30T07:35:00.000-04:00,"2026-6-30 7:35,3031.5,3032.76,3033.51,3032.79,-5,-1,0,1,-,-,FIGHT"
2026-06-30T07:40:00.000-04:00,"2026-6-30 7:40,3033.2,3032.72,3033.49,3032.8,-5,-1,0,1,-,-,FIGHT"
2026-06-30T07:45:00.000-04:00,"2026-6-30 7:45,3032.5,3032.44,3033.41,3032.79,-5,-1,0,1,-,-,FIGHT"
2026-06-30T07:50:00.000-04:00,"2026-6-30 7:50,3031.7,3031.96,3033.28,3032.75,-5,-1,0,1,-,-,FIGHT"
2026-06-30T07:55:00.000-04:00,"2026-6-30 7:55,3031.2,3031.45,3033.12,3032.69,-5,-1,0,0,-,-,FIGHT"
2026-06-30T08:00:00.000-04:00,"2026-6-30 8:00,3027.3,3029.65,3032.67,3032.48,-5,-1,0,0,-,-,FIGHT"
2026-06-30T08:05:00.000-04:00,"2026-6-30 8:05,3026.4,3028.03,3032.19,3032.24,-5,-1,0,0,-,-,FIGHT"
2026-06-30T08:10:00.000-04:00,"2026-6-30 8:10,3025.7,3026.64,3031.69,3031.98,-5,-1,-1,0,-,-,wave_only"
2026-06-30T08:15:00.000-04:00,"2026-6-30 8:15,3026,3025.79,3031.25,3031.75,0,0,-1,0,-,-,neutral"
2026-06-30T08:20:00.000-04:00,"2026-6-30 8:20,3024.3,3024.61,3030.72,3031.46,-5,-1,-1,0,-,-,wave_only"
2026-06-30T08:25:00.000-04:00,"2026-6-30 8:25,3023.1,3023.38,3030.13,3031.13,-5,-1,-1,0,-,-,wave_only"
2026-06-30T08:30:00.000-04:00,"2026-6-30 8:30,3023,3022.52,3029.58,3030.81,-3,-1,-1,0,-,-,wave_only"
2026-06-30T08:35:00.000-04:00,"2026-6-30 8:35,3023.9,3022.31,3029.15,3030.54,0,0,-1,0,-,-,neutral"
2026-06-30T08:40:00.000-04:00,"2026-6-30 8:40,3024.2,3022.35,3028.77,3030.29,0,0,-1,0,-,-,neutral"
2026-06-30T08:45:00.000-04:00,"2026-6-30 8:45,3026.4,3023.28,3028.58,3030.14,0,0,-1,0,-,-,neutral"
2026-06-30T08:50:00.000-04:00,"2026-6-30 8:50,3026.6,3024.1,3028.43,3030,0,0,-1,0,-,-,neutral"
2026-06-30T08:55:00.000-04:00,"2026-6-30 8:55,3025,3024.16,3028.17,3029.8,0,0,-1,0,-,-,neutral"
2026-06-30T09:00:00.000-04:00,"2026-6-30 9:00,3025.6,3024.46,3027.97,3029.64,0,0,-1,0,-,-,neutral"
2026-06-30T09:05:00.000-04:00,"2026-6-30 9:05,3025,3024.5,3027.74,3029.46,0,0,-1,0,-,-,neutral"
2026-06-30T09:10:00.000-04:00,"2026-6-30 9:10,3023.3,3023.93,3027.4,3029.21,-7,-1,-1,0,-,-,wave_only"
2026-06-30T09:15:00.000-04:00,"2026-6-30 9:15,3025.9,3024.5,3027.28,3029.08,0,0,-1,0,-,-,neutral"
2026-06-30T09:20:00.000-04:00,"2026-6-30 9:20,3023.9,3024.2,3027.02,3028.88,-7,-1,-1,0,-,-,wave_only"
2026-06-30T09:25:00.000-04:00,"2026-6-30 9:25,3027.7,3025.41,3027.08,3028.83,0,0,0,0,-,-,neutral"
2026-06-30T09:30:00.000-04:00,"2026-6-30 9:30,3019.2,3023.17,3026.47,3028.46,-7,-1,0,0,-,-,FIGHT"
2026-06-30T09:35:00.000-04:00,"2026-6-30 9:35,3018.4,3021.24,3025.85,3028.06,-7,-1,0,0,-,-,FIGHT"
2026-06-30T09:40:00.000-04:00,"2026-6-30 9:40,3024,3021.93,3025.71,3027.9,0,0,-1,0,-,-,neutral"
2026-06-30T09:45:00.000-04:00,"2026-6-30 9:45,3021.4,3021.52,3025.38,3027.65,-7,-1,-1,0,-,-,wave_only"
2026-06-30T09:50:00.000-04:00,"2026-6-30 9:50,3025.3,3022.7,3025.37,3027.56,0,0,-1,0,-,-,neutral"
2026-06-30T09:55:00.000-04:00,"2026-6-30 9:55,3029.5,3025.14,3025.69,3027.63,5,1,0,0,B,-,FIGHT"
2026-06-30T10:00:00.000-04:00,"2026-6-30 10:00,3032.8,3028.17,3026.23,3027.84,5,1,0,0,-,-,FIGHT"
2026-06-30T10:05:00.000-04:00,"2026-6-30 10:05,3033.9,3030.77,3026.82,3028.07,5,1,0,0,-,-,FIGHT"
2026-06-30T10:10:00.000-04:00,"2026-6-30 10:10,3036.9,3033.73,3027.6,3028.42,5,1,0,0,-,-,FIGHT"
2026-06-30T10:15:00.000-04:00,"2026-6-30 10:15,3035.1,3035.16,3028.18,3028.68,5,1,0,0,-,-,FIGHT"
2026-06-30T10:20:00.000-04:00,"2026-6-30 10:20,3038.9,3037.51,3029,3029.08,5,1,0,0,-,-,FIGHT"
2026-06-30T10:25:00.000-04:00,"2026-6-30 10:25,3040.9,3039.86,3029.92,3029.55,5,1,1,0,-,-,wave_only"
2026-06-30T10:30:00.000-04:00,"2026-6-30 10:30,3038.9,3040.72,3030.61,3029.91,0,0,1,0,-,-,neutral"
2026-06-30T10:35:00.000-04:00,"2026-6-30 10:35,3035.3,3039.88,3030.97,3030.12,0,0,1,0,-,-,neutral"
2026-06-30T10:40:00.000-04:00,"2026-6-30 10:40,3037.4,3039.91,3031.46,3030.41,0,0,1,0,-,-,neutral"
2026-06-30T10:45:00.000-04:00,"2026-6-30 10:45,3030.9,3037.42,3031.42,3030.43,0,0,1,0,-,-,neutral"
2026-06-30T10:50:00.000-04:00,"2026-6-30 10:50,3031.1,3035.58,3031.4,3030.45,0,0,1,0,-,-,neutral"
2026-06-30T10:55:00.000-04:00,"2026-6-30 10:55,3028.9,3033.35,3031.2,3030.39,0,0,0,0,-,-,neutral"
2026-06-30T11:00:00.000-04:00,"2026-6-30 11:00,3035.6,3034.17,3031.54,3030.6,7,1,0,0,-,-,FIGHT"
2026-06-30T11:05:00.000-04:00,"2026-6-30 11:05,3037.6,3035.5,3032.01,3030.87,7,1,0,0,-,-,FIGHT"
2026-06-30T11:10:00.000-04:00,"2026-6-30 11:10,3039.7,3037.23,3032.6,3031.22,7,1,1,0,-,-,wave_only"
2026-06-30T11:15:00.000-04:00,"2026-6-30 11:15,3036.9,3037.42,3032.93,3031.44,3,1,1,0,-,-,wave_only"
2026-06-30T11:20:00.000-04:00,"2026-6-30 11:20,3040.2,3038.74,3033.49,3031.78,7,1,1,0,-,-,wave_only"
2026-06-30T11:25:00.000-04:00,"2026-6-30 11:25,3038.6,3039.06,3033.88,3032.05,3,1,1,0,-,-,wave_only"
2026-06-30T11:30:00.000-04:00,"2026-6-30 11:30,3038.9,3039.36,3034.27,3032.32,3,1,1,0,-,-,wave_only"
2026-06-30T11:35:00.000-04:00,"2026-6-30 11:35,3034.9,3038.04,3034.32,3032.42,0,0,1,0,-,-,neutral"
2026-06-30T11:40:00.000-04:00,"2026-6-30 11:40,3035,3037.07,3034.37,3032.52,0,0,0,0,-,-,neutral"
2026-06-30T11:45:00.000-04:00,"2026-6-30 11:45,3036,3036.71,3034.5,3032.66,0,0,0,0,-,-,neutral"
2026-06-30T11:50:00.000-04:00,"2026-6-30 11:50,3034.6,3035.9,3034.5,3032.74,-3,0,0,0,-,-,neutral"
2026-06-30T11:55:00.000-04:00,"2026-6-30 11:55,3035.3,3035.57,3034.56,3032.84,-3,0,0,1,-,-,neutral"
2026-06-30T12:00:00.000-04:00,"2026-6-30 12:00,3036.3,3035.7,3034.7,3032.97,7,1,0,1,-,-,tide_only"
2026-06-30T12:05:00.000-04:00,"2026-6-30 12:05,3038.7,3036.68,3035.01,3033.2,7,1,0,1,-,-,tide_only"
2026-06-30T12:10:00.000-04:00,"2026-6-30 12:10,3041.7,3038.52,3035.52,3033.53,7,1,1,1,-,-,RIDE_both"
2026-06-30T12:15:00.000-04:00,"2026-6-30 12:15,3040.6,3039.44,3035.91,3033.81,7,1,1,1,-,-,RIDE_both"
2026-06-30T12:20:00.000-04:00,"2026-6-30 12:20,3043,3040.98,3036.46,3034.17,7,1,1,1,-,-,RIDE_both"
2026-06-30T12:25:00.000-04:00,"2026-6-30 12:25,3042.8,3041.99,3036.94,3034.51,7,1,1,1,-,-,RIDE_both"
2026-06-30T12:30:00.000-04:00,"2026-6-30 12:30,3045.5,3043.69,3037.6,3034.94,7,1,1,1,-,-,RIDE_both"
2026-06-30T12:35:00.000-04:00,"2026-6-30 12:35,3044.2,3044.39,3038.11,3035.3,3,1,1,1,-,-,RIDE_both"
2026-06-30T12:40:00.000-04:00,"2026-6-30 12:40,3045.5,3045.32,3038.68,3035.7,7,0,1,1,-,-,neutral"
2026-06-30T12:45:00.000-04:00,"2026-6-30 12:45,3043.6,3045.23,3039.06,3036.01,0,0,1,1,-,-,neutral"
2026-06-30T12:50:00.000-04:00,"2026-6-30 12:50,3044,3045.24,3039.44,3036.32,0,0,1,1,-,-,neutral"
2026-06-30T12:55:00.000-04:00,"2026-6-30 12:55,3043.7,3045.07,3039.77,3036.61,0,0,0,1,-,-,neutral"
2026-06-30T13:00:00.000-04:00,"2026-6-30 13:00,3045.9,3045.71,3040.24,3036.98,3,1,0,1,-,-,tide_only"
2026-06-30T13:05:00.000-04:00,"2026-6-30 13:05,3044.3,3045.54,3040.55,3037.26,0,0,0,1,-,-,neutral"
2026-06-30T13:10:00.000-04:00,"2026-6-30 13:10,3043.3,3044.99,3040.76,3037.5,0,0,0,1,-,-,neutral"
2026-06-30T13:15:00.000-04:00,"2026-6-30 13:15,3045,3045.18,3041.09,3037.8,0,0,0,1,-,-,neutral"
2026-06-30T13:20:00.000-04:00,"2026-6-30 13:20,3045.6,3045.5,3041.43,3038.1,0,0,0,1,-,-,neutral"
2026-06-30T13:25:00.000-04:00,"2026-6-30 13:25,3047.6,3046.45,3041.91,3038.47,7,1,1,1,-,-,RIDE_both"
2026-06-30T13:30:00.000-04:00,"2026-6-30 13:30,3047.5,3047.07,3042.34,3038.83,7,1,1,1,-,-,RIDE_both"
2026-06-30T13:35:00.000-04:00,"2026-6-30 13:35,3046.9,3047.26,3042.69,3039.14,0,0,1,1,-,-,neutral"
2026-06-30T13:40:00.000-04:00,"2026-6-30 13:40,3049.1,3048.18,3043.18,3039.53,7,1,1,1,-,-,RIDE_both"
2026-06-30T13:45:00.000-04:00,"2026-6-30 13:45,3047.2,3048.11,3043.49,3039.84,0,0,1,1,-,-,neutral"
2026-06-30T13:50:00.000-04:00,"2026-6-30 13:50,3046.6,3047.79,3043.73,3040.1,0,0,1,1,-,-,neutral"
2026-06-30T13:55:00.000-04:00,"2026-6-30 13:55,3046.3,3047.4,3043.93,3040.34,0,0,0,1,-,-,neutral"
2026-06-30T14:00:00.000-04:00,"2026-6-30 14:00,3046.4,3047.13,3044.12,3040.58,0,0,0,1,-,-,neutral"
2026-06-30T14:05:00.000-04:00,"2026-6-30 14:05,3045.9,3046.73,3044.26,3040.79,0,0,0,1,-,-,neutral"
2026-06-30T14:10:00.000-04:00,"2026-6-30 14:10,3045.9,3046.41,3044.38,3040.99,0,0,0,1,-,-,neutral"
2026-06-30T14:15:00.000-04:00,"2026-6-30 14:15,3046,3046.21,3044.51,3041.19,0,0,0,1,-,-,neutral"
2026-06-30T14:20:00.000-04:00,"2026-6-30 14:20,3044.4,3045.46,3044.5,3041.31,-3,-1,0,1,S,-,FIGHT"
2026-06-30T14:25:00.000-04:00,"2026-6-30 14:25,3044.5,3044.96,3044.5,3041.44,-3,-1,0,1,-,-,FIGHT"
2026-06-30T14:30:00.000-04:00,"2026-6-30 14:30,3044.9,3044.74,3044.53,3041.57,-5,-1,0,1,-,-,FIGHT"
2026-06-30T14:35:00.000-04:00,"2026-6-30 14:35,3043,3043.89,3044.41,3041.63,-5,-1,0,1,-,-,FIGHT"
2026-06-30T14:40:00.000-04:00,"2026-6-30 14:40,3045.1,3044.07,3044.46,3041.77,0,0,0,1,-,-,neutral"
2026-06-30T14:45:00.000-04:00,"2026-6-30 14:45,3048.4,3045.44,3044.77,3042.03,7,1,0,1,B,-,tide_only"
2026-06-30T14:50:00.000-04:00,"2026-6-30 14:50,3046.5,3045.75,3044.9,3042.2,7,1,0,1,-,-,tide_only"
2026-06-30T14:55:00.000-04:00,"2026-6-30 14:55,3045.9,3045.76,3044.98,3042.35,7,1,0,1,-,-,tide_only"
2026-06-30T15:00:00.000-04:00,"2026-6-30 15:00,3046.2,3045.88,3045.07,3042.5,7,1,0,1,-,-,tide_only"
2026-06-30T15:05:00.000-04:00,"2026-6-30 15:05,3048.3,3046.75,3045.32,3042.72,7,1,0,1,-,-,tide_only"
2026-06-30T15:10:00.000-04:00,"2026-6-30 15:10,3049.3,3047.75,3045.63,3042.98,7,1,1,1,-,-,RIDE_both"
2026-06-30T15:15:00.000-04:00,"2026-6-30 15:15,3048.7,3048.24,3045.86,3043.21,7,1,1,1,-,-,RIDE_both"
2026-06-30T15:20:00.000-04:00,"2026-6-30 15:20,3050.3,3049.18,3046.2,3043.49,7,1,1,1,-,-,RIDE_both"
2026-06-30T15:25:00.000-04:00,"2026-6-30 15:25,3049.7,3049.62,3046.47,3043.73,7,1,1,1,-,-,RIDE_both"
2026-06-30T15:30:00.000-04:00,"2026-6-30 15:30,3048.8,3049.57,3046.65,3043.93,0,0,1,1,-,-,neutral"
2026-06-30T15:35:00.000-04:00,"2026-6-30 15:35,3046.8,3048.77,3046.66,3044.04,0,0,1,1,-,-,neutral"
2026-06-30T15:40:00.000-04:00,"2026-6-30 15:40,3046.6,3048.08,3046.66,3044.14,-3,-1,0,1,S,-,FIGHT"
2026-06-30T15:45:00.000-04:00,"2026-6-30 15:45,3047.6,3047.93,3046.73,3044.28,0,0,0,1,-,-,neutral"
2026-06-30T15:50:00.000-04:00,"2026-6-30 15:50,3046.2,3047.29,3046.69,3044.35,-3,-1,0,1,-,-,FIGHT"
2026-06-30T15:55:00.000-04:00,"2026-6-30 15:55,3045,3046.38,3046.56,3044.38,-5,-1,0,1,-,-,FIGHT"
2026-06-30T16:00:00.000-04:00,"2026-6-30 16:00,3044.7,3045.61,3046.42,3044.39,-5,-1,0,1,-,-,FIGHT"
2026-06-30T16:05:00.000-04:00,"2026-6-30 16:05,3043.4,3044.57,3046.18,3044.35,-5,-1,0,1,-,-,FIGHT"
2026-06-30T16:10:00.000-04:00,"2026-6-30 16:10,3043,3043.69,3045.94,3044.3,-5,-1,0,1,-,-,FIGHT"
2026-06-30T16:15:00.000-04:00,"2026-6-30 16:15,3042.2,3042.78,3045.65,3044.22,-5,-1,0,1,-,-,FIGHT"
2026-06-30T16:20:00.000-04:00,"2026-6-30 16:20,3040.6,3041.56,3045.26,3044.07,-5,-1,0,1,-,-,FIGHT"
2026-06-30T16:25:00.000-04:00,"2026-6-30 16:25,3041.4,3041.01,3044.97,3043.97,-5,-1,0,1,-,-,FIGHT"
2026-06-30T16:30:00.000-04:00,"2026-6-30 16:30,3041,3040.52,3044.66,3043.85,-5,-1,0,1,-,-,FIGHT"
2026-06-30T16:35:00.000-04:00,"2026-6-30 16:35,3041,3040.21,3044.38,3043.74,-5,0,0,1,-,-,neutral"
2026-06-30T16:40:00.000-04:00,"2026-6-30 16:40,3041,3040.04,3044.12,3043.63,0,0,-1,1,-,-,neutral"
2026-06-30T16:45:00.000-04:00,"2026-6-30 16:45,3041.4,3040.12,3043.91,3043.55,0,0,-1,1,-,-,neutral"
2026-06-30T16:50:00.000-04:00,"2026-6-30 16:50,3041,3040.08,3043.69,3043.45,0,0,-1,1,-,-,neutral"
2026-06-30T16:55:00.000-04:00,"2026-6-30 16:55,3040.8,3040.02,3043.46,3043.34,0,0,-1,0,-,-,neutral"
2026-06-30T18:00:00.000-04:00,"2026-6-30 18:00,3041.4,3040.24,3043.31,3043.27,0,0,-1,0,-,-,neutral"
2026-06-30T18:05:00.000-04:00,"2026-6-30 18:05,3041,3040.29,3043.13,3043.18,0,0,-1,0,-,-,neutral"
2026-06-30T18:10:00.000-04:00,"2026-6-30 18:10,3040.8,3040.28,3042.95,3043.08,0,0,-1,0,-,-,neutral"
2026-06-30T18:15:00.000-04:00,"2026-6-30 18:15,3041.9,3040.71,3042.87,3043.04,0,0,-1,0,-,-,neutral"
2026-06-30T18:20:00.000-04:00,"2026-6-30 18:20,3042.2,3041.16,3042.82,3043,0,0,-1,0,-,-,neutral"
2026-06-30T18:25:00.000-04:00,"2026-6-30 18:25,3042.4,3041.58,3042.79,3042.98,0,0,0,0,-,-,neutral"
2026-06-30T18:30:00.000-04:00,"2026-6-30 18:30,3042,3041.75,3042.72,3042.94,0,0,0,0,-,-,neutral"
2026-06-30T18:35:00.000-04:00,"2026-6-30 18:35,3041.9,3041.85,3042.66,3042.9,0,0,0,0,-,-,neutral"
2026-06-30T18:40:00.000-04:00,"2026-6-30 18:40,3041.8,3041.88,3042.59,3042.86,0,0,-1,0,-,-,neutral"
2026-06-30T18:45:00.000-04:00,"2026-6-30 18:45,3040.9,3041.57,3042.46,3042.78,-5,-1,-1,0,-,-,wave_only"
2026-06-30T18:50:00.000-04:00,"2026-6-30 18:50,3040.4,3041.16,3042.31,3042.69,-7,-1,-1,0,-,-,wave_only"
2026-06-30T18:55:00.000-04:00,"2026-6-30 18:55,3040.7,3040.97,3042.18,3042.61,-7,-1,-1,0,-,-,wave_only"
2026-06-30T19:00:00.000-04:00,"2026-6-30 19:00,3040.3,3040.7,3042.04,3042.52,-7,-1,-1,0,-,-,wave_only"
2026-06-30T19:05:00.000-04:00,"2026-6-30 19:05,3041.8,3041.06,3042.02,3042.49,0,0,-1,0,-,-,neutral"
2026-06-30T19:10:00.000-04:00,"2026-6-30 19:10,3041.1,3041.07,3041.95,3042.44,0,0,-1,0,-,-,neutral"
2026-06-30T19:15:00.000-04:00,"2026-6-30 19:15,3041.5,3041.24,3041.91,3042.4,3,0,-1,0,-,-,neutral"
2026-06-30T19:20:00.000-04:00,"2026-6-30 19:20,3041.7,3041.43,3041.9,3042.37,3,0,-1,0,-,-,neutral"
2026-06-30T19:25:00.000-04:00,"2026-6-30 19:25,3041.3,3041.43,3041.85,3042.33,0,0,0,0,-,-,neutral"
2026-06-30T19:30:00.000-04:00,"2026-6-30 19:30,3041.5,3041.5,3041.82,3042.3,0,0,0,0,-,-,neutral"
2026-06-30T19:35:00.000-04:00,"2026-6-30 19:35,3041.2,3041.44,3041.78,3042.25,-3,-1,0,0,-,-,FIGHT"
2026-06-30T19:40:00.000-04:00,"2026-6-30 19:40,3040.4,3041.1,3041.67,3042.18,-7,-1,-1,0,-,-,wave_only"
2026-06-30T19:45:00.000-04:00,"2026-6-30 19:45,3040.7,3040.95,3041.6,3042.12,-7,-1,-1,0,-,-,wave_only"
2026-06-30T19:50:00.000-04:00,"2026-6-30 19:50,3040.5,3040.78,3041.51,3042.06,-7,-1,-1,0,-,-,wave_only"
2026-06-30T19:55:00.000-04:00,"2026-6-30 19:55,3041,3040.84,3041.47,3042.02,0,0,0,0,-,-,neutral"
2026-06-30T20:00:00.000-04:00,"2026-6-30 20:00,3042.1,3041.3,3041.52,3042.02,3,1,0,0,B,-,FIGHT"
2026-06-30T20:05:00.000-04:00,"2026-6-30 20:05,3041.9,3041.56,3041.55,3042.02,5,1,0,0,-,-,FIGHT"
2026-06-30T20:10:00.000-04:00,"2026-6-30 20:10,3041.3,3041.53,3041.53,3041.99,0,0,0,0,-,-,neutral"
2026-06-30T20:15:00.000-04:00,"2026-6-30 20:15,3042.1,3041.79,3041.57,3041.99,5,1,0,0,-,-,FIGHT"
2026-06-30T20:20:00.000-04:00,"2026-6-30 20:20,3042.7,3042.21,3041.66,3042.02,5,1,0,0,-,-,FIGHT"
2026-06-30T20:25:00.000-04:00,"2026-6-30 20:25,3044.1,3043.02,3041.85,3042.1,5,1,0,0,-,-,FIGHT"
2026-06-30T20:30:00.000-04:00,"2026-6-30 20:30,3044.9,3043.9,3042.08,3042.21,5,1,0,0,-,-,FIGHT"
2026-06-30T20:35:00.000-04:00,"2026-6-30 20:35,3044.6,3044.41,3042.28,3042.31,5,1,0,0,-,-,FIGHT"
2026-06-30T20:40:00.000-04:00,"2026-6-30 20:40,3045.1,3044.94,3042.49,3042.42,5,1,1,0,-,-,wave_only"
2026-06-30T20:45:00.000-04:00,"2026-6-30 20:45,3046,3045.63,3042.76,3042.56,7,1,1,0,-,-,wave_only"
2026-06-30T20:50:00.000-04:00,"2026-6-30 20:50,3044.3,3045.47,3042.88,3042.62,0,0,1,0,-,-,neutral"
2026-06-30T20:55:00.000-04:00,"2026-6-30 20:55,3045,3045.57,3043.04,3042.72,0,0,1,1,-,-,neutral"
2026-06-30T21:00:00.000-04:00,"2026-6-30 21:00,3041.4,3044.29,3042.92,3042.67,0,0,1,1,-,-,neutral"
2026-06-30T21:05:00.000-04:00,"2026-6-30 21:05,3040.3,3042.91,3042.72,3042.57,0,0,1,1,-,-,neutral"
2026-06-30T21:10:00.000-04:00,"2026-6-30 21:10,3040.9,3042.11,3042.58,3042.51,-7,-1,-1,1,S,-,wave_only"
2026-06-30T21:15:00.000-04:00,"2026-6-30 21:15,3038.7,3040.72,3042.28,3042.36,-7,-1,-1,1,-,-,wave_only"
2026-06-30T21:20:00.000-04:00,"2026-6-30 21:20,3038.1,3039.5,3041.96,3042.19,-7,-1,-1,1,-,-,wave_only"
2026-06-30T21:25:00.000-04:00,"2026-6-30 21:25,3038,3038.59,3041.65,3042.03,-5,-1,-1,1,-,-,wave_only"
2026-06-30T21:30:00.000-04:00,"2026-6-30 21:30,3036.5,3037.41,3041.26,3041.81,-7,-1,-1,1,-,-,wave_only"
2026-06-30T21:35:00.000-04:00,"2026-6-30 21:35,3037.2,3036.85,3040.94,3041.63,-7,-1,-1,1,-,-,wave_only"
2026-06-30T21:40:00.000-04:00,"2026-6-30 21:40,3036.7,3036.31,3040.62,3041.44,-7,0,-1,1,-,-,neutral"
2026-06-30T21:45:00.000-04:00,"2026-6-30 21:45,3035.7,3035.6,3040.24,3041.21,-3,-1,-1,1,-,-,wave_only"
2026-06-30T21:50:00.000-04:00,"2026-6-30 21:50,3035.7,3035.14,3039.89,3041,-3,-1,-1,1,-,-,wave_only"
2026-06-30T21:55:00.000-04:00,"2026-6-30 21:55,3035.5,3034.78,3039.55,3040.78,0,0,-1,0,-,-,neutral"
2026-06-30T22:00:00.000-04:00,"2026-6-30 22:00,3034.9,3034.36,3039.19,3040.55,0,0,-1,0,-,-,neutral"
2026-06-30T22:05:00.000-04:00,"2026-6-30 22:05,3032.4,3033.18,3038.67,3040.23,-7,-1,-1,0,-,-,wave_only"
2026-06-30T22:10:00.000-04:00,"2026-6-30 22:10,3031.7,3032.12,3038.14,3039.89,-7,-1,-1,0,-,-,wave_only"
2026-06-30T22:15:00.000-04:00,"2026-6-30 22:15,3032.1,3031.55,3037.67,3039.59,-3,-1,-1,0,-,-,wave_only"
2026-06-30T22:20:00.000-04:00,"2026-6-30 22:20,3032.1,3031.21,3037.24,3039.3,0,0,-1,0,-,-,neutral"
2026-06-30T22:25:00.000-04:00,"2026-6-30 22:25,3032.7,3031.25,3036.89,3039.04,0,0,-1,0,-,-,neutral"
2026-06-30T22:30:00.000-04:00,"2026-6-30 22:30,3031.9,3031.05,3036.51,3038.76,0,0,-1,0,-,-,neutral"
2026-06-30T22:35:00.000-04:00,"2026-6-30 22:35,3032.9,3031.33,3036.23,3038.53,0,0,-1,0,-,-,neutral"
2026-06-30T22:40:00.000-04:00,"2026-6-30 22:40,3033.5,3031.81,3036.02,3038.33,0,0,-1,0,-,-,neutral"
2026-06-30T22:45:00.000-04:00,"2026-6-30 22:45,3033.2,3032.1,3035.8,3038.13,0,0,-1,0,-,-,neutral"
2026-06-30T22:50:00.000-04:00,"2026-6-30 22:50,3033.1,3032.31,3035.6,3037.93,0,0,-1,0,-,-,neutral"
2026-06-30T22:55:00.000-04:00,"2026-6-30 22:55,3032.5,3032.27,3035.36,3037.72,-7,-1,-1,0,-,-,wave_only"
2026-06-30T23:00:00.000-04:00,"2026-6-30 23:00,3032.5,3032.26,3035.14,3037.51,-7,0,-1,0,-,-,neutral"
2026-06-30T23:05:00.000-04:00,"2026-6-30 23:05,3033.1,3032.5,3034.98,3037.34,0,0,-1,0,-,-,neutral"
2026-06-30T23:10:00.000-04:00,"2026-6-30 23:10,3034,3033.03,3034.91,3037.21,0,0,0,0,-,-,neutral"
2026-06-30T23:15:00.000-04:00,"2026-6-30 23:15,3033.2,3033.13,3034.77,3037.05,0,0,0,0,-,-,neutral"
2026-06-30T23:20:00.000-04:00,"2026-6-30 23:20,3031.8,3032.69,3034.55,3036.85,-7,-1,0,0,-,-,FIGHT"
2026-06-30T23:25:00.000-04:00,"2026-6-30 23:25,3031.9,3032.41,3034.34,3036.65,-7,-1,-1,0,-,-,wave_only"
2026-06-30T23:30:00.000-04:00,"2026-6-30 23:30,3032,3032.25,3034.16,3036.47,-7,-1,-1,0,-,-,wave_only"
2026-06-30T23:35:00.000-04:00,"2026-6-30 23:35,3033.9,3032.85,3034.14,3036.37,0,0,-1,0,-,-,neutral"
2026-06-30T23:40:00.000-04:00,"2026-6-30 23:40,3033.5,3033.15,3034.09,3036.26,3,1,0,0,B,-,FIGHT"
2026-06-30T23:45:00.000-04:00,"2026-6-30 23:45,3035.1,3033.96,3034.17,3036.21,5,1,0,0,-,-,FIGHT"
2026-06-30T23:50:00.000-04:00,"2026-6-30 23:50,3035.3,3034.62,3034.26,3036.18,5,1,0,0,-,-,FIGHT"
2026-06-30T23:55:00.000-04:00,"2026-6-30 23:55,3035,3034.98,3034.31,3036.13,5,1,0,-1,-,-,FIGHT"
2026-07-01T00:00:00.000-04:00,"2026-7-1 0:00,3033.7,3034.75,3034.27,3036.03,0,0,0,-1,-,-,neutral"
2026-07-01T00:05:00.000-04:00,"2026-7-1 0:05,3033.7,3034.55,3034.22,3035.94,0,0,0,-1,-,-,neutral"
2026-07-01T00:10:00.000-04:00,"2026-7-1 0:10,3032.9,3034.1,3034.12,3035.82,0,0,0,-1,-,-,neutral"
2026-07-01T00:15:00.000-04:00,"2026-7-1 0:15,3033.2,3033.87,3034.05,3035.72,-7,-1,0,-1,S,-,tide_only"
2026-07-01T00:20:00.000-04:00,"2026-7-1 0:20,3033.4,3033.76,3034,3035.63,-3,-1,0,-1,-,-,tide_only"
2026-07-01T00:25:00.000-04:00,"2026-7-1 0:25,3034.5,3034.09,3034.04,3035.59,5,1,0,-1,B,-,FIGHT"
2026-07-01T00:30:00.000-04:00,"2026-7-1 0:30,3034.5,3034.33,3034.07,3035.54,5,1,0,-1,-,-,FIGHT"
2026-07-01T00:35:00.000-04:00,"2026-7-1 0:35,3033.7,3034.19,3034.05,3035.47,0,0,0,-1,-,-,neutral"
2026-07-01T00:40:00.000-04:00,"2026-7-1 0:40,3035.2,3034.64,3034.13,3035.46,5,1,0,-1,-,-,FIGHT"
2026-07-01T00:45:00.000-04:00,"2026-7-1 0:45,3036.1,3035.3,3034.29,3035.49,5,1,0,-1,-,-,FIGHT"
2026-07-01T00:50:00.000-04:00,"2026-7-1 0:50,3036.8,3036.02,3034.48,3035.54,5,1,0,-1,-,-,FIGHT"
2026-07-01T00:55:00.000-04:00,"2026-7-1 0:55,3034.9,3035.83,3034.51,3035.51,0,0,0,-1,-,-,neutral"
2026-07-01T01:00:00.000-04:00,"2026-7-1 1:00,3034.6,3035.56,3034.52,3035.48,0,0,0,-1,-,-,neutral"
2026-07-01T01:05:00.000-04:00,"2026-7-1 1:05,3036.2,3035.93,3034.65,3035.5,5,1,0,-1,-,-,FIGHT"
2026-07-01T01:10:00.000-04:00,"2026-7-1 1:10,3035.3,3035.85,3034.7,3035.5,0,0,0,-1,-,-,neutral"
2026-07-01T01:15:00.000-04:00,"2026-7-1 1:15,3035.3,3035.78,3034.74,3035.49,0,0,0,-1,-,-,neutral"
2026-07-01T01:20:00.000-04:00,"2026-7-1 1:20,3034.6,3035.45,3034.73,3035.45,0,0,0,-1,-,-,neutral"
2026-07-01T01:25:00.000-04:00,"2026-7-1 1:25,3034.1,3035.01,3034.68,3035.4,0,0,0,-1,-,-,neutral"
2026-07-01T01:30:00.000-04:00,"2026-7-1 1:30,3034.4,3034.79,3034.66,3035.36,0,0,0,-1,-,-,neutral"
2026-07-01T01:35:00.000-04:00,"2026-7-1 1:35,3034.9,3034.82,3034.68,3035.34,0,0,0,-1,-,-,neutral"
2026-07-01T01:40:00.000-04:00,"2026-7-1 1:40,3035.3,3034.99,3034.73,3035.34,5,1,0,-1,-,-,FIGHT"
2026-07-01T01:45:00.000-04:00,"2026-7-1 1:45,3034,3034.62,3034.67,3035.29,-3,-1,0,-1,S,-,tide_only"
2026-07-01T01:50:00.000-04:00,"2026-7-1 1:50,3034.8,3034.66,3034.68,3035.27,0,0,0,-1,-,-,neutral"
2026-07-01T01:55:00.000-04:00,"2026-7-1 1:55,3034.9,3034.72,3034.7,3035.26,0,0,0,0,-,-,neutral"
2026-07-01T02:00:00.000-04:00,"2026-7-1 2:00,3033.8,3034.36,3034.63,3035.2,-7,-1,0,0,-,-,FIGHT"
2026-07-01T02:05:00.000-04:00,"2026-7-1 2:05,3034.5,3034.35,3034.62,3035.17,0,0,0,0,-,-,neutral"
2026-07-01T02:10:00.000-04:00,"2026-7-1 2:10,3032.8,3033.73,3034.48,3035.08,-7,-1,-1,0,-,-,wave_only"
2026-07-01T02:15:00.000-04:00,"2026-7-1 2:15,3032.6,3033.2,3034.34,3034.98,-7,-1,-1,0,-,-,wave_only"
2026-07-01T02:20:00.000-04:00,"2026-7-1 2:20,3032.6,3032.83,3034.2,3034.89,-7,-1,-1,0,-,-,wave_only"
2026-07-01T02:25:00.000-04:00,"2026-7-1 2:25,3032.1,3032.39,3034.04,3034.78,-7,-1,-1,0,-,-,wave_only"
2026-07-01T02:30:00.000-04:00,"2026-7-1 2:30,3032.7,3032.31,3033.94,3034.7,0,0,-1,0,-,-,neutral"
2026-07-01T02:35:00.000-04:00,"2026-7-1 2:35,3033.8,3032.68,3033.93,3034.66,0,0,-1,0,-,-,neutral"
2026-07-01T02:40:00.000-04:00,"2026-7-1 2:40,3033.6,3032.89,3033.9,3034.62,0,0,0,0,-,-,neutral"
2026-07-01T02:45:00.000-04:00,"2026-7-1 2:45,3034.8,3033.51,3033.97,3034.63,3,1,0,0,B,-,FIGHT"
2026-07-01T02:50:00.000-04:00,"2026-7-1 2:50,3033.5,3033.49,3033.93,3034.58,0,0,0,0,-,-,neutral"
2026-07-01T02:55:00.000-04:00,"2026-7-1 2:55,3033.3,3033.4,3033.89,3034.53,-3,-1,-1,-1,S,SELL,RIDE_both"
2026-07-01T03:00:00.000-04:00,"2026-7-1 3:00,3030.6,3032.34,3033.63,3034.38,-7,-1,-1,-1,-,-,RIDE_both"
2026-07-01T03:05:00.000-04:00,"2026-7-1 3:05,3028.5,3030.8,3033.24,3034.15,-7,-1,-1,-1,-,-,RIDE_both"
2026-07-01T03:10:00.000-04:00,"2026-7-1 3:10,3027.2,3029.21,3032.77,3033.88,-7,-1,-1,-1,-,-,RIDE_both"
2026-07-01T03:15:00.000-04:00,"2026-7-1 3:15,3026.2,3027.7,3032.27,3033.57,-7,-1,-1,-1,-,-,RIDE_both"
2026-07-01T03:20:00.000-04:00,"2026-7-1 3:20,3028.7,3027.58,3031.99,3033.38,-3,-1,-1,-1,-,-,RIDE_both"
2026-07-01T03:25:00.000-04:00,"2026-7-1 3:25,3029,3027.66,3031.76,3033.21,0,0,-1,-1,-,-,neutral"
2026-07-01T03:30:00.000-04:00,"2026-7-1 3:30,3029.9,3028.1,3031.62,3033.08,0,0,-1,-1,-,-,neutral"
2026-07-01T03:35:00.000-04:00,"2026-7-1 3:35,3030.7,3028.76,3031.55,3032.99,0,0,-1,-1,-,-,neutral"
2026-07-01T03:40:00.000-04:00,"2026-7-1 3:40,3029.9,3028.99,3031.42,3032.87,0,0,0,-1,-,-,neutral"
2026-07-01T03:45:00.000-04:00,"2026-7-1 3:45,3031.5,3029.77,3031.43,3032.81,0,0,0,-1,-,-,neutral"
2026-07-01T03:50:00.000-04:00,"2026-7-1 3:50,3032.1,3030.59,3031.48,3032.79,3,1,0,-1,B,-,FIGHT"
2026-07-01T03:55:00.000-04:00,"2026-7-1 3:55,3033.1,3031.57,3031.6,3032.8,5,1,0,-1,-,-,FIGHT"
2026-07-01T04:00:00.000-04:00,"2026-7-1 4:00,3032.1,3031.91,3031.64,3032.77,5,1,0,-1,-,-,FIGHT"
2026-07-01T04:05:00.000-04:00,"2026-7-1 4:05,3034.7,3033.11,3031.88,3032.85,5,1,0,-1,-,-,FIGHT"
2026-07-01T04:10:00.000-04:00,"2026-7-1 4:10,3035.2,3034.16,3032.13,3032.94,5,1,0,-1,-,-,FIGHT"
2026-07-01T04:15:00.000-04:00,"2026-7-1 4:15,3036.3,3035.31,3032.45,3033.07,5,1,0,-1,-,-,FIGHT"
2026-07-01T04:20:00.000-04:00,"2026-7-1 4:20,3036.2,3036.07,3032.74,3033.19,5,1,0,-1,-,-,FIGHT"
2026-07-01T04:25:00.000-04:00,"2026-7-1 4:25,3035.1,3036.18,3032.92,3033.27,0,0,1,-1,-,-,neutral"
2026-07-01T04:30:00.000-04:00,"2026-7-1 4:30,3036.6,3036.76,3033.21,3033.4,5,1,1,-1,-,-,wave_only"
2026-07-01T04:35:00.000-04:00,"2026-7-1 4:35,3037.1,3037.33,3033.51,3033.54,5,1,1,-1,-,-,wave_only"
2026-07-01T04:40:00.000-04:00,"2026-7-1 4:40,3037.8,3037.95,3033.84,3033.71,5,1,1,-1,-,-,wave_only"
2026-07-01T04:45:00.000-04:00,"2026-7-1 4:45,3036.7,3037.95,3034.06,3033.83,0,0,1,-1,-,-,neutral"
2026-07-01T04:50:00.000-04:00,"2026-7-1 4:50,3037.4,3038.15,3034.31,3033.97,0,0,1,-1,-,-,neutral"
2026-07-01T04:55:00.000-04:00,"2026-7-1 4:55,3038.2,3038.55,3034.61,3034.13,3,1,1,0,-,-,wave_only"
2026-07-01T05:00:00.000-04:00,"2026-7-1 5:00,3036.1,3038.01,3034.73,3034.21,0,0,1,0,-,-,neutral"
2026-07-01T05:05:00.000-04:00,"2026-7-1 5:05,3035.5,3037.36,3034.79,3034.26,0,0,1,0,-,-,neutral"
2026-07-01T05:10:00.000-04:00,"2026-7-1 5:10,3036.8,3037.32,3034.94,3034.36,0,0,1,0,-,-,neutral"
2026-07-01T05:15:00.000-04:00,"2026-7-1 5:15,3036.3,3037.09,3035.05,3034.44,0,0,1,0,-,-,neutral"
2026-07-01T05:20:00.000-04:00,"2026-7-1 5:20,3036.7,3037.05,3035.17,3034.53,0,0,1,0,-,-,neutral"
2026-07-01T05:25:00.000-04:00,"2026-7-1 5:25,3036.5,3036.92,3035.28,3034.6,0,0,1,0,-,-,neutral"
2026-07-01T05:30:00.000-04:00,"2026-7-1 5:30,3037.3,3037.11,3035.43,3034.71,0,0,1,0,-,-,neutral"
2026-07-01T05:35:00.000-04:00,"2026-7-1 5:35,3036.4,3036.91,3035.51,3034.78,0,0,1,0,-,-,neutral"
2026-07-01T05:40:00.000-04:00,"2026-7-1 5:40,3035.2,3036.3,3035.48,3034.79,0,0,0,0,-,-,neutral"
2026-07-01T05:45:00.000-04:00,"2026-7-1 5:45,3036.2,3036.22,3035.54,3034.85,0,0,0,0,-,-,neutral"
2026-07-01T05:50:00.000-04:00,"2026-7-1 5:50,3037.9,3036.79,3035.72,3034.97,7,1,0,0,-,-,FIGHT"
2026-07-01T05:55:00.000-04:00,"2026-7-1 5:55,3038.2,3037.31,3035.91,3035.09,7,1,1,1,-,-,RIDE_both"
2026-07-01T06:00:00.000-04:00,"2026-7-1 6:00,3036.4,3037.03,3035.95,3035.14,0,0,1,1,-,-,neutral"
2026-07-01T06:05:00.000-04:00,"2026-7-1 6:05,3035.8,3036.58,3035.94,3035.17,0,0,1,1,-,-,neutral"
2026-07-01T06:10:00.000-04:00,"2026-7-1 6:10,3036.1,3036.37,3035.95,3035.21,-3,-1,0,1,S,-,FIGHT"
2026-07-01T06:15:00.000-04:00,"2026-7-1 6:15,3037,3036.54,3036.03,3035.28,7,1,0,1,B,-,tide_only"
2026-07-01T06:20:00.000-04:00,"2026-7-1 6:20,3037.8,3036.97,3036.17,3035.38,7,1,0,1,-,-,tide_only"
2026-07-01T06:25:00.000-04:00,"2026-7-1 6:25,3037.3,3037.09,3036.25,3035.45,7,1,1,1,-,-,RIDE_both"
2026-07-01T06:30:00.000-04:00,"2026-7-1 6:30,3036.9,3037.03,3036.3,3035.51,0,0,1,1,-,-,neutral"
2026-07-01T06:35:00.000-04:00,"2026-7-1 6:35,3036.9,3036.98,3036.35,3035.56,0,0,1,1,-,-,neutral"
2026-07-01T06:40:00.000-04:00,"2026-7-1 6:40,3036.1,3036.65,3036.33,3035.58,-3,-1,0,1,S,-,FIGHT"
2026-07-01T06:45:00.000-04:00,"2026-7-1 6:45,3036.4,3036.51,3036.34,3035.62,-3,0,0,1,-,-,neutral"
2026-07-01T06:50:00.000-04:00,"2026-7-1 6:50,3037.1,3036.68,3036.39,3035.67,7,1,0,1,B,-,tide_only"
2026-07-01T06:55:00.000-04:00,"2026-7-1 6:55,3037,3036.76,3036.44,3035.73,7,1,0,0,-,-,FIGHT"
2026-07-01T07:00:00.000-04:00,"2026-7-1 7:00,3037.8,3037.12,3036.55,3035.81,7,1,0,0,-,-,FIGHT"
2026-07-01T07:05:00.000-04:00,"2026-7-1 7:05,3037.4,3037.23,3036.61,3035.87,7,1,0,0,-,-,FIGHT"
2026-07-01T07:10:00.000-04:00,"2026-7-1 7:10,3037.4,3037.31,3036.67,3035.93,7,1,0,0,-,-,FIGHT"
2026-07-01T07:15:00.000-04:00,"2026-7-1 7:15,3038,3037.59,3036.77,3036.01,7,1,0,0,-,-,FIGHT"
2026-07-01T07:20:00.000-04:00,"2026-7-1 7:20,3037,3037.42,3036.79,3036.05,0,0,0,0,-,-,neutral"
2026-07-01T07:25:00.000-04:00,"2026-7-1 7:25,3036.6,3037.14,3036.78,3036.07,-3,-1,0,0,S,-,FIGHT"
2026-07-01T07:30:00.000-04:00,"2026-7-1 7:30,3035.6,3036.56,3036.69,3036.05,-5,-1,0,0,-,-,FIGHT"
2026-07-01T07:35:00.000-04:00,"2026-7-1 7:35,3035.3,3036.02,3036.58,3036.02,-5,-1,0,0,-,-,FIGHT"
2026-07-01T07:40:00.000-04:00,"2026-7-1 7:40,3035.4,3035.68,3036.49,3036,-5,-1,0,0,-,-,FIGHT"
2026-07-01T07:45:00.000-04:00,"2026-7-1 7:45,3034,3034.92,3036.3,3035.92,-5,-1,0,0,-,-,FIGHT"
2026-07-01T07:50:00.000-04:00,"2026-7-1 7:50,3033.1,3034.04,3036.05,3035.81,-5,-1,0,0,-,-,FIGHT"
2026-07-01T07:55:00.000-04:00,"2026-7-1 7:55,3033.4,3033.54,3035.85,3035.72,-5,-1,0,-1,-,-,tide_only"
2026-07-01T08:00:00.000-04:00,"2026-7-1 8:00,3030.6,3032.16,3035.44,3035.51,-5,-1,0,-1,-,-,tide_only"
2026-07-01T08:05:00.000-04:00,"2026-7-1 8:05,3031.8,3031.64,3035.16,3035.37,-3,-1,0,-1,-,-,tide_only"
2026-07-01T08:10:00.000-04:00,"2026-7-1 8:10,3033.6,3031.96,3035.04,3035.3,0,0,-1,-1,-,-,neutral"
2026-07-01T08:15:00.000-04:00,"2026-7-1 8:15,3037.8,3033.8,3035.26,3035.4,0,0,-1,-1,-,-,neutral"
2026-07-01T08:20:00.000-04:00,"2026-7-1 8:20,3037.1,3034.92,3035.4,3035.46,0,0,-1,-1,-,-,neutral"
2026-07-01T08:25:00.000-04:00,"2026-7-1 8:25,3037.6,3035.93,3035.57,3035.55,7,1,1,-1,B,-,wave_only"
2026-07-01T08:30:00.000-04:00,"2026-7-1 8:30,3034.3,3035.45,3035.47,3035.5,-3,-1,1,-1,S,-,tide_only"
2026-07-01T08:35:00.000-04:00,"2026-7-1 8:35,3035.8,3035.65,3035.49,3035.51,3,1,1,-1,B,-,wave_only"
2026-07-01T08:40:00.000-04:00,"2026-7-1 8:40,3035.2,3035.56,3035.47,3035.5,-5,0,0,-1,-,-,neutral"
2026-07-01T08:45:00.000-04:00,"2026-7-1 8:45,3036.1,3035.83,3035.52,3035.52,7,1,0,-1,-,-,FIGHT"
2026-07-01T08:50:00.000-04:00,"2026-7-1 8:50,3035,3035.61,3035.48,3035.5,0,0,0,-1,-,-,neutral"
2026-07-01T08:55:00.000-04:00,"2026-7-1 8:55,3034.1,3035.11,3035.37,3035.45,-5,-1,-1,-1,S,SELL,RIDE_both"
2026-07-01T09:00:00.000-04:00,"2026-7-1 9:00,3034,3034.71,3035.27,3035.39,-5,-1,-1,-1,-,-,RIDE_both"
2026-07-01T09:05:00.000-04:00,"2026-7-1 9:05,3030.1,3032.97,3034.87,3035.18,-7,-1,-1,-1,-,-,RIDE_both"
2026-07-01T09:10:00.000-04:00,"2026-7-1 9:10,3030.2,3031.74,3034.51,3034.99,-7,-1,-1,-1,-,-,RIDE_both"
2026-07-01T09:15:00.000-04:00,"2026-7-1 9:15,3034.1,3032.31,3034.48,3034.95,0,0,-1,-1,-,-,neutral"
2026-07-01T09:20:00.000-04:00,"2026-7-1 9:20,3035.8,3033.4,3034.58,3034.99,0,0,-1,-1,-,-,neutral"
2026-07-01T09:25:00.000-04:00,"2026-7-1 9:25,3039.2,3035.47,3034.94,3035.15,7,1,0,-1,B,-,FIGHT"
2026-07-01T09:30:00.000-04:00,"2026-7-1 9:30,3036.9,3036.14,3035.09,3035.22,7,1,0,-1,-,-,FIGHT"
2026-07-01T09:35:00.000-04:00,"2026-7-1 9:35,3032.6,3035.02,3034.9,3035.12,0,0,0,-1,-,-,neutral"
2026-07-01T09:40:00.000-04:00,"2026-7-1 9:40,3036.4,3035.6,3035.01,3035.17,7,1,0,-1,-,-,FIGHT"
2026-07-01T09:45:00.000-04:00,"2026-7-1 9:45,3040.5,3037.53,3035.43,3035.38,7,1,0,-1,-,-,FIGHT"
2026-07-01T09:50:00.000-04:00,"2026-7-1 9:50,3047.4,3041.48,3036.35,3035.85,7,1,0,-1,-,-,FIGHT"
2026-07-01T09:55:00.000-04:00,"2026-7-1 9:55,3050.9,3045.63,3037.47,3036.44,7,1,1,1,-,-,RIDE_both"
2026-07-01T10:00:00.000-04:00,"2026-7-1 10:00,3058.2,3051.28,3039.07,3037.29,7,1,1,1,-,-,RIDE_both"
2026-07-01T10:05:00.000-04:00,"2026-7-1 10:05,3060.4,3056.11,3040.71,3038.2,5,1,1,1,-,-,RIDE_both"
2026-07-01T10:10:00.000-04:00,"2026-7-1 10:10,3061.6,3059.91,3042.32,3039.12,7,1,1,1,-,-,RIDE_both"
2026-07-01T10:15:00.000-04:00,"2026-7-1 10:15,3060.1,3061.93,3043.68,3039.94,7,1,1,1,-,-,RIDE_both"
2026-07-01T10:20:00.000-04:00,"2026-7-1 10:20,3060.9,3063.48,3045.01,3040.76,0,0,1,1,-,-,neutral"
2026-07-01T10:25:00.000-04:00,"2026-7-1 10:25,3056.1,3062.61,3045.86,3041.36,0,0,1,1,-,-,neutral"
2026-07-01T10:30:00.000-04:00,"2026-7-1 10:30,3053.8,3060.9,3046.47,3041.85,0,0,1,1,-,-,neutral"
2026-07-01T10:35:00.000-04:00,"2026-7-1 10:35,3055.1,3059.95,3047.14,3042.37,0,0,1,1,-,-,neutral"
2026-07-01T10:40:00.000-04:00,"2026-7-1 10:40,3050.1,3057.25,3047.36,3042.67,0,0,0,1,-,-,neutral"
2026-07-01T10:45:00.000-04:00,"2026-7-1 10:45,3045.7,3053.52,3047.24,3042.79,0,0,0,1,-,-,neutral"
2026-07-01T10:50:00.000-04:00,"2026-7-1 10:50,3049.2,3052.01,3047.39,3043.04,0,0,0,1,-,-,neutral"
2026-07-01T10:55:00.000-04:00,"2026-7-1 10:55,3049.8,3051.1,3047.57,3043.31,0,0,0,1,-,-,neutral"
2026-07-01T11:00:00.000-04:00,"2026-7-1 11:00,3056.4,3052.86,3048.25,3043.82,7,1,0,1,-,-,tide_only"
2026-07-01T11:05:00.000-04:00,"2026-7-1 11:05,3056.2,3054.06,3048.86,3044.31,7,1,0,1,-,-,tide_only"
2026-07-01T11:10:00.000-04:00,"2026-7-1 11:10,3059.9,3056.29,3049.71,3044.92,7,1,1,1,-,-,RIDE_both"
2026-07-01T11:15:00.000-04:00,"2026-7-1 11:15,3062.5,3058.85,3050.7,3045.61,7,1,1,1,-,-,RIDE_both"
2026-07-01T11:20:00.000-04:00,"2026-7-1 11:20,3065.6,3061.81,3051.84,3046.39,7,1,1,1,-,-,RIDE_both"
2026-07-01T11:25:00.000-04:00,"2026-7-1 11:25,3067.4,3064.56,3053.04,3047.22,7,1,1,1,-,-,RIDE_both"
2026-07-01T11:30:00.000-04:00,"2026-7-1 11:30,3064.4,3065.36,3053.91,3047.89,0,0,1,1,-,-,neutral"
2026-07-01T11:35:00.000-04:00,"2026-7-1 11:35,3063.7,3065.58,3054.67,3048.51,0,0,1,1,-,-,neutral"
2026-07-01T11:40:00.000-04:00,"2026-7-1 11:40,3065.1,3066.14,3055.47,3049.16,7,1,1,1,-,-,RIDE_both"
2026-07-01T11:45:00.000-04:00,"2026-7-1 11:45,3061,3064.92,3055.89,3049.62,0,0,1,1,-,-,neutral"
2026-07-01T11:50:00.000-04:00,"2026-7-1 11:50,3060.7,3063.83,3056.26,3050.06,0,0,1,1,-,-,neutral"
2026-07-01T11:55:00.000-04:00,"2026-7-1 11:55,3061.4,3063.22,3056.66,3050.5,0,0,0,1,-,-,neutral"
2026-07-01T12:00:00.000-04:00,"2026-7-1 12:00,3062.4,3063.08,3057.1,3050.97,0,0,0,1,-,-,neutral"
2026-07-01T12:05:00.000-04:00,"2026-7-1 12:05,3063,3063.17,3057.55,3051.44,0,0,0,1,-,-,neutral"
2026-07-01T12:10:00.000-04:00,"2026-7-1 12:10,3061.6,3062.67,3057.87,3051.84,0,0,0,1,-,-,neutral"
2026-07-01T12:15:00.000-04:00,"2026-7-1 12:15,3059.9,3061.65,3058.02,3052.16,0,0,0,1,-,-,neutral"
2026-07-01T12:20:00.000-04:00,"2026-7-1 12:20,3062.4,3061.81,3058.36,3052.56,7,0,0,1,-,-,neutral"
2026-07-01T12:25:00.000-04:00,"2026-7-1 12:25,3063,3062.14,3058.72,3052.97,7,1,0,1,-,-,tide_only"
2026-07-01T12:30:00.000-04:00,"2026-7-1 12:30,3063.3,3062.48,3059.07,3053.37,7,1,0,1,-,-,tide_only"
2026-07-01T12:35:00.000-04:00,"2026-7-1 12:35,3061,3061.87,3059.22,3053.67,-3,-1,0,1,S,-,FIGHT"
2026-07-01T12:40:00.000-04:00,"2026-7-1 12:40,3061.1,3061.45,3059.36,3053.96,-3,-1,0,1,-,-,FIGHT"
2026-07-01T12:45:00.000-04:00,"2026-7-1 12:45,3058.3,3060.11,3059.28,3054.13,-3,-1,0,1,-,-,FIGHT"
2026-07-01T12:50:00.000-04:00,"2026-7-1 12:50,3057.8,3058.95,3059.17,3054.28,-5,-1,0,1,-,-,FIGHT"
2026-07-01T12:55:00.000-04:00,"2026-7-1 12:55,3057.1,3057.87,3059.01,3054.39,-5,-1,0,1,-,-,FIGHT"
2026-07-01T13:00:00.000-04:00,"2026-7-1 13:00,3055.5,3056.51,3058.74,3054.43,-5,-1,0,1,-,-,FIGHT"
2026-07-01T13:05:00.000-04:00,"2026-7-1 13:05,3055.7,3055.64,3058.5,3054.48,-5,-1,0,1,-,-,FIGHT"
2026-07-01T13:10:00.000-04:00,"2026-7-1 13:10,3056.1,3055.21,3058.32,3054.54,-5,-1,0,1,-,-,FIGHT"
2026-07-01T13:15:00.000-04:00,"2026-7-1 13:15,3056.3,3055.02,3058.16,3054.61,-3,-1,0,1,-,-,FIGHT"
2026-07-01T13:20:00.000-04:00,"2026-7-1 13:20,3057.1,3055.24,3058.08,3054.71,0,0,0,1,-,-,neutral"
2026-07-01T13:25:00.000-04:00,"2026-7-1 13:25,3056.4,3055.2,3057.95,3054.78,0,0,0,1,-,-,neutral"
2026-07-01T13:30:00.000-04:00,"2026-7-1 13:30,3053.4,3054.1,3057.6,3054.72,-5,-1,0,1,-,-,FIGHT"
2026-07-01T13:35:00.000-04:00,"2026-7-1 13:35,3053,3053.2,3057.25,3054.66,-5,-1,0,1,-,-,FIGHT"
2026-07-01T13:40:00.000-04:00,"2026-7-1 13:40,3050.9,3051.82,3056.76,3054.51,-5,-1,0,1,-,-,FIGHT"
2026-07-01T13:45:00.000-04:00,"2026-7-1 13:45,3050.1,3050.58,3056.25,3054.34,-5,-1,0,1,-,-,FIGHT"
2026-07-01T13:50:00.000-04:00,"2026-7-1 13:50,3050.1,3049.74,3055.77,3054.17,-5,-1,0,1,-,-,FIGHT"
2026-07-01T13:55:00.000-04:00,"2026-7-1 13:55,3049.2,3048.87,3055.27,3053.97,-5,-1,0,0,-,-,FIGHT"
2026-07-01T14:00:00.000-04:00,"2026-7-1 14:00,3051.8,3049.28,3055,3053.89,0,0,0,0,-,-,neutral"
2026-07-01T14:05:00.000-04:00,"2026-7-1 14:05,3049.1,3048.65,3054.55,3053.7,-5,-1,0,0,-,-,FIGHT"
2026-07-01T14:10:00.000-04:00,"2026-7-1 14:10,3047.8,3047.79,3054.03,3053.47,-5,-1,-1,0,-,-,wave_only"
2026-07-01T14:15:00.000-04:00,"2026-7-1 14:15,3048,3047.3,3053.57,3053.26,0,0,-1,0,-,-,neutral"
2026-07-01T14:20:00.000-04:00,"2026-7-1 14:20,3048.2,3047.09,3053.15,3053.06,0,0,-1,0,-,-,neutral"
2026-07-01T14:25:00.000-04:00,"2026-7-1 14:25,3045.7,3046.08,3052.58,3052.77,-3,-1,-1,0,-,-,wave_only"
2026-07-01T14:30:00.000-04:00,"2026-7-1 14:30,3045.2,3045.22,3052.01,3052.47,-3,-1,-1,0,-,-,wave_only"
2026-07-01T14:35:00.000-04:00,"2026-7-1 14:35,3045.5,3044.78,3051.51,3052.2,0,0,-1,0,-,-,neutral"
2026-07-01T14:40:00.000-04:00,"2026-7-1 14:40,3044.1,3044.01,3050.94,3051.88,-7,-1,-1,0,-,-,wave_only"
2026-07-01T14:45:00.000-04:00,"2026-7-1 14:45,3042.2,3042.81,3050.27,3051.5,0,0,-1,0,-,-,neutral"
2026-07-01T14:50:00.000-04:00,"2026-7-1 14:50,3040.8,3041.5,3049.54,3051.08,0,0,-1,0,-,-,neutral"
2026-07-01T14:55:00.000-04:00,"2026-7-1 14:55,3043.3,3041.54,3049.06,3050.78,0,0,-1,0,-,-,neutral"
2026-07-01T15:00:00.000-04:00,"2026-7-1 15:00,3043.5,3041.73,3048.63,3050.49,0,0,-1,0,-,-,neutral"
2026-07-01T15:05:00.000-04:00,"2026-7-1 15:05,3046.9,3043.2,3048.5,3050.35,0,0,-1,0,-,-,neutral"
2026-07-01T15:10:00.000-04:00,"2026-7-1 15:10,3045.2,3043.7,3048.25,3050.15,0,0,-1,0,-,-,neutral"
2026-07-01T15:15:00.000-04:00,"2026-7-1 15:15,3046.5,3044.6,3048.11,3050.01,0,0,-1,0,-,-,neutral"
2026-07-01T15:20:00.000-04:00,"2026-7-1 15:20,3045.8,3045.02,3047.93,3049.84,0,0,-1,0,-,-,neutral"
2026-07-01T15:25:00.000-04:00,"2026-7-1 15:25,3044,3044.68,3047.63,3049.61,-3,-1,-1,0,-,-,wave_only"
2026-07-01T15:30:00.000-04:00,"2026-7-1 15:30,3045.5,3045,3047.47,3049.45,0,0,-1,0,-,-,neutral"
2026-07-01T15:35:00.000-04:00,"2026-7-1 15:35,3042.3,3044.07,3047.07,3049.17,-7,-1,-1,0,-,-,wave_only"
2026-07-01T15:40:00.000-04:00,"2026-7-1 15:40,3041.9,3043.24,3046.67,3048.88,-7,-1,-1,0,-,-,wave_only"
2026-07-01T15:45:00.000-04:00,"2026-7-1 15:45,3040.2,3042.03,3046.17,3048.54,-7,-1,-1,0,-,-,wave_only"
2026-07-01T15:50:00.000-04:00,"2026-7-1 15:50,3037.6,3040.2,3045.51,3048.11,-7,-1,-1,0,-,-,wave_only"
2026-07-01T15:55:00.000-04:00,"2026-7-1 15:55,3034.3,3037.68,3044.65,3047.57,-7,-1,-1,0,-,-,wave_only"
2026-07-01T16:00:00.000-04:00,"2026-7-1 16:00,3030.4,3034.45,3043.56,3046.9,-7,-1,-1,0,-,-,wave_only"
2026-07-01T16:05:00.000-04:00,"2026-7-1 16:05,3029.9,3031.98,3042.51,3046.23,-7,-1,-1,0,-,-,wave_only"
2026-07-01T16:10:00.000-04:00,"2026-7-1 16:10,3030.6,3030.53,3041.59,3045.62,-7,-1,-1,0,-,-,wave_only"
2026-07-01T16:15:00.000-04:00,"2026-7-1 16:15,3029.5,3029.19,3040.66,3044.99,-7,-1,-1,0,-,-,wave_only"
2026-07-01T16:20:00.000-04:00,"2026-7-1 16:20,3030.9,3028.84,3039.91,3044.44,0,0,-1,0,-,-,neutral"
2026-07-01T16:25:00.000-04:00,"2026-7-1 16:25,3030.5,3028.57,3039.18,3043.89,0,0,-1,0,-,-,neutral"
2026-07-01T16:30:00.000-04:00,"2026-7-1 16:30,3028.9,3027.89,3038.39,3043.3,0,0,-1,0,-,-,neutral"
2026-07-01T16:35:00.000-04:00,"2026-7-1 16:35,3029.5,3027.72,3037.71,3042.76,0,0,-1,0,-,-,neutral"
2026-07-01T16:40:00.000-04:00,"2026-7-1 16:40,3029.8,3027.82,3037.1,3042.25,0,0,0,0,-,-,neutral"
2026-07-01T16:45:00.000-04:00,"2026-7-1 16:45,3029.8,3027.98,3036.54,3041.76,0,0,0,0,-,-,neutral"
2026-07-01T16:50:00.000-04:00,"2026-7-1 16:50,3029.6,3028.11,3036.01,3041.29,0,0,0,0,-,-,neutral"
2026-07-01T16:55:00.000-04:00,"2026-7-1 16:55,3031,3028.8,3035.62,3040.88,0,0,0,-1,-,-,neutral"
2026-07-01T18:00:00.000-04:00,"2026-7-1 18:00,3029.6,3028.84,3035.16,3040.44,0,0,0,-1,-,-,neutral"
2026-07-01T18:05:00.000-04:00,"2026-7-1 18:05,3030.5,3029.26,3034.8,3040.05,0,0,0,-1,-,-,neutral"
2026-07-01T18:10:00.000-04:00,"2026-7-1 18:10,3029.6,3029.27,3034.4,3039.64,0,0,0,-1,-,-,neutral"
2026-07-01T18:15:00.000-04:00,"2026-7-1 18:15,3029.8,3029.39,3034.05,3039.25,0,0,0,-1,-,-,neutral"
2026-07-01T18:20:00.000-04:00,"2026-7-1 18:20,3031.5,3030.14,3033.85,3038.95,0,0,0,-1,-,-,neutral"
2026-07-01T18:25:00.000-04:00,"2026-7-1 18:25,3032.4,3031.04,3033.74,3038.69,3,1,0,-1,B,-,FIGHT"
2026-07-01T18:30:00.000-04:00,"2026-7-1 18:30,3032.4,3031.71,3033.64,3038.45,3,1,0,-1,-,-,FIGHT"
2026-07-01T18:35:00.000-04:00,"2026-7-1 18:35,3032.1,3032.08,3033.52,3038.2,3,1,0,-1,-,-,FIGHT"
2026-07-01T18:40:00.000-04:00,"2026-7-1 18:40,3032.5,3032.5,3033.44,3037.97,3,1,0,-1,-,-,FIGHT"
2026-07-01T18:45:00.000-04:00,"2026-7-1 18:45,3031,3032.23,3033.25,3037.7,-7,-1,0,-1,S,-,tide_only"
2026-07-01T18:50:00.000-04:00,"2026-7-1 18:50,3030.8,3031.95,3033.06,3037.43,-7,-1,0,-1,-,-,tide_only"
2026-07-01T18:55:00.000-04:00,"2026-7-1 18:55,3031.9,3032.13,3032.97,3037.21,3,1,0,-1,B,-,FIGHT"
2026-07-01T19:00:00.000-04:00,"2026-7-1 19:00,3031.6,3032.15,3032.87,3036.99,0,0,0,-1,-,-,neutral"
2026-07-01T19:05:00.000-04:00,"2026-7-1 19:05,3031.3,3032.03,3032.75,3036.77,-7,-1,0,-1,S,-,tide_only"
2026-07-01T19:10:00.000-04:00,"2026-7-1 19:10,3031.2,3031.9,3032.63,3036.55,-7,-1,0,-1,-,-,tide_only"
2026-07-01T19:15:00.000-04:00,"2026-7-1 19:15,3031.4,3031.87,3032.53,3036.35,-7,0,0,-1,-,-,neutral"
2026-07-01T19:20:00.000-04:00,"2026-7-1 19:20,3030.5,3031.5,3032.38,3036.12,-7,-1,0,-1,-,-,tide_only"
2026-07-01T19:25:00.000-04:00,"2026-7-1 19:25,3031.1,3031.45,3032.28,3035.92,-7,-1,0,-1,-,-,tide_only"
2026-07-01T19:30:00.000-04:00,"2026-7-1 19:30,3030.9,3031.33,3032.17,3035.73,-7,-1,0,-1,-,-,tide_only"
2026-07-01T19:35:00.000-04:00,"2026-7-1 19:35,3031.2,3031.35,3032.1,3035.55,0,0,0,-1,-,-,neutral"
2026-07-01T19:40:00.000-04:00,"2026-7-1 19:40,3031.2,3031.37,3032.03,3035.38,0,0,0,-1,-,-,neutral"
2026-07-01T19:45:00.000-04:00,"2026-7-1 19:45,3027.6,3030.04,3031.69,3035.07,-7,-1,0,-1,-,-,tide_only"
2026-07-01T19:50:00.000-04:00,"2026-7-1 19:50,3029.4,3029.74,3031.51,3034.85,-7,-1,0,-1,-,-,tide_only"
2026-07-01T19:55:00.000-04:00,"2026-7-1 19:55,3029.3,3029.49,3031.34,3034.63,-7,-1,-1,-1,-,-,RIDE_both"
2026-07-01T20:00:00.000-04:00,"2026-7-1 20:00,3026,3028.1,3030.93,3034.29,-7,-1,-1,-1,-,-,RIDE_both"
2026-07-01T20:05:00.000-04:00,"2026-7-1 20:05,3027.7,3027.73,3030.68,3034.04,-7,-1,-1,-1,-,-,RIDE_both"
2026-07-01T20:10:00.000-04:00,"2026-7-1 20:10,3027.5,3027.42,3030.44,3033.78,-7,-1,-1,-1,-,-,RIDE_both"
2026-07-01T20:15:00.000-04:00,"2026-7-1 20:15,3026.7,3026.92,3030.15,3033.5,-7,-1,-1,-1,-,-,RIDE_both"
2026-07-01T20:20:00.000-04:00,"2026-7-1 20:20,3030.2,3027.88,3030.15,3033.37,0,0,-1,-1,-,-,neutral"
2026-07-01T20:25:00.000-04:00,"2026-7-1 20:25,3029.7,3028.43,3030.12,3033.23,0,0,0,-1,-,-,neutral"
2026-07-01T20:30:00.000-04:00,"2026-7-1 20:30,3029.4,3028.74,3030.06,3033.08,3,1,0,-1,B,-,FIGHT"
2026-07-01T20:35:00.000-04:00,"2026-7-1 20:35,3028.4,3028.6,3029.94,3032.89,-7,-1,0,-1,S,-,tide_only"
2026-07-01T20:40:00.000-04:00,"2026-7-1 20:40,3026.3,3027.73,3029.66,3032.64,-7,-1,-1,-1,-,-,RIDE_both"
2026-07-01T20:45:00.000-04:00,"2026-7-1 20:45,3028.5,3027.92,3029.57,3032.47,3,1,-1,-1,B,-,FIGHT"
2026-07-01T20:50:00.000-04:00,"2026-7-1 20:50,3030.6,3028.85,3029.65,3032.4,3,1,-1,-1,-,-,FIGHT"
2026-07-01T20:55:00.000-04:00,"2026-7-1 20:55,3030.9,3029.65,3029.74,3032.34,5,1,0,-1,-,-,FIGHT"
2026-07-01T21:00:00.000-04:00,"2026-7-1 21:00,3032.1,3030.68,3029.92,3032.33,5,1,0,-1,-,-,FIGHT"
2026-07-01T21:05:00.000-04:00,"2026-7-1 21:05,3032.3,3031.49,3030.11,3032.33,5,1,0,-1,-,-,FIGHT"
2026-07-01T21:10:00.000-04:00,"2026-7-1 21:10,3033.5,3032.51,3030.37,3032.38,5,1,0,-1,-,-,FIGHT"
2026-07-01T21:15:00.000-04:00,"2026-7-1 21:15,3033.2,3033.12,3030.59,3032.41,5,1,0,-1,-,-,FIGHT"
2026-07-01T21:20:00.000-04:00,"2026-7-1 21:20,3033.3,3033.56,3030.79,3032.44,5,1,0,-1,-,-,FIGHT"
2026-07-01T21:25:00.000-04:00,"2026-7-1 21:25,3033.8,3034.03,3031.03,3032.5,5,1,0,-1,-,-,FIGHT"
2026-07-01T21:30:00.000-04:00,"2026-7-1 21:30,3034.5,3034.59,3031.29,3032.58,3,1,0,-1,-,-,FIGHT"
2026-07-01T21:35:00.000-04:00,"2026-7-1 21:35,3036.2,3035.58,3031.67,3032.72,5,1,0,-1,-,-,FIGHT"
2026-07-01T21:40:00.000-04:00,"2026-7-1 21:40,3036.6,3036.41,3032.05,3032.87,5,1,1,-1,-,-,wave_only"
2026-07-01T21:45:00.000-04:00,"2026-7-1 21:45,3037.3,3037.23,3032.45,3033.04,5,1,1,-1,-,-,wave_only"
2026-07-01T21:50:00.000-04:00,"2026-7-1 21:50,3036.6,3037.5,3032.77,3033.18,0,0,1,-1,-,-,neutral"
2026-07-01T21:55:00.000-04:00,"2026-7-1 21:55,3036,3037.42,3033.02,3033.29,0,0,1,0,-,-,neutral"
2026-07-01T22:00:00.000-04:00,"2026-7-1 22:00,3036.6,3037.53,3033.3,3033.42,0,0,1,0,-,-,neutral"
2026-07-01T22:05:00.000-04:00,"2026-7-1 22:05,3036.9,3037.67,3033.57,3033.56,0,0,1,0,-,-,neutral"
2026-07-01T22:10:00.000-04:00,"2026-7-1 22:10,3037.5,3037.95,3033.88,3033.71,0,0,1,0,-,-,neutral"
2026-07-01T22:15:00.000-04:00,"2026-7-1 22:15,3037.6,3038.14,3034.16,3033.87,0,0,1,0,-,-,neutral"
2026-07-01T22:20:00.000-04:00,"2026-7-1 22:20,3036.9,3037.98,3034.37,3033.99,0,0,1,0,-,-,neutral"
2026-07-01T22:25:00.000-04:00,"2026-7-1 22:25,3037.5,3038.04,3034.61,3034.12,0,0,1,0,-,-,neutral"
2026-07-01T22:30:00.000-04:00,"2026-7-1 22:30,3037.6,3038.09,3034.84,3034.26,0,0,1,0,-,-,neutral"
2026-07-01T22:35:00.000-04:00,"2026-7-1 22:35,3037.1,3037.91,3035.02,3034.37,0,0,1,0,-,-,neutral"
2026-07-01T22:40:00.000-04:00,"2026-7-1 22:40,3037,3037.71,3035.17,3034.47,0,0,1,0,-,-,neutral"
2026-07-01T22:45:00.000-04:00,"2026-7-1 22:45,3037,3037.54,3035.31,3034.57,0,0,1,0,-,-,neutral"
2026-07-01T22:50:00.000-04:00,"2026-7-1 22:50,3037.3,3037.51,3035.46,3034.68,0,0,1,0,-,-,neutral"
2026-07-01T22:55:00.000-04:00,"2026-7-1 22:55,3037.5,3037.55,3035.62,3034.79,0,0,1,0,-,-,neutral"
2026-07-01T23:00:00.000-04:00,"2026-7-1 23:00,3036.7,3037.27,3035.7,3034.87,0,0,1,0,-,-,neutral"
2026-07-01T23:05:00.000-04:00,"2026-7-1 23:05,3036.4,3036.94,3035.76,3034.93,0,0,1,0,-,-,neutral"
2026-07-01T23:10:00.000-04:00,"2026-7-1 23:10,3036.4,3036.69,3035.81,3034.98,0,0,0,0,-,-,neutral"
2026-07-01T23:15:00.000-04:00,"2026-7-1 23:15,3035.7,3036.25,3035.8,3035.01,0,0,0,0,-,-,neutral"
2026-07-01T23:20:00.000-04:00,"2026-7-1 23:20,3035.1,3035.71,3035.74,3035.02,-5,-1,0,0,S,-,FIGHT"
2026-07-01T23:25:00.000-04:00,"2026-7-1 23:25,3035.5,3035.46,3035.73,3035.03,-5,-1,0,0,-,-,FIGHT"
2026-07-01T23:30:00.000-04:00,"2026-7-1 23:30,3037.3,3035.97,3035.85,3035.12,7,1,0,0,B,-,FIGHT"
2026-07-01T23:35:00.000-04:00,"2026-7-1 23:35,3035.8,3035.79,3035.84,3035.15,-5,-1,0,0,S,-,FIGHT"
2026-07-01T23:40:00.000-04:00,"2026-7-1 23:40,3035,3035.38,3035.78,3035.14,-5,-1,0,0,-,-,FIGHT"
2026-07-01T23:45:00.000-04:00,"2026-7-1 23:45,3036,3035.45,3035.8,3035.18,0,0,0,0,-,-,neutral"
2026-07-01T23:50:00.000-04:00,"2026-7-1 23:50,3035.7,3035.41,3035.79,3035.2,-5,-1,0,0,-,-,FIGHT"
2026-07-01T23:55:00.000-04:00,"2026-7-1 23:55,3035.6,3035.35,3035.77,3035.21,-5,-1,0,0,-,-,FIGHT"
2026-07-02T00:00:00.000-04:00,"2026-7-2 0:00,3034.9,3035.06,3035.71,3035.2,-5,-1,0,0,-,-,FIGHT"
2026-07-02T00:05:00.000-04:00,"2026-7-2 0:05,3033.9,3034.49,3035.57,3035.15,-5,-1,0,0,-,-,FIGHT"
2026-07-02T00:10:00.000-04:00,"2026-7-2 0:10,3032.7,3033.65,3035.35,3035.05,-5,-1,0,0,-,-,FIGHT"
2026-07-02T00:15:00.000-04:00,"2026-7-2 0:15,3032.2,3032.86,3035.1,3034.94,-5,-1,0,0,-,-,FIGHT"
2026-07-02T00:20:00.000-04:00,"2026-7-2 0:20,3032.7,3032.5,3034.92,3034.85,-3,-1,0,0,-,-,FIGHT"
2026-07-02T00:25:00.000-04:00,"2026-7-2 0:25,3032.8,3032.31,3034.76,3034.77,0,0,-1,0,-,-,neutral"
2026-07-02T00:30:00.000-04:00,"2026-7-2 0:30,3030.4,3031.31,3034.42,3034.6,-5,-1,-1,0,-,-,wave_only"
2026-07-02T00:35:00.000-04:00,"2026-7-2 0:35,3030.1,3030.51,3034.09,3034.43,-5,-1,-1,0,-,-,wave_only"
2026-07-02T00:40:00.000-04:00,"2026-7-2 0:40,3030.1,3029.96,3033.78,3034.26,0,0,-1,0,-,-,neutral"
2026-07-02T00:45:00.000-04:00,"2026-7-2 0:45,3030.6,3029.8,3033.54,3034.11,0,0,-1,0,-,-,neutral"
2026-07-02T00:50:00.000-04:00,"2026-7-2 0:50,3032.2,3030.31,3033.43,3034.04,0,0,-1,0,-,-,neutral"
2026-07-02T00:55:00.000-04:00,"2026-7-2 0:55,3032.5,3030.85,3033.36,3033.98,0,0,-1,-1,-,-,neutral"
2026-07-02T01:00:00.000-04:00,"2026-7-2 1:00,3032.8,3031.38,3033.32,3033.93,0,0,-1,-1,-,-,neutral"
2026-07-02T01:05:00.000-04:00,"2026-7-2 1:05,3034.5,3032.43,3033.41,3033.95,0,0,-1,-1,-,-,neutral"
2026-07-02T01:10:00.000-04:00,"2026-7-2 1:10,3034.2,3033.09,3033.47,3033.96,3,1,1,-1,B,-,wave_only"
2026-07-02T01:15:00.000-04:00,"2026-7-2 1:15,3034.4,3033.66,3033.54,3033.98,5,1,1,-1,-,-,wave_only"
2026-07-02T01:20:00.000-04:00,"2026-7-2 1:20,3034.4,3034.07,3033.61,3034,5,1,1,-1,-,-,wave_only"
2026-07-02T01:25:00.000-04:00,"2026-7-2 1:25,3033,3033.84,3033.56,3033.96,0,0,-1,-1,-,-,neutral"
2026-07-02T01:30:00.000-04:00,"2026-7-2 1:30,3032.2,3033.36,3033.46,3033.89,-3,-1,-1,-1,S,SELL,RIDE_both"
2026-07-02T01:35:00.000-04:00,"2026-7-2 1:35,3030.6,3032.41,3033.24,3033.76,-7,-1,-1,-1,-,-,RIDE_both"
2026-07-02T01:40:00.000-04:00,"2026-7-2 1:40,3030.1,3031.53,3033,3033.62,-7,-1,-1,-1,-,-,RIDE_both"
2026-07-02T01:45:00.000-04:00,"2026-7-2 1:45,3029.6,3030.71,3032.73,3033.46,-7,-1,-1,-1,-,-,RIDE_both"
2026-07-02T01:50:00.000-04:00,"2026-7-2 1:50,3029.3,3030.01,3032.47,3033.3,-7,-1,-1,-1,-,-,RIDE_both"
2026-07-02T01:55:00.000-04:00,"2026-7-2 1:55,3029.7,3029.67,3032.26,3033.15,-7,-1,-1,-1,-,-,RIDE_both"
2026-07-02T02:00:00.000-04:00,"2026-7-2 2:00,3028.4,3028.97,3031.96,3032.97,-7,-1,-1,-1,-,-,RIDE_both"
2026-07-02T02:05:00.000-04:00,"2026-7-2 2:05,3027.3,3028.08,3031.6,3032.75,-7,-1,-1,-1,-,-,RIDE_both"
2026-07-02T02:10:00.000-04:00,"2026-7-2 2:10,3026.9,3027.32,3031.24,3032.52,-7,-1,-1,-1,-,-,RIDE_both"
2026-07-02T02:15:00.000-04:00,"2026-7-2 2:15,3027.4,3026.99,3030.94,3032.32,-7,0,-1,-1,-,-,neutral"
2026-07-02T02:20:00.000-04:00,"2026-7-2 2:20,3027.2,3026.72,3030.66,3032.12,-7,0,-1,-1,-,-,neutral"
2026-07-02T02:25:00.000-04:00,"2026-7-2 2:25,3026.5,3026.3,3030.34,3031.9,-7,-1,-1,-1,-,-,RIDE_both"
2026-07-02T02:30:00.000-04:00,"2026-7-2 2:30,3028.2,3026.67,3030.17,3031.75,0,0,-1,-1,-,-,neutral"
2026-07-02T02:35:00.000-04:00,"2026-7-2 2:35,3027.4,3026.69,3029.96,3031.58,0,0,-1,-1,-,-,neutral"
2026-07-02T02:40:00.000-04:00,"2026-7-2 2:40,3026.7,3026.48,3029.71,3031.39,-3,-1,-1,-1,-,-,RIDE_both"
2026-07-02T02:45:00.000-04:00,"2026-7-2 2:45,3025,3025.72,3029.35,3031.14,-7,-1,-1,-1,-,-,RIDE_both"
2026-07-02T02:50:00.000-04:00,"2026-7-2 2:50,3025.5,3025.39,3029.05,3030.92,-7,-1,-1,-1,-,-,RIDE_both"
2026-07-02T02:55:00.000-04:00,"2026-7-2 2:55,3026,3025.36,3028.82,3030.72,0,0,-1,-1,-,-,neutral"
2026-07-02T03:00:00.000-04:00,"2026-7-2 3:00,3024.7,3024.9,3028.5,3030.49,-7,-1,-1,-1,-,-,RIDE_both"
2026-07-02T03:05:00.000-04:00,"2026-7-2 3:05,3025,3024.71,3028.23,3030.27,-3,-1,-1,-1,-,-,RIDE_both"
2026-07-02T03:10:00.000-04:00,"2026-7-2 3:10,3022.7,3023.75,3027.8,3029.98,-7,-1,-1,-1,-,-,RIDE_both"
2026-07-02T03:15:00.000-04:00,"2026-7-2 3:15,3025.7,3024.19,3027.64,3029.81,0,0,-1,-1,-,-,neutral"
2026-07-02T03:20:00.000-04:00,"2026-7-2 3:20,3027.1,3025.07,3027.6,3029.7,0,0,-1,-1,-,-,neutral"
2026-07-02T03:25:00.000-04:00,"2026-7-2 3:25,3026.5,3025.52,3027.52,3029.58,0,0,0,-1,-,-,neutral"
2026-07-02T03:30:00.000-04:00,"2026-7-2 3:30,3027.2,3026.12,3027.49,3029.48,3,1,0,-1,B,-,FIGHT"
2026-07-02T03:35:00.000-04:00,"2026-7-2 3:35,3028.9,3027.2,3027.6,3029.46,3,1,0,-1,-,-,FIGHT"
2026-07-02T03:40:00.000-04:00,"2026-7-2 3:40,3031.7,3029.03,3027.92,3029.55,5,1,0,-1,-,-,FIGHT"
2026-07-02T03:45:00.000-04:00,"2026-7-2 3:45,3032.3,3030.58,3028.25,3029.66,5,1,0,-1,-,-,FIGHT"
2026-07-02T03:50:00.000-04:00,"2026-7-2 3:50,3030.9,3031.15,3028.46,3029.7,5,1,0,-1,-,-,FIGHT"
2026-07-02T03:55:00.000-04:00,"2026-7-2 3:55,3030.5,3031.38,3028.61,3029.74,0,0,0,0,-,-,neutral"
2026-07-02T04:00:00.000-04:00,"2026-7-2 4:00,3030,3031.32,3028.72,3029.75,0,0,0,0,-,-,neutral"
2026-07-02T04:05:00.000-04:00,"2026-7-2 4:05,3031.4,3031.75,3028.93,3029.81,3,1,0,0,-,-,FIGHT"
2026-07-02T04:10:00.000-04:00,"2026-7-2 4:10,3029.8,3031.43,3028.99,3029.81,0,0,0,0,-,-,neutral"
2026-07-02T04:15:00.000-04:00,"2026-7-2 4:15,3031,3031.59,3029.15,3029.86,0,0,0,0,-,-,neutral"
2026-07-02T04:20:00.000-04:00,"2026-7-2 4:20,3033,3032.42,3029.44,3029.98,5,1,0,0,-,-,FIGHT"
2026-07-02T04:25:00.000-04:00,"2026-7-2 4:25,3033.2,3033.06,3029.73,3030.11,5,1,1,0,-,-,wave_only"
2026-07-02T04:30:00.000-04:00,"2026-7-2 4:30,3034.4,3033.94,3030.09,3030.28,5,1,1,0,-,-,wave_only"
2026-07-02T04:35:00.000-04:00,"2026-7-2 4:35,3034.4,3034.53,3030.42,3030.44,5,1,1,0,-,-,wave_only"
2026-07-02T04:40:00.000-04:00,"2026-7-2 4:40,3033.8,3034.69,3030.68,3030.57,0,0,1,0,-,-,neutral"
2026-07-02T04:45:00.000-04:00,"2026-7-2 4:45,3036,3035.57,3031.09,3030.78,7,1,1,0,-,-,wave_only"
2026-07-02T04:50:00.000-04:00,"2026-7-2 4:50,3036.1,3036.2,3031.48,3030.99,5,1,1,0,-,-,wave_only"
2026-07-02T04:55:00.000-04:00,"2026-7-2 4:55,3035.8,3036.5,3031.81,3031.18,0,0,1,0,-,-,neutral"
2026-07-02T05:00:00.000-04:00,"2026-7-2 5:00,3035.4,3036.51,3032.09,3031.34,0,0,1,0,-,-,neutral"
2026-07-02T05:05:00.000-04:00,"2026-7-2 5:05,3034.5,3036.14,3032.27,3031.47,0,0,1,0,-,-,neutral"
2026-07-02T05:10:00.000-04:00,"2026-7-2 5:10,3035.4,3036.15,3032.51,3031.62,0,0,1,0,-,-,neutral"
2026-07-02T05:15:00.000-04:00,"2026-7-2 5:15,3034.8,3035.9,3032.69,3031.75,0,0,1,0,-,-,neutral"
2026-07-02T05:20:00.000-04:00,"2026-7-2 5:20,3035.6,3035.97,3032.91,3031.9,0,0,1,0,-,-,neutral"
2026-07-02T05:25:00.000-04:00,"2026-7-2 5:25,3035.7,3036.03,3033.13,3032.05,0,0,1,0,-,-,neutral"
2026-07-02T05:30:00.000-04:00,"2026-7-2 5:30,3037.3,3036.65,3033.45,3032.25,7,1,1,0,-,-,wave_only"
2026-07-02T05:35:00.000-04:00,"2026-7-2 5:35,3038.6,3037.55,3033.84,3032.5,7,1,1,0,-,-,wave_only"
2026-07-02T05:40:00.000-04:00,"2026-7-2 5:40,3038,3037.96,3034.16,3032.72,3,1,1,0,-,-,wave_only"
2026-07-02T05:45:00.000-04:00,"2026-7-2 5:45,3036.8,3037.78,3034.37,3032.88,0,0,1,0,-,-,neutral"
2026-07-02T05:50:00.000-04:00,"2026-7-2 5:50,3037.4,3037.83,3034.6,3033.06,0,0,1,0,-,-,neutral"
2026-07-02T05:55:00.000-04:00,"2026-7-2 5:55,3036.7,3037.58,3034.76,3033.2,0,0,1,0,-,-,neutral"
2026-07-02T06:00:00.000-04:00,"2026-7-2 6:00,3035.9,3037.07,3034.85,3033.3,0,0,1,0,-,-,neutral"
2026-07-02T06:05:00.000-04:00,"2026-7-2 6:05,3037.1,3037.13,3035.02,3033.45,0,0,1,0,-,-,neutral"
2026-07-02T06:10:00.000-04:00,"2026-7-2 6:10,3036.6,3036.97,3035.14,3033.58,0,0,0,0,-,-,neutral"
2026-07-02T06:15:00.000-04:00,"2026-7-2 6:15,3037.6,3037.21,3035.33,3033.73,7,1,0,0,-,-,FIGHT"
2026-07-02T06:20:00.000-04:00,"2026-7-2 6:20,3037,3037.15,3035.46,3033.86,0,0,0,0,-,-,neutral"
2026-07-02T06:25:00.000-04:00,"2026-7-2 6:25,3038.3,3037.58,3035.68,3034.04,7,1,1,0,-,-,wave_only"
2026-07-02T06:30:00.000-04:00,"2026-7-2 6:30,3039.5,3038.33,3035.97,3034.25,7,1,1,0,-,-,wave_only"
2026-07-02T06:35:00.000-04:00,"2026-7-2 6:35,3040.7,3039.31,3036.34,3034.5,7,1,1,0,-,-,wave_only"
2026-07-02T06:40:00.000-04:00,"2026-7-2 6:40,3040.8,3040.05,3036.68,3034.75,7,1,1,0,-,-,wave_only"
2026-07-02T06:45:00.000-04:00,"2026-7-2 6:45,3040.3,3040.37,3036.96,3034.97,7,1,1,0,-,-,wave_only"
2026-07-02T06:50:00.000-04:00,"2026-7-2 6:50,3039.9,3040.42,3037.18,3035.16,0,0,1,0,-,-,neutral"
2026-07-02T06:55:00.000-04:00,"2026-7-2 6:55,3038.7,3039.99,3037.3,3035.3,0,0,0,0,-,-,neutral"
2026-07-02T07:00:00.000-04:00,"2026-7-2 7:00,3038.8,3039.68,3037.42,3035.44,0,0,0,0,-,-,neutral"
2026-07-02T07:05:00.000-04:00,"2026-7-2 7:05,3039.5,3039.69,3037.58,3035.6,0,0,0,0,-,-,neutral"
2026-07-02T07:10:00.000-04:00,"2026-7-2 7:10,3040.2,3039.94,3037.78,3035.78,7,1,1,0,-,-,wave_only"
2026-07-02T07:15:00.000-04:00,"2026-7-2 7:15,3039.7,3039.93,3037.93,3035.93,0,0,1,0,-,-,neutral"
2026-07-02T07:20:00.000-04:00,"2026-7-2 7:20,3040.9,3040.34,3038.16,3036.13,7,1,1,0,-,-,wave_only"
2026-07-02T07:25:00.000-04:00,"2026-7-2 7:25,3041,3040.67,3038.37,3036.32,7,1,1,0,-,-,wave_only"
2026-07-02T07:30:00.000-04:00,"2026-7-2 7:30,3040.6,3040.75,3038.55,3036.49,0,0,1,0,-,-,neutral"
2026-07-02T07:35:00.000-04:00,"2026-7-2 7:35,3042,3041.3,3038.81,3036.7,7,1,1,0,-,-,wave_only"
2026-07-02T07:40:00.000-04:00,"2026-7-2 7:40,3042.5,3041.88,3039.09,3036.93,7,1,1,0,-,-,wave_only"
2026-07-02T07:45:00.000-04:00,"2026-7-2 7:45,3044,3042.83,3039.47,3037.21,7,1,1,0,-,-,wave_only"
2026-07-02T07:50:00.000-04:00,"2026-7-2 7:50,3041.6,3042.61,3039.64,3037.38,0,0,1,0,-,-,neutral"
2026-07-02T07:55:00.000-04:00,"2026-7-2 7:55,3041,3042.2,3039.74,3037.52,0,0,0,1,-,-,neutral"
2026-07-02T08:00:00.000-04:00,"2026-7-2 8:00,3043.3,3042.72,3040.01,3037.75,7,1,0,1,-,-,tide_only"
2026-07-02T08:05:00.000-04:00,"2026-7-2 8:05,3042.6,3042.83,3040.21,3037.94,0,0,0,1,-,-,neutral"
2026-07-02T08:10:00.000-04:00,"2026-7-2 8:10,3043,3043.03,3040.43,3038.14,7,1,1,1,-,-,RIDE_both"
2026-07-02T08:15:00.000-04:00,"2026-7-2 8:15,3044,3043.52,3040.7,3038.37,7,1,1,1,-,-,RIDE_both"
2026-07-02T08:20:00.000-04:00,"2026-7-2 8:20,3044.4,3044.01,3040.99,3038.6,7,1,1,1,-,-,RIDE_both"
2026-07-02T08:25:00.000-04:00,"2026-7-2 8:25,3045.1,3044.6,3041.3,3038.86,7,1,1,1,-,-,RIDE_both"
2026-07-02T08:30:00.000-04:00,"2026-7-2 8:30,3058.6,3050,3042.63,3039.63,7,1,1,1,-,-,RIDE_both"
2026-07-02T08:35:00.000-04:00,"2026-7-2 8:35,3058.6,3053.91,3043.86,3040.38,7,1,1,1,-,-,RIDE_both"
2026-07-02T08:40:00.000-04:00,"2026-7-2 8:40,3055.5,3055.52,3044.76,3040.97,7,1,1,1,-,-,RIDE_both"
2026-07-02T08:45:00.000-04:00,"2026-7-2 8:45,3054.7,3056.28,3045.52,3041.51,7,1,1,1,-,-,RIDE_both"
2026-07-02T08:50:00.000-04:00,"2026-7-2 8:50,3052.8,3056.01,3046.08,3041.95,0,0,1,1,-,-,neutral"
2026-07-02T08:55:00.000-04:00,"2026-7-2 8:55,3051,3055.02,3046.46,3042.3,0,0,1,1,-,-,neutral"
2026-07-02T09:00:00.000-04:00,"2026-7-2 9:00,3050.5,3054.01,3046.77,3042.63,0,0,1,1,-,-,neutral"
2026-07-02T09:05:00.000-04:00,"2026-7-2 9:05,3049.8,3052.92,3047,3042.91,0,0,1,1,-,-,neutral"
2026-07-02T09:10:00.000-04:00,"2026-7-2 9:10,3047.9,3051.36,3047.07,3043.1,0,0,0,1,-,-,neutral"
2026-07-02T09:15:00.000-04:00,"2026-7-2 9:15,3048.1,3050.25,3047.15,3043.3,0,0,0,1,-,-,neutral"
2026-07-02T09:20:00.000-04:00,"2026-7-2 9:20,3048.3,3049.48,3047.24,3043.5,-3,-1,0,1,S,-,FIGHT"
2026-07-02T09:25:00.000-04:00,"2026-7-2 9:25,3044.3,3047.43,3047.01,3043.53,-3,-1,0,1,-,-,FIGHT"
2026-07-02T09:30:00.000-04:00,"2026-7-2 9:30,3044.9,3046.16,3046.85,3043.58,-5,-1,0,1,-,-,FIGHT"
2026-07-02T09:35:00.000-04:00,"2026-7-2 9:35,3045.1,3045.32,3046.72,3043.64,-5,-1,0,1,-,-,FIGHT"
2026-07-02T09:40:00.000-04:00,"2026-7-2 9:40,3054.9,3048.38,3047.35,3044.08,7,1,1,1,B,BUY,RIDE_both"
2026-07-02T09:45:00.000-04:00,"2026-7-2 9:45,3056.6,3051.28,3048.06,3044.57,7,1,1,1,-,-,RIDE_both"
2026-07-02T09:50:00.000-04:00,"2026-7-2 9:50,3055.7,3053.06,3048.65,3045.01,7,1,1,1,-,-,RIDE_both"
2026-07-02T09:55:00.000-04:00,"2026-7-2 9:55,3058,3055.19,3049.37,3045.52,7,1,1,1,-,-,RIDE_both"
2026-07-02T10:00:00.000-04:00,"2026-7-2 10:00,3051.7,3054.37,3049.55,3045.76,0,0,1,1,-,-,neutral"
2026-07-02T10:05:00.000-04:00,"2026-7-2 10:05,3049,3052.71,3049.5,3045.89,0,0,1,1,-,-,neutral"
2026-07-02T10:10:00.000-04:00,"2026-7-2 10:10,3054.5,3053.49,3049.89,3046.23,7,1,0,1,-,-,tide_only"
2026-07-02T10:15:00.000-04:00,"2026-7-2 10:15,3048.5,3051.82,3049.78,3046.31,-3,0,0,1,-,-,neutral"
2026-07-02T10:20:00.000-04:00,"2026-7-2 10:20,3039.4,3047.2,3048.98,3046.04,-5,-1,0,1,S,-,FIGHT"
2026-07-02T10:25:00.000-04:00,"2026-7-2 10:25,3034.1,3041.86,3047.84,3045.58,-5,-1,0,1,-,-,FIGHT"
2026-07-02T10:30:00.000-04:00,"2026-7-2 10:30,3032.7,3037.5,3046.67,3045.07,-5,-1,0,1,-,-,FIGHT"
2026-07-02T10:35:00.000-04:00,"2026-7-2 10:35,3033.9,3034.86,3045.69,3044.63,-5,-1,0,1,-,-,FIGHT"
2026-07-02T10:40:00.000-04:00,"2026-7-2 10:40,3026.5,3030.33,3044.21,3043.92,-5,-1,-1,1,-,-,wave_only"
2026-07-02T10:45:00.000-04:00,"2026-7-2 10:45,3029.1,3028.14,3043.05,3043.34,-3,-1,-1,1,-,-,wave_only"
2026-07-02T10:50:00.000-04:00,"2026-7-2 10:50,3023.1,3024.52,3041.52,3042.55,-5,-1,-1,1,-,-,wave_only"
2026-07-02T10:55:00.000-04:00,"2026-7-2 10:55,3026.4,3023.29,3040.35,3041.91,0,0,-1,0,-,-,neutral"
2026-07-02T11:00:00.000-04:00,"2026-7-2 11:00,3017.4,3019.28,3038.59,3040.95,-5,-1,-1,0,-,-,wave_only"
2026-07-02T11:05:00.000-04:00,"2026-7-2 11:05,3012.8,3014.87,3036.6,3039.85,-5,-1,-1,0,-,-,wave_only"
2026-07-02T11:10:00.000-04:00,"2026-7-2 11:10,3015.2,3012.78,3034.96,3038.88,0,0,-1,0,-,-,neutral"
2026-07-02T11:15:00.000-04:00,"2026-7-2 11:15,3008,3008.85,3032.88,3037.67,-5,-1,-1,0,-,-,wave_only"
2026-07-02T11:20:00.000-04:00,"2026-7-2 11:20,3015.1,3008.87,3031.52,3036.79,0,0,-1,0,-,-,neutral"
2026-07-02T11:25:00.000-04:00,"2026-7-2 11:25,3011.8,3007.94,3030,3035.81,0,0,-1,0,-,-,neutral"
2026-07-02T11:30:00.000-04:00,"2026-7-2 11:30,3020,3010.55,3029.23,3035.19,0,0,-1,0,-,-,neutral"
2026-07-02T11:35:00.000-04:00,"2026-7-2 11:35,3021.7,3013.33,3028.65,3034.66,0,0,-1,0,-,-,neutral"
2026-07-02T11:40:00.000-04:00,"2026-7-2 11:40,3019.9,3014.87,3027.98,3034.08,0,0,-1,0,-,-,neutral"
2026-07-02T11:45:00.000-04:00,"2026-7-2 11:45,3016.1,3014.72,3027.06,3033.37,-7,0,-1,0,-,-,neutral"
2026-07-02T11:50:00.000-04:00,"2026-7-2 11:50,3015.7,3014.57,3026.19,3032.68,-7,0,-1,0,-,-,neutral"
2026-07-02T11:55:00.000-04:00,"2026-7-2 11:55,3015.4,3014.45,3025.36,3032,-7,0,-1,-1,-,-,neutral"
2026-07-02T12:00:00.000-04:00,"2026-7-2 12:00,3013.6,3013.79,3024.46,3031.28,-7,-1,-1,-1,-,-,RIDE_both"
2026-07-02T12:05:00.000-04:00,"2026-7-2 12:05,3012.3,3012.9,3023.52,3030.54,-7,-1,-1,-1,-,-,RIDE_both"
2026-07-02T12:10:00.000-04:00,"2026-7-2 12:10,3016.8,3013.99,3023,3030,0,0,0,-1,-,-,neutral"
2026-07-02T12:15:00.000-04:00,"2026-7-2 12:15,3011.7,3012.97,3022.13,3029.28,-7,-1,0,-1,-,-,tide_only"
2026-07-02T12:20:00.000-04:00,"2026-7-2 12:20,3008.1,3010.96,3021.05,3028.45,-7,-1,0,-1,-,-,tide_only"
2026-07-02T12:25:00.000-04:00,"2026-7-2 12:25,3007.4,3009.29,3020,3027.62,-7,-1,-1,-1,-,-,RIDE_both"
2026-07-02T12:30:00.000-04:00,"2026-7-2 12:30,3003.8,3006.81,3018.76,3026.69,-7,-1,-1,-1,-,-,RIDE_both"
2026-07-02T12:35:00.000-04:00,"2026-7-2 12:35,3003.2,3004.86,3017.56,3025.77,-7,-1,-1,-1,-,-,RIDE_both"
2026-07-02T12:40:00.000-04:00,"2026-7-2 12:40,3007.1,3004.98,3016.76,3025.04,0,0,0,-1,-,-,neutral"
2026-07-02T12:45:00.000-04:00,"2026-7-2 12:45,3006.5,3004.96,3015.97,3024.31,-7,0,0,-1,-,-,neutral"
2026-07-02T12:50:00.000-04:00,"2026-7-2 12:50,3008.2,3005.67,3015.37,3023.68,0,0,0,-1,-,-,neutral"
2026-07-02T12:55:00.000-04:00,"2026-7-2 12:55,3004.2,3004.79,3014.51,3022.91,-7,-1,0,-1,-,-,tide_only"
2026-07-02T13:00:00.000-04:00,"2026-7-2 13:00,2997.3,3001.66,3013.19,3021.91,-7,-1,0,-1,-,-,tide_only"
2026-07-02T13:05:00.000-04:00,"2026-7-2 13:05,2997.8,2999.64,3012,3020.96,-7,-1,0,-1,-,-,tide_only"
2026-07-02T13:10:00.000-04:00,"2026-7-2 13:10,3000.4,2999.22,3011.11,3020.16,-7,-1,-1,-1,-,-,RIDE_both"
2026-07-02T13:15:00.000-04:00,"2026-7-2 13:15,3000.7,2999.13,3010.31,3019.39,-7,0,-1,-1,-,-,neutral"
2026-07-02T13:20:00.000-04:00,"2026-7-2 13:20,2999.6,2998.76,3009.49,3018.62,-7,-1,-1,-1,-,-,RIDE_both"
2026-07-02T13:25:00.000-04:00,"2026-7-2 13:25,2999.8,2998.65,3008.74,3017.88,-7,0,0,-1,-,-,neutral"
2026-07-02T13:30:00.000-04:00,"2026-7-2 13:30,2997.3,2997.73,3007.86,3017.07,-7,-1,0,-1,-,-,tide_only"
2026-07-02T13:35:00.000-04:00,"2026-7-2 13:35,2994.2,2995.99,3006.81,3016.18,-7,-1,0,-1,-,-,tide_only"
2026-07-02T13:40:00.000-04:00,"2026-7-2 13:40,2994.6,2994.94,3005.87,3015.33,-7,-1,-1,-1,-,-,RIDE_both"
2026-07-02T13:45:00.000-04:00,"2026-7-2 13:45,2992.3,2993.42,3004.83,3014.43,-7,-1,-1,-1,-,-,RIDE_both"
2026-07-02T13:50:00.000-04:00,"2026-7-2 13:50,2993.2,2992.73,3003.93,3013.59,-3,-1,-1,-1,-,-,RIDE_both"
2026-07-02T13:55:00.000-04:00,"2026-7-2 13:55,2991.1,2991.54,3002.95,3012.71,-7,-1,-1,-1,-,-,RIDE_both"
2026-07-02T14:00:00.000-04:00,"2026-7-2 14:00,2991.7,2990.99,3002.08,3011.89,-3,-1,-1,-1,-,-,RIDE_both"
2026-07-02T14:05:00.000-04:00,"2026-7-2 14:05,3000.1,2993.79,3001.93,3011.43,0,0,-1,-1,-,-,neutral"
2026-07-02T14:10:00.000-04:00,"2026-7-2 14:10,2997.8,2995.08,3001.61,3010.89,0,0,0,-1,-,-,neutral"
2026-07-02T14:15:00.000-04:00,"2026-7-2 14:15,2993.3,2994.4,3000.97,3010.2,-7,-1,0,-1,-,-,tide_only"
2026-07-02T14:20:00.000-04:00,"2026-7-2 14:20,2995.7,2994.82,3000.57,3009.63,3,1,0,-1,B,-,FIGHT"
2026-07-02T14:25:00.000-04:00,"2026-7-2 14:25,2998.8,2996.31,3000.43,3009.21,3,1,0,-1,-,-,FIGHT"
2026-07-02T14:30:00.000-04:00,"2026-7-2 14:30,2998.7,2997.38,3000.3,3008.8,3,1,0,-1,-,-,FIGHT"
2026-07-02T14:35:00.000-04:00,"2026-7-2 14:35,3001.5,2999.21,3000.39,3008.51,3,1,0,-1,-,-,FIGHT"
2026-07-02T14:40:00.000-04:00,"2026-7-2 14:40,3001.8,3000.64,3000.5,3008.25,5,1,0,-1,-,-,FIGHT"
2026-07-02T14:45:00.000-04:00,"2026-7-2 14:45,3002.6,3001.95,3000.66,3008.03,5,1,0,-1,-,-,FIGHT"
2026-07-02T14:50:00.000-04:00,"2026-7-2 14:50,3000.9,3002.23,3000.68,3007.75,0,0,0,-1,-,-,neutral"
2026-07-02T14:55:00.000-04:00,"2026-7-2 14:55,3001.2,3002.49,3000.72,3007.49,0,0,0,-1,-,-,neutral"
2026-07-02T15:00:00.000-04:00,"2026-7-2 15:00,2995.2,3000.4,3000.29,3007.01,0,0,0,-1,-,-,neutral"
2026-07-02T15:05:00.000-04:00,"2026-7-2 15:05,2993.7,2998.27,2999.79,3006.49,-7,-1,0,-1,S,-,tide_only"
2026-07-02T15:10:00.000-04:00,"2026-7-2 15:10,2993.3,2996.54,2999.29,3005.97,-7,-1,-1,-1,-,-,RIDE_both"
2026-07-02T15:15:00.000-04:00,"2026-7-2 15:15,2991.6,2994.65,2998.7,3005.41,-7,-1,-1,-1,-,-,RIDE_both"
2026-07-02T15:20:00.000-04:00,"2026-7-2 15:20,2989.4,2992.47,2997.98,3004.78,-7,-1,-1,-1,-,-,RIDE_both"
2026-07-02T15:25:00.000-04:00,"2026-7-2 15:25,2994.5,2992.8,2997.71,3004.37,0,0,-1,-1,-,-,neutral"
2026-07-02T15:30:00.000-04:00,"2026-7-2 15:30,2997.9,2994.35,2997.73,3004.12,3,1,-1,-1,B,-,FIGHT"
2026-07-02T15:35:00.000-04:00,"2026-7-2 15:35,2998.5,2995.75,2997.79,3003.9,3,1,-1,-1,-,-,FIGHT"
2026-07-02T15:40:00.000-04:00,"2026-7-2 15:40,2999.5,2997.16,2997.92,3003.73,5,1,0,-1,-,-,FIGHT"
2026-07-02T15:45:00.000-04:00,"2026-7-2 15:45,2999.4,2998.16,2998.03,3003.56,5,1,0,-1,-,-,FIGHT"
2026-07-02T15:50:00.000-04:00,"2026-7-2 15:50,3006.7,3001.58,2998.7,3003.68,5,1,0,-1,-,-,FIGHT"
2026-07-02T15:55:00.000-04:00,"2026-7-2 15:55,3014.4,3006.91,2999.91,3004.1,5,1,0,0,-,-,FIGHT"
2026-07-02T16:00:00.000-04:00,"2026-7-2 16:00,3009.8,3009.03,3000.67,3004.32,5,1,0,0,-,-,FIGHT"
2026-07-02T16:05:00.000-04:00,"2026-7-2 16:05,3010.3,3010.65,3001.41,3004.56,5,1,0,0,-,-,FIGHT"
2026-07-02T16:10:00.000-04:00,"2026-7-2 16:10,3011.1,3012.01,3002.15,3004.82,3,1,1,0,-,-,wave_only"
2026-07-02T16:15:00.000-04:00,"2026-7-2 16:15,3011.1,3012.87,3002.84,3005.06,0,0,1,0,-,-,neutral"
2026-07-02T16:20:00.000-04:00,"2026-7-2 16:20,3009.9,3012.92,3003.39,3005.25,0,0,1,0,-,-,neutral"
2026-07-02T16:25:00.000-04:00,"2026-7-2 16:25,3009.8,3012.79,3003.88,3005.43,0,0,1,0,-,-,neutral"
2026-07-02T16:30:00.000-04:00,"2026-7-2 16:30,3010.7,3012.9,3004.4,3005.64,0,0,1,0,-,-,neutral"
2026-07-02T16:35:00.000-04:00,"2026-7-2 16:35,3009.9,3012.59,3004.83,3005.8,0,0,1,0,-,-,neutral"
2026-07-02T16:40:00.000-04:00,"2026-7-2 16:40,3009,3011.92,3005.15,3005.93,0,0,1,0,-,-,neutral"
2026-07-02T16:45:00.000-04:00,"2026-7-2 16:45,3009.6,3011.57,3005.49,3006.07,0,0,1,0,-,-,neutral"
2026-07-02T16:50:00.000-04:00,"2026-7-2 16:50,3007.4,3010.44,3005.64,3006.13,0,0,1,0,-,-,neutral"
2026-07-02T16:55:00.000-04:00,"2026-7-2 16:55,3010.1,3010.55,3005.98,3006.28,0,0,1,0,-,-,neutral"
2026-07-02T18:00:00.000-04:00,"2026-7-2 18:00,3012.1,3011.33,3006.45,3006.51,7,1,1,0,-,-,wave_only"
2026-07-02T18:05:00.000-04:00,"2026-7-2 18:05,3011.9,3011.78,3006.87,3006.72,0,0,1,0,-,-,neutral"
2026-07-02T18:10:00.000-04:00,"2026-7-2 18:10,3011.7,3012,3007.24,3006.92,0,0,1,0,-,-,neutral"
2026-07-02T18:15:00.000-04:00,"2026-7-2 18:15,3012.1,3012.26,3007.62,3007.12,0,0,1,0,-,-,neutral"
2026-07-02T18:20:00.000-04:00,"2026-7-2 18:20,3011.7,3012.27,3007.93,3007.3,0,0,1,0,-,-,neutral"
2026-07-02T18:25:00.000-04:00,"2026-7-2 18:25,3011,3011.97,3008.17,3007.44,0,0,1,0,-,-,neutral"
2026-07-02T18:30:00.000-04:00,"2026-7-2 18:30,3011.9,3012.06,3008.45,3007.62,0,0,1,0,-,-,neutral"
2026-07-02T18:35:00.000-04:00,"2026-7-2 18:35,3012.6,3012.35,3008.77,3007.81,0,0,1,0,-,-,neutral"
2026-07-02T18:40:00.000-04:00,"2026-7-2 18:40,3012.9,3012.65,3009.09,3008.01,0,0,1,0,-,-,neutral"
2026-07-02T18:45:00.000-04:00,"2026-7-2 18:45,3012.5,3012.7,3009.35,3008.19,0,0,1,0,-,-,neutral"
2026-07-02T18:50:00.000-04:00,"2026-7-2 18:50,3012.4,3012.67,3009.59,3008.35,0,0,1,0,-,-,neutral"
2026-07-02T18:55:00.000-04:00,"2026-7-2 18:55,3013,3012.85,3009.85,3008.54,0,0,1,0,-,-,neutral"
2026-07-02T19:00:00.000-04:00,"2026-7-2 19:00,3012.6,3012.82,3010.06,3008.7,0,0,1,0,-,-,neutral"
2026-07-02T19:05:00.000-04:00,"2026-7-2 19:05,3012,3012.55,3010.21,3008.83,0,0,1,0,-,-,neutral"
2026-07-02T19:10:00.000-04:00,"2026-7-2 19:10,3011.7,3012.23,3010.32,3008.94,0,0,0,0,-,-,neutral"
2026-07-02T19:15:00.000-04:00,"2026-7-2 19:15,3011.7,3011.99,3010.43,3009.05,0,0,0,0,-,-,neutral"
2026-07-02T19:20:00.000-04:00,"2026-7-2 19:20,3013.2,3012.36,3010.64,3009.21,7,1,0,0,-,-,FIGHT"
2026-07-02T19:25:00.000-04:00,"2026-7-2 19:25,3013.3,3012.67,3010.85,3009.37,7,1,1,0,-,-,wave_only"
2026-07-02T19:30:00.000-04:00,"2026-7-2 19:30,3013.4,3012.92,3011.04,3009.53,0,0,1,0,-,-,neutral"
2026-07-02T19:35:00.000-04:00,"2026-7-2 19:35,3012.9,3012.92,3011.19,3009.66,0,0,1,0,-,-,neutral"
2026-07-02T19:40:00.000-04:00,"2026-7-2 19:40,3013,3012.94,3011.33,3009.79,7,0,0,0,-,-,neutral"
2026-07-02T19:45:00.000-04:00,"2026-7-2 19:45,3013.7,3013.21,3011.51,3009.94,7,1,0,0,-,-,FIGHT"
2026-07-02T19:50:00.000-04:00,"2026-7-2 19:50,3013.8,3013.44,3011.69,3010.1,7,1,0,0,-,-,FIGHT"
2026-07-02T19:55:00.000-04:00,"2026-7-2 19:55,3013.8,3013.6,3011.85,3010.24,3,1,0,0,-,-,FIGHT"
2026-07-02T20:00:00.000-04:00,"2026-7-2 20:00,3013.8,3013.7,3012,3010.38,7,0,0,0,-,-,neutral"
2026-07-02T20:05:00.000-04:00,"2026-7-2 20:05,3011.7,3012.99,3011.98,3010.43,-3,-1,0,0,S,-,FIGHT"
2026-07-02T20:10:00.000-04:00,"2026-7-2 20:10,3014.5,3013.5,3012.17,3010.59,7,1,1,0,B,-,wave_only"
2026-07-02T20:15:00.000-04:00,"2026-7-2 20:15,3014.1,3013.73,3012.32,3010.73,7,1,1,0,-,-,wave_only"
2026-07-02T20:20:00.000-04:00,"2026-7-2 20:20,3013.5,3013.66,3012.41,3010.84,0,0,1,0,-,-,neutral"
2026-07-02T20:25:00.000-04:00,"2026-7-2 20:25,3012.8,3013.35,3012.44,3010.92,0,0,0,0,-,-,neutral"
2026-07-02T20:30:00.000-04:00,"2026-7-2 20:30,3012.2,3012.89,3012.42,3010.97,-3,-1,0,0,S,-,FIGHT"
2026-07-02T20:35:00.000-04:00,"2026-7-2 20:35,3014.7,3013.48,3012.6,3011.11,7,1,0,0,B,-,FIGHT"
2026-07-02T20:40:00.000-04:00,"2026-7-2 20:40,3013.3,3013.4,3012.65,3011.2,0,0,0,0,-,-,neutral"
2026-07-02T20:45:00.000-04:00,"2026-7-2 20:45,3013.4,3013.37,3012.71,3011.28,0,0,0,0,-,-,neutral"
2026-07-02T20:50:00.000-04:00,"2026-7-2 20:50,3012.2,3012.91,3012.67,3011.32,-3,-1,0,0,S,-,FIGHT"
2026-07-02T20:55:00.000-04:00,"2026-7-2 20:55,3012.5,3012.68,3012.66,3011.37,-5,-1,0,0,-,-,FIGHT"
2026-07-02T21:00:00.000-04:00,"2026-7-2 21:00,3016.8,3014.11,3012.97,3011.58,7,1,0,0,B,-,FIGHT"
2026-07-02T21:05:00.000-04:00,"2026-7-2 21:05,3020,3016.35,3013.51,3011.91,7,1,0,0,-,-,FIGHT"
2026-07-02T21:10:00.000-04:00,"2026-7-2 21:10,3019.2,3017.67,3013.95,3012.2,7,1,1,0,-,-,wave_only"
2026-07-02T21:15:00.000-04:00,"2026-7-2 21:15,3019.1,3018.57,3014.35,3012.47,7,1,1,0,-,-,wave_only"
2026-07-02T21:20:00.000-04:00,"2026-7-2 21:20,3021.1,3019.92,3014.87,3012.8,7,1,1,0,-,-,wave_only"
2026-07-02T21:25:00.000-04:00,"2026-7-2 21:25,3019.6,3020.3,3015.23,3013.07,0,0,1,0,-,-,neutral"
2026-07-02T21:30:00.000-04:00,"2026-7-2 21:30,3020,3020.67,3015.6,3013.34,0,0,1,0,-,-,neutral"
2026-07-02T21:35:00.000-04:00,"2026-7-2 21:35,3019.8,3020.81,3015.92,3013.6,0,0,1,0,-,-,neutral"
2026-07-02T21:40:00.000-04:00,"2026-7-2 21:40,3020.1,3020.96,3016.24,3013.85,0,0,1,0,-,-,neutral"
2026-07-02T21:45:00.000-04:00,"2026-7-2 21:45,3019.8,3020.91,3016.52,3014.08,0,0,1,0,-,-,neutral"
2026-07-02T21:50:00.000-04:00,"2026-7-2 21:50,3019.6,3020.75,3016.75,3014.3,0,0,1,0,-,-,neutral"
2026-07-02T21:55:00.000-04:00,"2026-7-2 21:55,3019,3020.37,3016.93,3014.49,0,0,0,0,-,-,neutral"
2026-07-02T22:00:00.000-04:00,"2026-7-2 22:00,3019.7,3020.31,3017.14,3014.69,0,0,0,0,-,-,neutral"
2026-07-02T22:05:00.000-04:00,"2026-7-2 22:05,3020.5,3020.54,3017.4,3014.92,7,1,0,0,-,-,FIGHT"
2026-07-02T22:10:00.000-04:00,"2026-7-2 22:10,3019,3020.12,3017.52,3015.08,0,0,0,0,-,-,neutral"
2026-07-02T22:15:00.000-04:00,"2026-7-2 22:15,3018.7,3019.68,3017.61,3015.22,0,0,0,0,-,-,neutral"
2026-07-02T22:20:00.000-04:00,"2026-7-2 22:20,3019.5,3019.64,3017.76,3015.39,0,0,0,0,-,-,neutral"
2026-07-02T22:25:00.000-04:00,"2026-7-2 22:25,3019.9,3019.74,3017.92,3015.56,7,0,0,0,-,-,neutral"
2026-07-02T22:30:00.000-04:00,"2026-7-2 22:30,3019.7,3019.73,3018.06,3015.73,0,0,0,0,-,-,neutral"
2026-07-02T22:35:00.000-04:00,"2026-7-2 22:35,3019.3,3019.57,3018.15,3015.87,0,0,0,0,-,-,neutral"
2026-07-02T22:40:00.000-04:00,"2026-7-2 22:40,3019.3,3019.45,3018.24,3016,0,0,0,0,-,-,neutral"
2026-07-02T22:45:00.000-04:00,"2026-7-2 22:45,3019.8,3019.54,3018.36,3016.15,7,0,0,0,-,-,neutral"
2026-07-02T22:50:00.000-04:00,"2026-7-2 22:50,3020.1,3019.71,3018.5,3016.31,7,1,0,0,-,-,FIGHT"
2026-07-02T22:55:00.000-04:00,"2026-7-2 22:55,3020.4,3019.94,3018.64,3016.47,7,1,0,0,-,-,FIGHT"
2026-07-02T23:00:00.000-04:00,"2026-7-2 23:00,3019.6,3019.82,3018.72,3016.59,0,0,0,0,-,-,neutral"
2026-07-02T23:05:00.000-04:00,"2026-7-2 23:05,3019.2,3019.57,3018.75,3016.69,-3,-1,0,0,S,-,FIGHT"
2026-07-02T23:10:00.000-04:00,"2026-7-2 23:10,3019.7,3019.57,3018.83,3016.81,0,0,0,0,-,-,neutral"
2026-07-02T23:15:00.000-04:00,"2026-7-2 23:15,3020,3019.68,3018.92,3016.93,7,1,0,0,B,-,FIGHT"
2026-07-02T23:20:00.000-04:00,"2026-7-2 23:20,3020.4,3019.91,3019.03,3017.07,7,1,0,0,-,-,FIGHT"
2026-07-02T23:25:00.000-04:00,"2026-7-2 23:25,3021.3,3020.41,3019.21,3017.24,7,1,0,0,-,-,FIGHT"
2026-07-02T23:30:00.000-04:00,"2026-7-2 23:30,3020.7,3020.55,3019.32,3017.37,7,1,0,0,-,-,FIGHT"
2026-07-02T23:35:00.000-04:00,"2026-7-2 23:35,3019.4,3020.17,3019.33,3017.45,-3,0,0,0,-,-,neutral"
2026-07-02T23:40:00.000-04:00,"2026-7-2 23:40,3018,3019.36,3019.22,3017.47,-3,-1,0,0,S,-,FIGHT"
2026-07-02T23:45:00.000-04:00,"2026-7-2 23:45,3019.9,3019.47,3019.28,3017.57,7,1,0,0,B,-,FIGHT"
2026-07-02T23:50:00.000-04:00,"2026-7-2 23:50,3020.2,3019.67,3019.35,3017.67,7,1,0,0,-,-,FIGHT"
2026-07-02T23:55:00.000-04:00,"2026-7-2 23:55,3021.1,3020.15,3019.48,3017.81,7,1,0,0,-,-,FIGHT"
2026-07-03T00:00:00.000-04:00,"2026-7-3 0:00,3020.6,3020.32,3019.57,3017.92,7,1,0,0,-,-,FIGHT"
2026-07-03T00:05:00.000-04:00,"2026-7-3 0:05,3021.1,3020.63,3019.69,3018.04,7,1,0,0,-,-,FIGHT"
2026-07-03T00:10:00.000-04:00,"2026-7-3 0:10,3021.5,3020.99,3019.83,3018.18,7,1,0,0,-,-,FIGHT"
2026-07-03T00:15:00.000-04:00,"2026-7-3 0:15,3021.4,3021.22,3019.95,3018.3,7,1,0,0,-,-,FIGHT"
2026-07-03T00:20:00.000-04:00,"2026-7-3 0:20,3021.8,3021.52,3020.09,3018.44,7,1,0,0,-,-,FIGHT"
2026-07-03T00:25:00.000-04:00,"2026-7-3 0:25,3022.2,3021.87,3020.25,3018.59,7,1,0,0,-,-,FIGHT"
2026-07-03T00:30:00.000-04:00,"2026-7-3 0:30,3021.5,3021.86,3020.35,3018.7,0,0,0,0,-,-,neutral"
2026-07-03T00:35:00.000-04:00,"2026-7-3 0:35,3022.2,3022.09,3020.49,3018.84,7,0,0,0,-,-,neutral"
2026-07-03T00:40:00.000-04:00,"2026-7-3 0:40,3022.4,3022.32,3020.64,3018.98,7,1,0,0,-,-,FIGHT"
2026-07-03T00:45:00.000-04:00,"2026-7-3 0:45,3021.7,3022.22,3020.72,3019.08,0,0,0,0,-,-,neutral"
2026-07-03T00:50:00.000-04:00,"2026-7-3 0:50,3022.7,3022.49,3020.87,3019.23,7,1,0,0,-,-,FIGHT"
2026-07-03T00:55:00.000-04:00,"2026-7-3 0:55,3022.2,3022.5,3020.97,3019.34,3,1,0,0,-,-,FIGHT"
2026-07-03T01:00:00.000-04:00,"2026-7-3 1:00,3021,3022.04,3020.98,3019.41,0,0,0,0,-,-,neutral"
2026-07-03T01:05:00.000-04:00,"2026-7-3 1:05,3021,3021.69,3020.98,3019.47,-3,-1,0,0,S,-,FIGHT"
2026-07-03T01:10:00.000-04:00,"2026-7-3 1:10,3020.9,3021.39,3020.97,3019.53,-3,-1,0,0,-,-,FIGHT"
2026-07-03T01:15:00.000-04:00,"2026-7-3 1:15,3020.4,3020.99,3020.93,3019.56,-5,-1,0,0,-,-,FIGHT"
2026-07-03T01:20:00.000-04:00,"2026-7-3 1:20,3020,3020.55,3020.86,3019.58,-5,-1,0,0,-,-,FIGHT"
2026-07-03T01:25:00.000-04:00,"2026-7-3 1:25,3021.2,3020.67,3020.88,3019.64,0,0,0,0,-,-,neutral"
2026-07-03T01:30:00.000-04:00,"2026-7-3 1:30,3021.7,3020.96,3020.95,3019.72,0,0,0,0,-,-,neutral"
2026-07-03T01:35:00.000-04:00,"2026-7-3 1:35,3021.5,3021.1,3020.99,3019.79,7,0,0,0,-,-,neutral"
2026-07-03T01:40:00.000-04:00,"2026-7-3 1:40,3020.2,3020.73,3020.93,3019.81,-5,-1,0,0,-,-,FIGHT"
2026-07-03T01:45:00.000-04:00,"2026-7-3 1:45,3020.1,3020.42,3020.86,3019.82,-5,-1,0,0,-,-,FIGHT"
2026-07-03T01:50:00.000-04:00,"2026-7-3 1:50,3020.9,3020.5,3020.87,3019.86,0,0,0,0,-,-,neutral"
2026-07-03T01:55:00.000-04:00,"2026-7-3 1:55,3021,3020.61,3020.88,3019.91,0,0,0,0,-,-,neutral"
2026-07-03T02:00:00.000-04:00,"2026-7-3 2:00,3023.4,3021.58,3021.07,3020.04,7,1,0,0,B,-,FIGHT"
2026-07-03T02:05:00.000-04:00,"2026-7-3 2:05,3023.9,3022.48,3021.29,3020.19,7,1,0,0,-,-,FIGHT"
2026-07-03T02:10:00.000-04:00,"2026-7-3 2:10,3023.3,3022.91,3021.44,3020.32,7,1,1,0,-,-,wave_only"
2026-07-03T02:15:00.000-04:00,"2026-7-3 2:15,3023,3023.1,3021.56,3020.42,7,1,1,0,-,-,wave_only"
2026-07-03T02:20:00.000-04:00,"2026-7-3 2:20,3021.4,3022.62,3021.55,3020.46,0,0,1,0,-,-,neutral"
2026-07-03T02:25:00.000-04:00,"2026-7-3 2:25,3022.1,3022.52,3021.59,3020.52,0,0,0,0,-,-,neutral"
2026-07-03T02:30:00.000-04:00,"2026-7-3 2:30,3024.1,3023.17,3021.79,3020.66,7,1,0,0,-,-,FIGHT"
2026-07-03T02:35:00.000-04:00,"2026-7-3 2:35,3024.1,3023.64,3021.96,3020.8,7,1,0,0,-,-,FIGHT"
2026-07-03T02:40:00.000-04:00,"2026-7-3 2:40,3024.7,3024.19,3022.17,3020.95,7,1,1,0,-,-,wave_only"
2026-07-03T02:45:00.000-04:00,"2026-7-3 2:45,3023.3,3024.05,3022.26,3021.04,0,0,1,0,-,-,neutral"
2026-07-03T02:50:00.000-04:00,"2026-7-3 2:50,3022.9,3023.78,3022.31,3021.12,0,0,1,0,-,-,neutral"
2026-07-03T02:55:00.000-04:00,"2026-7-3 2:55,3022.5,3023.42,3022.32,3021.17,0,0,0,1,-,-,neutral"
2026-07-03T03:00:00.000-04:00,"2026-7-3 3:00,3022.7,3023.21,3022.35,3021.23,0,0,0,1,-,-,neutral"
2026-07-03T03:05:00.000-04:00,"2026-7-3 3:05,3023.5,3023.34,3022.44,3021.32,7,1,0,1,-,-,tide_only"
2026-07-03T03:10:00.000-04:00,"2026-7-3 3:10,3022.8,3023.18,3022.47,3021.38,-3,-1,1,1,S,-,FIGHT"
2026-07-03T03:15:00.000-04:00,"2026-7-3 3:15,3022.8,3023.05,3022.49,3021.43,-3,-1,1,1,-,-,FIGHT"
2026-07-03T03:20:00.000-04:00,"2026-7-3 3:20,3022.9,3022.99,3022.53,3021.49,0,0,1,1,-,-,neutral"
2026-07-03T03:25:00.000-04:00,"2026-7-3 3:25,3023.1,3023.02,3022.57,3021.55,7,1,1,1,B,BUY,RIDE_both"
2026-07-03T03:30:00.000-04:00,"2026-7-3 3:30,3021.7,3022.52,3022.5,3021.56,-5,-1,1,1,S,-,FIGHT"
2026-07-03T03:35:00.000-04:00,"2026-7-3 3:35,3022,3022.27,3022.46,3021.58,-5,-1,1,1,-,-,FIGHT"
2026-07-03T03:40:00.000-04:00,"2026-7-3 3:40,3020.2,3021.42,3022.29,3021.52,-5,-1,0,1,-,-,FIGHT"
2026-07-03T03:45:00.000-04:00,"2026-7-3 3:45,3019.2,3020.44,3022.05,3021.43,-5,-1,0,1,-,-,FIGHT"
2026-07-03T03:50:00.000-04:00,"2026-7-3 3:50,3019.6,3019.89,3021.86,3021.36,-5,-1,0,1,-,-,FIGHT"
2026-07-03T03:55:00.000-04:00,"2026-7-3 3:55,3017.7,3018.8,3021.54,3021.22,-5,-1,-1,-1,-,-,RIDE_both"
2026-07-03T04:00:00.000-04:00,"2026-7-3 4:00,3017.4,3017.93,3021.22,3021.07,-5,-1,-1,-1,-,-,RIDE_both"
2026-07-03T04:05:00.000-04:00,"2026-7-3 4:05,3016.8,3017.12,3020.88,3020.9,-5,-1,-1,-1,-,-,RIDE_both"
2026-07-03T04:10:00.000-04:00,"2026-7-3 4:10,3017.1,3016.67,3020.59,3020.75,0,0,-1,-1,-,-,neutral"
2026-07-03T04:15:00.000-04:00,"2026-7-3 4:15,3017.7,3016.62,3020.37,3020.63,0,0,-1,-1,-,-,neutral"
2026-07-03T04:20:00.000-04:00,"2026-7-3 4:20,3017.6,3016.6,3020.16,3020.51,0,0,-1,-1,-,-,neutral"
2026-07-03T04:25:00.000-04:00,"2026-7-3 4:25,3017.9,3016.74,3019.98,3020.41,0,0,-1,-1,-,-,neutral"
2026-07-03T04:30:00.000-04:00,"2026-7-3 4:30,3017.9,3016.88,3019.82,3020.31,0,0,-1,-1,-,-,neutral"
2026-07-03T04:35:00.000-04:00,"2026-7-3 4:35,3018.4,3017.2,3019.71,3020.24,0,0,-1,-1,-,-,neutral"
2026-07-03T04:40:00.000-04:00,"2026-7-3 4:40,3018.4,3017.47,3019.61,3020.16,0,0,-1,-1,-,-,neutral"
2026-07-03T04:45:00.000-04:00,"2026-7-3 4:45,3015.5,3016.62,3019.3,3019.98,-7,-1,-1,-1,-,-,RIDE_both"
2026-07-03T04:50:00.000-04:00,"2026-7-3 4:50,3015.4,3015.98,3019,3019.8,-7,-1,-1,-1,-,-,RIDE_both"
2026-07-03T04:55:00.000-04:00,"2026-7-3 4:55,3016,3015.76,3018.77,3019.65,-3,-1,-1,-1,-,-,RIDE_both"
2026-07-03T05:00:00.000-04:00,"2026-7-3 5:00,3016.7,3015.89,3018.61,3019.54,0,0,-1,-1,-,-,neutral"
2026-07-03T05:05:00.000-04:00,"2026-7-3 5:05,3016.9,3016.09,3018.48,3019.43,0,0,-1,-1,-,-,neutral"
2026-07-03T05:10:00.000-04:00,"2026-7-3 5:10,3018.8,3016.97,3018.5,3019.41,0,0,0,-1,-,-,neutral"
2026-07-03T05:15:00.000-04:00,"2026-7-3 5:15,3018.6,3017.55,3018.51,3019.38,0,0,0,-1,-,-,neutral"
2026-07-03T05:20:00.000-04:00,"2026-7-3 5:20,3018.6,3017.99,3018.52,3019.35,3,1,0,-1,B,-,FIGHT"
2026-07-03T05:25:00.000-04:00,"2026-7-3 5:25,3018.4,3018.23,3018.51,3019.31,3,1,0,-1,-,-,FIGHT"
2026-07-03T05:30:00.000-04:00,"2026-7-3 5:30,3018.5,3018.44,3018.51,3019.28,5,1,0,-1,-,-,FIGHT"
2026-07-03T05:35:00.000-04:00,"2026-7-3 5:35,3018.9,3018.74,3018.54,3019.26,5,1,0,-1,-,-,FIGHT"
2026-07-03T05:40:00.000-04:00,"2026-7-3 5:40,3021,3019.72,3018.73,3019.33,5,1,0,-1,-,-,FIGHT"
2026-07-03T05:45:00.000-04:00,"2026-7-3 5:45,3020.8,3020.35,3018.89,3019.39,5,1,0,-1,-,-,FIGHT"
2026-07-03T05:50:00.000-04:00,"2026-7-3 5:50,3019.9,3020.46,3018.96,3019.41,0,0,0,-1,-,-,neutral"
2026-07-03T05:55:00.000-04:00,"2026-7-3 5:55,3020,3020.55,3019.04,3019.43,0,0,0,0,-,-,neutral"
2026-07-03T06:00:00.000-04:00,"2026-7-3 6:00,3019.7,3020.48,3019.09,3019.44,0,0,0,0,-,-,neutral"
2026-07-03T06:05:00.000-04:00,"2026-7-3 6:05,3020.6,3020.73,3019.21,3019.49,5,1,0,0,-,-,FIGHT"
2026-07-03T06:10:00.000-04:00,"2026-7-3 6:10,3021.3,3021.16,3019.37,3019.56,5,1,0,0,-,-,FIGHT"
2026-07-03T06:15:00.000-04:00,"2026-7-3 6:15,3020.7,3021.22,3019.47,3019.6,0,0,0,0,-,-,neutral"
2026-07-03T06:20:00.000-04:00,"2026-7-3 6:20,3020.4,3021.13,3019.54,3019.63,0,0,0,0,-,-,neutral"
2026-07-03T06:25:00.000-04:00,"2026-7-3 6:25,3020.2,3020.97,3019.59,3019.66,0,0,0,0,-,-,neutral"
2026-07-03T06:30:00.000-04:00,"2026-7-3 6:30,3019.5,3020.57,3019.59,3019.65,0,0,0,0,-,-,neutral"
2026-07-03T06:35:00.000-04:00,"2026-7-3 6:35,3019.4,3020.22,3019.57,3019.64,0,0,0,0,-,-,neutral"
2026-07-03T06:40:00.000-04:00,"2026-7-3 6:40,3019.2,3019.89,3019.54,3019.62,0,0,-1,0,-,-,neutral"
2026-07-03T06:45:00.000-04:00,"2026-7-3 6:45,3018.5,3019.38,3019.46,3019.58,-7,-1,-1,0,S,-,wave_only"
2026-07-03T06:50:00.000-04:00,"2026-7-3 6:50,3018.3,3018.93,3019.37,3019.53,-7,-1,-1,0,-,-,wave_only"
2026-07-03T06:55:00.000-04:00,"2026-7-3 6:55,3019,3018.86,3019.35,3019.51,-5,-1,-1,0,-,-,wave_only"
2026-07-03T07:00:00.000-04:00,"2026-7-3 7:00,3018.8,3018.75,3019.3,3019.48,-5,-1,-1,0,-,-,wave_only"
2026-07-03T07:05:00.000-04:00,"2026-7-3 7:05,3018.5,3018.56,3019.24,3019.44,-5,-1,-1,0,-,-,wave_only"
2026-07-03T07:10:00.000-04:00,"2026-7-3 7:10,3019.4,3018.77,3019.25,3019.44,0,0,0,0,-,-,neutral"
2026-07-03T07:15:00.000-04:00,"2026-7-3 7:15,3018.8,3018.71,3019.22,3019.42,-5,-1,0,0,-,-,FIGHT"
2026-07-03T07:20:00.000-04:00,"2026-7-3 7:20,3017.6,3018.23,3019.09,3019.34,-7,-1,0,0,-,-,FIGHT"
2026-07-03T07:25:00.000-04:00,"2026-7-3 7:25,3017.3,3017.77,3018.96,3019.26,-7,-1,-1,0,-,-,wave_only"
2026-07-03T07:30:00.000-04:00,"2026-7-3 7:30,3017.8,3017.64,3018.87,3019.21,-3,-1,-1,0,-,-,wave_only"
2026-07-03T07:35:00.000-04:00,"2026-7-3 7:35,3017.5,3017.44,3018.76,3019.14,-7,-1,-1,0,-,-,wave_only"
2026-07-03T07:40:00.000-04:00,"2026-7-3 7:40,3018.2,3017.58,3018.72,3019.1,0,0,-1,0,-,-,neutral"
2026-07-03T07:45:00.000-04:00,"2026-7-3 7:45,3019.5,3018.17,3018.78,3019.12,0,0,-1,0,-,-,neutral"
2026-07-03T07:50:00.000-04:00,"2026-7-3 7:50,3020.1,3018.84,3018.88,3019.16,5,1,-1,0,B,-,FIGHT"
2026-07-03T07:55:00.000-04:00,"2026-7-3 7:55,3020.5,3019.49,3019.01,3019.21,5,1,0,1,-,-,tide_only"
2026-07-03T08:00:00.000-04:00,"2026-7-3 8:00,3021.5,3020.32,3019.2,3019.3,5,1,0,1,-,-,tide_only"
2026-07-03T08:05:00.000-04:00,"2026-7-3 8:05,3020.9,3020.7,3019.33,3019.36,7,1,0,1,-,-,tide_only"
2026-07-03T08:10:00.000-04:00,"2026-7-3 8:10,3021.3,3021.11,3019.48,3019.44,7,1,1,1,-,-,RIDE_both"
2026-07-03T08:15:00.000-04:00,"2026-7-3 8:15,3019.1,3020.57,3019.45,3019.43,0,0,1,1,-,-,neutral"
2026-07-03T08:20:00.000-04:00,"2026-7-3 8:20,3018.6,3019.97,3019.39,3019.39,0,0,1,1,-,-,neutral"
2026-07-03T08:25:00.000-04:00,"2026-7-3 8:25,3018.5,3019.49,3019.32,3019.36,0,0,-1,1,-,-,neutral"
2026-07-03T08:30:00.000-04:00,"2026-7-3 8:30,3019.3,3019.42,3019.32,3019.36,0,0,-1,1,-,-,neutral"
2026-07-03T08:35:00.000-04:00,"2026-7-3 8:35,3019.3,3019.37,3019.31,3019.35,0,0,-1,1,-,-,neutral"
2026-07-03T08:40:00.000-04:00,"2026-7-3 8:40,3017.7,3018.74,3019.19,3019.29,-7,-1,-1,1,S,-,wave_only"
2026-07-03T08:45:00.000-04:00,"2026-7-3 8:45,3018.2,3018.47,3019.11,3019.25,-5,-1,-1,1,-,-,wave_only"
2026-07-03T08:50:00.000-04:00,"2026-7-3 8:50,3017.3,3017.94,3018.97,3019.17,-7,-1,-1,1,-,-,wave_only"
2026-07-03T08:55:00.000-04:00,"2026-7-3 8:55,3016.8,3017.38,3018.81,3019.08,-7,-1,-1,-1,-,-,RIDE_both"
2026-07-03T09:00:00.000-04:00,"2026-7-3 9:00,3018.2,3017.51,3018.76,3019.04,0,0,-1,-1,-,-,neutral"
2026-07-03T09:05:00.000-04:00,"2026-7-3 9:05,3016.9,3017.14,3018.62,3018.96,-7,-1,-1,-1,-,-,RIDE_both"
2026-07-03T09:10:00.000-04:00,"2026-7-3 9:10,3016,3016.55,3018.42,3018.84,-7,-1,-1,-1,-,-,RIDE_both"
2026-07-03T09:15:00.000-04:00,"2026-7-3 9:15,3016.5,3016.33,3018.27,3018.75,-7,-1,-1,-1,-,-,RIDE_both"
2026-07-03T09:20:00.000-04:00,"2026-7-3 9:20,3016,3016,3018.09,3018.64,-7,-1,-1,-1,-,-,RIDE_both"
2026-07-03T09:25:00.000-04:00,"2026-7-3 9:25,3015.9,3015.75,3017.93,3018.53,-7,-1,-1,-1,-,-,RIDE_both"
2026-07-03T09:30:00.000-04:00,"2026-7-3 9:30,3017.9,3016.33,3017.92,3018.51,0,0,-1,-1,-,-,neutral"
2026-07-03T09:35:00.000-04:00,"2026-7-3 9:35,3016.8,3016.38,3017.84,3018.44,0,0,-1,-1,-,-,neutral"
2026-07-03T09:40:00.000-04:00,"2026-7-3 9:40,3017.2,3016.57,3017.79,3018.39,0,0,0,-1,-,-,neutral"
2026-07-03T09:45:00.000-04:00,"2026-7-3 9:45,3017.4,3016.81,3017.76,3018.36,0,0,0,-1,-,-,neutral"
2026-07-03T09:50:00.000-04:00,"2026-7-3 9:50,3015.6,3016.32,3017.59,3018.25,-7,-1,0,-1,-,-,tide_only"
2026-07-03T09:55:00.000-04:00,"2026-7-3 9:55,3017.6,3016.71,3017.59,3018.22,0,0,0,-1,-,-,neutral"
2026-07-03T10:00:00.000-04:00,"2026-7-3 10:00,3018.7,3017.42,3017.68,3018.24,3,1,0,-1,B,-,FIGHT"
2026-07-03T10:05:00.000-04:00,"2026-7-3 10:05,3018.4,3017.83,3017.73,3018.25,5,1,0,-1,-,-,FIGHT"
2026-07-03T10:10:00.000-04:00,"2026-7-3 10:10,3018.4,3018.13,3017.78,3018.25,5,1,0,-1,-,-,FIGHT"
2026-07-03T10:15:00.000-04:00,"2026-7-3 10:15,3019.9,3018.89,3017.95,3018.32,5,1,0,-1,-,-,FIGHT"
2026-07-03T10:20:00.000-04:00,"2026-7-3 10:20,3020.4,3019.63,3018.14,3018.4,5,1,0,-1,-,-,FIGHT"
2026-07-03T10:25:00.000-04:00,"2026-7-3 10:25,3019.8,3019.92,3018.26,3018.45,5,1,1,-1,-,-,wave_only"
2026-07-03T10:30:00.000-04:00,"2026-7-3 10:30,3021.1,3020.6,3018.48,3018.56,7,1,1,-1,-,-,wave_only"
2026-07-03T10:35:00.000-04:00,"2026-7-3 10:35,3021.1,3021.06,3018.68,3018.66,7,1,1,-1,-,-,wave_only"
2026-07-03T10:40:00.000-04:00,"2026-7-3 10:40,3021.7,3021.59,3018.92,3018.78,5,1,1,-1,-,-,wave_only"
2026-07-03T10:45:00.000-04:00,"2026-7-3 10:45,3022.4,3022.21,3019.18,3018.92,7,1,1,-1,-,-,wave_only"
2026-07-03T10:50:00.000-04:00,"2026-7-3 10:50,3022.9,3022.81,3019.47,3019.07,7,1,1,-1,-,-,wave_only"
2026-07-03T10:55:00.000-04:00,"2026-7-3 10:55,3023,3023.24,3019.74,3019.23,5,0,1,1,-,-,neutral"
2026-07-03T11:00:00.000-04:00,"2026-7-3 11:00,3021.9,3023.11,3019.91,3019.33,0,0,1,1,-,-,neutral"
2026-07-03T11:05:00.000-04:00,"2026-7-3 11:05,3021.5,3022.82,3020.03,3019.42,0,0,1,1,-,-,neutral"
2026-07-03T11:10:00.000-04:00,"2026-7-3 11:10,3021.9,3022.72,3020.17,3019.52,0,0,1,1,-,-,neutral"
2026-07-03T11:15:00.000-04:00,"2026-7-3 11:15,3022.6,3022.88,3020.36,3019.64,0,0,1,1,-,-,neutral"
2026-07-03T11:20:00.000-04:00,"2026-7-3 11:20,3020.9,3022.34,3020.4,3019.69,0,0,1,1,-,-,neutral"
2026-07-03T11:25:00.000-04:00,"2026-7-3 11:25,3021.7,3022.21,3020.5,3019.77,0,0,1,1,-,-,neutral"
2026-07-03T11:30:00.000-04:00,"2026-7-3 11:30,3020.6,3021.7,3020.51,3019.8,0,0,1,1,-,-,neutral"
2026-07-03T11:35:00.000-04:00,"2026-7-3 11:35,3023.2,3022.27,3020.72,3019.93,7,1,1,1,-,-,RIDE_both"
2026-07-03T11:40:00.000-04:00,"2026-7-3 11:40,3023.3,3022.72,3020.91,3020.06,7,1,1,1,-,-,RIDE_both"
2026-07-03T11:45:00.000-04:00,"2026-7-3 11:45,3023.1,3022.96,3021.08,3020.18,3,1,1,1,-,-,RIDE_both"
2026-07-03T11:50:00.000-04:00,"2026-7-3 11:50,3022.5,3022.89,3021.19,3020.27,0,0,1,1,-,-,neutral"
2026-07-03T11:55:00.000-04:00,"2026-7-3 11:55,3023.6,3023.24,3021.38,3020.4,7,1,1,1,-,-,RIDE_both"
2026-07-03T12:00:00.000-04:00,"2026-7-3 12:00,3022.6,3023.1,3021.47,3020.49,0,0,1,1,-,-,neutral"
2026-07-03T12:05:00.000-04:00,"2026-7-3 12:05,3022.7,3023.03,3021.57,3020.58,0,0,1,1,-,-,neutral"
2026-07-03T12:10:00.000-04:00,"2026-7-3 12:10,3022.7,3022.96,3021.65,3020.66,0,0,0,1,-,-,neutral"
2026-07-03T12:15:00.000-04:00,"2026-7-3 12:15,3024.2,3023.45,3021.85,3020.8,7,1,0,1,-,-,tide_only"
2026-07-03T12:20:00.000-04:00,"2026-7-3 12:20,3022.9,3023.33,3021.93,3020.88,0,0,0,1,-,-,neutral"
2026-07-03T12:25:00.000-04:00,"2026-7-3 12:25,3022.5,3023.07,3021.97,3020.94,0,0,0,1,-,-,neutral"
2026-07-03T12:30:00.000-04:00,"2026-7-3 12:30,3022.8,3022.98,3022.04,3021.02,0,0,0,1,-,-,neutral"
2026-07-03T12:35:00.000-04:00,"2026-7-3 12:35,3023.6,3023.21,3022.16,3021.12,7,1,0,1,-,-,tide_only"
2026-07-03T12:40:00.000-04:00,"2026-7-3 12:40,3023.4,3023.3,3022.25,3021.21,7,0,0,1,-,-,neutral"
2026-07-03T12:45:00.000-04:00,"2026-7-3 12:45,3022.8,3023.14,3022.3,3021.27,0,0,0,1,-,-,neutral"
2026-07-03T12:50:00.000-04:00,"2026-7-3 12:50,3022.9,3023.05,3022.34,3021.33,0,0,0,1,-,-,neutral"
2026-07-03T12:55:00.000-04:00,"2026-7-3 12:55,3023.5,3023.2,3022.43,3021.42,7,1,0,1,-,-,tide_only"
2026-07-05T18:00:00.000-04:00,"2026-7-5 18:00,3014.1,3019.83,3021.79,3021.13,-5,-1,0,1,S,-,FIGHT"
2026-07-05T18:05:00.000-04:00,"2026-7-5 18:05,3014.4,3017.48,3021.22,3020.87,-5,-1,0,1,-,-,FIGHT"
2026-07-05T18:10:00.000-04:00,"2026-7-5 18:10,3015.6,3016.25,3020.79,3020.66,-5,-1,0,1,-,-,FIGHT"
2026-07-05T18:15:00.000-04:00,"2026-7-5 18:15,3017.3,3016.03,3020.52,3020.53,0,0,0,1,-,-,neutral"
2026-07-05T18:20:00.000-04:00,"2026-7-5 18:20,3018.2,3016.27,3020.34,3020.44,0,0,0,1,-,-,neutral"
2026-07-05T18:25:00.000-04:00,"2026-7-5 18:25,3019.8,3017.1,3020.3,3020.41,0,0,-1,1,-,-,neutral"
2026-07-05T18:30:00.000-04:00,"2026-7-5 18:30,3022.4,3018.72,3020.46,3020.49,0,0,-1,1,-,-,neutral"
2026-07-05T18:35:00.000-04:00,"2026-7-5 18:35,3022.7,3020.05,3020.63,3020.58,0,0,-1,1,-,-,neutral"
2026-07-05T18:40:00.000-04:00,"2026-7-5 18:40,3022.8,3021.08,3020.8,3020.67,7,1,1,1,B,BUY,RIDE_both"
2026-07-05T18:45:00.000-04:00,"2026-7-5 18:45,3022.9,3021.87,3020.96,3020.75,7,1,1,1,-,-,RIDE_both"
2026-07-05T18:50:00.000-04:00,"2026-7-5 18:50,3021.7,3021.99,3021.02,3020.79,7,0,1,1,-,-,neutral"
2026-07-05T18:55:00.000-04:00,"2026-7-5 18:55,3022.1,3022.21,3021.1,3020.84,7,1,1,0,-,-,wave_only"
2026-07-05T19:00:00.000-04:00,"2026-7-5 19:00,3021.6,3022.17,3021.14,3020.87,0,0,1,0,-,-,neutral"
2026-07-05T19:05:00.000-04:00,"2026-7-5 19:05,3021.5,3022.09,3021.17,3020.9,0,0,1,0,-,-,neutral"
2026-07-05T19:10:00.000-04:00,"2026-7-5 19:10,3022.4,3022.34,3021.26,3020.95,7,1,1,0,-,-,wave_only"
2026-07-05T19:15:00.000-04:00,"2026-7-5 19:15,3022.8,3022.66,3021.38,3021.03,7,1,1,0,-,-,wave_only"
2026-07-05T19:20:00.000-04:00,"2026-7-5 19:20,3022.5,3022.77,3021.47,3021.08,0,0,1,0,-,-,neutral"
2026-07-05T19:25:00.000-04:00,"2026-7-5 19:25,3022.6,3022.87,3021.55,3021.14,0,0,1,0,-,-,neutral"
2026-07-05T19:30:00.000-04:00,"2026-7-5 19:30,3023.5,3023.25,3021.7,3021.24,7,1,1,0,-,-,wave_only"
2026-07-05T19:35:00.000-04:00,"2026-7-5 19:35,3022.9,3023.3,3021.8,3021.3,3,1,1,0,-,-,wave_only"
2026-07-05T19:40:00.000-04:00,"2026-7-5 19:40,3022.1,3023.01,3021.82,3021.33,0,0,0,0,-,-,neutral"
2026-07-05T19:45:00.000-04:00,"2026-7-5 19:45,3023.2,3023.19,3021.93,3021.41,3,1,0,0,-,-,FIGHT"
2026-07-05T19:50:00.000-04:00,"2026-7-5 19:50,3024.1,3023.64,3022.09,3021.51,7,1,0,0,-,-,FIGHT"
2026-07-05T19:55:00.000-04:00,"2026-7-5 19:55,3024.6,3024.15,3022.29,3021.63,7,1,1,1,-,-,RIDE_both"
2026-07-05T20:00:00.000-04:00,"2026-7-5 20:00,3021.7,3023.42,3022.24,3021.64,0,0,1,1,-,-,neutral"
2026-07-05T20:05:00.000-04:00,"2026-7-5 20:05,3023.3,3023.46,3022.32,3021.7,7,1,1,1,-,-,RIDE_both"
2026-07-05T20:10:00.000-04:00,"2026-7-5 20:10,3023.3,3023.48,3022.4,3021.76,7,1,1,1,-,-,RIDE_both"
2026-07-05T20:15:00.000-04:00,"2026-7-5 20:15,3023.3,3023.48,3022.47,3021.82,0,0,1,1,-,-,neutral"
2026-07-05T20:20:00.000-04:00,"2026-7-5 20:20,3021,3022.62,3022.35,3021.79,-3,0,1,1,-,-,neutral"
2026-07-05T20:25:00.000-04:00,"2026-7-5 20:25,3017.8,3020.8,3022,3021.64,-5,-1,-1,1,S,-,wave_only"
2026-07-05T20:30:00.000-04:00,"2026-7-5 20:30,3019.5,3020.1,3021.81,3021.55,-5,-1,-1,1,-,-,wave_only"
2026-07-05T20:35:00.000-04:00,"2026-7-5 20:35,3020.6,3020.02,3021.72,3021.51,-3,-1,-1,1,-,-,wave_only"
2026-07-05T20:40:00.000-04:00,"2026-7-5 20:40,3022,3020.51,3021.74,3021.53,0,0,0,1,-,-,neutral"
2026-07-05T20:45:00.000-04:00,"2026-7-5 20:45,3022.4,3021.04,3021.79,3021.57,0,0,0,1,-,-,neutral"
2026-07-05T20:50:00.000-04:00,"2026-7-5 20:50,3021.6,3021.14,3021.78,3021.57,0,0,0,1,-,-,neutral"
2026-07-05T20:55:00.000-04:00,"2026-7-5 20:55,3021.7,3021.27,3021.77,3021.57,0,0,0,0,-,-,neutral"
2026-07-05T21:00:00.000-04:00,"2026-7-5 21:00,3019.5,3020.56,3021.6,3021.49,-5,-1,0,0,-,-,FIGHT"
2026-07-05T21:05:00.000-04:00,"2026-7-5 21:05,3019.9,3020.19,3021.46,3021.43,-5,-1,0,0,-,-,FIGHT"
2026-07-05T21:10:00.000-04:00,"2026-7-5 21:10,3019.4,3019.75,3021.31,3021.35,-5,-1,-1,0,-,-,wave_only"
2026-07-05T21:15:00.000-04:00,"2026-7-5 21:15,3020.4,3019.82,3021.24,3021.31,0,0,-1,0,-,-,neutral"
2026-07-05T21:20:00.000-04:00,"2026-7-5 21:20,3018.4,3019.15,3021.02,3021.2,-5,-1,-1,0,-,-,wave_only"
2026-07-05T21:25:00.000-04:00,"2026-7-5 21:25,3017.6,3018.38,3020.76,3021.06,-7,-1,-1,0,-,-,wave_only"
2026-07-05T21:30:00.000-04:00,"2026-7-5 21:30,3019,3018.36,3020.62,3020.98,-5,0,-1,0,-,-,neutral"
2026-07-05T21:35:00.000-04:00,"2026-7-5 21:35,3019.2,3018.45,3020.51,3020.91,0,0,-1,0,-,-,neutral"
2026-07-05T21:40:00.000-04:00,"2026-7-5 21:40,3018.3,3018.21,3020.34,3020.8,-5,-1,-1,0,-,-,wave_only"
2026-07-05T21:45:00.000-04:00,"2026-7-5 21:45,3015.4,3016.98,3019.96,3020.59,-7,-1,-1,0,-,-,wave_only"
2026-07-05T21:50:00.000-04:00,"2026-7-5 21:50,3014.9,3015.93,3019.57,3020.37,-7,-1,-1,0,-,-,wave_only"
2026-07-05T21:55:00.000-04:00,"2026-7-5 21:55,3015.5,3015.41,3019.26,3020.18,-7,-1,-1,0,-,-,wave_only"
2026-07-05T22:00:00.000-04:00,"2026-7-5 22:00,3016.2,3015.34,3019.02,3020.02,0,0,-1,0,-,-,neutral"
2026-07-05T22:05:00.000-04:00,"2026-7-5 22:05,3014,3014.52,3018.64,3019.79,-7,-1,-1,0,-,-,wave_only"
2026-07-05T22:10:00.000-04:00,"2026-7-5 22:10,3012.7,3013.48,3018.18,3019.51,-7,-1,-1,0,-,-,wave_only"
2026-07-05T22:15:00.000-04:00,"2026-7-5 22:15,3012,3012.5,3017.7,3019.21,-7,-1,-1,0,-,-,wave_only"
2026-07-05T22:20:00.000-04:00,"2026-7-5 22:20,3012.9,3012.18,3017.34,3018.97,-3,-1,-1,0,-,-,wave_only"
2026-07-05T22:25:00.000-04:00,"2026-7-5 22:25,3011.2,3011.37,3016.86,3018.66,-7,-1,-1,0,-,-,wave_only"
2026-07-05T22:30:00.000-04:00,"2026-7-5 22:30,3010.7,3010.66,3016.39,3018.35,-7,-1,-1,0,-,-,wave_only"
2026-07-05T22:35:00.000-04:00,"2026-7-5 22:35,3009.7,3009.82,3015.87,3018.01,-7,-1,-1,0,-,-,wave_only"
2026-07-05T22:40:00.000-04:00,"2026-7-5 22:40,3008.9,3008.98,3015.34,3017.65,-7,-1,-1,0,-,-,wave_only"
2026-07-05T22:45:00.000-04:00,"2026-7-5 22:45,3009.7,3008.73,3014.9,3017.34,0,0,-1,0,-,-,neutral"
2026-07-05T22:50:00.000-04:00,"2026-7-5 22:50,3009.8,3008.65,3014.51,3017.05,0,0,-1,0,-,-,neutral"
2026-07-05T22:55:00.000-04:00,"2026-7-5 22:55,3010.1,3008.76,3014.17,3016.77,0,0,-1,-1,-,-,neutral"
2026-07-05T23:00:00.000-04:00,"2026-7-5 23:00,3009,3008.5,3013.77,3016.47,0,0,-1,-1,-,-,neutral"
2026-07-05T23:05:00.000-04:00,"2026-7-5 23:05,3009.2,3008.43,3013.42,3016.18,0,0,-1,-1,-,-,neutral"
2026-07-05T23:10:00.000-04:00,"2026-7-5 23:10,3008.8,3008.28,3013.07,3015.89,0,0,0,-1,-,-,neutral"
2026-07-05T23:15:00.000-04:00,"2026-7-5 23:15,3008.5,3008.1,3012.72,3015.6,-3,-1,0,-1,-,-,tide_only"
2026-07-05T23:20:00.000-04:00,"2026-7-5 23:20,3008.4,3007.98,3012.38,3015.32,-3,-1,0,-1,-,-,tide_only"
2026-07-05T23:25:00.000-04:00,"2026-7-5 23:25,3009.6,3008.37,3012.17,3015.1,0,0,0,-1,-,-,neutral"
2026-07-05T23:30:00.000-04:00,"2026-7-5 23:30,3010.1,3008.88,3012.01,3014.9,0,0,0,-1,-,-,neutral"
2026-07-05T23:35:00.000-04:00,"2026-7-5 23:35,3010,3009.24,3011.86,3014.71,0,0,0,-1,-,-,neutral"
2026-07-05T23:40:00.000-04:00,"2026-7-5 23:40,3008.3,3008.89,3011.58,3014.46,-7,-1,0,-1,-,-,tide_only"
2026-07-05T23:45:00.000-04:00,"2026-7-5 23:45,3007.8,3008.46,3011.29,3014.2,-7,-1,0,-1,-,-,tide_only"
2026-07-05T23:50:00.000-04:00,"2026-7-5 23:50,3006.9,3007.83,3010.95,3013.91,-7,-1,0,-1,-,-,tide_only"
2026-07-05T23:55:00.000-04:00,"2026-7-5 23:55,3009.2,3008.24,3010.82,3013.73,0,0,0,-1,-,-,neutral"
2026-07-06T00:00:00.000-04:00,"2026-7-6 0:00,3008.7,3008.38,3010.66,3013.53,0,0,0,-1,-,-,neutral"
2026-07-06T00:05:00.000-04:00,"2026-7-6 0:05,3008.7,3008.49,3010.51,3013.34,3,1,0,-1,B,-,FIGHT"
2026-07-06T00:10:00.000-04:00,"2026-7-6 0:10,3011.8,3009.73,3010.6,3013.28,3,1,0,-1,-,-,FIGHT"
2026-07-06T00:15:00.000-04:00,"2026-7-6 0:15,3011.9,3010.68,3010.7,3013.22,5,1,0,-1,-,-,FIGHT"
2026-07-06T00:20:00.000-04:00,"2026-7-6 0:20,3012.9,3011.73,3010.87,3013.21,5,1,0,-1,-,-,FIGHT"
2026-07-06T00:25:00.000-04:00,"2026-7-6 0:25,3013.4,3012.67,3011.07,3013.22,5,1,0,-1,-,-,FIGHT"
2026-07-06T00:30:00.000-04:00,"2026-7-6 0:30,3012.8,3013.1,3011.2,3013.2,5,1,0,-1,-,-,FIGHT"
2026-07-06T00:35:00.000-04:00,"2026-7-6 0:35,3013.8,3013.76,3011.4,3013.23,5,1,0,-1,-,-,FIGHT"
2026-07-06T00:40:00.000-04:00,"2026-7-6 0:40,3015.2,3014.71,3011.69,3013.3,5,1,0,-1,-,-,FIGHT"
2026-07-06T00:45:00.000-04:00,"2026-7-6 0:45,3015.1,3015.33,3011.96,3013.37,5,1,0,-1,-,-,FIGHT"
2026-07-06T00:50:00.000-04:00,"2026-7-6 0:50,3015.4,3015.84,3012.22,3013.45,3,1,0,-1,-,-,FIGHT"
2026-07-06T00:55:00.000-04:00,"2026-7-6 0:55,3015.7,3016.28,3012.49,3013.54,3,1,0,0,-,-,FIGHT"
2026-07-06T01:00:00.000-04:00,"2026-7-6 1:00,3014.4,3016.06,3012.63,3013.58,0,0,0,0,-,-,neutral"
2026-07-06T01:05:00.000-04:00,"2026-7-6 1:05,3014.9,3016.03,3012.81,3013.63,0,0,0,0,-,-,neutral"
2026-07-06T01:10:00.000-04:00,"2026-7-6 1:10,3015,3016,3012.98,3013.68,0,0,1,0,-,-,neutral"
2026-07-06T01:15:00.000-04:00,"2026-7-6 1:15,3016,3016.31,3013.21,3013.77,3,1,1,0,-,-,wave_only"
2026-07-06T01:20:00.000-04:00,"2026-7-6 1:20,3014.1,3015.8,3013.28,3013.78,0,0,1,0,-,-,neutral"
2026-07-06T01:25:00.000-04:00,"2026-7-6 1:25,3014.1,3015.38,3013.34,3013.8,0,0,0,0,-,-,neutral"
2026-07-06T01:30:00.000-04:00,"2026-7-6 1:30,3012.7,3014.53,3013.29,3013.75,0,0,0,0,-,-,neutral"
2026-07-06T01:35:00.000-04:00,"2026-7-6 1:35,3014.1,3014.41,3013.35,3013.77,0,0,0,0,-,-,neutral"
2026-07-06T01:40:00.000-04:00,"2026-7-6 1:40,3015.5,3014.83,3013.52,3013.84,5,1,1,0,-,-,wave_only"
2026-07-06T01:45:00.000-04:00,"2026-7-6 1:45,3014.1,3014.61,3013.56,3013.85,0,0,1,0,-,-,neutral"
2026-07-06T01:50:00.000-04:00,"2026-7-6 1:50,3015.6,3015,3013.72,3013.91,5,1,1,0,-,-,wave_only"
2026-07-06T01:55:00.000-04:00,"2026-7-6 1:55,3014.4,3014.83,3013.77,3013.93,0,0,0,-1,-,-,neutral"
2026-07-06T02:00:00.000-04:00,"2026-7-6 2:00,3015.1,3014.95,3013.88,3013.98,5,1,0,-1,-,-,FIGHT"
2026-07-06T02:05:00.000-04:00,"2026-7-6 2:05,3014.9,3014.96,3013.95,3014.02,0,0,0,-1,-,-,neutral"
2026-07-06T02:10:00.000-04:00,"2026-7-6 2:10,3013.4,3014.4,3013.91,3013.99,0,0,-1,-1,-,-,neutral"
2026-07-06T02:15:00.000-04:00,"2026-7-6 2:15,3014.2,3014.29,3013.93,3014,0,0,-1,-1,-,-,neutral"
2026-07-06T02:20:00.000-04:00,"2026-7-6 2:20,3015,3014.5,3014.02,3014.04,7,1,-1,-1,-,-,FIGHT"
2026-07-06T02:25:00.000-04:00,"2026-7-6 2:25,3016.4,3015.17,3014.2,3014.13,7,1,1,-1,-,-,wave_only"
2026-07-06T02:30:00.000-04:00,"2026-7-6 2:30,3015.9,3015.48,3014.33,3014.2,7,1,1,-1,-,-,wave_only"
2026-07-06T02:35:00.000-04:00,"2026-7-6 2:35,3016.5,3015.92,3014.5,3014.29,7,1,1,-1,-,-,wave_only"
2026-07-06T02:40:00.000-04:00,"2026-7-6 2:40,3016.7,3016.3,3014.67,3014.39,5,1,1,-1,-,-,wave_only"
2026-07-06T02:45:00.000-04:00,"2026-7-6 2:45,3016.6,3016.53,3014.82,3014.47,5,1,1,-1,-,-,wave_only"
2026-07-06T02:50:00.000-04:00,"2026-7-6 2:50,3016.3,3016.57,3014.93,3014.54,0,0,1,-1,-,-,neutral"
2026-07-06T02:55:00.000-04:00,"2026-7-6 2:55,3017.2,3016.92,3015.1,3014.65,5,1,1,0,-,-,wave_only"
2026-07-06T03:00:00.000-04:00,"2026-7-6 3:00,3018.3,3017.56,3015.35,3014.79,7,1,1,0,-,-,wave_only"
2026-07-06T03:05:00.000-04:00,"2026-7-6 3:05,3018.8,3018.2,3015.62,3014.95,7,1,1,0,-,-,wave_only"
2026-07-06T03:10:00.000-04:00,"2026-7-6 3:10,3019.3,3018.82,3015.9,3015.12,7,1,1,0,-,-,wave_only"
2026-07-06T03:15:00.000-04:00,"2026-7-6 3:15,3019.7,3019.4,3016.19,3015.3,7,1,1,0,-,-,wave_only"
2026-07-06T03:20:00.000-04:00,"2026-7-6 3:20,3018.1,3019.2,3016.34,3015.41,0,0,1,0,-,-,neutral"
2026-07-06T03:25:00.000-04:00,"2026-7-6 3:25,3017.8,3018.9,3016.45,3015.5,0,0,0,0,-,-,neutral"
2026-07-06T03:30:00.000-04:00,"2026-7-6 3:30,3018.5,3018.92,3016.61,3015.62,0,0,0,0,-,-,neutral"
2026-07-06T03:35:00.000-04:00,"2026-7-6 3:35,3018.1,3018.76,3016.72,3015.72,0,0,0,0,-,-,neutral"
2026-07-06T03:40:00.000-04:00,"2026-7-6 3:40,3021,3019.69,3017.05,3015.92,7,1,1,0,-,-,wave_only"
2026-07-06T03:45:00.000-04:00,"2026-7-6 3:45,3022,3020.73,3017.43,3016.16,7,1,1,0,-,-,wave_only"
2026-07-06T03:50:00.000-04:00,"2026-7-6 3:50,3022.9,3021.79,3017.85,3016.43,7,1,1,0,-,-,wave_only"
2026-07-06T03:55:00.000-04:00,"2026-7-6 3:55,3022.2,3022.27,3018.19,3016.65,7,1,1,1,-,-,RIDE_both"
2026-07-06T04:00:00.000-04:00,"2026-7-6 4:00,3023.3,3022.99,3018.58,3016.91,7,1,1,1,-,-,RIDE_both"
2026-07-06T04:05:00.000-04:00,"2026-7-6 4:05,3023.4,3023.51,3018.95,3017.17,7,1,1,1,-,-,RIDE_both"
2026-07-06T04:10:00.000-04:00,"2026-7-6 4:10,3020.2,3022.65,3019.05,3017.29,0,0,0,1,-,-,neutral"
2026-07-06T04:15:00.000-04:00,"2026-7-6 4:15,3020,3021.91,3019.12,3017.39,0,0,0,1,-,-,neutral"
2026-07-06T04:20:00.000-04:00,"2026-7-6 4:20,3020.4,3021.48,3019.22,3017.51,0,0,0,1,-,-,neutral"
2026-07-06T04:25:00.000-04:00,"2026-7-6 4:25,3020.2,3021.07,3019.29,3017.62,0,0,0,1,-,-,neutral"
2026-07-06T04:30:00.000-04:00,"2026-7-6 4:30,3019.1,3020.35,3019.28,3017.68,-3,-1,0,1,S,-,FIGHT"
2026-07-06T04:35:00.000-04:00,"2026-7-6 4:35,3018.5,3019.59,3019.22,3017.71,-3,-1,0,1,-,-,FIGHT"
2026-07-06T04:40:00.000-04:00,"2026-7-6 4:40,3019.8,3019.52,3019.26,3017.79,-3,-1,0,1,-,-,FIGHT"
2026-07-06T04:45:00.000-04:00,"2026-7-6 4:45,3018.7,3019.07,3019.22,3017.83,-5,-1,0,1,-,-,FIGHT"
2026-07-06T04:50:00.000-04:00,"2026-7-6 4:50,3018.3,3018.61,3019.15,3017.84,-5,-1,0,1,-,-,FIGHT"
2026-07-06T04:55:00.000-04:00,"2026-7-6 4:55,3019.4,3018.69,3019.17,3017.9,0,0,0,1,-,-,neutral"
2026-07-06T05:00:00.000-04:00,"2026-7-6 5:00,3017.3,3017.98,3019.03,3017.88,-5,-1,0,1,-,-,FIGHT"
2026-07-06T05:05:00.000-04:00,"2026-7-6 5:05,3017.3,3017.49,3018.89,3017.86,-5,-1,0,1,-,-,FIGHT"
2026-07-06T05:10:00.000-04:00,"2026-7-6 5:10,3017.3,3017.15,3018.77,3017.84,-5,-1,0,1,-,-,FIGHT"
2026-07-06T05:15:00.000-04:00,"2026-7-6 5:15,3016.6,3016.67,3018.6,3017.79,-5,-1,0,1,-,-,FIGHT"
2026-07-06T05:20:00.000-04:00,"2026-7-6 5:20,3017.4,3016.65,3018.51,3017.77,0,0,0,1,-,-,neutral"
2026-07-06T05:25:00.000-04:00,"2026-7-6 5:25,3018.4,3017.03,3018.5,3017.8,0,0,0,1,-,-,neutral"
2026-07-06T05:30:00.000-04:00,"2026-7-6 5:30,3017.1,3016.85,3018.39,3017.77,-5,-1,0,1,-,-,FIGHT"
2026-07-06T05:35:00.000-04:00,"2026-7-6 5:35,3017.7,3016.97,3018.34,3017.77,0,0,0,1,-,-,neutral"
2026-07-06T05:40:00.000-04:00,"2026-7-6 5:40,3017.6,3017.04,3018.28,3017.76,0,0,0,1,-,-,neutral"
2026-07-06T05:45:00.000-04:00,"2026-7-6 5:45,3015.5,3016.33,3018.07,3017.67,-5,-1,0,1,-,-,FIGHT"
2026-07-06T05:50:00.000-04:00,"2026-7-6 5:50,3018,3016.76,3018.06,3017.68,0,0,0,1,-,-,neutral"
2026-07-06T05:55:00.000-04:00,"2026-7-6 5:55,3017,3016.72,3017.98,3017.66,-3,-1,0,-1,-,-,tide_only"
2026-07-06T06:00:00.000-04:00,"2026-7-6 6:00,3016.6,3016.56,3017.88,3017.62,-5,-1,0,-1,-,-,tide_only"
2026-07-06T06:05:00.000-04:00,"2026-7-6 6:05,3016.5,3016.42,3017.77,3017.57,-5,-1,0,-1,-,-,tide_only"
2026-07-06T06:10:00.000-04:00,"2026-7-6 6:10,3018.7,3017.15,3017.84,3017.62,0,0,0,-1,-,-,neutral"
2026-07-06T06:15:00.000-04:00,"2026-7-6 6:15,3019.5,3017.99,3017.97,3017.69,7,1,0,-1,B,-,FIGHT"
2026-07-06T06:20:00.000-04:00,"2026-7-6 6:20,3018.6,3018.28,3018.02,3017.73,7,1,0,-1,-,-,FIGHT"
2026-07-06T06:25:00.000-04:00,"2026-7-6 6:25,3018.3,3018.37,3018.04,3017.75,7,1,0,-1,-,-,FIGHT"
2026-07-06T06:30:00.000-04:00,"2026-7-6 6:30,3019.1,3018.73,3018.12,3017.8,7,1,0,-1,-,-,FIGHT"
2026-07-06T06:35:00.000-04:00,"2026-7-6 6:35,3018.8,3018.88,3018.17,3017.84,7,1,0,-1,-,-,FIGHT"
2026-07-06T06:40:00.000-04:00,"2026-7-6 6:40,3016.6,3018.15,3018.05,3017.79,-5,-1,-1,-1,S,SELL,RIDE_both"
2026-07-06T06:45:00.000-04:00,"2026-7-6 6:45,3017.9,3018.1,3018.04,3017.8,-5,0,-1,-1,-,-,neutral"
2026-07-06T06:50:00.000-04:00,"2026-7-6 6:50,3017.9,3018.05,3018.03,3017.8,-5,0,-1,-1,-,-,neutral"
2026-07-06T06:55:00.000-04:00,"2026-7-6 6:55,3018.1,3018.09,3018.04,3017.81,0,0,0,0,-,-,neutral"
2026-07-06T07:00:00.000-04:00,"2026-7-6 7:00,3017.3,3017.82,3017.98,3017.79,-5,-1,0,0,-,-,FIGHT"
2026-07-06T07:05:00.000-04:00,"2026-7-6 7:05,3016.4,3017.29,3017.86,3017.74,-5,-1,0,0,-,-,FIGHT"
2026-07-06T07:10:00.000-04:00,"2026-7-6 7:10,3016.2,3016.83,3017.73,3017.68,-7,-1,-1,0,-,-,wave_only"
2026-07-06T07:15:00.000-04:00,"2026-7-6 7:15,3018.4,3017.32,3017.78,3017.71,0,0,-1,0,-,-,neutral"
2026-07-06T07:20:00.000-04:00,"2026-7-6 7:20,3018.2,3017.61,3017.81,3017.73,0,0,-1,0,-,-,neutral"
2026-07-06T07:25:00.000-04:00,"2026-7-6 7:25,3018.3,3017.86,3017.85,3017.75,7,1,0,0,B,-,FIGHT"
2026-07-06T07:30:00.000-04:00,"2026-7-6 7:30,3020.1,3018.72,3018.02,3017.84,7,1,0,0,-,-,FIGHT"
2026-07-06T07:35:00.000-04:00,"2026-7-6 7:35,3018.5,3018.74,3018.06,3017.87,7,0,0,0,-,-,neutral"
2026-07-06T07:40:00.000-04:00,"2026-7-6 7:40,3017.9,3018.53,3018.05,3017.87,0,0,0,0,-,-,neutral"
2026-07-06T07:45:00.000-04:00,"2026-7-6 7:45,3017.5,3018.22,3018.01,3017.85,-3,0,0,0,-,-,neutral"
2026-07-06T07:50:00.000-04:00,"2026-7-6 7:50,3015.3,3017.17,3017.8,3017.75,-7,-1,0,0,S,-,FIGHT"
2026-07-06T07:55:00.000-04:00,"2026-7-6 7:55,3014.8,3016.21,3017.57,3017.64,-7,-1,-1,-1,-,-,RIDE_both"
2026-07-06T08:00:00.000-04:00,"2026-7-6 8:00,3018,3016.71,3017.6,3017.65,0,0,-1,-1,-,-,neutral"
2026-07-06T08:05:00.000-04:00,"2026-7-6 8:05,3017.1,3016.76,3017.56,3017.63,0,0,-1,-1,-,-,neutral"
2026-07-06T08:10:00.000-04:00,"2026-7-6 8:10,3018.7,3017.4,3017.65,3017.67,0,0,0,-1,-,-,neutral"
2026-07-06T08:15:00.000-04:00,"2026-7-6 8:15,3020.9,3018.69,3017.9,3017.8,7,1,0,-1,B,-,FIGHT"
2026-07-06T08:20:00.000-04:00,"2026-7-6 8:20,3017.6,3018.4,3017.88,3017.79,0,0,0,-1,-,-,neutral"
2026-07-06T08:25:00.000-04:00,"2026-7-6 8:25,3018.5,3018.52,3017.92,3017.82,7,0,1,-1,-,-,neutral"
2026-07-06T08:30:00.000-04:00,"2026-7-6 8:30,3019.6,3019.01,3018.05,3017.89,7,1,1,-1,-,-,wave_only"
2026-07-06T08:35:00.000-04:00,"2026-7-6 8:35,3021.2,3019.94,3018.3,3018.02,7,1,1,-1,-,-,wave_only"
2026-07-06T08:40:00.000-04:00,"2026-7-6 8:40,3020.3,3020.28,3018.45,3018.11,7,1,1,-1,-,-,wave_only"
2026-07-06T08:45:00.000-04:00,"2026-7-6 8:45,3020.6,3020.61,3018.62,3018.21,7,1,1,-1,-,-,wave_only"
2026-07-06T08:50:00.000-04:00,"2026-7-6 8:50,3021.4,3021.13,3018.83,3018.33,7,1,1,-1,-,-,wave_only"
2026-07-06T08:55:00.000-04:00,"2026-7-6 8:55,3020.6,3021.18,3018.97,3018.42,0,0,1,1,-,-,neutral"
2026-07-06T09:00:00.000-04:00,"2026-7-6 9:00,3018,3020.23,3018.89,3018.4,0,0,1,1,-,-,neutral"
2026-07-06T09:05:00.000-04:00,"2026-7-6 9:05,3018,3019.51,3018.82,3018.39,0,0,1,1,-,-,neutral"
2026-07-06T09:10:00.000-04:00,"2026-7-6 9:10,3018.4,3019.12,3018.79,3018.39,-3,0,0,1,-,-,neutral"
2026-07-06T09:15:00.000-04:00,"2026-7-6 9:15,3017.6,3018.53,3018.7,3018.36,-5,-1,0,1,S,-,FIGHT"
2026-07-06T09:20:00.000-04:00,"2026-7-6 9:20,3015.9,3017.48,3018.48,3018.26,-5,-1,0,1,-,-,FIGHT"
2026-07-06T09:25:00.000-04:00,"2026-7-6 9:25,3016,3016.75,3018.29,3018.17,-7,-1,-1,1,-,-,wave_only"
2026-07-06T09:30:00.000-04:00,"2026-7-6 9:30,3028.7,3020.94,3019.09,3018.58,7,1,-1,1,B,-,tide_only"
2026-07-06T09:35:00.000-04:00,"2026-7-6 9:35,3029.4,3024.28,3019.89,3019.01,7,1,-1,1,-,-,tide_only"
2026-07-06T09:40:00.000-04:00,"2026-7-6 9:40,3035.3,3028.87,3021.07,3019.65,7,1,1,1,-,-,RIDE_both"
2026-07-06T09:45:00.000-04:00,"2026-7-6 9:45,3038.3,3033.27,3022.4,3020.38,7,1,1,1,-,-,RIDE_both"
2026-07-06T09:50:00.000-04:00,"2026-7-6 9:50,3037.2,3035.97,3023.54,3021.04,7,1,1,1,-,-,RIDE_both"
2026-07-06T09:55:00.000-04:00,"2026-7-6 9:55,3033.9,3036.58,3024.33,3021.54,0,0,1,1,-,-,neutral"
2026-07-06T10:00:00.000-04:00,"2026-7-6 10:00,3029.4,3035.2,3024.72,3021.85,0,0,1,1,-,-,neutral"
2026-07-06T10:05:00.000-04:00,"2026-7-6 10:05,3025.6,3032.64,3024.79,3022,0,0,1,1,-,-,neutral"
2026-07-06T10:10:00.000-04:00,"2026-7-6 10:10,3028.7,3031.8,3025.09,3022.26,0,0,1,1,-,-,neutral"
2026-07-06T10:15:00.000-04:00,"2026-7-6 10:15,3024.8,3029.67,3025.07,3022.36,0,0,1,1,-,-,neutral"
2026-07-06T10:20:00.000-04:00,"2026-7-6 10:20,3027,3028.86,3025.22,3022.54,0,0,1,1,-,-,neutral"
2026-07-06T10:25:00.000-04:00,"2026-7-6 10:25,3028.7,3028.86,3025.48,3022.78,0,0,0,1,-,-,neutral"
2026-07-06T10:30:00.000-04:00,"2026-7-6 10:30,3029.1,3028.99,3025.76,3023.03,3,1,0,1,-,-,tide_only"
2026-07-06T10:35:00.000-04:00,"2026-7-6 10:35,3030.5,3029.58,3026.13,3023.32,3,1,0,1,-,-,tide_only"
2026-07-06T10:40:00.000-04:00,"2026-7-6 10:40,3030.3,3029.92,3026.45,3023.6,3,1,1,1,-,-,RIDE_both"
2026-07-06T10:45:00.000-04:00,"2026-7-6 10:45,3032.2,3030.85,3026.89,3023.94,7,1,1,1,-,-,RIDE_both"
2026-07-06T10:50:00.000-04:00,"2026-7-6 10:50,3033.6,3032.03,3027.41,3024.31,7,1,1,1,-,-,RIDE_both"
2026-07-06T10:55:00.000-04:00,"2026-7-6 10:55,3036.2,3033.81,3028.08,3024.78,7,1,1,1,-,-,RIDE_both"
2026-07-06T11:00:00.000-04:00,"2026-7-6 11:00,3036,3035,3028.69,3025.22,7,1,1,1,-,-,RIDE_both"
2026-07-06T11:05:00.000-04:00,"2026-7-6 11:05,3035,3035.45,3029.18,3025.6,0,0,1,1,-,-,neutral"
2026-07-06T11:10:00.000-04:00,"2026-7-6 11:10,3038.7,3037.08,3029.91,3026.12,7,1,1,1,-,-,RIDE_both"
2026-07-06T11:15:00.000-04:00,"2026-7-6 11:15,3037.8,3037.88,3030.52,3026.58,3,1,1,1,-,-,RIDE_both"
2026-07-06T11:20:00.000-04:00,"2026-7-6 11:20,3036,3037.72,3030.94,3026.95,0,0,1,1,-,-,neutral"
2026-07-06T11:25:00.000-04:00,"2026-7-6 11:25,3035.7,3037.42,3031.3,3027.29,0,0,0,1,-,-,neutral"
2026-07-06T11:30:00.000-04:00,"2026-7-6 11:30,3036.2,3037.33,3031.68,3027.64,0,0,0,1,-,-,neutral"
2026-07-06T11:35:00.000-04:00,"2026-7-6 11:35,3037.8,3037.8,3032.15,3028.04,0,0,0,1,-,-,neutral"
2026-07-06T11:40:00.000-04:00,"2026-7-6 11:40,3039.2,3038.61,3032.69,3028.47,7,1,1,1,-,-,RIDE_both"
2026-07-06T11:45:00.000-04:00,"2026-7-6 11:45,3039.1,3039.12,3033.19,3028.89,0,0,1,1,-,-,neutral"
2026-07-06T11:50:00.000-04:00,"2026-7-6 11:50,3038.4,3039.18,3033.59,3029.26,0,0,1,1,-,-,neutral"
2026-07-06T11:55:00.000-04:00,"2026-7-6 11:55,3041.4,3040.28,3034.19,3029.74,7,1,1,1,-,-,RIDE_both"
2026-07-06T12:00:00.000-04:00,"2026-7-6 12:00,3039.5,3040.34,3034.6,3030.12,0,0,1,1,-,-,neutral"
2026-07-06T12:05:00.000-04:00,"2026-7-6 12:05,3040.8,3040.81,3035.07,3030.54,7,1,1,1,-,-,RIDE_both"
2026-07-06T12:10:00.000-04:00,"2026-7-6 12:10,3038.4,3040.21,3035.33,3030.85,0,0,0,1,-,-,neutral"
2026-07-06T12:15:00.000-04:00,"2026-7-6 12:15,3038.7,3039.84,3035.59,3031.16,0,0,0,1,-,-,neutral"
2026-07-06T12:20:00.000-04:00,"2026-7-6 12:20,3040,3040.02,3035.93,3031.5,7,0,0,1,-,-,neutral"
2026-07-06T12:25:00.000-04:00,"2026-7-6 12:25,3039.9,3040.08,3036.23,3031.83,7,0,0,1,-,-,neutral"
2026-07-06T12:30:00.000-04:00,"2026-7-6 12:30,3040.6,3040.36,3036.57,3032.18,7,1,0,1,-,-,tide_only"
2026-07-06T12:35:00.000-04:00,"2026-7-6 12:35,3040.1,3040.36,3036.84,3032.49,0,0,0,1,-,-,neutral"
2026-07-06T12:40:00.000-04:00,"2026-7-6 12:40,3040.5,3040.48,3037.12,3032.8,7,0,0,1,-,-,neutral"
2026-07-06T12:45:00.000-04:00,"2026-7-6 12:45,3040.7,3040.62,3037.4,3033.11,7,0,0,1,-,-,neutral"
2026-07-06T12:50:00.000-04:00,"2026-7-6 12:50,3036.4,3039.11,3037.32,3033.24,-3,-1,0,1,S,-,FIGHT"
2026-07-06T12:55:00.000-04:00,"2026-7-6 12:55,3036.4,3037.99,3037.25,3033.36,-3,-1,0,1,-,-,FIGHT"
2026-07-06T13:00:00.000-04:00,"2026-7-6 13:00,3037.1,3037.44,3037.24,3033.51,-5,-1,0,1,-,-,FIGHT"
2026-07-06T13:05:00.000-04:00,"2026-7-6 13:05,3040.1,3038.16,3037.46,3033.77,7,1,0,1,B,-,tide_only"
2026-07-06T13:10:00.000-04:00,"2026-7-6 13:10,3040.5,3038.85,3037.69,3034.03,7,1,0,1,-,-,tide_only"
2026-07-06T13:15:00.000-04:00,"2026-7-6 13:15,3038.9,3038.77,3037.79,3034.22,-3,-1,0,1,S,-,FIGHT"
2026-07-06T13:20:00.000-04:00,"2026-7-6 13:20,3038.6,3038.6,3037.85,3034.4,-3,-1,0,1,-,-,FIGHT"
2026-07-06T13:25:00.000-04:00,"2026-7-6 13:25,3037.4,3038.04,3037.81,3034.51,-5,-1,0,1,-,-,FIGHT"
2026-07-06T13:30:00.000-04:00,"2026-7-6 13:30,3034.6,3036.6,3037.57,3034.52,-5,-1,0,1,-,-,FIGHT"
2026-07-06T13:35:00.000-04:00,"2026-7-6 13:35,3033.9,3035.31,3037.28,3034.49,-5,-1,0,1,-,-,FIGHT"
2026-07-06T13:40:00.000-04:00,"2026-7-6 13:40,3033,3034.05,3036.96,3034.43,-5,-1,0,1,-,-,FIGHT"
2026-07-06T13:45:00.000-04:00,"2026-7-6 13:45,3033.8,3033.48,3036.71,3034.41,-5,-1,0,1,-,-,FIGHT"
2026-07-06T13:50:00.000-04:00,"2026-7-6 13:50,3032.7,3032.7,3036.4,3034.34,-5,-1,0,1,-,-,FIGHT"
2026-07-06T13:55:00.000-04:00,"2026-7-6 13:55,3033.8,3032.59,3036.2,3034.32,-3,-1,0,0,-,-,FIGHT"
2026-07-06T14:00:00.000-04:00,"2026-7-6 14:00,3036.4,3033.52,3036.22,3034.4,0,0,0,0,-,-,neutral"
2026-07-06T14:05:00.000-04:00,"2026-7-6 14:05,3036.7,3034.37,3036.26,3034.49,0,0,0,0,-,-,neutral"
2026-07-06T14:10:00.000-04:00,"2026-7-6 14:10,3035.5,3034.58,3036.2,3034.53,0,0,0,0,-,-,neutral"
2026-07-06T14:15:00.000-04:00,"2026-7-6 14:15,3036.4,3035.09,3036.21,3034.61,0,0,0,0,-,-,neutral"
2026-07-06T14:20:00.000-04:00,"2026-7-6 14:20,3035.1,3035.01,3036.13,3034.62,-5,-1,0,0,-,-,FIGHT"
2026-07-06T14:25:00.000-04:00,"2026-7-6 14:25,3033.8,3034.47,3035.95,3034.59,-5,-1,-1,0,-,-,wave_only"
2026-07-06T14:30:00.000-04:00,"2026-7-6 14:30,3033.4,3033.95,3035.75,3034.55,-5,-1,-1,0,-,-,wave_only"
2026-07-06T14:35:00.000-04:00,"2026-7-6 14:35,3031.8,3032.99,3035.45,3034.44,-5,-1,-1,0,-,-,wave_only"
2026-07-06T14:40:00.000-04:00,"2026-7-6 14:40,3030.9,3031.98,3035.1,3034.3,-5,-1,-1,0,-,-,wave_only"
2026-07-06T14:45:00.000-04:00,"2026-7-6 14:45,3033.2,3032.13,3034.95,3034.26,0,0,-1,0,-,-,neutral"
2026-07-06T14:50:00.000-04:00,"2026-7-6 14:50,3032.4,3031.97,3034.76,3034.18,-3,-1,-1,0,-,-,wave_only"
2026-07-06T14:55:00.000-04:00,"2026-7-6 14:55,3031.5,3031.56,3034.51,3034.08,-5,-1,-1,0,-,-,wave_only"
2026-07-06T15:00:00.000-04:00,"2026-7-6 15:00,3029.5,3030.55,3034.12,3033.9,-7,-1,-1,0,-,-,wave_only"
2026-07-06T15:05:00.000-04:00,"2026-7-6 15:05,3028.6,3029.51,3033.7,3033.69,-5,-1,-1,0,-,-,wave_only"
2026-07-06T15:10:00.000-04:00,"2026-7-6 15:10,3028.4,3028.72,3033.29,3033.48,-3,-1,-1,0,-,-,wave_only"
2026-07-06T15:15:00.000-04:00,"2026-7-6 15:15,3030.1,3028.82,3033.04,3033.35,0,0,-1,0,-,-,neutral"
2026-07-06T15:20:00.000-04:00,"2026-7-6 15:20,3032.7,3029.91,3033.02,3033.33,0,0,-1,0,-,-,neutral"
2026-07-06T15:25:00.000-04:00,"2026-7-6 15:25,3033,3030.86,3033.02,3033.31,0,0,0,0,-,-,neutral"
2026-07-06T15:30:00.000-04:00,"2026-7-6 15:30,3031.7,3031.1,3032.91,3033.25,0,0,0,0,-,-,neutral"
2026-07-06T15:35:00.000-04:00,"2026-7-6 15:35,3030.6,3030.88,3032.74,3033.15,-3,-1,0,0,-,-,FIGHT"
2026-07-06T15:40:00.000-04:00,"2026-7-6 15:40,3030.2,3030.59,3032.54,3033.03,-5,-1,-1,0,-,-,wave_only"
2026-07-06T15:45:00.000-04:00,"2026-7-6 15:45,3029.6,3030.16,3032.31,3032.9,-5,-1,-1,0,-,-,wave_only"
2026-07-06T15:50:00.000-04:00,"2026-7-6 15:50,3026.2,3028.61,3031.84,3032.63,-7,-1,-1,0,-,-,wave_only"
2026-07-06T15:55:00.000-04:00,"2026-7-6 15:55,3026.5,3027.6,3031.43,3032.39,-7,-1,-1,0,-,-,wave_only"
2026-07-06T16:00:00.000-04:00,"2026-7-6 16:00,3029.2,3027.9,3031.26,3032.27,0,0,-1,0,-,-,neutral"
2026-07-06T16:05:00.000-04:00,"2026-7-6 16:05,3031.6,3029.04,3031.29,3032.24,0,0,-1,0,-,-,neutral"
2026-07-06T16:10:00.000-04:00,"2026-7-6 16:10,3031.5,3029.87,3031.3,3032.21,0,0,0,0,-,-,neutral"
2026-07-06T16:15:00.000-04:00,"2026-7-6 16:15,3032.6,3030.9,3031.4,3032.23,3,1,0,0,B,-,FIGHT"
2026-07-06T16:20:00.000-04:00,"2026-7-6 16:20,3032.6,3031.66,3031.5,3032.24,5,1,0,0,-,-,FIGHT"
2026-07-06T16:25:00.000-04:00,"2026-7-6 16:25,3032.6,3032.2,3031.58,3032.26,5,1,0,0,-,-,FIGHT"
2026-07-06T16:30:00.000-04:00,"2026-7-6 16:30,3033.1,3032.77,3031.7,3032.29,5,1,0,0,-,-,FIGHT"
2026-07-06T16:35:00.000-04:00,"2026-7-6 16:35,3032.8,3033.05,3031.78,3032.31,5,1,0,0,-,-,FIGHT"
2026-07-06T16:40:00.000-04:00,"2026-7-6 16:40,3033,3033.31,3031.88,3032.34,5,1,0,0,-,-,FIGHT"
2026-07-06T16:45:00.000-04:00,"2026-7-6 16:45,3032.3,3033.21,3031.91,3032.33,0,0,0,0,-,-,neutral"
2026-07-06T16:50:00.000-04:00,"2026-7-6 16:50,3032.9,3033.33,3031.98,3032.36,7,0,0,0,-,-,neutral"
2026-07-06T16:55:00.000-04:00,"2026-7-6 16:55,3034.3,3033.92,3032.16,3032.43,5,1,0,0,-,-,FIGHT"
2026-07-06T18:00:00.000-04:00,"2026-7-6 18:00,3034.6,3034.43,3032.35,3032.52,5,1,0,0,-,-,FIGHT"
2026-07-06T18:05:00.000-04:00,"2026-7-6 18:05,3034.1,3034.6,3032.49,3032.58,5,0,0,0,-,-,neutral"
2026-07-06T18:10:00.000-04:00,"2026-7-6 18:10,3035.2,3035.09,3032.69,3032.68,7,1,1,0,-,-,wave_only"
2026-07-06T18:15:00.000-04:00,"2026-7-6 18:15,3035.8,3035.64,3032.93,3032.8,7,1,1,0,-,-,wave_only"
2026-07-06T18:20:00.000-04:00,"2026-7-6 18:20,3035.5,3035.9,3033.13,3032.91,0,0,1,0,-,-,neutral"
2026-07-06T18:25:00.000-04:00,"2026-7-6 18:25,3034.9,3035.84,3033.27,3032.99,0,0,1,0,-,-,neutral"
2026-07-06T18:30:00.000-04:00,"2026-7-6 18:30,3035.2,3035.86,3033.42,3033.08,0,0,1,0,-,-,neutral"
2026-07-06T18:35:00.000-04:00,"2026-7-6 18:35,3034.8,3035.7,3033.52,3033.14,0,0,1,0,-,-,neutral"
2026-07-06T18:40:00.000-04:00,"2026-7-6 18:40,3034.4,3035.41,3033.59,3033.19,0,0,1,0,-,-,neutral"
2026-07-06T18:45:00.000-04:00,"2026-7-6 18:45,3033.6,3034.87,3033.59,3033.21,0,0,1,0,-,-,neutral"
2026-07-06T18:50:00.000-04:00,"2026-7-6 18:50,3033.2,3034.32,3033.56,3033.21,0,0,1,0,-,-,neutral"
2026-07-06T18:55:00.000-04:00,"2026-7-6 18:55,3032.9,3033.79,3033.51,3033.2,-3,0,-1,0,-,-,neutral"
2026-07-06T19:00:00.000-04:00,"2026-7-6 19:00,3034.3,3033.92,3033.57,3033.24,7,1,-1,0,-,-,FIGHT"
2026-07-06T19:05:00.000-04:00,"2026-7-6 19:05,3033.6,3033.76,3033.57,3033.25,0,0,-1,0,-,-,neutral"
2026-07-06T19:10:00.000-04:00,"2026-7-6 19:10,3033.5,3033.6,3033.57,3033.26,-5,0,1,0,-,-,neutral"
2026-07-06T19:15:00.000-04:00,"2026-7-6 19:15,3031.7,3032.82,3033.42,3033.2,-5,-1,1,0,S,-,FIGHT"
2026-07-06T19:20:00.000-04:00,"2026-7-6 19:20,3032.1,3032.41,3033.32,3033.16,-5,-1,1,0,-,-,FIGHT"
2026-07-06T19:25:00.000-04:00,"2026-7-6 19:25,3031.7,3031.98,3033.2,3033.1,-5,-1,-1,0,-,-,wave_only"
2026-07-06T19:30:00.000-04:00,"2026-7-6 19:30,3031.3,3031.53,3033.05,3033.03,-7,-1,-1,0,-,-,wave_only"
2026-07-06T19:35:00.000-04:00,"2026-7-6 19:35,3031.4,3031.25,3032.92,3032.97,-5,-1,-1,0,-,-,wave_only"
2026-07-06T19:40:00.000-04:00,"2026-7-6 19:40,3030.6,3030.78,3032.75,3032.87,-5,-1,-1,0,-,-,wave_only"
2026-07-06T19:45:00.000-04:00,"2026-7-6 19:45,3029.3,3029.98,3032.48,3032.73,-5,-1,-1,0,-,-,wave_only"
2026-07-06T19:50:00.000-04:00,"2026-7-6 19:50,3028.6,3029.17,3032.18,3032.57,-7,-1,-1,0,-,-,wave_only"
2026-07-06T19:55:00.000-04:00,"2026-7-6 19:55,3029,3028.75,3031.94,3032.43,-7,0,-1,0,-,-,neutral"
2026-07-06T20:00:00.000-04:00,"2026-7-6 20:00,3030.5,3029.05,3031.83,3032.36,0,0,-1,0,-,-,neutral"
2026-07-06T20:05:00.000-04:00,"2026-7-6 20:05,3030.7,3029.37,3031.74,3032.29,0,0,-1,0,-,-,neutral"
2026-07-06T20:10:00.000-04:00,"2026-7-6 20:10,3029.7,3029.28,3031.58,3032.19,0,0,-1,0,-,-,neutral"
2026-07-06T20:15:00.000-04:00,"2026-7-6 20:15,3031.3,3029.83,3031.56,3032.15,0,0,-1,0,-,-,neutral"
2026-07-06T20:20:00.000-04:00,"2026-7-6 20:20,3031.9,3030.47,3031.59,3032.14,0,0,-1,0,-,-,neutral"
2026-07-06T20:25:00.000-04:00,"2026-7-6 20:25,3030.3,3030.37,3031.49,3032.07,-3,-1,-1,0,-,-,wave_only"
2026-07-06T20:30:00.000-04:00,"2026-7-6 20:30,3029.4,3029.97,3031.33,3031.97,-7,-1,-1,0,-,-,wave_only"
2026-07-06T20:35:00.000-04:00,"2026-7-6 20:35,3028.4,3029.32,3031.1,3031.83,-7,-1,-1,0,-,-,wave_only"
2026-07-06T20:40:00.000-04:00,"2026-7-6 20:40,3029.7,3029.33,3030.99,3031.74,0,0,-1,0,-,-,neutral"
2026-07-06T20:45:00.000-04:00,"2026-7-6 20:45,3029.9,3029.44,3030.91,3031.67,0,0,-1,0,-,-,neutral"
2026-07-06T20:50:00.000-04:00,"2026-7-6 20:50,3030.3,3029.68,3030.86,3031.62,0,0,-1,0,-,-,neutral"
2026-07-06T20:55:00.000-04:00,"2026-7-6 20:55,3028.4,3029.16,3030.67,3031.49,-7,-1,-1,0,-,-,wave_only"
2026-07-06T21:00:00.000-04:00,"2026-7-6 21:00,3028.1,3028.68,3030.48,3031.36,-7,-1,-1,0,-,-,wave_only"
2026-07-06T21:05:00.000-04:00,"2026-7-6 21:05,3028.6,3028.53,3030.33,3031.25,-3,-1,-1,0,-,-,wave_only"
2026-07-06T21:10:00.000-04:00,"2026-7-6 21:10,3028.3,3028.33,3030.18,3031.13,-3,-1,-1,0,-,-,wave_only"
2026-07-06T21:15:00.000-04:00,"2026-7-6 21:15,3027.9,3028.05,3030,3031.01,-7,-1,-1,0,-,-,wave_only"
2026-07-06T21:20:00.000-04:00,"2026-7-6 21:20,3027.6,3027.75,3029.82,3030.87,-7,-1,-1,0,-,-,wave_only"
2026-07-06T21:25:00.000-04:00,"2026-7-6 21:25,3028.3,3027.81,3029.7,3030.77,0,0,-1,0,-,-,neutral"
2026-07-06T21:30:00.000-04:00,"2026-7-6 21:30,3028.3,3027.88,3029.59,3030.68,0,0,-1,0,-,-,neutral"
2026-07-06T21:35:00.000-04:00,"2026-7-6 21:35,3029.9,3028.53,3029.62,3030.65,0,0,-1,0,-,-,neutral"
2026-07-06T21:40:00.000-04:00,"2026-7-6 21:40,3030.2,3029.14,3029.66,3030.63,3,1,0,0,B,-,FIGHT"
2026-07-06T21:45:00.000-04:00,"2026-7-6 21:45,3031.2,3029.95,3029.78,3030.65,5,1,0,0,-,-,FIGHT"
2026-07-06T21:50:00.000-04:00,"2026-7-6 21:50,3031.1,3030.51,3029.88,3030.67,5,1,0,0,-,-,FIGHT"
2026-07-06T21:55:00.000-04:00,"2026-7-6 21:55,3027.8,3029.68,3029.72,3030.56,0,0,-1,0,-,-,neutral"
2026-07-06T22:00:00.000-04:00,"2026-7-6 22:00,3029.3,3029.62,3029.69,3030.51,-3,-1,-1,0,S,-,wave_only"
2026-07-06T22:05:00.000-04:00,"2026-7-6 22:05,3029.8,3029.76,3029.7,3030.48,5,1,-1,0,B,-,FIGHT"
2026-07-06T22:10:00.000-04:00,"2026-7-6 22:10,3028.6,3029.41,3029.61,3030.41,-7,-1,0,0,S,-,FIGHT"
2026-07-06T22:15:00.000-04:00,"2026-7-6 22:15,3029,3029.29,3029.57,3030.35,-7,-1,0,0,-,-,FIGHT"
2026-07-06T22:20:00.000-04:00,"2026-7-6 22:20,3028.1,3028.87,3029.45,3030.26,-7,-1,0,0,-,-,FIGHT"
2026-07-06T22:25:00.000-04:00,"2026-7-6 22:25,3027.9,3028.49,3029.33,3030.17,-7,-1,-1,0,-,-,wave_only"
2026-07-06T22:30:00.000-04:00,"2026-7-6 22:30,3026.7,3027.78,3029.13,3030.03,-7,-1,-1,0,-,-,wave_only"
2026-07-06T22:35:00.000-04:00,"2026-7-6 22:35,3027.7,3027.63,3029.02,3029.94,-3,-1,-1,0,-,-,wave_only"
2026-07-06T22:40:00.000-04:00,"2026-7-6 22:40,3027.7,3027.54,3028.92,3029.85,-3,-1,-1,0,-,-,wave_only"
2026-07-06T22:45:00.000-04:00,"2026-7-6 22:45,3027.2,3027.3,3028.79,3029.75,-7,-1,-1,0,-,-,wave_only"
2026-07-06T22:50:00.000-04:00,"2026-7-6 22:50,3027.4,3027.22,3028.68,3029.66,-3,-1,-1,0,-,-,wave_only"
2026-07-06T22:55:00.000-04:00,"2026-7-6 22:55,3025.9,3026.62,3028.47,3029.51,-7,-1,-1,0,-,-,wave_only"
2026-07-06T23:00:00.000-04:00,"2026-7-6 23:00,3027,3026.6,3028.35,3029.41,-7,0,-1,0,-,-,neutral"
2026-07-06T23:05:00.000-04:00,"2026-7-6 23:05,3027.5,3026.79,3028.29,3029.34,0,0,-1,0,-,-,neutral"
2026-07-06T23:10:00.000-04:00,"2026-7-6 23:10,3026.5,3026.58,3028.15,3029.23,-7,-1,-1,0,-,-,wave_only"
2026-07-06T23:15:00.000-04:00,"2026-7-6 23:15,3025.3,3026,3027.93,3029.07,-7,-1,-1,0,-,-,wave_only"
2026-07-06T23:20:00.000-04:00,"2026-7-6 23:20,3024.1,3025.14,3027.64,3028.88,-7,-1,-1,0,-,-,wave_only"
2026-07-06T23:25:00.000-04:00,"2026-7-6 23:25,3022.9,3024.09,3027.27,3028.64,-7,-1,-1,0,-,-,wave_only"
2026-07-06T23:30:00.000-04:00,"2026-7-6 23:30,3022.5,3023.21,3026.9,3028.4,-7,-1,-1,0,-,-,wave_only"
2026-07-06T23:35:00.000-04:00,"2026-7-6 23:35,3023.5,3022.97,3026.64,3028.21,-3,-1,-1,0,-,-,wave_only"
2026-07-06T23:40:00.000-04:00,"2026-7-6 23:40,3022.5,3022.47,3026.32,3027.99,-7,-1,-1,0,-,-,wave_only"
2026-07-06T23:45:00.000-04:00,"2026-7-6 23:45,3021.2,3021.66,3025.93,3027.72,-7,-1,-1,0,-,-,wave_only"
2026-07-06T23:50:00.000-04:00,"2026-7-6 23:50,3020.8,3020.96,3025.54,3027.45,-7,-1,-1,0,-,-,wave_only"
2026-07-06T23:55:00.000-04:00,"2026-7-6 23:55,3021.7,3020.84,3025.24,3027.22,0,0,-1,-1,-,-,neutral"
2026-07-07T00:00:00.000-04:00,"2026-7-7 0:00,3022.4,3021.05,3025.02,3027.03,0,0,-1,-1,-,-,neutral"
2026-07-07T00:05:00.000-04:00,"2026-7-7 0:05,3022.4,3021.26,3024.82,3026.85,0,0,-1,-1,-,-,neutral"
2026-07-07T00:10:00.000-04:00,"2026-7-7 0:10,3021.5,3021.11,3024.56,3026.64,-3,-1,-1,-1,-,-,RIDE_both"
2026-07-07T00:15:00.000-04:00,"2026-7-7 0:15,3020.4,3020.63,3024.24,3026.4,-7,-1,-1,-1,-,-,RIDE_both"
2026-07-07T00:20:00.000-04:00,"2026-7-7 0:20,3020.1,3020.21,3023.93,3026.15,-7,-1,-1,-1,-,-,RIDE_both"
2026-07-07T00:25:00.000-04:00,"2026-7-7 0:25,3020.8,3020.19,3023.69,3025.94,0,0,-1,-1,-,-,neutral"
2026-07-07T00:30:00.000-04:00,"2026-7-7 0:30,3020.6,3020.13,3023.45,3025.73,-3,-1,-1,-1,-,-,RIDE_both"
2026-07-07T00:35:00.000-04:00,"2026-7-7 0:35,3020.5,3020.09,3023.22,3025.53,-3,-1,-1,-1,-,-,RIDE_both"
2026-07-07T00:40:00.000-04:00,"2026-7-7 0:40,3020,3019.9,3022.97,3025.31,-3,-1,-1,-1,-,-,RIDE_both"
2026-07-07T00:45:00.000-04:00,"2026-7-7 0:45,3019.1,3019.45,3022.68,3025.07,-7,-1,-1,-1,-,-,RIDE_both"
2026-07-07T00:50:00.000-04:00,"2026-7-7 0:50,3018.7,3019,3022.37,3024.82,-7,-1,-1,-1,-,-,RIDE_both"
2026-07-07T00:55:00.000-04:00,"2026-7-7 0:55,3019.2,3018.89,3022.13,3024.6,-3,-1,0,-1,-,-,tide_only"
2026-07-07T01:00:00.000-04:00,"2026-7-7 1:00,3017.9,3018.35,3021.8,3024.33,-7,-1,0,-1,-,-,tide_only"
2026-07-07T01:05:00.000-04:00,"2026-7-7 1:05,3017.2,3017.73,3021.45,3024.05,-7,-1,0,-1,-,-,tide_only"
2026-07-07T01:10:00.000-04:00,"2026-7-7 1:10,3016.9,3017.2,3021.1,3023.77,-7,-1,-1,-1,-,-,RIDE_both"
2026-07-07T01:15:00.000-04:00,"2026-7-7 1:15,3017.1,3016.91,3020.79,3023.51,-7,0,-1,-1,-,-,neutral"
2026-07-07T01:20:00.000-04:00,"2026-7-7 1:20,3017.9,3017.04,3020.57,3023.29,0,0,-1,-1,-,-,neutral"
2026-07-07T01:25:00.000-04:00,"2026-7-7 1:25,3018,3017.2,3020.37,3023.08,0,0,0,-1,-,-,neutral"
2026-07-07T01:30:00.000-04:00,"2026-7-7 1:30,3019.8,3018.02,3020.33,3022.95,0,0,0,-1,-,-,neutral"
2026-07-07T01:35:00.000-04:00,"2026-7-7 1:35,3021.2,3019.16,3020.39,3022.89,3,1,0,-1,B,-,FIGHT"
2026-07-07T01:40:00.000-04:00,"2026-7-7 1:40,3021.6,3020.15,3020.49,3022.84,3,1,0,-1,-,-,FIGHT"
2026-07-07T01:45:00.000-04:00,"2026-7-7 1:45,3021.2,3020.72,3020.54,3022.77,5,1,0,-1,-,-,FIGHT"
2026-07-07T01:50:00.000-04:00,"2026-7-7 1:50,3023.3,3021.91,3020.75,3022.79,5,1,0,-1,-,-,FIGHT"
2026-07-07T01:55:00.000-04:00,"2026-7-7 1:55,3023.6,3022.86,3020.97,3022.82,5,1,0,-1,-,-,FIGHT"
2026-07-07T02:00:00.000-04:00,"2026-7-7 2:00,3022.5,3023.12,3021.09,3022.81,5,1,0,-1,-,-,FIGHT"
2026-07-07T02:05:00.000-04:00,"2026-7-7 2:05,3021.4,3022.87,3021.11,3022.76,0,0,0,-1,-,-,neutral"
2026-07-07T02:10:00.000-04:00,"2026-7-7 2:10,3020.3,3022.24,3021.05,3022.66,0,0,0,-1,-,-,neutral"
2026-07-07T02:15:00.000-04:00,"2026-7-7 2:15,3020.4,3021.79,3021,3022.57,0,0,0,-1,-,-,neutral"
2026-07-07T02:20:00.000-04:00,"2026-7-7 2:20,3021.7,3021.91,3021.05,3022.54,5,1,0,-1,-,-,FIGHT"
2026-07-07T02:25:00.000-04:00,"2026-7-7 2:25,3022.4,3022.25,3021.16,3022.53,5,1,0,-1,-,-,FIGHT"
2026-07-07T02:30:00.000-04:00,"2026-7-7 2:30,3023,3022.7,3021.3,3022.55,5,1,0,-1,-,-,FIGHT"
2026-07-07T02:35:00.000-04:00,"2026-7-7 2:35,3023.9,3023.35,3021.5,3022.6,5,1,0,-1,-,-,FIGHT"
2026-07-07T02:40:00.000-04:00,"2026-7-7 2:40,3025.1,3024.24,3021.78,3022.7,5,1,0,-1,-,-,FIGHT"
2026-07-07T02:45:00.000-04:00,"2026-7-7 2:45,3024.6,3024.68,3021.99,3022.78,3,1,0,-1,-,-,FIGHT"
2026-07-07T02:50:00.000-04:00,"2026-7-7 2:50,3026,3025.48,3022.3,3022.9,5,1,0,-1,-,-,FIGHT"
2026-07-07T02:55:00.000-04:00,"2026-7-7 2:55,3026.1,3026.07,3022.59,3023.03,5,1,1,0,-,-,wave_only"
2026-07-07T03:00:00.000-04:00,"2026-7-7 3:00,3025.9,3026.38,3022.85,3023.14,5,0,1,0,-,-,neutral"
2026-07-07T03:05:00.000-04:00,"2026-7-7 3:05,3025.9,3026.57,3023.08,3023.25,0,0,1,0,-,-,neutral"
2026-07-07T03:10:00.000-04:00,"2026-7-7 3:10,3026.5,3026.88,3023.35,3023.38,5,0,1,0,-,-,neutral"
2026-07-07T03:15:00.000-04:00,"2026-7-7 3:15,3027.6,3027.47,3023.67,3023.54,5,1,1,0,-,-,wave_only"
2026-07-07T03:20:00.000-04:00,"2026-7-7 3:20,3027.9,3027.98,3024,3023.71,0,0,1,0,-,-,neutral"
2026-07-07T03:25:00.000-04:00,"2026-7-7 3:25,3028.2,3028.41,3024.32,3023.89,5,1,1,0,-,-,wave_only"
2026-07-07T03:30:00.000-04:00,"2026-7-7 3:30,3026.8,3028.17,3024.51,3024,0,0,1,0,-,-,neutral"
2026-07-07T03:35:00.000-04:00,"2026-7-7 3:35,3025.7,3027.54,3024.6,3024.07,0,0,1,0,-,-,neutral"
2026-07-07T03:40:00.000-04:00,"2026-7-7 3:40,3026,3027.15,3024.71,3024.14,0,0,1,0,-,-,neutral"
2026-07-07T03:45:00.000-04:00,"2026-7-7 3:45,3025.6,3026.69,3024.78,3024.2,0,0,1,0,-,-,neutral"
2026-07-07T03:50:00.000-04:00,"2026-7-7 3:50,3024.8,3026.04,3024.78,3024.23,0,0,1,0,-,-,neutral"
2026-07-07T03:55:00.000-04:00,"2026-7-7 3:55,3023.6,3025.11,3024.69,3024.2,0,0,0,-1,-,-,neutral"
2026-07-07T04:00:00.000-04:00,"2026-7-7 4:00,3025,3024.94,3024.71,3024.23,0,0,0,-1,-,-,neutral"
2026-07-07T04:05:00.000-04:00,"2026-7-7 4:05,3024.2,3024.53,3024.67,3024.23,-5,-1,0,-1,S,-,tide_only"
2026-07-07T04:10:00.000-04:00,"2026-7-7 4:10,3025.6,3024.76,3024.75,3024.28,7,1,0,-1,B,-,FIGHT"
2026-07-07T04:15:00.000-04:00,"2026-7-7 4:15,3027.4,3025.61,3024.95,3024.41,7,1,0,-1,-,-,FIGHT"
2026-07-07T04:20:00.000-04:00,"2026-7-7 4:20,3029.2,3026.9,3025.28,3024.59,7,1,0,-1,-,-,FIGHT"
2026-07-07T04:25:00.000-04:00,"2026-7-7 4:25,3028.6,3027.62,3025.53,3024.75,7,1,1,-1,-,-,wave_only"
2026-07-07T04:30:00.000-04:00,"2026-7-7 4:30,3029.1,3028.31,3025.81,3024.92,7,1,1,-1,-,-,wave_only"
2026-07-07T04:35:00.000-04:00,"2026-7-7 4:35,3028.7,3028.65,3026.03,3025.07,7,1,1,-1,-,-,wave_only"
2026-07-07T04:40:00.000-04:00,"2026-7-7 4:40,3028.7,3028.87,3026.23,3025.21,0,0,1,-1,-,-,neutral"
2026-07-07T04:45:00.000-04:00,"2026-7-7 4:45,3029.7,3029.38,3026.5,3025.39,7,1,1,-1,-,-,wave_only"
2026-07-07T04:50:00.000-04:00,"2026-7-7 4:50,3028.3,3029.2,3026.64,3025.5,0,0,1,-1,-,-,neutral"
2026-07-07T04:55:00.000-04:00,"2026-7-7 4:55,3028.2,3029.01,3026.76,3025.61,0,0,0,0,-,-,neutral"
2026-07-07T05:00:00.000-04:00,"2026-7-7 5:00,3028.3,3028.88,3026.88,3025.71,0,0,0,0,-,-,neutral"
2026-07-07T05:05:00.000-04:00,"2026-7-7 5:05,3029.2,3029.1,3027.06,3025.85,0,0,0,0,-,-,neutral"
2026-07-07T05:10:00.000-04:00,"2026-7-7 5:10,3029.9,3029.5,3027.28,3026.01,7,1,1,0,-,-,wave_only"
2026-07-07T05:15:00.000-04:00,"2026-7-7 5:15,3031.8,3030.48,3027.62,3026.24,7,1,1,0,-,-,wave_only"
2026-07-07T05:20:00.000-04:00,"2026-7-7 5:20,3031.7,3031.14,3027.94,3026.45,7,1,1,0,-,-,wave_only"
2026-07-07T05:25:00.000-04:00,"2026-7-7 5:25,3031.4,3031.48,3028.2,3026.65,3,1,1,0,-,-,wave_only"
2026-07-07T05:30:00.000-04:00,"2026-7-7 5:30,3031.4,3031.69,3028.45,3026.83,0,0,1,0,-,-,neutral"
2026-07-07T05:35:00.000-04:00,"2026-7-7 5:35,3032.3,3032.15,3028.75,3027.05,7,0,1,0,-,-,neutral"
2026-07-07T05:40:00.000-04:00,"2026-7-7 5:40,3032.3,3032.45,3029.02,3027.25,0,0,1,0,-,-,neutral"
2026-07-07T05:45:00.000-04:00,"2026-7-7 5:45,3031.9,3032.49,3029.24,3027.43,0,0,1,0,-,-,neutral"
2026-07-07T05:50:00.000-04:00,"2026-7-7 5:50,3033.2,3032.97,3029.55,3027.66,7,1,1,0,-,-,wave_only"
2026-07-07T05:55:00.000-04:00,"2026-7-7 5:55,3032.5,3033.03,3029.77,3027.85,0,0,1,1,-,-,neutral"
2026-07-07T06:00:00.000-04:00,"2026-7-7 6:00,3035,3033.96,3030.17,3028.13,7,1,1,1,-,-,RIDE_both"
2026-07-07T06:05:00.000-04:00,"2026-7-7 6:05,3033.4,3034.02,3030.42,3028.34,0,0,1,1,-,-,neutral"
2026-07-07T06:10:00.000-04:00,"2026-7-7 6:10,3032,3033.51,3030.54,3028.48,0,0,0,1,-,-,neutral"
2026-07-07T06:15:00.000-04:00,"2026-7-7 6:15,3032.2,3033.18,3030.67,3028.63,0,0,0,1,-,-,neutral"
2026-07-07T06:20:00.000-04:00,"2026-7-7 6:20,3031.6,3032.69,3030.74,3028.74,0,0,0,1,-,-,neutral"
2026-07-07T06:25:00.000-04:00,"2026-7-7 6:25,3032,3032.46,3030.84,3028.87,0,0,0,1,-,-,neutral"
2026-07-07T06:30:00.000-04:00,"2026-7-7 6:30,3031.8,3032.21,3030.91,3028.99,0,0,0,1,-,-,neutral"
2026-07-07T06:35:00.000-04:00,"2026-7-7 6:35,3032.9,3032.43,3031.07,3029.14,7,1,0,1,-,-,tide_only"
2026-07-07T06:40:00.000-04:00,"2026-7-7 6:40,3033,3032.62,3031.21,3029.29,7,1,0,1,-,-,tide_only"
2026-07-07T06:45:00.000-04:00,"2026-7-7 6:45,3033.7,3033.02,3031.41,3029.46,7,1,0,1,-,-,tide_only"
2026-07-07T06:50:00.000-04:00,"2026-7-7 6:50,3032.6,3032.89,3031.5,3029.59,0,0,0,1,-,-,neutral"
2026-07-07T06:55:00.000-04:00,"2026-7-7 6:55,3032.8,3032.86,3031.6,3029.71,0,0,0,1,-,-,neutral"
2026-07-07T07:00:00.000-04:00,"2026-7-7 7:00,3031.7,3032.43,3031.61,3029.79,-3,-1,0,1,S,-,FIGHT"
2026-07-07T07:05:00.000-04:00,"2026-7-7 7:05,3033.7,3032.85,3031.77,3029.94,7,1,0,1,B,-,tide_only"
2026-07-07T07:10:00.000-04:00,"2026-7-7 7:10,3034.7,3033.53,3031.99,3030.13,7,1,1,1,-,-,RIDE_both"
2026-07-07T07:15:00.000-04:00,"2026-7-7 7:15,3037.2,3034.94,3032.39,3030.41,7,1,1,1,-,-,RIDE_both"
2026-07-07T07:20:00.000-04:00,"2026-7-7 7:20,3036.7,3035.78,3032.72,3030.65,7,1,1,1,-,-,RIDE_both"
2026-07-07T07:25:00.000-04:00,"2026-7-7 7:25,3036,3036.1,3032.98,3030.86,7,1,1,1,-,-,RIDE_both"
2026-07-07T07:30:00.000-04:00,"2026-7-7 7:30,3036.7,3036.57,3033.26,3031.09,7,0,1,1,-,-,neutral"
2026-07-07T07:35:00.000-04:00,"2026-7-7 7:35,3037.8,3037.28,3033.61,3031.36,7,1,1,1,-,-,RIDE_both"
2026-07-07T07:40:00.000-04:00,"2026-7-7 7:40,3036.8,3037.4,3033.86,3031.57,0,0,1,1,-,-,neutral"
2026-07-07T07:45:00.000-04:00,"2026-7-7 7:45,3039.6,3038.48,3034.3,3031.88,7,1,1,1,-,-,RIDE_both"
2026-07-07T07:50:00.000-04:00,"2026-7-7 7:50,3037.5,3038.46,3034.55,3032.1,0,0,1,1,-,-,neutral"
2026-07-07T07:55:00.000-04:00,"2026-7-7 7:55,3038.9,3038.92,3034.88,3032.37,7,1,1,1,-,-,RIDE_both"
2026-07-07T08:00:00.000-04:00,"2026-7-7 8:00,3040.4,3039.77,3035.3,3032.69,7,1,1,1,-,-,RIDE_both"
2026-07-07T08:05:00.000-04:00,"2026-7-7 8:05,3041.3,3040.68,3035.77,3033.02,7,1,1,1,-,-,RIDE_both"
2026-07-07T08:10:00.000-04:00,"2026-7-7 8:10,3039.3,3040.56,3036.04,3033.27,0,0,1,1,-,-,neutral"
2026-07-07T08:15:00.000-04:00,"2026-7-7 8:15,3038.5,3040.13,3036.23,3033.47,0,0,1,1,-,-,neutral"
2026-07-07T08:20:00.000-04:00,"2026-7-7 8:20,3038.1,3039.62,3036.37,3033.66,0,0,1,1,-,-,neutral"
2026-07-07T08:25:00.000-04:00,"2026-7-7 8:25,3039.7,3039.81,3036.63,3033.89,7,0,0,1,-,-,neutral"
2026-07-07T08:30:00.000-04:00,"2026-7-7 8:30,3039,3039.66,3036.81,3034.09,0,0,0,1,-,-,neutral"
2026-07-07T08:35:00.000-04:00,"2026-7-7 8:35,3039.7,3039.78,3037.03,3034.31,7,0,0,1,-,-,neutral"
2026-07-07T08:40:00.000-04:00,"2026-7-7 8:40,3039.5,3039.78,3037.22,3034.52,0,0,0,1,-,-,neutral"
2026-07-07T08:45:00.000-04:00,"2026-7-7 8:45,3038.1,3039.23,3037.29,3034.66,0,0,0,1,-,-,neutral"
2026-07-07T08:50:00.000-04:00,"2026-7-7 8:50,3037.3,3038.53,3037.29,3034.76,-3,-1,0,1,S,-,FIGHT"
2026-07-07T08:55:00.000-04:00,"2026-7-7 8:55,3037.1,3037.93,3037.28,3034.85,-3,-1,0,1,-,-,FIGHT"
2026-07-07T09:00:00.000-04:00,"2026-7-7 9:00,3034.8,3036.64,3037.09,3034.85,-5,-1,0,1,-,-,FIGHT"
2026-07-07T09:05:00.000-04:00,"2026-7-7 9:05,3035,3035.78,3036.92,3034.86,-5,-1,0,1,-,-,FIGHT"
2026-07-07T09:10:00.000-04:00,"2026-7-7 9:10,3034.6,3035.02,3036.75,3034.85,-5,-1,0,1,-,-,FIGHT"
2026-07-07T09:15:00.000-04:00,"2026-7-7 9:15,3033.4,3034.06,3036.49,3034.79,-5,-1,0,1,-,-,FIGHT"
2026-07-07T09:20:00.000-04:00,"2026-7-7 9:20,3030.8,3032.43,3036.05,3034.63,-5,-1,0,1,-,-,FIGHT"
2026-07-07T09:25:00.000-04:00,"2026-7-7 9:25,3029.5,3030.8,3035.55,3034.43,-5,-1,0,1,-,-,FIGHT"
2026-07-07T09:30:00.000-04:00,"2026-7-7 9:30,3028.7,3029.37,3035.02,3034.21,-5,-1,0,1,-,-,FIGHT"
2026-07-07T09:35:00.000-04:00,"2026-7-7 9:35,3023.5,3026.47,3034.13,3033.79,-5,-1,0,1,-,-,FIGHT"
2026-07-07T09:40:00.000-04:00,"2026-7-7 9:40,3019.6,3022.99,3033.02,3033.23,-5,-1,-1,1,-,-,wave_only"
2026-07-07T09:45:00.000-04:00,"2026-7-7 9:45,3012.5,3017.93,3031.44,3032.42,-5,-1,-1,1,-,-,wave_only"
2026-07-07T09:50:00.000-04:00,"2026-7-7 9:50,3004.6,3011.45,3029.37,3031.33,-5,-1,-1,1,-,-,wave_only"
2026-07-07T09:55:00.000-04:00,"2026-7-7 9:55,3007.4,3007.94,3027.68,3030.39,-5,-1,-1,-1,-,-,RIDE_both"
2026-07-07T10:00:00.000-04:00,"2026-7-7 10:00,3004.8,3004.64,3025.92,3029.39,-5,-1,-1,-1,-,-,RIDE_both"
2026-07-07T10:05:00.000-04:00,"2026-7-7 10:05,3000.8,3001,3023.99,3028.26,-7,-1,-1,-1,-,-,RIDE_both"
2026-07-07T10:10:00.000-04:00,"2026-7-7 10:10,2993.8,2996.01,3021.67,3026.91,-3,-1,-1,-1,-,-,RIDE_both"
2026-07-07T10:15:00.000-04:00,"2026-7-7 10:15,3000.4,2995.1,3020.03,3025.87,0,0,-1,-1,-,-,neutral"
2026-07-07T10:20:00.000-04:00,"2026-7-7 10:20,2994.7,2992.62,3018.08,3024.65,-7,-1,-1,-1,-,-,RIDE_both"
2026-07-07T10:25:00.000-04:00,"2026-7-7 10:25,2999.8,2992.99,3016.68,3023.68,0,0,-1,-1,-,-,neutral"
2026-07-07T10:30:00.000-04:00,"2026-7-7 10:30,2995.8,2992.06,3015.07,3022.58,0,0,-1,-1,-,-,neutral"
2026-07-07T10:35:00.000-04:00,"2026-7-7 10:35,2991.9,2990.19,3013.29,3021.38,-7,0,-1,-1,-,-,neutral"
2026-07-07T10:40:00.000-04:00,"2026-7-7 10:40,2994.8,2990.14,3011.87,3020.34,0,0,-1,-1,-,-,neutral"
2026-07-07T10:45:00.000-04:00,"2026-7-7 10:45,2999.7,2992.16,3010.93,3019.53,0,0,-1,-1,-,-,neutral"
2026-07-07T10:50:00.000-04:00,"2026-7-7 10:50,3003.5,2995.25,3010.36,3018.9,0,0,-1,-1,-,-,neutral"
2026-07-07T10:55:00.000-04:00,"2026-7-7 10:55,3001.4,2996.89,3009.67,3018.21,0,0,0,-1,-,-,neutral"
2026-07-07T11:00:00.000-04:00,"2026-7-7 11:00,3001.9,2998.39,3009.07,3017.57,0,0,0,-1,-,-,neutral"
2026-07-07T11:05:00.000-04:00,"2026-7-7 11:05,3007.5,3001.65,3008.95,3017.18,0,0,0,-1,-,-,neutral"
2026-07-07T11:10:00.000-04:00,"2026-7-7 11:10,3002.9,3002.38,3008.49,3016.62,0,0,0,-1,-,-,neutral"
2026-07-07T11:15:00.000-04:00,"2026-7-7 11:15,3002.9,3002.93,3008.06,3016.08,0,0,0,-1,-,-,neutral"
2026-07-07T11:20:00.000-04:00,"2026-7-7 11:20,3002,3003,3007.59,3015.53,0,0,0,-1,-,-,neutral"
2026-07-07T11:25:00.000-04:00,"2026-7-7 11:25,3006.1,3004.57,3007.48,3015.16,3,1,0,-1,B,-,FIGHT"
2026-07-07T11:30:00.000-04:00,"2026-7-7 11:30,3003.8,3004.85,3007.19,3014.71,3,0,0,-1,-,-,neutral"
2026-07-07T11:35:00.000-04:00,"2026-7-7 11:35,3001.8,3004.29,3006.78,3014.21,-7,-1,0,-1,S,-,tide_only"
2026-07-07T11:40:00.000-04:00,"2026-7-7 11:40,3004.1,3004.7,3006.57,3013.81,3,0,0,-1,-,-,neutral"
2026-07-07T11:45:00.000-04:00,"2026-7-7 11:45,3001.5,3004.01,3006.18,3013.33,-7,-1,0,-1,-,-,tide_only"
2026-07-07T11:50:00.000-04:00,"2026-7-7 11:50,3003.5,3004.23,3005.98,3012.94,3,0,0,-1,-,-,neutral"
2026-07-07T11:55:00.000-04:00,"2026-7-7 11:55,3004,3004.54,3005.82,3012.59,3,0,0,-1,-,-,neutral"
2026-07-07T12:00:00.000-04:00,"2026-7-7 12:00,3007,3005.87,3005.91,3012.37,5,1,0,-1,B,-,FIGHT"
2026-07-07T12:05:00.000-04:00,"2026-7-7 12:05,3005.2,3006.14,3005.86,3012.09,5,0,0,-1,-,-,neutral"
2026-07-07T12:10:00.000-04:00,"2026-7-7 12:10,3008.9,3007.67,3006.09,3011.97,5,1,0,-1,-,-,FIGHT"
2026-07-07T12:15:00.000-04:00,"2026-7-7 12:15,3009.7,3009.04,3006.37,3011.88,5,1,0,-1,-,-,FIGHT"
2026-07-07T12:20:00.000-04:00,"2026-7-7 12:20,3012.5,3011.02,3006.84,3011.9,5,1,0,-1,-,-,FIGHT"
2026-07-07T12:25:00.000-04:00,"2026-7-7 12:25,3012.4,3012.36,3007.27,3011.92,5,1,0,-1,-,-,FIGHT"
2026-07-07T12:30:00.000-04:00,"2026-7-7 12:30,3013.2,3013.55,3007.73,3011.97,5,1,0,-1,-,-,FIGHT"
2026-07-07T12:35:00.000-04:00,"2026-7-7 12:35,3011,3013.52,3007.98,3011.93,0,0,0,-1,-,-,neutral"
2026-07-07T12:40:00.000-04:00,"2026-7-7 12:40,3011.9,3013.74,3008.28,3011.93,0,0,0,-1,-,-,neutral"
2026-07-07T12:45:00.000-04:00,"2026-7-7 12:45,3012.9,3014.17,3008.63,3011.97,0,0,0,-1,-,-,neutral"
2026-07-07T12:50:00.000-04:00,"2026-7-7 12:50,3011,3013.71,3008.82,3011.93,0,0,0,-1,-,-,neutral"
2026-07-07T12:55:00.000-04:00,"2026-7-7 12:55,3011.7,3013.55,3009.04,3011.92,0,0,0,0,-,-,neutral"
2026-07-07T13:00:00.000-04:00,"2026-7-7 13:00,3012.5,3013.66,3009.3,3011.95,0,0,0,0,-,-,neutral"
2026-07-07T13:05:00.000-04:00,"2026-7-7 13:05,3013.6,3014.09,3009.64,3012.01,0,0,0,0,-,-,neutral"
2026-07-07T13:10:00.000-04:00,"2026-7-7 13:10,3012,3013.76,3009.82,3012.01,0,0,0,0,-,-,neutral"
2026-07-07T13:15:00.000-04:00,"2026-7-7 13:15,3009.3,3012.46,3009.78,3011.9,0,0,0,0,-,-,neutral"
2026-07-07T13:20:00.000-04:00,"2026-7-7 13:20,3011,3012.09,3009.87,3011.87,0,0,0,0,-,-,neutral"
2026-07-07T13:25:00.000-04:00,"2026-7-7 13:25,3011.3,3011.91,3009.98,3011.85,0,0,0,0,-,-,neutral"
2026-07-07T13:30:00.000-04:00,"2026-7-7 13:30,3011,3011.65,3010.06,3011.81,0,0,0,0,-,-,neutral"
2026-07-07T13:35:00.000-04:00,"2026-7-7 13:35,3010.6,3011.29,3010.1,3011.77,0,0,0,0,-,-,neutral"
2026-07-07T13:40:00.000-04:00,"2026-7-7 13:40,3012.3,3011.65,3010.27,3011.79,5,1,0,0,-,-,FIGHT"
2026-07-07T13:45:00.000-04:00,"2026-7-7 13:45,3010,3011.05,3010.25,3011.72,0,0,0,0,-,-,neutral"
2026-07-07T13:50:00.000-04:00,"2026-7-7 13:50,3010.6,3010.83,3010.28,3011.67,0,0,0,0,-,-,neutral"
2026-07-07T13:55:00.000-04:00,"2026-7-7 13:55,3012.4,3011.33,3010.44,3011.7,5,1,1,0,-,-,wave_only"
2026-07-07T14:00:00.000-04:00,"2026-7-7 14:00,3012,3011.55,3010.56,3011.71,5,1,1,0,-,-,wave_only"
2026-07-07T14:05:00.000-04:00,"2026-7-7 14:05,3009.4,3010.75,3010.47,3011.62,0,0,1,0,-,-,neutral"
2026-07-07T14:10:00.000-04:00,"2026-7-7 14:10,3009.8,3010.3,3010.42,3011.55,-3,-1,-1,0,S,-,wave_only"
2026-07-07T14:15:00.000-04:00,"2026-7-7 14:15,3011.4,3010.57,3010.49,3011.54,5,0,-1,0,-,-,neutral"
2026-07-07T14:20:00.000-04:00,"2026-7-7 14:20,3011.6,3010.86,3010.58,3011.55,5,0,-1,0,-,-,neutral"
2026-07-07T14:25:00.000-04:00,"2026-7-7 14:25,3011.3,3010.96,3010.63,3011.54,0,0,0,0,-,-,neutral"
2026-07-07T14:30:00.000-04:00,"2026-7-7 14:30,3008.1,3009.85,3010.44,3011.4,-7,-1,0,0,-,-,FIGHT"
2026-07-07T14:35:00.000-04:00,"2026-7-7 14:35,3009.1,3009.41,3010.34,3011.31,-7,-1,0,0,-,-,FIGHT"
2026-07-07T14:40:00.000-04:00,"2026-7-7 14:40,3006.7,3008.22,3010.06,3011.13,-7,-1,-1,0,-,-,wave_only"
2026-07-07T14:45:00.000-04:00,"2026-7-7 14:45,3003.6,3006.22,3009.56,3010.84,-7,-1,-1,0,-,-,wave_only"
2026-07-07T14:50:00.000-04:00,"2026-7-7 14:50,3002.8,3004.5,3009.04,3010.52,-7,-1,-1,0,-,-,wave_only"
2026-07-07T14:55:00.000-04:00,"2026-7-7 14:55,3001.7,3002.88,3008.48,3010.17,-7,-1,-1,-1,-,-,RIDE_both"
2026-07-07T15:00:00.000-04:00,"2026-7-7 15:00,2998.6,3000.62,3007.72,3009.72,-7,-1,-1,-1,-,-,RIDE_both"
2026-07-07T15:05:00.000-04:00,"2026-7-7 15:05,2996.7,2998.34,3006.87,3009.21,-7,-1,-1,-1,-,-,RIDE_both"
2026-07-07T15:10:00.000-04:00,"2026-7-7 15:10,2996.1,2996.54,3006.04,3008.7,-5,-1,-1,-1,-,-,RIDE_both"
2026-07-07T15:15:00.000-04:00,"2026-7-7 15:15,2995.8,2995.24,3005.25,3008.19,-3,-1,-1,-1,-,-,RIDE_both"
2026-07-07T15:20:00.000-04:00,"2026-7-7 15:20,2997.8,2995.14,3004.68,3007.78,-3,-1,-1,-1,-,-,RIDE_both"
2026-07-07T15:25:00.000-04:00,"2026-7-7 15:25,2995.8,2994.45,3004,3007.31,-3,-1,-1,-1,-,-,RIDE_both"
2026-07-07T15:30:00.000-04:00,"2026-7-7 15:30,2997.2,2994.58,3003.47,3006.92,0,0,-1,-1,-,-,neutral"
2026-07-07T15:35:00.000-04:00,"2026-7-7 15:35,2995.3,2994.08,3002.84,3006.46,-3,-1,-1,-1,-,-,RIDE_both"
2026-07-07T15:40:00.000-04:00,"2026-7-7 15:40,2996.4,2994.22,3002.35,3006.07,0,0,-1,-1,-,-,neutral"
2026-07-07T15:45:00.000-04:00,"2026-7-7 15:45,3001.3,2996.23,3002.27,3005.88,0,0,-1,-1,-,-,neutral"
2026-07-07T15:50:00.000-04:00,"2026-7-7 15:50,3003.5,2998.59,3002.36,3005.79,0,0,-1,-1,-,-,neutral"
2026-07-07T15:55:00.000-04:00,"2026-7-7 15:55,2999.3,2998.81,3002.13,3005.53,0,0,-1,-1,-,-,neutral"
2026-07-07T16:00:00.000-04:00,"2026-7-7 16:00,2998.4,2998.66,3001.84,3005.25,-7,-1,-1,-1,-,-,RIDE_both"
2026-07-07T16:05:00.000-04:00,"2026-7-7 16:05,2998.8,2998.71,3001.61,3005,0,0,-1,-1,-,-,neutral"
2026-07-07T16:10:00.000-04:00,"2026-7-7 16:10,2998.4,2998.62,3001.36,3004.74,-7,-1,-1,-1,-,-,RIDE_both"
2026-07-07T16:15:00.000-04:00,"2026-7-7 16:15,2997.6,2998.27,3001.07,3004.46,-7,-1,-1,-1,-,-,RIDE_both"
2026-07-07T16:20:00.000-04:00,"2026-7-7 16:20,2997.1,2997.84,3000.77,3004.17,-7,-1,-1,-1,-,-,RIDE_both"
2026-07-07T16:25:00.000-04:00,"2026-7-7 16:25,2996.7,2997.39,3000.45,3003.88,-7,-1,-1,-1,-,-,RIDE_both"
2026-07-07T16:30:00.000-04:00,"2026-7-7 16:30,2996.4,2996.97,3000.14,3003.59,-7,-1,-1,-1,-,-,RIDE_both"
2026-07-07T16:35:00.000-04:00,"2026-7-7 16:35,2997.4,2997.05,2999.93,3003.34,0,0,-1,-1,-,-,neutral"
2026-07-07T16:40:00.000-04:00,"2026-7-7 16:40,2997.2,2997.06,2999.72,3003.1,0,0,-1,-1,-,-,neutral"
2026-07-07T16:45:00.000-04:00,"2026-7-7 16:45,2996.3,2996.74,2999.46,3002.84,-7,-1,-1,-1,-,-,RIDE_both"
2026-07-07T16:50:00.000-04:00,"2026-7-7 16:50,2996.9,2996.75,2999.26,3002.6,0,0,-1,-1,-,-,neutral"
2026-07-07T16:55:00.000-04:00,"2026-7-7 16:55,2997.6,2997.03,2999.13,3002.41,0,0,0,-1,-,-,neutral"
2026-07-07T18:00:00.000-04:00,"2026-7-7 18:00,2992.6,2995.4,2998.63,3002.02,-7,-1,0,-1,-,-,tide_only"
2026-07-07T18:05:00.000-04:00,"2026-7-7 18:05,2992.6,2994.22,2998.17,3001.65,-7,-1,0,-1,-,-,tide_only"
2026-07-07T18:10:00.000-04:00,"2026-7-7 18:10,2993.3,2993.64,2997.79,3001.32,-7,-1,-1,-1,-,-,RIDE_both"
2026-07-07T18:15:00.000-04:00,"2026-7-7 18:15,2994.7,2993.77,2997.55,3001.06,0,0,-1,-1,-,-,neutral"
2026-07-07T18:20:00.000-04:00,"2026-7-7 18:20,2995.4,2994.17,2997.39,3000.84,0,0,-1,-1,-,-,neutral"
2026-07-07T18:25:00.000-04:00,"2026-7-7 18:25,2994.9,2994.3,2997.2,3000.61,0,0,-1,-1,-,-,neutral"
2026-07-07T18:30:00.000-04:00,"2026-7-7 18:30,2995,2994.46,2997.03,3000.39,0,0,-1,-1,-,-,neutral"
2026-07-07T18:35:00.000-04:00,"2026-7-7 18:35,2995.3,2994.7,2996.9,3000.19,0,0,-1,-1,-,-,neutral"
2026-07-07T18:40:00.000-04:00,"2026-7-7 18:40,2995.1,2994.83,2996.76,2999.99,0,0,-1,-1,-,-,neutral"
2026-07-07T18:45:00.000-04:00,"2026-7-7 18:45,2996.7,2995.52,2996.75,2999.86,3,1,-1,-1,B,-,FIGHT"
2026-07-07T18:50:00.000-04:00,"2026-7-7 18:50,2994.1,2995.07,2996.55,2999.64,-7,-1,-1,-1,S,SELL,RIDE_both"
2026-07-07T18:55:00.000-04:00,"2026-7-7 18:55,2995.4,2995.22,2996.46,2999.47,0,0,0,-1,-,-,neutral"
2026-07-07T19:00:00.000-04:00,"2026-7-7 19:00,2994.6,2995.04,2996.32,2999.28,-7,-1,0,-1,-,-,tide_only"
2026-07-07T19:05:00.000-04:00,"2026-7-7 19:05,2995,2995.06,2996.22,2999.11,0,0,0,-1,-,-,neutral"
2026-07-07T19:10:00.000-04:00,"2026-7-7 19:10,2995.5,2995.26,2996.16,2998.97,3,1,0,-1,B,-,FIGHT"
2026-07-07T19:15:00.000-04:00,"2026-7-7 19:15,2998.7,2996.6,2996.36,2998.96,5,1,0,-1,-,-,FIGHT"
2026-07-07T19:20:00.000-04:00,"2026-7-7 19:20,2998.1,2997.35,2996.49,2998.92,5,1,0,-1,-,-,FIGHT"
2026-07-07T19:25:00.000-04:00,"2026-7-7 19:25,2998.1,2997.88,2996.61,2998.89,5,1,0,-1,-,-,FIGHT"
2026-07-07T19:30:00.000-04:00,"2026-7-7 19:30,2997.4,2997.98,2996.67,2998.83,0,0,0,-1,-,-,neutral"
2026-07-07T19:35:00.000-04:00,"2026-7-7 19:35,2995.6,2997.36,2996.59,2998.71,0,0,0,-1,-,-,neutral"
2026-07-07T19:40:00.000-04:00,"2026-7-7 19:40,2995,2996.67,2996.47,2998.56,0,0,-1,-1,-,-,neutral"
2026-07-07T19:45:00.000-04:00,"2026-7-7 19:45,2994.5,2995.96,2996.32,2998.4,-7,-1,-1,-1,S,SELL,RIDE_both"
2026-07-07T19:50:00.000-04:00,"2026-7-7 19:50,2993.5,2995.06,2996.1,2998.21,-7,-1,-1,-1,-,-,RIDE_both"
2026-07-07T19:55:00.000-04:00,"2026-7-7 19:55,2992.8,2994.15,2995.85,2998,-7,-1,-1,-1,-,-,RIDE_both"
2026-07-07T20:00:00.000-04:00,"2026-7-7 20:00,2993,2993.56,2995.63,2997.8,-7,-1,-1,-1,-,-,RIDE_both"
2026-07-07T20:05:00.000-04:00,"2026-7-7 20:05,2994.7,2993.79,2995.56,2997.68,0,0,-1,-1,-,-,neutral"
2026-07-07T20:10:00.000-04:00,"2026-7-7 20:10,2993.4,2993.49,2995.39,2997.51,-7,-1,-1,-1,-,-,RIDE_both"
2026-07-07T20:15:00.000-04:00,"2026-7-7 20:15,2994.1,2993.55,2995.29,2997.38,0,0,-1,-1,-,-,neutral"
2026-07-07T20:20:00.000-04:00,"2026-7-7 20:20,2997.5,2994.88,2995.46,2997.38,3,1,-1,-1,B,-,FIGHT"
2026-07-07T20:25:00.000-04:00,"2026-7-7 20:25,2995.9,2995.27,2995.5,2997.33,5,1,0,-1,-,-,FIGHT"
2026-07-07T20:30:00.000-04:00,"2026-7-7 20:30,2994.1,2994.89,2995.39,2997.2,-7,-1,0,-1,S,-,tide_only"
2026-07-07T20:35:00.000-04:00,"2026-7-7 20:35,2998.4,2996.2,2995.62,2997.25,5,1,0,-1,B,-,FIGHT"
2026-07-07T20:40:00.000-04:00,"2026-7-7 20:40,2999.6,2997.6,2995.93,2997.34,5,1,1,-1,-,-,wave_only"
2026-07-07T20:45:00.000-04:00,"2026-7-7 20:45,3000.1,2998.79,2996.25,2997.45,5,1,1,-1,-,-,wave_only"
2026-07-07T20:50:00.000-04:00,"2026-7-7 20:50,3001.9,3000.3,2996.68,2997.62,5,1,1,-1,-,-,wave_only"
2026-07-07T20:55:00.000-04:00,"2026-7-7 20:55,3003.9,3002.11,2997.24,2997.87,5,1,1,0,-,-,wave_only"
2026-07-07T21:00:00.000-04:00,"2026-7-7 21:00,3002.6,3002.89,2997.65,2998.05,5,1,1,0,-,-,wave_only"
2026-07-07T21:05:00.000-04:00,"2026-7-7 21:05,3000.4,3002.58,2997.86,2998.15,0,0,1,0,-,-,neutral"
2026-07-07T21:10:00.000-04:00,"2026-7-7 21:10,3003.5,3003.43,2998.29,2998.36,5,1,1,0,-,-,wave_only"
2026-07-07T21:15:00.000-04:00,"2026-7-7 21:15,3002,3003.44,2998.58,2998.5,0,0,1,0,-,-,neutral"
2026-07-07T21:20:00.000-04:00,"2026-7-7 21:20,3000.5,3002.83,2998.73,2998.58,0,0,1,0,-,-,neutral"
2026-07-07T21:25:00.000-04:00,"2026-7-7 21:25,3000.5,3002.32,2998.86,2998.65,0,0,1,0,-,-,neutral"
2026-07-07T21:30:00.000-04:00,"2026-7-7 21:30,3000.4,3001.87,2998.98,2998.72,0,0,1,0,-,-,neutral"
2026-07-07T21:35:00.000-04:00,"2026-7-7 21:35,3000,3001.36,2999.06,2998.77,0,0,1,0,-,-,neutral"
2026-07-07T21:40:00.000-04:00,"2026-7-7 21:40,2999.5,3000.78,2999.09,2998.8,0,0,0,0,-,-,neutral"
2026-07-07T21:45:00.000-04:00,"2026-7-7 21:45,3001,3000.89,2999.24,2998.89,0,0,0,0,-,-,neutral"
2026-07-07T21:50:00.000-04:00,"2026-7-7 21:50,2998.9,3000.18,2999.21,2998.89,0,0,0,0,-,-,neutral"
2026-07-07T21:55:00.000-04:00,"2026-7-7 21:55,2999.7,2999.95,2999.25,2998.92,0,0,0,0,-,-,neutral"
2026-07-07T22:00:00.000-04:00,"2026-7-7 22:00,2998.7,2999.41,2999.21,2998.91,-5,-1,0,0,S,-,FIGHT"
2026-07-07T22:05:00.000-04:00,"2026-7-7 22:05,2997.5,2998.57,2999.08,2998.85,-5,-1,0,0,-,-,FIGHT"
2026-07-07T22:10:00.000-04:00,"2026-7-7 22:10,2996.2,2997.49,2998.86,2998.75,-7,-1,0,0,-,-,FIGHT"
2026-07-07T22:15:00.000-04:00,"2026-7-7 22:15,2997.2,2997.09,2998.73,2998.69,-5,-1,0,0,-,-,FIGHT"
2026-07-07T22:20:00.000-04:00,"2026-7-7 22:20,2997.5,2996.93,2998.63,2998.64,-3,-1,0,0,-,-,FIGHT"
2026-07-07T22:25:00.000-04:00,"2026-7-7 22:25,2997.3,2996.77,2998.53,2998.59,-3,-1,-1,0,-,-,wave_only"
2026-07-07T22:30:00.000-04:00,"2026-7-7 22:30,2997.4,2996.72,2998.44,2998.54,0,0,-1,0,-,-,neutral"
2026-07-07T22:35:00.000-04:00,"2026-7-7 22:35,2997.8,2996.86,2998.4,2998.51,0,0,-1,0,-,-,neutral"
2026-07-07T22:40:00.000-04:00,"2026-7-7 22:40,2999.1,2997.47,2998.45,2998.54,0,0,0,0,-,-,neutral"
2026-07-07T22:45:00.000-04:00,"2026-7-7 22:45,2999.5,2998.09,2998.53,2998.57,0,0,0,0,-,-,neutral"
2026-07-07T22:50:00.000-04:00,"2026-7-7 22:50,2998.8,2998.29,2998.55,2998.58,0,0,0,0,-,-,neutral"
2026-07-07T22:55:00.000-04:00,"2026-7-7 22:55,2998.2,2998.23,2998.52,2998.57,-5,-1,-1,0,-,-,wave_only"
2026-07-07T23:00:00.000-04:00,"2026-7-7 23:00,3000.1,2998.89,2998.65,2998.63,7,1,-1,0,B,-,FIGHT"
2026-07-07T23:05:00.000-04:00,"2026-7-7 23:05,2999.8,2999.26,2998.73,2998.67,7,1,-1,0,-,-,FIGHT"
2026-07-07T23:10:00.000-04:00,"2026-7-7 23:10,3000.5,2999.79,2998.87,2998.75,7,1,1,0,-,-,wave_only"
2026-07-07T23:15:00.000-04:00,"2026-7-7 23:15,3000.4,3000.13,2998.99,2998.81,7,1,1,0,-,-,wave_only"
2026-07-07T23:20:00.000-04:00,"2026-7-7 23:20,3001.3,3000.7,2999.17,2998.91,7,1,1,0,-,-,wave_only"
2026-07-07T23:25:00.000-04:00,"2026-7-7 23:25,3002.3,3001.47,2999.41,2999.04,7,1,1,0,-,-,wave_only"
2026-07-07T23:30:00.000-04:00,"2026-7-7 23:30,3001.7,3001.79,2999.58,2999.15,5,1,1,0,-,-,wave_only"
2026-07-07T23:35:00.000-04:00,"2026-7-7 23:35,3001.1,3001.78,2999.7,2999.22,0,0,1,0,-,-,neutral"
2026-07-07T23:40:00.000-04:00,"2026-7-7 23:40,3000.4,3001.48,2999.75,2999.27,0,0,0,0,-,-,neutral"
2026-07-07T23:45:00.000-04:00,"2026-7-7 23:45,3000.7,3001.35,2999.83,2999.32,0,0,0,0,-,-,neutral"
2026-07-07T23:50:00.000-04:00,"2026-7-7 23:50,3000,3000.98,2999.84,2999.35,0,0,0,0,-,-,neutral"
2026-07-07T23:55:00.000-04:00,"2026-7-7 23:55,2999.6,3000.54,2999.82,2999.36,0,0,0,0,-,-,neutral"
2026-07-08T00:00:00.000-04:00,"2026-7-8 0:00,2999.4,3000.14,2999.79,2999.36,-3,0,0,0,-,-,neutral"
2026-07-08T00:05:00.000-04:00,"2026-7-8 0:05,3000.2,3000.14,2999.82,2999.4,0,0,0,0,-,-,neutral"
2026-07-08T00:10:00.000-04:00,"2026-7-8 0:10,2999.2,2999.76,2999.77,2999.39,-5,-1,0,0,S,-,FIGHT"
2026-07-08T00:15:00.000-04:00,"2026-7-8 0:15,2998.9,2999.38,2999.71,2999.37,-5,-1,0,0,-,-,FIGHT"
2026-07-08T00:20:00.000-04:00,"2026-7-8 0:20,3000.9,2999.85,2999.8,2999.43,7,1,0,0,B,-,FIGHT"
2026-07-08T00:25:00.000-04:00,"2026-7-8 0:25,3000.3,2999.97,2999.84,2999.46,7,0,0,0,-,-,neutral"
2026-07-08T00:30:00.000-04:00,"2026-7-8 0:30,2999.6,2999.81,2999.82,2999.47,-5,0,0,0,-,-,neutral"
2026-07-08T00:35:00.000-04:00,"2026-7-8 0:35,2998.9,2999.43,2999.75,2999.45,-5,-1,0,0,S,-,FIGHT"
2026-07-08T00:40:00.000-04:00,"2026-7-8 0:40,2999.7,2999.46,2999.74,2999.46,0,0,0,0,-,-,neutral"
2026-07-08T00:45:00.000-04:00,"2026-7-8 0:45,3000,2999.59,2999.76,2999.48,0,0,0,0,-,-,neutral"
2026-07-08T00:50:00.000-04:00,"2026-7-8 0:50,2998.5,2999.14,2999.67,2999.44,-5,-1,0,0,-,-,FIGHT"
2026-07-08T00:55:00.000-04:00,"2026-7-8 0:55,2999.7,2999.26,2999.67,2999.45,0,0,0,0,-,-,neutral"
2026-07-08T01:00:00.000-04:00,"2026-7-8 1:00,2999.5,2999.28,2999.66,2999.45,0,0,0,0,-,-,neutral"
2026-07-08T01:05:00.000-04:00,"2026-7-8 1:05,2999.8,2999.42,2999.67,2999.46,0,0,0,0,-,-,neutral"
2026-07-08T01:10:00.000-04:00,"2026-7-8 1:10,2999.5,2999.41,2999.65,2999.47,0,0,0,0,-,-,neutral"
2026-07-08T01:15:00.000-04:00,"2026-7-8 1:15,2999.1,2999.26,2999.61,2999.45,-5,-1,0,0,-,-,FIGHT"
2026-07-08T01:20:00.000-04:00,"2026-7-8 1:20,2997,2998.38,2999.41,2999.36,-7,-1,0,0,-,-,FIGHT"
2026-07-08T01:25:00.000-04:00,"2026-7-8 1:25,2997.1,2997.78,2999.23,2999.27,-7,-1,-1,0,-,-,wave_only"
2026-07-08T01:30:00.000-04:00,"2026-7-8 1:30,2995.6,2996.8,2998.95,2999.12,-7,-1,-1,0,-,-,wave_only"
2026-07-08T01:35:00.000-04:00,"2026-7-8 1:35,2995.1,2995.92,2998.66,2998.97,-5,-1,-1,0,-,-,wave_only"
2026-07-08T01:40:00.000-04:00,"2026-7-8 1:40,2995,2995.27,2998.38,2998.81,-7,-1,-1,0,-,-,wave_only"
2026-07-08T01:45:00.000-04:00,"2026-7-8 1:45,2991.7,2993.61,2997.86,2998.53,-7,-1,-1,0,-,-,wave_only"
2026-07-08T01:50:00.000-04:00,"2026-7-8 1:50,2992.5,2992.73,2997.45,2998.29,-5,-1,-1,0,-,-,wave_only"
2026-07-08T01:55:00.000-04:00,"2026-7-8 1:55,2992.8,2992.26,2997.09,2998.08,-3,-1,-1,-1,-,-,RIDE_both"
2026-07-08T02:00:00.000-04:00,"2026-7-8 2:00,2992.3,2991.78,2996.72,2997.85,-3,-1,-1,-1,-,-,RIDE_both"
2026-07-08T02:05:00.000-04:00,"2026-7-8 2:05,2991.4,2991.16,2996.31,2997.6,-3,-1,-1,-1,-,-,RIDE_both"
2026-07-08T02:10:00.000-04:00,"2026-7-8 2:10,2989.6,2990.1,2995.8,2997.29,-7,-1,-1,-1,-,-,RIDE_both"
2026-07-08T02:15:00.000-04:00,"2026-7-8 2:15,2990.4,2989.68,2995.38,2997.02,0,0,-1,-1,-,-,neutral"
2026-07-08T02:20:00.000-04:00,"2026-7-8 2:20,2992.4,2990.18,2995.15,2996.83,0,0,-1,-1,-,-,neutral"
2026-07-08T02:25:00.000-04:00,"2026-7-8 2:25,2990.6,2989.94,2994.8,2996.59,-3,-1,-1,-1,-,-,RIDE_both"
2026-07-08T02:30:00.000-04:00,"2026-7-8 2:30,2988.3,2988.97,2994.3,2996.27,-7,-1,-1,-1,-,-,RIDE_both"
2026-07-08T02:35:00.000-04:00,"2026-7-8 2:35,2987.4,2987.98,2993.77,2995.92,-7,-1,-1,-1,-,-,RIDE_both"
2026-07-08T02:40:00.000-04:00,"2026-7-8 2:40,2986.1,2986.83,2993.18,2995.53,-7,-1,-1,-1,-,-,RIDE_both"
2026-07-08T02:45:00.000-04:00,"2026-7-8 2:45,2986.7,2986.27,2992.68,2995.19,-7,0,-1,-1,-,-,neutral"
2026-07-08T02:50:00.000-04:00,"2026-7-8 2:50,2988.4,2986.56,2992.35,2994.92,0,0,-1,-1,-,-,neutral"
2026-07-08T02:55:00.000-04:00,"2026-7-8 2:55,2987.6,2986.54,2991.99,2994.63,0,0,-1,-1,-,-,neutral"
2026-07-08T03:00:00.000-04:00,"2026-7-8 3:00,2982.7,2984.77,2991.27,2994.17,-7,-1,-1,-1,-,-,RIDE_both"
2026-07-08T03:05:00.000-04:00,"2026-7-8 3:05,2983.2,2983.71,2990.65,2993.74,-7,-1,-1,-1,-,-,RIDE_both"
2026-07-08T03:10:00.000-04:00,"2026-7-8 3:10,2983.9,2983.27,2990.13,2993.35,0,0,-1,-1,-,-,neutral"
2026-07-08T03:15:00.000-04:00,"2026-7-8 3:15,2983.6,2982.9,2989.63,2992.97,0,0,-1,-1,-,-,neutral"
2026-07-08T03:20:00.000-04:00,"2026-7-8 3:20,2987.6,2984.18,2989.47,2992.76,0,0,-1,-1,-,-,neutral"
2026-07-08T03:25:00.000-04:00,"2026-7-8 3:25,2989.5,2985.88,2989.48,2992.63,0,0,0,-1,-,-,neutral"
2026-07-08T03:30:00.000-04:00,"2026-7-8 3:30,2992.4,2988.24,2989.7,2992.62,3,1,0,-1,B,-,FIGHT"
2026-07-08T03:35:00.000-04:00,"2026-7-8 3:35,2986.8,2987.91,2989.48,2992.39,-7,-1,0,-1,S,-,tide_only"
2026-07-08T03:40:00.000-04:00,"2026-7-8 3:40,2990.2,2988.92,2989.53,2992.31,3,1,0,-1,B,-,FIGHT"
2026-07-08T03:45:00.000-04:00,"2026-7-8 3:45,2989.4,2989.35,2989.52,2992.19,5,1,0,-1,-,-,FIGHT"
2026-07-08T03:50:00.000-04:00,"2026-7-8 3:50,2987.8,2989.06,2989.39,2992.02,-7,-1,0,-1,S,-,tide_only"
2026-07-08T03:55:00.000-04:00,"2026-7-8 3:55,2986.7,2988.42,2989.18,2991.81,-7,-1,-1,-1,-,-,RIDE_both"
2026-07-08T04:00:00.000-04:00,"2026-7-8 4:00,2985,2987.31,2988.86,2991.54,-7,-1,-1,-1,-,-,RIDE_both"
2026-07-08T04:05:00.000-04:00,"2026-7-8 4:05,2986.9,2987.2,2988.71,2991.36,-7,-1,-1,-1,-,-,RIDE_both"
2026-07-08T04:10:00.000-04:00,"2026-7-8 4:10,2988.1,2987.57,2988.66,2991.23,3,1,0,-1,B,-,FIGHT"
2026-07-08T04:15:00.000-04:00,"2026-7-8 4:15,2973.7,2982.5,2987.51,2990.55,-7,-1,0,-1,S,-,tide_only"
2026-07-08T04:20:00.000-04:00,"2026-7-8 4:20,2965.6,2975.81,2985.83,2989.57,-7,-1,0,-1,-,-,tide_only"
2026-07-08T04:25:00.000-04:00,"2026-7-8 4:25,2960.9,2969.25,2983.91,2988.44,-7,-1,-1,-1,-,-,RIDE_both"
2026-07-08T04:30:00.000-04:00,"2026-7-8 4:30,2962.2,2965.07,2982.24,2987.41,-7,-1,-1,-1,-,-,RIDE_both"
2026-07-08T04:35:00.000-04:00,"2026-7-8 4:35,2954.6,2959.38,2980.11,2986.13,-7,-1,-1,-1,-,-,RIDE_both"
2026-07-08T04:40:00.000-04:00,"2026-7-8 4:40,2956.9,2956.3,2978.33,2984.98,-7,-1,-1,-1,-,-,RIDE_both"
2026-07-08T04:45:00.000-04:00,"2026-7-8 4:45,2958.4,2954.85,2976.8,2983.94,-7,0,-1,-1,-,-,neutral"
2026-07-08T04:50:00.000-04:00,"2026-7-8 4:50,2960.7,2954.91,2975.56,2983.03,0,0,-1,-1,-,-,neutral"
2026-07-08T04:55:00.000-04:00,"2026-7-8 4:55,2955.8,2953.39,2974.04,2981.96,-7,0,-1,-1,-,-,neutral"
2026-07-08T05:00:00.000-04:00,"2026-7-8 5:00,2954.2,2951.92,2972.51,2980.87,-7,0,-1,-1,-,-,neutral"
2026-07-08T05:05:00.000-04:00,"2026-7-8 5:05,2951.4,2950.04,2970.89,2979.72,-7,-1,-1,-1,-,-,RIDE_both"
2026-07-08T05:10:00.000-04:00,"2026-7-8 5:10,2951.3,2948.84,2969.38,2978.6,0,0,-1,-1,-,-,neutral"
2026-07-08T05:15:00.000-04:00,"2026-7-8 5:15,2952.2,2948.52,2968.06,2977.57,0,0,-1,-1,-,-,neutral"
2026-07-08T05:20:00.000-04:00,"2026-7-8 5:20,2954.3,2949.28,2967,2976.65,0,0,-1,-1,-,-,neutral"
2026-07-08T05:25:00.000-04:00,"2026-7-8 5:25,2953.8,2949.83,2965.99,2975.76,0,0,-1,-1,-,-,neutral"
2026-07-08T05:30:00.000-04:00,"2026-7-8 5:30,2956.5,2951.4,2965.26,2975,0,0,-1,-1,-,-,neutral"
2026-07-08T05:35:00.000-04:00,"2026-7-8 5:35,2955,2952.13,2964.47,2974.22,0,0,-1,-1,-,-,neutral"
2026-07-08T05:40:00.000-04:00,"2026-7-8 5:40,2954.6,2952.62,2963.71,2973.45,0,0,0,-1,-,-,neutral"
2026-07-08T05:45:00.000-04:00,"2026-7-8 5:45,2955,2953.22,2963.04,2972.72,0,0,0,-1,-,-,neutral"
2026-07-08T05:50:00.000-04:00,"2026-7-8 5:50,2955,2953.72,2962.42,2972.03,0,0,0,-1,-,-,neutral"
2026-07-08T05:55:00.000-04:00,"2026-7-8 5:55,2953.6,2953.63,2961.74,2971.31,-7,0,0,-1,-,-,neutral"
2026-07-08T06:00:00.000-04:00,"2026-7-8 6:00,2954.4,2953.91,2961.18,2970.64,0,0,0,-1,-,-,neutral"
2026-07-08T06:05:00.000-04:00,"2026-7-8 6:05,2955.2,2954.44,2960.72,2970.04,0,0,0,-1,-,-,neutral"
2026-07-08T06:10:00.000-04:00,"2026-7-8 6:10,2956.1,2955.19,2960.36,2969.49,0,0,0,-1,-,-,neutral"
2026-07-08T06:15:00.000-04:00,"2026-7-8 6:15,2957.2,2956.17,2960.12,2969.01,3,1,0,-1,B,-,FIGHT"
2026-07-08T06:20:00.000-04:00,"2026-7-8 6:20,2956.7,2956.7,2959.86,2968.53,3,1,0,-1,-,-,FIGHT"
2026-07-08T06:25:00.000-04:00,"2026-7-8 6:25,2961.1,2958.71,2959.95,2968.24,3,1,0,-1,-,-,FIGHT"
2026-07-08T06:30:00.000-04:00,"2026-7-8 6:30,2963.2,2960.94,2960.2,2968.04,5,1,0,-1,-,-,FIGHT"
2026-07-08T06:35:00.000-04:00,"2026-7-8 6:35,2964,2962.83,2960.49,2967.88,5,1,0,-1,-,-,FIGHT"
2026-07-08T06:40:00.000-04:00,"2026-7-8 6:40,2964.3,2964.25,2960.79,2967.74,5,1,0,-1,-,-,FIGHT"
2026-07-08T06:45:00.000-04:00,"2026-7-8 6:45,2962.4,2964.51,2960.91,2967.53,0,0,0,-1,-,-,neutral"
2026-07-08T06:50:00.000-04:00,"2026-7-8 6:50,2963.4,2964.99,2961.1,2967.37,5,1,0,-1,-,-,FIGHT"
2026-07-08T06:55:00.000-04:00,"2026-7-8 6:55,2962.3,2964.84,2961.19,2967.17,0,0,0,-1,-,-,neutral"
2026-07-08T07:00:00.000-04:00,"2026-7-8 7:00,2961.4,2964.33,2961.21,2966.94,0,0,0,-1,-,-,neutral"
2026-07-08T07:05:00.000-04:00,"2026-7-8 7:05,2962.3,2964.21,2961.29,2966.76,0,0,0,-1,-,-,neutral"
2026-07-08T07:10:00.000-04:00,"2026-7-8 7:10,2963.1,2964.35,2961.43,2966.62,0,0,0,-1,-,-,neutral"
2026-07-08T07:15:00.000-04:00,"2026-7-8 7:15,2964,2964.74,2961.63,2966.51,0,0,0,-1,-,-,neutral"
2026-07-08T07:20:00.000-04:00,"2026-7-8 7:20,2962.2,2964.3,2961.67,2966.35,0,0,0,-1,-,-,neutral"
2026-07-08T07:25:00.000-04:00,"2026-7-8 7:25,2963.9,2964.55,2961.85,2966.25,5,1,0,-1,-,-,FIGHT"
2026-07-08T07:30:00.000-04:00,"2026-7-8 7:30,2966.5,2965.66,2962.2,2966.26,5,1,0,-1,-,-,FIGHT"
2026-07-08T07:35:00.000-04:00,"2026-7-8 7:35,2966,2966.23,2962.5,2966.25,5,1,0,-1,-,-,FIGHT"
2026-07-08T07:40:00.000-04:00,"2026-7-8 7:40,2974.3,2969.68,2963.4,2966.57,5,1,0,-1,-,-,FIGHT"
2026-07-08T07:45:00.000-04:00,"2026-7-8 7:45,2972.1,2971.32,2964.07,2966.78,5,1,0,-1,-,-,FIGHT"
2026-07-08T07:50:00.000-04:00,"2026-7-8 7:50,2973.7,2973.02,2964.81,2967.05,5,1,0,-1,-,-,FIGHT"
2026-07-08T07:55:00.000-04:00,"2026-7-8 7:55,2973.1,2973.95,2965.45,2967.29,3,1,1,0,-,-,wave_only"
2026-07-08T08:00:00.000-04:00,"2026-7-8 8:00,2975.1,2975.26,2966.19,2967.6,3,1,1,0,-,-,wave_only"
2026-07-08T08:05:00.000-04:00,"2026-7-8 8:05,2978.9,2977.52,2967.17,2968.04,5,1,1,0,-,-,wave_only"
2026-07-08T08:10:00.000-04:00,"2026-7-8 8:10,2979.2,2979.16,2968.1,2968.48,5,1,1,0,-,-,wave_only"
2026-07-08T08:15:00.000-04:00,"2026-7-8 8:15,2980.6,2980.76,2969.06,2968.95,5,1,1,0,-,-,wave_only"
2026-07-08T08:20:00.000-04:00,"2026-7-8 8:20,2977.6,2980.68,2969.71,2969.29,0,0,1,0,-,-,neutral"
2026-07-08T08:25:00.000-04:00,"2026-7-8 8:25,2981.1,2981.79,2970.59,2969.76,5,1,1,0,-,-,wave_only"
2026-07-08T08:30:00.000-04:00,"2026-7-8 8:30,2979.8,2981.99,2971.3,2970.15,0,0,1,0,-,-,neutral"
2026-07-08T08:35:00.000-04:00,"2026-7-8 8:35,2980.7,2982.35,2972.02,2970.56,0,0,1,0,-,-,neutral"
2026-07-08T08:40:00.000-04:00,"2026-7-8 8:40,2980.9,2982.58,2972.7,2970.97,0,0,1,0,-,-,neutral"
2026-07-08T08:45:00.000-04:00,"2026-7-8 8:45,2979.4,2982.08,2973.22,2971.3,0,0,1,0,-,-,neutral"
2026-07-08T08:50:00.000-04:00,"2026-7-8 8:50,2982.2,2982.66,2973.91,2971.73,0,0,1,0,-,-,neutral"
2026-07-08T08:55:00.000-04:00,"2026-7-8 8:55,2976.3,2980.81,2974.09,2971.91,0,0,0,0,-,-,neutral"
2026-07-08T09:00:00.000-04:00,"2026-7-8 9:00,2979,2980.39,2974.47,2972.18,0,0,0,0,-,-,neutral"
2026-07-08T09:05:00.000-04:00,"2026-7-8 9:05,2978.9,2979.99,2974.81,2972.45,0,0,0,0,-,-,neutral"
2026-07-08T09:10:00.000-04:00,"2026-7-8 9:10,2980.8,2980.37,2975.27,2972.77,0,0,1,0,-,-,neutral"
2026-07-08T09:15:00.000-04:00,"2026-7-8 9:15,2979.2,2980.02,2975.58,2973.03,0,0,1,0,-,-,neutral"
2026-07-08T09:20:00.000-04:00,"2026-7-8 9:20,2979.1,2979.69,2975.85,2973.27,0,0,1,0,-,-,neutral"
2026-07-08T09:25:00.000-04:00,"2026-7-8 9:25,2976.9,2978.62,2975.93,2973.41,0,0,0,0,-,-,neutral"
2026-07-08T09:30:00.000-04:00,"2026-7-8 9:30,2984.3,2980.56,2976.57,2973.83,7,1,0,0,-,-,FIGHT"
2026-07-08T09:35:00.000-04:00,"2026-7-8 9:35,2985.2,2982.31,2977.24,2974.28,7,1,0,0,-,-,FIGHT"
2026-07-08T09:40:00.000-04:00,"2026-7-8 9:40,2980.6,2981.86,2977.49,2974.53,0,0,0,0,-,-,neutral"
2026-07-08T09:45:00.000-04:00,"2026-7-8 9:45,2977.9,2980.5,2977.53,2974.66,0,0,0,0,-,-,neutral"
2026-07-08T09:50:00.000-04:00,"2026-7-8 9:50,2978.1,2979.55,2977.57,2974.8,0,0,0,0,-,-,neutral"
2026-07-08T09:55:00.000-04:00,"2026-7-8 9:55,2984.2,2981.11,2978.08,2975.16,7,1,1,0,-,-,wave_only"
2026-07-08T10:00:00.000-04:00,"2026-7-8 10:00,2979.5,2980.5,2978.19,2975.33,0,0,1,0,-,-,neutral"
2026-07-08T10:05:00.000-04:00,"2026-7-8 10:05,2980.1,2980.28,2978.34,2975.52,0,0,1,0,-,-,neutral"
2026-07-08T10:10:00.000-04:00,"2026-7-8 10:10,2975,2978.22,2978.08,2975.5,-5,-1,0,0,S,-,FIGHT"
2026-07-08T10:15:00.000-04:00,"2026-7-8 10:15,2971.4,2975.38,2977.57,2975.34,-5,-1,0,0,-,-,FIGHT"
2026-07-08T10:20:00.000-04:00,"2026-7-8 10:20,2974.2,2974.37,2977.31,2975.3,-5,-1,0,0,-,-,FIGHT"
2026-07-08T10:25:00.000-04:00,"2026-7-8 10:25,2970.9,2972.47,2976.81,2975.12,-5,-1,0,0,-,-,FIGHT"
2026-07-08T10:30:00.000-04:00,"2026-7-8 10:30,2971,2971.17,2976.37,2974.96,-5,-1,0,0,-,-,FIGHT"
2026-07-08T10:35:00.000-04:00,"2026-7-8 10:35,2966.2,2968.53,2975.58,2974.62,-5,-1,0,0,-,-,FIGHT"
2026-07-08T10:40:00.000-04:00,"2026-7-8 10:40,2966.7,2966.87,2974.9,2974.31,-5,-1,0,0,-,-,FIGHT"
2026-07-08T10:45:00.000-04:00,"2026-7-8 10:45,2958.9,2962.87,2973.67,2973.7,-5,-1,0,0,-,-,FIGHT"
2026-07-08T10:50:00.000-04:00,"2026-7-8 10:50,2962.2,2961.3,2972.79,2973.25,-3,-1,0,0,-,-,FIGHT"
2026-07-08T10:55:00.000-04:00,"2026-7-8 10:55,2959.5,2959.3,2971.77,2972.71,-3,-1,-1,-1,-,-,RIDE_both"
2026-07-08T11:00:00.000-04:00,"2026-7-8 11:00,2957.6,2957.28,2970.68,2972.12,-3,-1,-1,-1,-,-,RIDE_both"
2026-07-08T11:05:00.000-04:00,"2026-7-8 11:05,2958.6,2956.34,2969.75,2971.59,0,0,-1,-1,-,-,neutral"
2026-07-08T11:10:00.000-04:00,"2026-7-8 11:10,2956.3,2954.97,2968.71,2970.99,-7,-1,-1,-1,-,-,RIDE_both"
2026-07-08T11:15:00.000-04:00,"2026-7-8 11:15,2956.3,2954.14,2967.76,2970.41,0,0,-1,-1,-,-,neutral"
2026-07-08T11:20:00.000-04:00,"2026-7-8 11:20,2948.8,2950.91,2966.3,2969.57,-7,-1,-1,-1,-,-,RIDE_both"
2026-07-08T11:25:00.000-04:00,"2026-7-8 11:25,2949.2,2948.86,2964.98,2968.77,-3,-1,-1,-1,-,-,RIDE_both"
2026-07-08T11:30:00.000-04:00,"2026-7-8 11:30,2950.9,2948.17,2963.9,2968.07,-3,-1,-1,-1,-,-,RIDE_both"
2026-07-08T11:35:00.000-04:00,"2026-7-8 11:35,2945.5,2945.85,2962.49,2967.18,-3,-1,-1,-1,-,-,RIDE_both"
2026-07-08T11:40:00.000-04:00,"2026-7-8 11:40,2947.3,2945,2961.32,2966.4,0,0,-1,-1,-,-,neutral"
2026-07-08T11:45:00.000-04:00,"2026-7-8 11:45,2946.3,2944.18,2960.16,2965.61,0,0,-1,-1,-,-,neutral"
2026-07-08T11:50:00.000-04:00,"2026-7-8 11:50,2946.7,2943.91,2959.13,2964.87,0,0,-1,-1,-,-,neutral"
2026-07-08T11:55:00.000-04:00,"2026-7-8 11:55,2946.2,2943.68,2958.13,2964.14,0,0,-1,-1,-,-,neutral"
2026-07-08T12:00:00.000-04:00,"2026-7-8 12:00,2950.7,2945.34,2957.56,2963.61,0,0,-1,-1,-,-,neutral"
2026-07-08T12:05:00.000-04:00,"2026-7-8 12:05,2954.4,2948.05,2957.32,2963.25,0,0,-1,-1,-,-,neutral"
2026-07-08T12:10:00.000-04:00,"2026-7-8 12:10,2956.5,2950.91,2957.25,2962.99,0,0,0,-1,-,-,neutral"
2026-07-08T12:15:00.000-04:00,"2026-7-8 12:15,2955.7,2952.76,2957.13,2962.7,0,0,0,-1,-,-,neutral"
2026-07-08T12:20:00.000-04:00,"2026-7-8 12:20,2956,2954.25,2957.05,2962.44,3,1,0,-1,B,-,FIGHT"
2026-07-08T12:25:00.000-04:00,"2026-7-8 12:25,2960.8,2957.11,2957.34,2962.37,5,1,0,-1,-,-,FIGHT"
2026-07-08T12:30:00.000-04:00,"2026-7-8 12:30,2958.1,2958.18,2957.4,2962.21,5,1,0,-1,-,-,FIGHT"
2026-07-08T12:35:00.000-04:00,"2026-7-8 12:35,2960.3,2959.73,2957.62,2962.13,5,1,0,-1,-,-,FIGHT"
2026-07-08T12:40:00.000-04:00,"2026-7-8 12:40,2964.2,2962.24,2958.12,2962.21,5,1,0,-1,-,-,FIGHT"
2026-07-08T12:45:00.000-04:00,"2026-7-8 12:45,2965.7,2964.56,2958.71,2962.35,5,1,0,-1,-,-,FIGHT"
2026-07-08T12:50:00.000-04:00,"2026-7-8 12:50,2966,2966.27,2959.27,2962.49,5,1,0,-1,-,-,FIGHT"
2026-07-08T12:55:00.000-04:00,"2026-7-8 12:55,2966.5,2967.59,2959.82,2962.65,3,1,0,0,-,-,FIGHT"
2026-07-08T13:00:00.000-04:00,"2026-7-8 13:00,2964.7,2967.76,2960.2,2962.73,0,0,0,0,-,-,neutral"
2026-07-08T13:05:00.000-04:00,"2026-7-8 13:05,2963,2967.13,2960.42,2962.74,0,0,0,0,-,-,neutral"
2026-07-08T13:10:00.000-04:00,"2026-7-8 13:10,2962.5,2966.37,2960.58,2962.73,0,0,0,0,-,-,neutral"
2026-07-08T13:15:00.000-04:00,"2026-7-8 13:15,2966.8,2967.3,2961.05,2962.89,5,1,0,0,-,-,FIGHT"
2026-07-08T13:20:00.000-04:00,"2026-7-8 13:20,2969.1,2968.75,2961.67,2963.13,5,1,0,0,-,-,FIGHT"
2026-07-08T13:25:00.000-04:00,"2026-7-8 13:25,2970.8,2970.35,2962.38,2963.44,5,1,1,0,-,-,wave_only"
2026-07-08T13:30:00.000-04:00,"2026-7-8 13:30,2970.2,2971.2,2962.98,2963.7,5,1,1,0,-,-,wave_only"
2026-07-08T13:35:00.000-04:00,"2026-7-8 13:35,2968.9,2971.23,2963.43,2963.9,0,0,1,0,-,-,neutral"
2026-07-08T13:40:00.000-04:00,"2026-7-8 13:40,2968.1,2970.85,2963.79,2964.07,0,0,1,0,-,-,neutral"
2026-07-08T13:45:00.000-04:00,"2026-7-8 13:45,2965.4,2969.48,2963.92,2964.12,0,0,1,0,-,-,neutral"
2026-07-08T13:50:00.000-04:00,"2026-7-8 13:50,2967.7,2969.26,2964.21,2964.26,0,0,1,0,-,-,neutral"
2026-07-08T13:55:00.000-04:00,"2026-7-8 13:55,2966.4,2968.55,2964.38,2964.35,0,0,1,0,-,-,neutral"
2026-07-08T14:00:00.000-04:00,"2026-7-8 14:00,2971.3,2969.8,2964.91,2964.62,7,1,1,0,-,-,wave_only"
2026-07-08T14:05:00.000-04:00,"2026-7-8 14:05,2970.1,2970.22,2965.31,2964.83,0,0,1,0,-,-,neutral"
2026-07-08T14:10:00.000-04:00,"2026-7-8 14:10,2971,2970.82,2965.75,2965.07,0,0,1,0,-,-,neutral"
2026-07-08T14:15:00.000-04:00,"2026-7-8 14:15,2968.7,2970.36,2965.97,2965.22,0,0,1,0,-,-,neutral"
2026-07-08T14:20:00.000-04:00,"2026-7-8 14:20,2968.8,2970.01,2966.19,2965.36,0,0,1,0,-,-,neutral"
2026-07-08T14:25:00.000-04:00,"2026-7-8 14:25,2969.2,2969.86,2966.42,2965.51,0,0,1,0,-,-,neutral"
2026-07-08T14:30:00.000-04:00,"2026-7-8 14:30,2966.8,2968.84,2966.45,2965.56,0,0,1,0,-,-,neutral"
2026-07-08T14:35:00.000-04:00,"2026-7-8 14:35,2969.1,2968.92,2966.65,2965.7,7,0,1,0,-,-,neutral"
2026-07-08T14:40:00.000-04:00,"2026-7-8 14:40,2968.9,2968.89,2966.83,2965.82,0,0,0,0,-,-,neutral"
2026-07-08T14:45:00.000-04:00,"2026-7-8 14:45,2970.1,2969.3,2967.08,2965.99,7,1,0,0,-,-,FIGHT"
2026-07-08T14:50:00.000-04:00,"2026-7-8 14:50,2969.4,2969.34,2967.26,2966.12,7,1,0,0,-,-,FIGHT"
2026-07-08T14:55:00.000-04:00,"2026-7-8 14:55,2969.8,2969.5,2967.45,2966.27,7,1,1,0,-,-,wave_only"
2026-07-08T15:00:00.000-04:00,"2026-7-8 15:00,2968.5,2969.13,2967.53,2966.36,0,0,1,0,-,-,neutral"
2026-07-08T15:05:00.000-04:00,"2026-7-8 15:05,2969.7,2969.29,2967.7,2966.49,7,1,1,0,-,-,wave_only"
2026-07-08T15:10:00.000-04:00,"2026-7-8 15:10,2966.9,2968.37,2967.64,2966.5,-3,0,0,0,-,-,neutral"
2026-07-08T15:15:00.000-04:00,"2026-7-8 15:15,2966.4,2967.51,2967.54,2966.5,-5,-1,0,0,S,-,FIGHT"
2026-07-08T15:20:00.000-04:00,"2026-7-8 15:20,2968.8,2967.77,2967.64,2966.59,0,0,0,0,-,-,neutral"
2026-07-08T15:25:00.000-04:00,"2026-7-8 15:25,2968.4,2967.83,2967.7,2966.66,0,0,0,0,-,-,neutral"
2026-07-08T15:30:00.000-04:00,"2026-7-8 15:30,2965.7,2966.89,2967.54,2966.62,-5,-1,0,0,-,-,FIGHT"
2026-07-08T15:35:00.000-04:00,"2026-7-8 15:35,2966.3,2966.44,2967.45,2966.61,-5,-1,0,0,-,-,FIGHT"
2026-07-08T15:40:00.000-04:00,"2026-7-8 15:40,2966.5,2966.2,2967.38,2966.61,-5,-1,0,0,-,-,FIGHT"
2026-07-08T15:45:00.000-04:00,"2026-7-8 15:45,2963.3,2964.86,2967.06,2966.48,-5,-1,0,0,-,-,FIGHT"
2026-07-08T15:50:00.000-04:00,"2026-7-8 15:50,2971.4,2966.92,2967.4,2966.67,0,0,0,0,-,-,neutral"
2026-07-08T15:55:00.000-04:00,"2026-7-8 15:55,2970.7,2968.19,2967.65,2966.83,7,1,1,0,B,-,wave_only"
2026-07-08T16:00:00.000-04:00,"2026-7-8 16:00,2971.2,2969.31,2967.92,2967,7,1,1,0,-,-,wave_only"
2026-07-08T16:05:00.000-04:00,"2026-7-8 16:05,2970.8,2969.98,2968.14,2967.15,7,1,1,0,-,-,wave_only"
2026-07-08T16:10:00.000-04:00,"2026-7-8 16:10,2968.5,2969.61,2968.17,2967.2,0,0,0,0,-,-,neutral"
2026-07-08T16:15:00.000-04:00,"2026-7-8 16:15,2967,2968.76,2968.08,2967.19,-3,0,0,0,-,-,neutral"
2026-07-08T16:20:00.000-04:00,"2026-7-8 16:20,2966,2967.75,2967.92,2967.15,-5,-1,0,0,S,-,FIGHT"
2026-07-08T16:25:00.000-04:00,"2026-7-8 16:25,2966,2967.02,2967.77,2967.1,-5,-1,0,0,-,-,FIGHT"
2026-07-08T16:30:00.000-04:00,"2026-7-8 16:30,2965,2966.12,2967.56,2967.02,-5,-1,0,0,-,-,FIGHT"
2026-07-08T16:35:00.000-04:00,"2026-7-8 16:35,2964.6,2965.33,2967.33,2966.92,-5,-1,0,0,-,-,FIGHT"
2026-07-08T16:40:00.000-04:00,"2026-7-8 16:40,2965.5,2965.11,2967.19,2966.87,-3,-1,0,0,-,-,FIGHT"
2026-07-08T16:45:00.000-04:00,"2026-7-8 16:45,2965.4,2964.94,2967.05,2966.81,-3,-1,0,0,-,-,FIGHT"
2026-07-08T16:50:00.000-04:00,"2026-7-8 16:50,2964.9,2964.67,2966.89,2966.74,-5,-1,0,0,-,-,FIGHT"
2026-07-08T16:55:00.000-04:00,"2026-7-8 16:55,2963.7,2964.05,2966.64,2966.62,-5,-1,-1,-1,-,-,RIDE_both"
2026-07-08T18:00:00.000-04:00,"2026-7-8 18:00,2966.2,2964.55,2966.61,2966.6,0,0,-1,-1,-,-,neutral"
2026-07-08T18:05:00.000-04:00,"2026-7-8 18:05,2965.9,2964.85,2966.55,2966.57,0,0,-1,-1,-,-,neutral"
2026-07-08T18:10:00.000-04:00,"2026-7-8 18:10,2966,2965.12,2966.51,2966.55,0,0,-1,-1,-,-,neutral"
2026-07-08T18:15:00.000-04:00,"2026-7-8 18:15,2965.3,2965.08,2966.42,2966.5,0,0,-1,-1,-,-,neutral"
2026-07-08T18:20:00.000-04:00,"2026-7-8 18:20,2965.6,2965.18,2966.36,2966.47,0,0,-1,-1,-,-,neutral"
2026-07-08T18:25:00.000-04:00,"2026-7-8 18:25,2966,2965.41,2966.33,2966.45,0,0,0,-1,-,-,neutral"
2026-07-08T18:30:00.000-04:00,"2026-7-8 18:30,2967.8,2966.26,2966.44,2966.5,0,0,0,-1,-,-,neutral"
2026-07-08T18:35:00.000-04:00,"2026-7-8 18:35,2966.2,2966.29,2966.42,2966.49,0,0,0,-1,-,-,neutral"
2026-07-08T18:40:00.000-04:00,"2026-7-8 18:40,2965.7,2966.12,2966.37,2966.46,-5,-1,-1,-1,-,-,RIDE_both"
2026-07-08T18:45:00.000-04:00,"2026-7-8 18:45,2965.6,2965.97,2966.31,2966.42,-5,-1,-1,-1,-,-,RIDE_both"
2026-07-08T18:50:00.000-04:00,"2026-7-8 18:50,2965,2965.63,2966.21,2966.37,-5,-1,-1,-1,-,-,RIDE_both"
2026-07-08T18:55:00.000-04:00,"2026-7-8 18:55,2966,2965.75,2966.19,2966.35,0,0,0,0,-,-,neutral"
2026-07-08T19:00:00.000-04:00,"2026-7-8 19:00,2965.9,2965.81,2966.17,2966.34,0,0,0,0,-,-,neutral"
2026-07-08T19:05:00.000-04:00,"2026-7-8 19:05,2967.2,2966.33,2966.25,2966.37,7,1,0,0,B,-,FIGHT"
2026-07-08T19:10:00.000-04:00,"2026-7-8 19:10,2966.7,2966.53,2966.28,2966.38,3,1,0,0,-,-,FIGHT"
2026-07-08T19:15:00.000-04:00,"2026-7-8 19:15,2965.2,2966.12,2966.2,2966.34,-3,-1,0,0,S,-,FIGHT"
2026-07-08T19:20:00.000-04:00,"2026-7-8 19:20,2965.3,2965.84,2966.13,2966.3,-5,-1,0,0,-,-,FIGHT"
2026-07-08T19:25:00.000-04:00,"2026-7-8 19:25,2966.3,2966.01,2966.14,2966.3,0,0,0,0,-,-,neutral"
2026-07-08T19:30:00.000-04:00,"2026-7-8 19:30,2967.5,2966.58,2966.25,2966.34,7,1,0,0,B,-,FIGHT"
2026-07-08T19:35:00.000-04:00,"2026-7-8 19:35,2967.4,2966.96,2966.34,2966.38,7,1,0,0,-,-,FIGHT"
2026-07-08T19:40:00.000-04:00,"2026-7-8 19:40,2968.8,2967.75,2966.53,2966.48,7,1,1,0,-,-,wave_only"
2026-07-08T19:45:00.000-04:00,"2026-7-8 19:45,2968.4,2968.16,2966.67,2966.55,7,1,1,0,-,-,wave_only"
2026-07-08T19:50:00.000-04:00,"2026-7-8 19:50,2968.7,2968.56,2966.83,2966.64,7,1,1,0,-,-,wave_only"
2026-07-08T19:55:00.000-04:00,"2026-7-8 19:55,2969.1,2968.97,2967,2966.74,7,1,1,0,-,-,wave_only"
2026-07-08T20:00:00.000-04:00,"2026-7-8 20:00,2968.9,2969.18,2967.15,2966.82,0,0,1,0,-,-,neutral"
2026-07-08T20:05:00.000-04:00,"2026-7-8 20:05,2970.9,2970.04,2967.44,2966.98,7,1,1,0,-,-,wave_only"
2026-07-08T20:10:00.000-04:00,"2026-7-8 20:10,2973.4,2971.57,2967.89,2967.23,7,1,1,0,-,-,wave_only"
2026-07-08T20:15:00.000-04:00,"2026-7-8 20:15,2971.2,2971.84,2968.15,2967.39,0,0,1,0,-,-,neutral"
2026-07-08T20:20:00.000-04:00,"2026-7-8 20:20,2973.5,2972.84,2968.56,2967.63,7,1,1,0,-,-,wave_only"
2026-07-08T20:25:00.000-04:00,"2026-7-8 20:25,2974.8,2974.01,2969.04,2967.91,7,1,1,0,-,-,wave_only"
2026-07-08T20:30:00.000-04:00,"2026-7-8 20:30,2974.2,2974.58,2969.44,2968.16,7,0,1,0,-,-,neutral"
2026-07-08T20:35:00.000-04:00,"2026-7-8 20:35,2975.4,2975.39,2969.9,2968.44,7,1,1,0,-,-,wave_only"
2026-07-08T20:40:00.000-04:00,"2026-7-8 20:40,2975.1,2975.8,2970.3,2968.7,0,0,1,0,-,-,neutral"
2026-07-08T20:45:00.000-04:00,"2026-7-8 20:45,2977.3,2976.86,2970.84,2969.04,7,1,1,0,-,-,wave_only"
2026-07-08T20:50:00.000-04:00,"2026-7-8 20:50,2974,2976.34,2971.08,2969.23,0,0,1,0,-,-,neutral"
2026-07-08T20:55:00.000-04:00,"2026-7-8 20:55,2976.3,2976.75,2971.48,2969.51,0,0,1,1,-,-,neutral"
2026-07-08T21:00:00.000-04:00,"2026-7-8 21:00,2975.3,2976.62,2971.77,2969.74,0,0,1,1,-,-,neutral"
2026-07-08T21:05:00.000-04:00,"2026-7-8 21:05,2978.7,2977.74,2972.31,2970.09,7,1,1,1,-,-,RIDE_both"
2026-07-08T21:10:00.000-04:00,"2026-7-8 21:10,2976.8,2977.79,2972.65,2970.35,0,0,1,1,-,-,neutral"
2026-07-08T21:15:00.000-04:00,"2026-7-8 21:15,2977.8,2978.15,2973.05,2970.64,0,0,1,1,-,-,neutral"
2026-07-08T21:20:00.000-04:00,"2026-7-8 21:20,2975.5,2977.51,2973.24,2970.83,0,0,1,1,-,-,neutral"
2026-07-08T21:25:00.000-04:00,"2026-7-8 21:25,2975.5,2977,2973.41,2971.02,0,0,0,1,-,-,neutral"
2026-07-08T21:30:00.000-04:00,"2026-7-8 21:30,2976,2976.77,2973.61,2971.21,0,0,0,1,-,-,neutral"
2026-07-08T21:35:00.000-04:00,"2026-7-8 21:35,2976.9,2976.91,2973.86,2971.44,0,0,0,1,-,-,neutral"
2026-07-08T21:40:00.000-04:00,"2026-7-8 21:40,2978.2,2977.47,2974.2,2971.7,7,1,1,1,-,-,RIDE_both"
2026-07-08T21:45:00.000-04:00,"2026-7-8 21:45,2979.5,2978.34,2974.6,2972.01,7,1,1,1,-,-,RIDE_both"
2026-07-08T21:50:00.000-04:00,"2026-7-8 21:50,2976.6,2977.88,2974.76,2972.19,0,0,1,1,-,-,neutral"
2026-07-08T21:55:00.000-04:00,"2026-7-8 21:55,2977.2,2977.73,2974.95,2972.38,0,0,0,1,-,-,neutral"
2026-07-08T22:00:00.000-04:00,"2026-7-8 22:00,2977.3,2977.64,2975.13,2972.58,0,0,0,1,-,-,neutral"
2026-07-08T22:05:00.000-04:00,"2026-7-8 22:05,2978.4,2977.96,2975.38,2972.8,7,1,0,1,-,-,tide_only"
2026-07-08T22:10:00.000-04:00,"2026-7-8 22:10,2979.6,2978.63,2975.7,2973.07,7,1,1,1,-,-,RIDE_both"
2026-07-08T22:15:00.000-04:00,"2026-7-8 22:15,2980.7,2979.5,2976.09,2973.37,7,1,1,1,-,-,RIDE_both"
2026-07-08T22:20:00.000-04:00,"2026-7-8 22:20,2979.8,2979.79,2976.37,2973.62,3,1,1,1,-,-,RIDE_both"
2026-07-08T22:25:00.000-04:00,"2026-7-8 22:25,2979.9,2980,2976.64,2973.87,7,1,1,1,-,-,RIDE_both"
2026-07-08T22:30:00.000-04:00,"2026-7-8 22:30,2979,2979.8,2976.83,2974.07,0,0,1,1,-,-,neutral"
2026-07-08T22:35:00.000-04:00,"2026-7-8 22:35,2977.7,2979.14,2976.89,2974.21,0,0,1,1,-,-,neutral"
2026-07-08T22:40:00.000-04:00,"2026-7-8 22:40,2975.8,2977.94,2976.81,2974.27,-3,-1,0,1,S,-,FIGHT"
2026-07-08T22:45:00.000-04:00,"2026-7-8 22:45,2974.5,2976.57,2976.63,2974.28,-5,-1,0,1,-,-,FIGHT"
2026-07-08T22:50:00.000-04:00,"2026-7-8 22:50,2974,2975.38,2976.43,2974.27,-5,-1,0,1,-,-,FIGHT"
2026-07-08T22:55:00.000-04:00,"2026-7-8 22:55,2974.2,2974.61,2976.26,2974.27,-5,-1,0,1,-,-,FIGHT"
2026-07-08T23:00:00.000-04:00,"2026-7-8 23:00,2973.4,2973.78,2976.04,2974.24,-5,-1,0,1,-,-,FIGHT"
2026-07-08T23:05:00.000-04:00,"2026-7-8 23:05,2974.6,2973.66,2975.93,2974.25,-3,-1,0,1,-,-,FIGHT"
2026-07-08T23:10:00.000-04:00,"2026-7-8 23:10,2973.8,2973.31,2975.76,2974.23,-5,-1,0,1,-,-,FIGHT"
2026-07-08T23:15:00.000-04:00,"2026-7-8 23:15,2973.3,2972.91,2975.57,2974.2,-5,-1,0,1,-,-,FIGHT"
2026-07-08T23:20:00.000-04:00,"2026-7-8 23:20,2974.5,2973.11,2975.49,2974.21,0,0,0,1,-,-,neutral"
2026-07-08T23:25:00.000-04:00,"2026-7-8 23:25,2977.2,2974.29,2975.62,2974.32,0,0,1,1,-,-,neutral"
2026-07-08T23:30:00.000-04:00,"2026-7-8 23:30,2978.2,2975.56,2975.82,2974.48,0,0,1,1,-,-,neutral"
2026-07-08T23:35:00.000-04:00,"2026-7-8 23:35,2978.1,2976.47,2976,2974.62,7,1,1,1,B,BUY,RIDE_both"
2026-07-08T23:40:00.000-04:00,"2026-7-8 23:40,2978.4,2977.24,2976.18,2974.77,7,1,0,1,-,-,tide_only"
2026-07-08T23:45:00.000-04:00,"2026-7-8 23:45,2978.5,2977.84,2976.36,2974.91,7,1,0,1,-,-,tide_only"
2026-07-08T23:50:00.000-04:00,"2026-7-8 23:50,2978.3,2978.19,2976.51,2975.05,7,1,0,1,-,-,tide_only"
2026-07-08T23:55:00.000-04:00,"2026-7-8 23:55,2978.1,2978.35,2976.63,2975.17,7,1,0,1,-,-,tide_only"
2026-07-09T00:00:00.000-04:00,"2026-7-9 0:00,2978,2978.41,2976.74,2975.28,7,0,0,1,-,-,neutral"
2026-07-09T00:05:00.000-04:00,"2026-7-9 0:05,2977.9,2978.4,2976.83,2975.38,0,0,0,1,-,-,neutral"
2026-07-09T00:10:00.000-04:00,"2026-7-9 0:10,2977.4,2978.18,2976.87,2975.46,0,0,0,1,-,-,neutral"
2026-07-09T00:15:00.000-04:00,"2026-7-9 0:15,2977.3,2977.97,2976.9,2975.53,-3,-1,0,1,S,-,FIGHT"
2026-07-09T00:20:00.000-04:00,"2026-7-9 0:20,2976.3,2977.43,2976.86,2975.56,0,0,0,1,-,-,neutral"
2026-07-09T00:25:00.000-04:00,"2026-7-9 0:25,2976.4,2977.07,2976.82,2975.59,-3,-1,0,1,-,-,FIGHT"
2026-07-09T00:30:00.000-04:00,"2026-7-9 0:30,2978.5,2977.58,2976.95,2975.71,7,1,0,1,B,-,tide_only"
2026-07-09T00:35:00.000-04:00,"2026-7-9 0:35,2979.6,2978.35,2977.15,2975.86,7,1,0,1,-,-,tide_only"
2026-07-09T00:40:00.000-04:00,"2026-7-9 0:40,2979.1,2978.73,2977.3,2975.99,7,1,1,1,-,-,RIDE_both"
2026-07-09T00:45:00.000-04:00,"2026-7-9 0:45,2978.2,2978.66,2977.37,2976.07,0,0,1,1,-,-,neutral"
2026-07-09T00:50:00.000-04:00,"2026-7-9 0:50,2979.7,2979.15,2977.55,2976.22,7,1,1,1,-,-,RIDE_both"
2026-07-09T00:55:00.000-04:00,"2026-7-9 0:55,2979.5,2979.42,2977.7,2976.35,7,1,0,1,-,-,tide_only"
2026-07-09T01:00:00.000-04:00,"2026-7-9 1:00,2978.1,2979.08,2977.73,2976.41,0,0,0,1,-,-,neutral"
2026-07-09T01:05:00.000-04:00,"2026-7-9 1:05,2977.9,2978.74,2977.75,2976.47,0,0,0,1,-,-,neutral"
2026-07-09T01:10:00.000-04:00,"2026-7-9 1:10,2981.4,2979.77,2978.03,2976.67,7,1,1,1,-,-,RIDE_both"
2026-07-09T01:15:00.000-04:00,"2026-7-9 1:15,2977.7,2979.15,2978,2976.71,0,0,1,1,-,-,neutral"
2026-07-09T01:20:00.000-04:00,"2026-7-9 1:20,2977.2,2978.49,2977.94,2976.73,-3,-1,1,1,S,-,FIGHT"
2026-07-09T01:25:00.000-04:00,"2026-7-9 1:25,2977.9,2978.26,2977.94,2976.77,-3,0,0,1,-,-,neutral"
2026-07-09T01:30:00.000-04:00,"2026-7-9 1:30,2980,2978.87,2978.1,2976.9,7,1,0,1,B,-,tide_only"
2026-07-09T01:35:00.000-04:00,"2026-7-9 1:35,2980.7,2979.57,2978.3,2977.05,7,1,0,1,-,-,tide_only"
2026-07-09T01:40:00.000-04:00,"2026-7-9 1:40,2980.9,2980.15,2978.5,2977.2,7,1,1,1,-,-,RIDE_both"
2026-07-09T01:45:00.000-04:00,"2026-7-9 1:45,2983.3,2981.45,2978.87,2977.44,7,1,1,1,-,-,RIDE_both"
2026-07-09T01:50:00.000-04:00,"2026-7-9 1:50,2983.2,2982.35,2979.2,2977.66,7,1,1,1,-,-,RIDE_both"
2026-07-09T01:55:00.000-04:00,"2026-7-9 1:55,2984.3,2983.38,2979.59,2977.92,7,1,1,1,-,-,RIDE_both"
2026-07-09T02:00:00.000-04:00,"2026-7-9 2:00,2983.1,2983.65,2979.86,2978.13,0,0,1,1,-,-,neutral"
2026-07-09T02:05:00.000-04:00,"2026-7-9 2:05,2981.5,2983.21,2979.99,2978.26,0,0,1,1,-,-,neutral"
2026-07-09T02:10:00.000-04:00,"2026-7-9 2:10,2982.4,2983.18,2980.17,2978.42,0,0,0,1,-,-,neutral"
2026-07-09T02:15:00.000-04:00,"2026-7-9 2:15,2982.7,2983.23,2980.37,2978.59,0,0,0,1,-,-,neutral"
2026-07-09T02:20:00.000-04:00,"2026-7-9 2:20,2983,2983.35,2980.57,2978.76,0,0,0,1,-,-,neutral"
2026-07-09T02:25:00.000-04:00,"2026-7-9 2:25,2982.4,2983.19,2980.71,2978.91,0,0,0,1,-,-,neutral"
2026-07-09T02:30:00.000-04:00,"2026-7-9 2:30,2981.7,2982.79,2980.79,2979.01,0,0,0,1,-,-,neutral"
2026-07-09T02:35:00.000-04:00,"2026-7-9 2:35,2981.8,2982.51,2980.86,2979.12,0,0,0,1,-,-,neutral"
2026-07-09T02:40:00.000-04:00,"2026-7-9 2:40,2982.5,2982.55,2980.99,2979.26,7,0,0,1,-,-,neutral"
2026-07-09T02:45:00.000-04:00,"2026-7-9 2:45,2982.1,2982.42,2981.08,2979.37,0,0,0,1,-,-,neutral"
2026-07-09T02:50:00.000-04:00,"2026-7-9 2:50,2981.9,2982.24,2981.14,2979.47,0,0,0,1,-,-,neutral"
2026-07-09T02:55:00.000-04:00,"2026-7-9 2:55,2981.7,2982.03,2981.18,2979.55,-3,-1,0,1,S,-,FIGHT"
2026-07-09T03:00:00.000-04:00,"2026-7-9 3:00,2982.4,2982.13,2981.28,2979.67,7,1,0,1,B,-,tide_only"
2026-07-09T03:05:00.000-04:00,"2026-7-9 3:05,2980.9,2981.64,2981.25,2979.71,-3,-1,0,1,S,-,FIGHT"
2026-07-09T03:10:00.000-04:00,"2026-7-9 3:10,2982.4,2981.84,2981.34,2979.82,7,1,0,1,B,-,tide_only"
2026-07-09T03:15:00.000-04:00,"2026-7-9 3:15,2982.6,2982.07,2981.43,2979.93,7,1,0,1,-,-,tide_only"
2026-07-09T03:20:00.000-04:00,"2026-7-9 3:20,2981.7,2981.9,2981.45,2980,-3,-1,0,1,S,-,FIGHT"
2026-07-09T03:25:00.000-04:00,"2026-7-9 3:25,2982.6,2982.11,2981.54,2980.1,7,1,0,1,B,-,tide_only"
2026-07-09T03:30:00.000-04:00,"2026-7-9 3:30,2983.6,2982.64,2981.7,2980.24,7,1,0,1,-,-,tide_only"
2026-07-09T03:35:00.000-04:00,"2026-7-9 3:35,2983,2982.8,2981.8,2980.35,7,1,0,1,-,-,tide_only"
2026-07-09T03:40:00.000-04:00,"2026-7-9 3:40,2985.7,2983.91,2982.1,2980.56,7,1,1,1,-,-,RIDE_both"
2026-07-09T03:45:00.000-04:00,"2026-7-9 3:45,2985.2,2984.53,2982.34,2980.74,7,1,1,1,-,-,RIDE_both"
2026-07-09T03:50:00.000-04:00,"2026-7-9 3:50,2984.5,2984.7,2982.5,2980.89,0,0,1,1,-,-,neutral"
2026-07-09T03:55:00.000-04:00,"2026-7-9 3:55,2982.9,2984.21,2982.54,2980.96,0,0,0,1,-,-,neutral"
2026-07-09T04:00:00.000-04:00,"2026-7-9 4:00,2982.5,2983.68,2982.53,2981.02,0,0,0,1,-,-,neutral"
2026-07-09T04:05:00.000-04:00,"2026-7-9 4:05,2982.8,2983.39,2982.55,2981.09,0,0,0,1,-,-,neutral"
2026-07-09T04:10:00.000-04:00,"2026-7-9 4:10,2982.2,2982.95,2982.53,2981.14,-3,-1,0,1,S,-,FIGHT"
2026-07-09T04:15:00.000-04:00,"2026-7-9 4:15,2982.1,2982.59,2982.49,2981.18,-5,-1,0,1,-,-,FIGHT"
2026-07-09T04:20:00.000-04:00,"2026-7-9 4:20,2982.1,2982.33,2982.46,2981.21,-5,-1,0,1,-,-,FIGHT"
2026-07-09T04:25:00.000-04:00,"2026-7-9 4:25,2983.6,2982.7,2982.55,2981.31,0,0,0,1,-,-,neutral"
2026-07-09T04:30:00.000-04:00,"2026-7-9 4:30,2980.3,2981.76,2982.38,2981.27,-5,-1,0,1,-,-,FIGHT"
2026-07-09T04:35:00.000-04:00,"2026-7-9 4:35,2979.7,2980.85,2982.17,2981.2,-5,-1,0,1,-,-,FIGHT"
2026-07-09T04:40:00.000-04:00,"2026-7-9 4:40,2979.5,2980.13,2981.97,2981.14,-5,-1,0,1,-,-,FIGHT"
2026-07-09T04:45:00.000-04:00,"2026-7-9 4:45,2977.7,2978.96,2981.64,2981,-5,-1,0,1,-,-,FIGHT"
2026-07-09T04:50:00.000-04:00,"2026-7-9 4:50,2979.8,2978.91,2981.5,2980.96,0,0,0,1,-,-,neutral"
2026-07-09T04:55:00.000-04:00,"2026-7-9 4:55,2978.6,2978.47,2981.27,2980.86,-5,-1,-1,0,-,-,wave_only"
2026-07-09T05:00:00.000-04:00,"2026-7-9 5:00,2978.1,2978,2981.03,2980.76,-5,-1,-1,0,-,-,wave_only"
2026-07-09T05:05:00.000-04:00,"2026-7-9 5:05,2977.1,2977.32,2980.73,2980.61,-3,-1,-1,0,-,-,wave_only"
2026-07-09T05:10:00.000-04:00,"2026-7-9 5:10,2977.2,2976.91,2980.46,2980.48,-3,-1,-1,0,-,-,wave_only"
2026-07-09T05:15:00.000-04:00,"2026-7-9 5:15,2976.6,2976.42,2980.16,2980.33,-3,-1,-1,0,-,-,wave_only"
2026-07-09T05:20:00.000-04:00,"2026-7-9 5:20,2976.7,2976.15,2979.89,2980.18,0,0,-1,0,-,-,neutral"
2026-07-09T05:25:00.000-04:00,"2026-7-9 5:25,2976.6,2975.96,2979.64,2980.04,0,0,-1,0,-,-,neutral"
2026-07-09T05:30:00.000-04:00,"2026-7-9 5:30,2974.6,2975.12,2979.25,2979.83,-7,-1,-1,0,-,-,wave_only"
2026-07-09T05:35:00.000-04:00,"2026-7-9 5:35,2975.3,2974.82,2978.95,2979.65,0,0,-1,0,-,-,neutral"
2026-07-09T05:40:00.000-04:00,"2026-7-9 5:40,2972.5,2973.6,2978.45,2979.37,-7,-1,-1,0,-,-,wave_only"
2026-07-09T05:45:00.000-04:00,"2026-7-9 5:45,2973.6,2973.17,2978.08,2979.15,0,0,-1,0,-,-,neutral"
2026-07-09T05:50:00.000-04:00,"2026-7-9 5:50,2975.7,2973.68,2977.9,2979.01,0,0,-1,0,-,-,neutral"
2026-07-09T05:55:00.000-04:00,"2026-7-9 5:55,2975.7,2974.11,2977.73,2978.88,0,0,-1,0,-,-,neutral"
2026-07-09T06:00:00.000-04:00,"2026-7-9 6:00,2975.5,2974.39,2977.56,2978.75,0,0,-1,0,-,-,neutral"
2026-07-09T06:05:00.000-04:00,"2026-7-9 6:05,2976.4,2974.97,2977.47,2978.66,0,0,-1,0,-,-,neutral"
2026-07-09T06:10:00.000-04:00,"2026-7-9 6:10,2976.7,2975.52,2977.41,2978.58,0,0,0,0,-,-,neutral"
2026-07-09T06:15:00.000-04:00,"2026-7-9 6:15,2977.8,2976.35,2977.44,2978.55,0,0,0,0,-,-,neutral"
2026-07-09T06:20:00.000-04:00,"2026-7-9 6:20,2977,2976.67,2977.4,2978.49,3,1,0,0,B,-,FIGHT"
2026-07-09T06:25:00.000-04:00,"2026-7-9 6:25,2975.6,2976.39,2977.27,2978.37,-7,-1,-1,0,S,-,wave_only"
2026-07-09T06:30:00.000-04:00,"2026-7-9 6:30,2974.5,2975.77,2977.05,2978.22,-7,-1,-1,0,-,-,wave_only"
2026-07-09T06:35:00.000-04:00,"2026-7-9 6:35,2975.3,2975.61,2976.92,2978.11,-7,-1,-1,0,-,-,wave_only"
2026-07-09T06:40:00.000-04:00,"2026-7-9 6:40,2975.2,2975.47,2976.79,2977.99,-7,-1,-1,0,-,-,wave_only"
2026-07-09T06:45:00.000-04:00,"2026-7-9 6:45,2971.8,2974.11,2976.4,2977.75,-7,-1,-1,0,-,-,wave_only"
2026-07-09T06:50:00.000-04:00,"2026-7-9 6:50,2970.4,2972.6,2975.94,2977.46,-7,-1,-1,0,-,-,wave_only"
2026-07-09T06:55:00.000-04:00,"2026-7-9 6:55,2972.2,2972.19,2975.65,2977.26,-7,-1,-1,0,-,-,wave_only"
2026-07-09T07:00:00.000-04:00,"2026-7-9 7:00,2973.6,2972.45,2975.49,2977.11,0,0,-1,0,-,-,neutral"
2026-07-09T07:05:00.000-04:00,"2026-7-9 7:05,2972.2,2972.15,2975.24,2976.92,-7,-1,-1,0,-,-,wave_only"
2026-07-09T07:10:00.000-04:00,"2026-7-9 7:10,2974.6,2972.85,2975.19,2976.83,0,0,0,0,-,-,neutral"
2026-07-09T07:15:00.000-04:00,"2026-7-9 7:15,2973,2972.79,2975.02,2976.68,-7,0,0,0,-,-,neutral"
2026-07-09T07:20:00.000-04:00,"2026-7-9 7:20,2972.6,2972.63,2974.84,2976.52,-7,-1,0,0,-,-,FIGHT"
2026-07-09T07:25:00.000-04:00,"2026-7-9 7:25,2974.2,2973.11,2974.79,2976.43,0,0,0,0,-,-,neutral"
2026-07-09T07:30:00.000-04:00,"2026-7-9 7:30,2975,2973.78,2974.8,2976.37,3,1,0,0,B,-,FIGHT"
2026-07-09T07:35:00.000-04:00,"2026-7-9 7:35,2975.9,2974.61,2974.89,2976.35,5,1,0,0,-,-,FIGHT"
2026-07-09T07:40:00.000-04:00,"2026-7-9 7:40,2975.8,2975.18,2974.96,2976.33,5,1,0,0,-,-,FIGHT"
2026-07-09T07:45:00.000-04:00,"2026-7-9 7:45,2977.4,2976.18,2975.15,2976.37,5,1,0,0,-,-,FIGHT"
2026-07-09T07:50:00.000-04:00,"2026-7-9 7:50,2978.3,2977.23,2975.39,2976.45,5,1,0,0,-,-,FIGHT"
2026-07-09T07:55:00.000-04:00,"2026-7-9 7:55,2978.1,2977.89,2975.6,2976.51,5,1,0,0,-,-,FIGHT"
2026-07-09T08:00:00.000-04:00,"2026-7-9 8:00,2978.8,2978.61,2975.84,2976.6,5,1,0,0,-,-,FIGHT"
2026-07-09T08:05:00.000-04:00,"2026-7-9 8:05,2981.2,2979.98,2976.26,2976.78,5,1,0,0,-,-,FIGHT"
2026-07-09T08:10:00.000-04:00,"2026-7-9 8:10,2981.6,2981.08,2976.67,2976.97,5,1,0,0,-,-,FIGHT"
2026-07-09T08:15:00.000-04:00,"2026-7-9 8:15,2982.6,2982.2,2977.12,2977.19,5,1,0,0,-,-,FIGHT"
2026-07-09T08:20:00.000-04:00,"2026-7-9 8:20,2982.5,2982.92,2977.54,2977.4,5,1,0,0,-,-,FIGHT"
2026-07-09T08:25:00.000-04:00,"2026-7-9 8:25,2983.8,2983.86,2978.02,2977.65,5,1,1,0,-,-,wave_only"
2026-07-09T08:30:00.000-04:00,"2026-7-9 8:30,2985.5,2985.1,2978.59,2977.96,5,1,1,0,-,-,wave_only"
2026-07-09T08:35:00.000-04:00,"2026-7-9 8:35,2984.8,2985.68,2979.07,2978.23,3,1,1,0,-,-,wave_only"
2026-07-09T08:40:00.000-04:00,"2026-7-9 8:40,2981.4,2984.76,2979.25,2978.35,0,0,1,0,-,-,neutral"
2026-07-09T08:45:00.000-04:00,"2026-7-9 8:45,2981.1,2983.9,2979.39,2978.46,0,0,1,0,-,-,neutral"
2026-07-09T08:50:00.000-04:00,"2026-7-9 8:50,2981.6,2983.39,2979.56,2978.58,0,0,1,0,-,-,neutral"
2026-07-09T08:55:00.000-04:00,"2026-7-9 8:55,2982.1,2983.16,2979.76,2978.72,0,0,1,1,-,-,neutral"
2026-07-09T09:00:00.000-04:00,"2026-7-9 9:00,2984.4,2983.81,2980.12,2978.94,7,1,1,1,-,-,RIDE_both"
2026-07-09T09:05:00.000-04:00,"2026-7-9 9:05,2985.2,2984.55,2980.51,2979.19,7,1,1,1,-,-,RIDE_both"
2026-07-09T09:10:00.000-04:00,"2026-7-9 9:10,2984.1,2984.64,2980.78,2979.38,0,0,1,1,-,-,neutral"
2026-07-09T09:15:00.000-04:00,"2026-7-9 9:15,2983.8,2984.56,2981.01,2979.56,0,0,1,1,-,-,neutral"
2026-07-09T09:20:00.000-04:00,"2026-7-9 9:20,2983.3,2984.29,2981.19,2979.7,0,0,1,1,-,-,neutral"
2026-07-09T09:25:00.000-04:00,"2026-7-9 9:25,2987.9,2985.76,2981.71,2980.02,7,1,1,1,-,-,RIDE_both"
2026-07-09T09:30:00.000-04:00,"2026-7-9 9:30,2991,2987.95,2982.42,2980.45,7,1,1,1,-,-,RIDE_both"
2026-07-09T09:35:00.000-04:00,"2026-7-9 9:35,2988.4,2988.55,2982.88,2980.77,0,0,1,1,-,-,neutral"
2026-07-09T09:40:00.000-04:00,"2026-7-9 9:40,2993.1,2990.67,2983.67,2981.25,7,1,1,1,-,-,RIDE_both"
2026-07-09T09:45:00.000-04:00,"2026-7-9 9:45,2993.3,2992.23,2984.41,2981.72,7,1,1,1,-,-,RIDE_both"
2026-07-09T09:50:00.000-04:00,"2026-7-9 9:50,3001,2996.15,2985.68,2982.48,7,1,1,1,-,-,RIDE_both"
2026-07-09T09:55:00.000-04:00,"2026-7-9 9:55,3000.6,2998.77,2986.83,2983.19,7,1,1,1,-,-,RIDE_both"
2026-07-09T10:00:00.000-04:00,"2026-7-9 10:00,3001.3,3000.82,2987.94,2983.9,7,1,1,1,-,-,RIDE_both"
2026-07-09T10:05:00.000-04:00,"2026-7-9 10:05,2999.4,3001.48,2988.83,2984.51,0,0,1,1,-,-,neutral"
2026-07-09T10:10:00.000-04:00,"2026-7-9 10:10,3002.5,3002.96,2989.88,2985.21,7,1,1,1,-,-,RIDE_both"
2026-07-09T10:15:00.000-04:00,"2026-7-9 10:15,2996.5,3001.68,2990.39,2985.66,0,0,1,1,-,-,neutral"
2026-07-09T10:20:00.000-04:00,"2026-7-9 10:20,3001.6,3002.5,2991.25,2986.28,0,0,1,1,-,-,neutral"
2026-07-09T10:25:00.000-04:00,"2026-7-9 10:25,3006.5,3004.79,2992.42,2987.07,7,1,1,1,-,-,RIDE_both"
2026-07-09T10:30:00.000-04:00,"2026-7-9 10:30,3005.2,3005.87,2993.41,2987.78,0,0,1,1,-,-,neutral"
2026-07-09T10:35:00.000-04:00,"2026-7-9 10:35,3008.1,3007.61,2994.54,2988.58,7,1,1,1,-,-,RIDE_both"
2026-07-09T10:40:00.000-04:00,"2026-7-9 10:40,3006.5,3008.16,2995.46,2989.28,0,0,1,1,-,-,neutral"
2026-07-09T10:45:00.000-04:00,"2026-7-9 10:45,3008.4,3009.13,2996.45,2990.03,7,0,1,1,-,-,neutral"
2026-07-09T10:50:00.000-04:00,"2026-7-9 10:50,3007.7,3009.46,2997.32,2990.73,0,0,1,1,-,-,neutral"
2026-07-09T10:55:00.000-04:00,"2026-7-9 10:55,3010.7,3010.69,2998.35,2991.51,7,1,1,1,-,-,RIDE_both"
2026-07-09T11:00:00.000-04:00,"2026-7-9 11:00,3009.4,3010.99,2999.2,2992.21,0,0,1,1,-,-,neutral"
2026-07-09T11:05:00.000-04:00,"2026-7-9 11:05,3011.3,3011.8,3000.13,2992.96,7,0,1,1,-,-,neutral"
2026-07-09T11:10:00.000-04:00,"2026-7-9 11:10,3008.8,3011.36,3000.8,2993.58,0,0,0,1,-,-,neutral"
2026-07-09T11:15:00.000-04:00,"2026-7-9 11:15,3005.8,3009.83,3001.18,2994.06,0,0,0,1,-,-,neutral"
2026-07-09T11:20:00.000-04:00,"2026-7-9 11:20,3006.7,3008.96,3001.6,2994.56,0,0,0,1,-,-,neutral"
2026-07-09T11:25:00.000-04:00,"2026-7-9 11:25,3006.4,3008.15,3001.97,2995.02,0,0,0,1,-,-,neutral"
2026-07-09T11:30:00.000-04:00,"2026-7-9 11:30,3003.7,3006.52,3002.11,2995.36,0,0,0,1,-,-,neutral"
2026-07-09T11:35:00.000-04:00,"2026-7-9 11:35,3003.9,3005.37,3002.24,2995.7,-3,0,0,1,-,-,neutral"
2026-07-09T11:40:00.000-04:00,"2026-7-9 11:40,3008.8,3006.34,3002.75,2996.21,7,1,0,1,-,-,tide_only"
2026-07-09T11:45:00.000-04:00,"2026-7-9 11:45,3007,3006.39,3003.08,2996.63,7,0,0,1,-,-,neutral"
2026-07-09T11:50:00.000-04:00,"2026-7-9 11:50,3005.1,3005.72,3003.23,2996.96,-3,-1,0,1,S,-,FIGHT"
2026-07-09T11:55:00.000-04:00,"2026-7-9 11:55,3004.8,3005.12,3003.35,2997.27,-3,-1,0,1,-,-,FIGHT"
2026-07-09T12:00:00.000-04:00,"2026-7-9 12:00,3008,3005.87,3003.71,2997.69,7,1,0,1,B,-,tide_only"
2026-07-09T12:05:00.000-04:00,"2026-7-9 12:05,3008.7,3006.7,3004.09,2998.12,7,1,0,1,-,-,tide_only"
2026-07-09T12:10:00.000-04:00,"2026-7-9 12:10,3009,3007.42,3004.47,2998.55,7,1,0,1,-,-,tide_only"
2026-07-09T12:15:00.000-04:00,"2026-7-9 12:15,3007.8,3007.49,3004.73,2998.91,7,0,0,1,-,-,neutral"
2026-07-09T12:20:00.000-04:00,"2026-7-9 12:20,3008.3,3007.73,3005,2999.28,7,0,0,1,-,-,neutral"
2026-07-09T12:25:00.000-04:00,"2026-7-9 12:25,3007.5,3007.6,3005.19,2999.6,0,0,0,1,-,-,neutral"
2026-07-09T12:30:00.000-04:00,"2026-7-9 12:30,3007.9,3007.64,3005.4,2999.93,7,0,0,1,-,-,neutral"
2026-07-09T12:35:00.000-04:00,"2026-7-9 12:35,3007.8,3007.64,3005.59,3000.24,0,0,0,1,-,-,neutral"
2026-07-09T12:40:00.000-04:00,"2026-7-9 12:40,3007.8,3007.62,3005.76,3000.53,0,0,0,1,-,-,neutral"
2026-07-09T12:45:00.000-04:00,"2026-7-9 12:45,3007.7,3007.58,3005.91,3000.82,0,0,0,1,-,-,neutral"
2026-07-09T12:50:00.000-04:00,"2026-7-9 12:50,3008,3007.65,3006.07,3001.1,7,0,0,1,-,-,neutral"
2026-07-09T12:55:00.000-04:00,"2026-7-9 12:55,3008.1,3007.74,3006.22,3001.37,7,0,0,1,-,-,neutral"
2026-07-09T13:00:00.000-04:00,"2026-7-9 13:00,3008.3,3007.88,3006.38,3001.64,7,0,0,1,-,-,neutral"
2026-07-09T13:05:00.000-04:00,"2026-7-9 13:05,3010.2,3008.69,3006.68,3001.98,7,1,0,1,-,-,tide_only"
2026-07-09T13:10:00.000-04:00,"2026-7-9 13:10,3010.3,3009.31,3006.96,3002.31,7,1,0,1,-,-,tide_only"
2026-07-09T13:15:00.000-04:00,"2026-7-9 13:15,3011.7,3010.28,3007.32,3002.67,7,1,0,1,-,-,tide_only"
2026-07-09T13:20:00.000-04:00,"2026-7-9 13:20,3011.9,3011.04,3007.67,3003.04,7,1,0,1,-,-,tide_only"
2026-07-09T13:25:00.000-04:00,"2026-7-9 13:25,3013.8,3012.27,3008.14,3003.46,7,1,1,1,-,-,RIDE_both"
2026-07-09T13:30:00.000-04:00,"2026-7-9 13:30,3012.8,3012.77,3008.5,3003.82,7,1,1,1,-,-,RIDE_both"
2026-07-09T13:35:00.000-04:00,"2026-7-9 13:35,3011.4,3012.58,3008.73,3004.12,0,0,1,1,-,-,neutral"
2026-07-09T13:40:00.000-04:00,"2026-7-9 13:40,3013.2,3013.06,3009.07,3004.48,7,1,0,1,-,-,tide_only"
2026-07-09T13:45:00.000-04:00,"2026-7-9 13:45,3013.7,3013.57,3009.43,3004.84,7,1,0,1,-,-,tide_only"
2026-07-09T13:50:00.000-04:00,"2026-7-9 13:50,3012.6,3013.49,3009.67,3005.14,0,0,0,1,-,-,neutral"
2026-07-09T13:55:00.000-04:00,"2026-7-9 13:55,3012.4,3013.32,3009.88,3005.43,0,0,1,1,-,-,neutral"
2026-07-09T14:00:00.000-04:00,"2026-7-9 14:00,3011.6,3012.87,3010.01,3005.67,0,0,1,1,-,-,neutral"
2026-07-09T14:05:00.000-04:00,"2026-7-9 14:05,3013,3013.03,3010.24,3005.96,7,0,1,1,-,-,neutral"
2026-07-09T14:10:00.000-04:00,"2026-7-9 14:10,3013.9,3013.46,3010.52,3006.27,7,1,0,1,-,-,tide_only"
2026-07-09T14:15:00.000-04:00,"2026-7-9 14:15,3012.5,3013.24,3010.68,3006.51,0,0,0,1,-,-,neutral"
2026-07-09T14:20:00.000-04:00,"2026-7-9 14:20,3010.6,3012.35,3010.67,3006.67,-3,-1,0,1,S,-,FIGHT"
2026-07-09T14:25:00.000-04:00,"2026-7-9 14:25,3010.4,3011.61,3010.65,3006.82,-3,-1,0,1,-,-,FIGHT"
2026-07-09T14:30:00.000-04:00,"2026-7-9 14:30,3010.7,3011.17,3010.65,3006.97,-3,-1,0,1,-,-,FIGHT"
2026-07-09T14:35:00.000-04:00,"2026-7-9 14:35,3009.7,3010.49,3010.58,3007.08,-5,-1,0,1,-,-,FIGHT"
2026-07-09T14:40:00.000-04:00,"2026-7-9 14:40,3011.5,3010.66,3010.65,3007.25,0,0,0,1,-,-,neutral"
2026-07-09T14:45:00.000-04:00,"2026-7-9 14:45,3012.6,3011.21,3010.8,3007.46,7,1,0,1,B,-,tide_only"
2026-07-09T14:50:00.000-04:00,"2026-7-9 14:50,3012.6,3011.63,3010.94,3007.66,7,1,0,1,-,-,tide_only"
2026-07-09T14:55:00.000-04:00,"2026-7-9 14:55,3013,3012.08,3011.1,3007.87,7,1,1,1,-,-,RIDE_both"
2026-07-09T15:00:00.000-04:00,"2026-7-9 15:00,3011,3011.68,3011.09,3008,-3,-1,1,1,S,-,FIGHT"
2026-07-09T15:05:00.000-04:00,"2026-7-9 15:05,3010.7,3011.27,3011.06,3008.1,-5,-1,1,1,-,-,FIGHT"
2026-07-09T15:10:00.000-04:00,"2026-7-9 15:10,3011.7,3011.34,3011.11,3008.24,0,0,0,1,-,-,neutral"
2026-07-09T15:15:00.000-04:00,"2026-7-9 15:15,3013,3011.88,3011.25,3008.43,7,1,0,1,B,-,tide_only"
2026-07-09T15:20:00.000-04:00,"2026-7-9 15:20,3012.8,3012.2,3011.37,3008.6,7,1,0,1,-,-,tide_only"
2026-07-09T15:25:00.000-04:00,"2026-7-9 15:25,3011.6,3012,3011.39,3008.72,-3,-1,0,1,S,-,FIGHT"
2026-07-09T15:30:00.000-04:00,"2026-7-9 15:30,3010.3,3011.36,3011.31,3008.78,-5,-1,0,1,-,-,FIGHT"
2026-07-09T15:35:00.000-04:00,"2026-7-9 15:35,3011.1,3011.19,3011.29,3008.87,-5,-1,0,1,-,-,FIGHT"
2026-07-09T15:40:00.000-04:00,"2026-7-9 15:40,3011.2,3011.11,3011.28,3008.96,-5,-1,0,1,-,-,FIGHT"
2026-07-09T15:45:00.000-04:00,"2026-7-9 15:45,3010.3,3010.72,3011.21,3009.01,-5,-1,0,1,-,-,FIGHT"
2026-07-09T15:50:00.000-04:00,"2026-7-9 15:50,3007.1,3009.26,3010.89,3008.94,-5,-1,0,1,-,-,FIGHT"
2026-07-09T15:55:00.000-04:00,"2026-7-9 15:55,3009.1,3008.95,3010.75,3008.95,-5,-1,0,0,-,-,FIGHT"
2026-07-09T16:00:00.000-04:00,"2026-7-9 16:00,3010.8,3009.38,3010.76,3009.02,0,0,0,0,-,-,neutral"
2026-07-09T16:05:00.000-04:00,"2026-7-9 16:05,3010.9,3009.76,3010.77,3009.09,0,0,0,0,-,-,neutral"
2026-07-09T16:10:00.000-04:00,"2026-7-9 16:10,3010.1,3009.76,3010.72,3009.13,0,0,-1,0,-,-,neutral"
2026-07-09T16:15:00.000-04:00,"2026-7-9 16:15,3010.5,3009.92,3010.7,3009.19,0,0,-1,0,-,-,neutral"
2026-07-09T16:20:00.000-04:00,"2026-7-9 16:20,3008.5,3009.31,3010.53,3009.16,-5,-1,-1,0,-,-,wave_only"
2026-07-09T16:25:00.000-04:00,"2026-7-9 16:25,3008.3,3008.8,3010.36,3009.13,-5,-1,-1,0,-,-,wave_only"
2026-07-09T16:30:00.000-04:00,"2026-7-9 16:30,3008.2,3008.41,3010.19,3009.09,-5,-1,-1,0,-,-,wave_only"
2026-07-09T16:35:00.000-04:00,"2026-7-9 16:35,3007.6,3007.92,3009.99,3009.03,-5,-1,-1,0,-,-,wave_only"
2026-07-09T16:40:00.000-04:00,"2026-7-9 16:40,3006.9,3007.33,3009.76,3008.95,-5,-1,-1,0,-,-,wave_only"
2026-07-09T16:45:00.000-04:00,"2026-7-9 16:45,3006.3,3006.7,3009.49,3008.84,-5,-1,-1,0,-,-,wave_only"
2026-07-09T16:50:00.000-04:00,"2026-7-9 16:50,3005.5,3005.98,3009.18,3008.71,-5,-1,-1,0,-,-,wave_only"
2026-07-09T16:55:00.000-04:00,"2026-7-9 16:55,3004.9,3005.26,3008.85,3008.56,-5,-1,-1,0,-,-,wave_only"
2026-07-09T18:00:00.000-04:00,"2026-7-9 18:00,3007,3005.55,3008.71,3008.5,0,0,-1,0,-,-,neutral"
2026-07-09T18:05:00.000-04:00,"2026-7-9 18:05,3005.6,3005.29,3008.47,3008.39,-5,0,-1,0,-,-,neutral"
2026-07-09T18:10:00.000-04:00,"2026-7-9 18:10,3005.5,3005.1,3008.24,3008.27,-5,0,-1,0,-,-,neutral"
2026-07-09T18:15:00.000-04:00,"2026-7-9 18:15,3005.4,3004.95,3008.02,3008.16,-5,0,-1,0,-,-,neutral"
2026-07-09T18:20:00.000-04:00,"2026-7-9 18:20,3005.7,3004.99,3007.85,3008.06,0,0,-1,0,-,-,neutral"
2026-07-09T18:25:00.000-04:00,"2026-7-9 18:25,3005.3,3004.91,3007.65,3007.96,0,0,-1,0,-,-,neutral"
2026-07-09T18:30:00.000-04:00,"2026-7-9 18:30,3005.6,3004.98,3007.49,3007.86,0,0,-1,0,-,-,neutral"
2026-07-09T18:35:00.000-04:00,"2026-7-9 18:35,3005.4,3004.99,3007.33,3007.77,0,0,-1,0,-,-,neutral"
2026-07-09T18:40:00.000-04:00,"2026-7-9 18:40,3005.5,3005.05,3007.19,3007.68,0,0,-1,0,-,-,neutral"
2026-07-09T18:45:00.000-04:00,"2026-7-9 18:45,3005.6,3005.16,3007.07,3007.6,0,0,-1,0,-,-,neutral"
2026-07-09T18:50:00.000-04:00,"2026-7-9 18:50,3005.6,3005.25,3006.96,3007.52,0,0,-1,0,-,-,neutral"
2026-07-09T18:55:00.000-04:00,"2026-7-9 18:55,3005.8,3005.41,3006.87,3007.45,0,0,-1,0,-,-,neutral"
2026-07-09T19:00:00.000-04:00,"2026-7-9 19:00,3006.3,3005.72,3006.82,3007.41,0,0,-1,0,-,-,neutral"
2026-07-09T19:05:00.000-04:00,"2026-7-9 19:05,3006,3005.84,3006.76,3007.35,0,0,-1,0,-,-,neutral"
2026-07-09T19:10:00.000-04:00,"2026-7-9 19:10,3006.4,3006.09,3006.73,3007.31,0,0,0,0,-,-,neutral"
2026-07-09T19:15:00.000-04:00,"2026-7-9 19:15,3006,3006.12,3006.68,3007.26,0,0,0,0,-,-,neutral"
2026-07-09T19:20:00.000-04:00,"2026-7-9 19:20,3006.4,3006.29,3006.65,3007.23,3,0,0,0,-,-,neutral"
2026-07-09T19:25:00.000-04:00,"2026-7-9 19:25,3006.6,3006.48,3006.65,3007.2,3,1,0,0,B,-,FIGHT"
2026-07-09T19:30:00.000-04:00,"2026-7-9 19:30,3005.9,3006.36,3006.59,3007.15,-7,-1,0,0,S,-,FIGHT"
2026-07-09T19:35:00.000-04:00,"2026-7-9 19:35,3006.4,3006.45,3006.58,3007.12,5,1,0,0,B,-,FIGHT"
2026-07-09T19:40:00.000-04:00,"2026-7-9 19:40,3006,3006.36,3006.53,3007.08,-7,-1,0,0,S,-,FIGHT"
2026-07-09T19:45:00.000-04:00,"2026-7-9 19:45,3004.5,3005.74,3006.38,3006.98,-7,-1,0,0,-,-,FIGHT"
2026-07-09T19:50:00.000-04:00,"2026-7-9 19:50,3005.5,3005.65,3006.31,3006.92,-7,-1,0,0,-,-,FIGHT"
2026-07-09T19:55:00.000-04:00,"2026-7-9 19:55,3004.8,3005.33,3006.19,3006.84,-7,-1,-1,0,-,-,wave_only"
2026-07-09T20:00:00.000-04:00,"2026-7-9 20:00,3003.3,3004.54,3005.97,3006.7,-7,-1,-1,0,-,-,wave_only"
2026-07-09T20:05:00.000-04:00,"2026-7-9 20:05,3002.7,3003.76,3005.72,3006.54,-7,-1,-1,0,-,-,wave_only"
2026-07-09T20:10:00.000-04:00,"2026-7-9 20:10,3002.7,3003.19,3005.49,3006.39,-7,-1,-1,0,-,-,wave_only"
2026-07-09T20:15:00.000-04:00,"2026-7-9 20:15,3002.1,3002.58,3005.23,3006.22,-7,-1,-1,0,-,-,wave_only"
2026-07-09T20:20:00.000-04:00,"2026-7-9 20:20,3000.2,3001.46,3004.84,3005.99,-7,-1,-1,0,-,-,wave_only"
2026-07-09T20:25:00.000-04:00,"2026-7-9 20:25,3000,3000.6,3004.47,3005.75,-7,-1,-1,0,-,-,wave_only"
2026-07-09T20:30:00.000-04:00,"2026-7-9 20:30,2998.2,2999.34,3003.99,3005.46,-7,-1,-1,0,-,-,wave_only"
2026-07-09T20:35:00.000-04:00,"2026-7-9 20:35,2997.8,2998.32,3003.51,3005.16,-7,-1,-1,0,-,-,wave_only"
2026-07-09T20:40:00.000-04:00,"2026-7-9 20:40,2998.5,2997.89,3003.12,3004.89,-7,0,-1,0,-,-,neutral"
2026-07-09T20:45:00.000-04:00,"2026-7-9 20:45,2998.5,2997.63,3002.77,3004.64,0,0,-1,0,-,-,neutral"
2026-07-09T20:50:00.000-04:00,"2026-7-9 20:50,2997.9,2997.28,3002.39,3004.38,-7,0,-1,0,-,-,neutral"
2026-07-09T20:55:00.000-04:00,"2026-7-9 20:55,3000.1,2997.9,3002.22,3004.21,0,0,-1,0,-,-,neutral"
2026-07-09T21:00:00.000-04:00,"2026-7-9 21:00,2998.8,2997.92,3001.95,3004,0,0,-1,0,-,-,neutral"
2026-07-09T21:05:00.000-04:00,"2026-7-9 21:05,2999,2998.05,3001.73,3003.8,0,0,-1,0,-,-,neutral"
2026-07-09T21:10:00.000-04:00,"2026-7-9 21:10,2998.7,2998.08,3001.49,3003.6,0,0,-1,0,-,-,neutral"
2026-07-09T21:15:00.000-04:00,"2026-7-9 21:15,2999,2998.24,3001.3,3003.42,0,0,-1,0,-,-,neutral"
2026-07-09T21:20:00.000-04:00,"2026-7-9 21:20,2999.7,2998.64,3001.18,3003.28,0,0,-1,0,-,-,neutral"
2026-07-09T21:25:00.000-04:00,"2026-7-9 21:25,3000.6,2999.3,3001.13,3003.17,0,0,0,0,-,-,neutral"
2026-07-09T21:30:00.000-04:00,"2026-7-9 21:30,3000.6,2999.79,3001.09,3003.07,0,0,0,0,-,-,neutral"
2026-07-09T21:35:00.000-04:00,"2026-7-9 21:35,3000.7,3000.19,3001.06,3002.98,3,1,0,0,B,-,FIGHT"
2026-07-09T21:40:00.000-04:00,"2026-7-9 21:40,3000.7,3000.49,3001.04,3002.89,3,1,0,0,-,-,FIGHT"
2026-07-09T21:45:00.000-04:00,"2026-7-9 21:45,3002.7,3001.44,3001.16,3002.88,5,1,0,0,-,-,FIGHT"
2026-07-09T21:50:00.000-04:00,"2026-7-9 21:50,3001.7,3001.76,3001.2,3002.83,5,1,0,0,-,-,FIGHT"
2026-07-09T21:55:00.000-04:00,"2026-7-9 21:55,3001,3001.72,3001.19,3002.76,0,0,0,0,-,-,neutral"
2026-07-09T22:00:00.000-04:00,"2026-7-9 22:00,3001.2,3001.74,3001.19,3002.7,0,0,0,0,-,-,neutral"
2026-07-09T22:05:00.000-04:00,"2026-7-9 22:05,3001.5,3001.85,3001.21,3002.65,5,1,0,0,-,-,FIGHT"
2026-07-09T22:10:00.000-04:00,"2026-7-9 22:10,3001.1,3001.76,3001.2,3002.59,0,0,0,0,-,-,neutral"
2026-07-09T22:15:00.000-04:00,"2026-7-9 22:15,3001,3001.64,3001.19,3002.53,0,0,0,0,-,-,neutral"
2026-07-09T22:20:00.000-04:00,"2026-7-9 22:20,2999.9,3001.14,3001.09,3002.43,0,0,0,0,-,-,neutral"
2026-07-09T22:25:00.000-04:00,"2026-7-9 22:25,2999.6,3000.64,3000.98,3002.32,-7,-1,0,0,S,-,FIGHT"
2026-07-09T22:30:00.000-04:00,"2026-7-9 22:30,3000.3,3000.54,3000.92,3002.24,-7,-1,0,0,-,-,FIGHT"
2026-07-09T22:35:00.000-04:00,"2026-7-9 22:35,3001.3,3000.83,3000.95,3002.2,5,1,0,0,B,-,FIGHT"
2026-07-09T22:40:00.000-04:00,"2026-7-9 22:40,3001,3000.93,3000.96,3002.15,5,0,0,0,-,-,neutral"
2026-07-09T22:45:00.000-04:00,"2026-7-9 22:45,3001.5,3001.19,3001,3002.13,5,1,0,0,-,-,FIGHT"
2026-07-09T22:50:00.000-04:00,"2026-7-9 22:50,3002,3001.56,3001.07,3002.12,5,1,0,0,-,-,FIGHT"
2026-07-09T22:55:00.000-04:00,"2026-7-9 22:55,3002.3,3001.93,3001.17,3002.13,5,1,0,0,-,-,FIGHT"
2026-07-09T23:00:00.000-04:00,"2026-7-9 23:00,3002.4,3002.23,3001.26,3002.14,5,1,0,0,-,-,FIGHT"
2026-07-09T23:05:00.000-04:00,"2026-7-9 23:05,3003.5,3002.84,3001.44,3002.19,5,1,0,0,-,-,FIGHT"
2026-07-09T23:10:00.000-04:00,"2026-7-9 23:10,3003,3003.09,3001.56,3002.23,5,1,0,0,-,-,FIGHT"
2026-07-09T23:15:00.000-04:00,"2026-7-9 23:15,3002.6,3003.1,3001.64,3002.24,0,0,0,0,-,-,neutral"
2026-07-09T23:20:00.000-04:00,"2026-7-9 23:20,3001.5,3002.68,3001.63,3002.21,0,0,0,0,-,-,neutral"
2026-07-09T23:25:00.000-04:00,"2026-7-9 23:25,3001.5,3002.35,3001.62,3002.18,0,0,0,0,-,-,neutral"
2026-07-09T23:30:00.000-04:00,"2026-7-9 23:30,3001.5,3002.1,3001.61,3002.16,0,0,0,0,-,-,neutral"
2026-07-09T23:35:00.000-04:00,"2026-7-9 23:35,3001.3,3001.83,3001.58,3002.12,0,0,0,0,-,-,neutral"
2026-07-09T23:40:00.000-04:00,"2026-7-9 23:40,3001.3,3001.64,3001.56,3002.09,0,0,0,0,-,-,neutral"
2026-07-09T23:45:00.000-04:00,"2026-7-9 23:45,3002.5,3001.93,3001.63,3002.11,5,1,0,0,-,-,FIGHT"
2026-07-09T23:50:00.000-04:00,"2026-7-9 23:50,3001.9,3001.93,3001.65,3002.1,0,0,0,0,-,-,neutral"
2026-07-09T23:55:00.000-04:00,"2026-7-9 23:55,3002.4,3002.11,3001.71,3002.11,5,1,0,0,-,-,FIGHT"
2026-07-10T00:00:00.000-04:00,"2026-7-10 0:00,3002.8,3002.39,3001.8,3002.14,5,1,0,0,-,-,FIGHT"
2026-07-10T00:05:00.000-04:00,"2026-7-10 0:05,3002.4,3002.44,3001.84,3002.15,0,0,0,0,-,-,neutral"
2026-07-10T00:10:00.000-04:00,"2026-7-10 0:10,3002.7,3002.58,3001.91,3002.17,5,1,0,0,-,-,FIGHT"
2026-07-10T00:15:00.000-04:00,"2026-7-10 0:15,3002.3,3002.53,3001.94,3002.17,0,0,0,0,-,-,neutral"
2026-07-10T00:20:00.000-04:00,"2026-7-10 0:20,3000.8,3001.93,3001.85,3002.12,0,0,0,0,-,-,neutral"
2026-07-10T00:25:00.000-04:00,"2026-7-10 0:25,3001.1,3001.59,3001.79,3002.08,-7,-1,-1,0,S,-,wave_only"
2026-07-10T00:30:00.000-04:00,"2026-7-10 0:30,3000.6,3001.17,3001.7,3002.02,-7,-1,-1,0,-,-,wave_only"
2026-07-10T00:35:00.000-04:00,"2026-7-10 0:35,3001.1,3001.05,3001.65,3001.99,-7,-1,-1,0,-,-,wave_only"
2026-07-10T00:40:00.000-04:00,"2026-7-10 0:40,3001.2,3001.01,3001.62,3001.96,-3,-1,-1,0,-,-,wave_only"
2026-07-10T00:45:00.000-04:00,"2026-7-10 0:45,3001.2,3000.99,3001.59,3001.93,0,0,-1,0,-,-,neutral"
2026-07-10T00:50:00.000-04:00,"2026-7-10 0:50,3001.2,3000.98,3001.56,3001.9,0,0,-1,0,-,-,neutral"
2026-07-10T00:55:00.000-04:00,"2026-7-10 0:55,3000.4,3000.69,3001.47,3001.84,-7,-1,-1,0,-,-,wave_only"
2026-07-10T01:00:00.000-04:00,"2026-7-10 1:00,3000,3000.34,3001.36,3001.77,-7,-1,-1,0,-,-,wave_only"
2026-07-10T01:05:00.000-04:00,"2026-7-10 1:05,2999.9,3000.05,3001.24,3001.69,-7,-1,-1,0,-,-,wave_only"
2026-07-10T01:10:00.000-04:00,"2026-7-10 1:10,3000.9,3000.23,3001.22,3001.66,0,0,-1,0,-,-,neutral"
2026-07-10T01:15:00.000-04:00,"2026-7-10 1:15,3000.7,3000.3,3001.18,3001.62,0,0,-1,0,-,-,neutral"
2026-07-10T01:20:00.000-04:00,"2026-7-10 1:20,3000.6,3000.33,3001.13,3001.58,0,0,-1,0,-,-,neutral"
2026-07-10T01:25:00.000-04:00,"2026-7-10 1:25,3000.9,3000.47,3001.12,3001.56,0,0,-1,0,-,-,neutral"
2026-07-10T01:30:00.000-04:00,"2026-7-10 1:30,3001.6,3000.84,3001.15,3001.56,3,1,-1,0,B,-,FIGHT"
2026-07-10T01:35:00.000-04:00,"2026-7-10 1:35,3000.9,3000.85,3001.13,3001.53,0,0,-1,0,-,-,neutral"
2026-07-10T01:40:00.000-04:00,"2026-7-10 1:40,3001.2,3000.98,3001.14,3001.52,3,1,0,0,-,-,FIGHT"
2026-07-10T01:45:00.000-04:00,"2026-7-10 1:45,3001.4,3001.15,3001.16,3001.52,5,1,0,0,-,-,FIGHT"
2026-07-10T01:50:00.000-04:00,"2026-7-10 1:50,3001.7,3001.38,3001.2,3001.52,5,1,0,0,-,-,FIGHT"
2026-07-10T01:55:00.000-04:00,"2026-7-10 1:55,3001.4,3001.44,3001.22,3001.52,0,0,0,0,-,-,neutral"
2026-07-10T02:00:00.000-04:00,"2026-7-10 2:00,3003.4,3002.22,3001.38,3001.59,5,1,0,0,-,-,FIGHT"
2026-07-10T02:05:00.000-04:00,"2026-7-10 2:05,3003.8,3002.93,3001.57,3001.68,5,1,0,0,-,-,FIGHT"
2026-07-10T02:10:00.000-04:00,"2026-7-10 2:10,3003,3003.14,3001.68,3001.73,5,1,0,0,-,-,FIGHT"
2026-07-10T02:15:00.000-04:00,"2026-7-10 2:15,3003.5,3003.45,3001.82,3001.8,5,1,0,0,-,-,FIGHT"
2026-07-10T02:20:00.000-04:00,"2026-7-10 2:20,3001.7,3003,3001.81,3001.8,0,0,0,0,-,-,neutral"
2026-07-10T02:25:00.000-04:00,"2026-7-10 2:25,3002.2,3002.83,3001.84,3001.81,0,0,1,0,-,-,neutral"
2026-07-10T02:30:00.000-04:00,"2026-7-10 2:30,3003.2,3003.07,3001.94,3001.87,7,1,1,0,-,-,wave_only"
2026-07-10T02:35:00.000-04:00,"2026-7-10 2:35,3002,3002.78,3001.95,3001.87,0,0,1,0,-,-,neutral"
2026-07-10T02:40:00.000-04:00,"2026-7-10 2:40,3002.6,3002.78,3002,3001.9,0,0,1,0,-,-,neutral"
2026-07-10T02:45:00.000-04:00,"2026-7-10 2:45,3002.9,3002.88,3002.07,3001.94,3,1,1,0,-,-,wave_only"
2026-07-10T02:50:00.000-04:00,"2026-7-10 2:50,3002.7,3002.88,3002.12,3001.97,0,0,1,0,-,-,neutral"
2026-07-10T02:55:00.000-04:00,"2026-7-10 2:55,3003.5,3003.16,3002.22,3002.03,7,1,1,1,-,-,RIDE_both"
2026-07-10T03:00:00.000-04:00,"2026-7-10 3:00,3004.2,3003.62,3002.38,3002.11,7,1,1,1,-,-,RIDE_both"
2026-07-10T03:05:00.000-04:00,"2026-7-10 3:05,3004.5,3004.05,3002.54,3002.21,7,1,1,1,-,-,RIDE_both"
2026-07-10T03:10:00.000-04:00,"2026-7-10 3:10,3005.6,3004.76,3002.77,3002.34,7,1,1,1,-,-,RIDE_both"
2026-07-10T03:15:00.000-04:00,"2026-7-10 3:15,3005.5,3005.23,3002.98,3002.46,7,1,1,1,-,-,RIDE_both"
2026-07-10T03:20:00.000-04:00,"2026-7-10 3:20,3005.2,3005.43,3003.15,3002.57,0,0,1,1,-,-,neutral"
2026-07-10T03:25:00.000-04:00,"2026-7-10 3:25,3005.1,3005.52,3003.3,3002.67,0,0,1,1,-,-,neutral"
2026-07-10T03:30:00.000-04:00,"2026-7-10 3:30,3005.1,3005.55,3003.44,3002.77,0,0,1,1,-,-,neutral"
2026-07-10T03:35:00.000-04:00,"2026-7-10 3:35,3005.6,3005.74,3003.61,3002.88,0,0,1,1,-,-,neutral"
2026-07-10T03:40:00.000-04:00,"2026-7-10 3:40,3004.3,3005.38,3003.66,3002.93,0,0,0,1,-,-,neutral"
2026-07-10T03:45:00.000-04:00,"2026-7-10 3:45,3002.3,3004.35,3003.56,3002.91,0,0,0,1,-,-,neutral"
2026-07-10T03:50:00.000-04:00,"2026-7-10 3:50,3001.5,3003.28,3003.4,3002.85,-5,-1,0,1,S,-,FIGHT"
2026-07-10T03:55:00.000-04:00,"2026-7-10 3:55,3002.7,3002.95,3003.34,3002.85,-5,-1,0,0,-,-,FIGHT"
2026-07-10T04:00:00.000-04:00,"2026-7-10 4:00,3003.4,3002.97,3003.35,3002.87,0,0,0,0,-,-,neutral"
2026-07-10T04:05:00.000-04:00,"2026-7-10 4:05,3005.6,3003.82,3003.52,3002.98,7,1,0,0,B,-,FIGHT"
2026-07-10T04:10:00.000-04:00,"2026-7-10 4:10,3006.2,3004.67,3003.73,3003.1,7,1,1,0,-,-,wave_only"
2026-07-10T04:15:00.000-04:00,"2026-7-10 4:15,3004.6,3004.69,3003.8,3003.16,7,1,1,0,-,-,wave_only"
2026-07-10T04:20:00.000-04:00,"2026-7-10 4:20,3003.9,3004.45,3003.8,3003.19,0,0,1,0,-,-,neutral"
2026-07-10T04:25:00.000-04:00,"2026-7-10 4:25,3003.3,3004.04,3003.76,3003.19,-3,0,0,0,-,-,neutral"
2026-07-10T04:30:00.000-04:00,"2026-7-10 4:30,3001.9,3003.22,3003.62,3003.14,-5,-1,0,0,S,-,FIGHT"
2026-07-10T04:35:00.000-04:00,"2026-7-10 4:35,3000.6,3002.14,3003.39,3003.04,-5,-1,0,0,-,-,FIGHT"
2026-07-10T04:40:00.000-04:00,"2026-7-10 4:40,3001.2,3001.58,3003.22,3002.97,-5,-1,0,0,-,-,FIGHT"
2026-07-10T04:45:00.000-04:00,"2026-7-10 4:45,2999.6,3000.61,3002.94,3002.84,-7,-1,0,0,-,-,FIGHT"
2026-07-10T04:50:00.000-04:00,"2026-7-10 4:50,2999.8,2999.99,3002.7,3002.72,-5,-1,0,0,-,-,FIGHT"
2026-07-10T04:55:00.000-04:00,"2026-7-10 4:55,3000.9,2999.99,3002.56,3002.65,0,0,-1,0,-,-,neutral"
2026-07-10T05:00:00.000-04:00,"2026-7-10 5:00,3001.7,3000.32,3002.5,3002.61,0,0,-1,0,-,-,neutral"
2026-07-10T05:05:00.000-04:00,"2026-7-10 5:05,3001.4,3000.48,3002.41,3002.56,0,0,-1,0,-,-,neutral"
2026-07-10T05:10:00.000-04:00,"2026-7-10 5:10,3002.6,3001.07,3002.43,3002.57,0,0,-1,0,-,-,neutral"
2026-07-10T05:15:00.000-04:00,"2026-7-10 5:15,3003.3,3001.78,3002.49,3002.59,0,0,-1,0,-,-,neutral"
2026-07-10T05:20:00.000-04:00,"2026-7-10 5:20,3002.1,3001.87,3002.46,3002.57,0,0,-1,0,-,-,neutral"
2026-07-10T05:25:00.000-04:00,"2026-7-10 5:25,3002.7,3002.17,3002.48,3002.58,0,0,0,0,-,-,neutral"
2026-07-10T05:30:00.000-04:00,"2026-7-10 5:30,3003.5,3002.68,3002.56,3002.62,7,1,0,0,B,-,FIGHT"
2026-07-10T05:35:00.000-04:00,"2026-7-10 5:35,3002.8,3002.8,3002.58,3002.62,3,1,0,0,-,-,FIGHT"
2026-07-10T05:40:00.000-04:00,"2026-7-10 5:40,3002.2,3002.65,3002.55,3002.61,0,0,-1,0,-,-,neutral"
2026-07-10T05:45:00.000-04:00,"2026-7-10 5:45,3002.9,3002.8,3002.58,3002.62,3,1,-1,0,-,-,FIGHT"
2026-07-10T05:50:00.000-04:00,"2026-7-10 5:50,3003.5,3003.13,3002.65,3002.65,7,1,-1,0,-,-,FIGHT"
2026-07-10T05:55:00.000-04:00,"2026-7-10 5:55,3003.1,3003.21,3002.68,3002.67,7,0,0,1,-,-,neutral"
2026-07-10T06:00:00.000-04:00,"2026-7-10 6:00,3004.7,3003.86,3002.84,3002.75,7,1,0,1,-,-,tide_only"
2026-07-10T06:05:00.000-04:00,"2026-7-10 6:05,3005.7,3004.69,3003.06,3002.87,7,1,0,1,-,-,tide_only"
2026-07-10T06:10:00.000-04:00,"2026-7-10 6:10,3005.3,3005.13,3003.23,3002.96,7,1,1,1,-,-,RIDE_both"
2026-07-10T06:15:00.000-04:00,"2026-7-10 6:15,3005.3,3005.43,3003.39,3003.05,5,1,1,1,-,-,RIDE_both"
2026-07-10T06:20:00.000-04:00,"2026-7-10 6:20,3005.5,3005.7,3003.55,3003.15,5,1,1,1,-,-,RIDE_both"
2026-07-10T06:25:00.000-04:00,"2026-7-10 6:25,3004.9,3005.65,3003.66,3003.22,0,0,1,1,-,-,neutral"
2026-07-10T06:30:00.000-04:00,"2026-7-10 6:30,3006.3,3006.1,3003.86,3003.34,7,1,1,1,-,-,RIDE_both"
2026-07-10T06:35:00.000-04:00,"2026-7-10 6:35,3005.6,3006.14,3003.99,3003.43,0,0,1,1,-,-,neutral"
2026-07-10T06:40:00.000-04:00,"2026-7-10 6:40,3007.1,3006.7,3004.23,3003.57,7,1,1,1,-,-,RIDE_both"
2026-07-10T06:45:00.000-04:00,"2026-7-10 6:45,3005.9,3006.64,3004.36,3003.66,0,0,1,1,-,-,neutral"
2026-07-10T06:50:00.000-04:00,"2026-7-10 6:50,3005.4,3006.39,3004.44,3003.73,0,0,1,1,-,-,neutral"
2026-07-10T06:55:00.000-04:00,"2026-7-10 6:55,3006.7,3006.65,3004.61,3003.85,7,1,1,1,-,-,RIDE_both"
2026-07-10T07:00:00.000-04:00,"2026-7-10 7:00,3006.9,3006.9,3004.79,3003.97,3,1,1,1,-,-,RIDE_both"
2026-07-10T07:05:00.000-04:00,"2026-7-10 7:05,3007.2,3007.18,3004.98,3004.09,7,1,1,1,-,-,RIDE_both"
2026-07-10T07:10:00.000-04:00,"2026-7-10 7:10,3007.2,3007.35,3005.15,3004.22,0,0,1,1,-,-,neutral"
2026-07-10T07:15:00.000-04:00,"2026-7-10 7:15,3008.3,3007.87,3005.39,3004.38,7,1,1,1,-,-,RIDE_both"
2026-07-10T07:20:00.000-04:00,"2026-7-10 7:20,3009.4,3008.62,3005.7,3004.57,7,1,1,1,-,-,RIDE_both"
2026-07-10T07:25:00.000-04:00,"2026-7-10 7:25,3006.7,3008.15,3005.77,3004.66,0,0,1,1,-,-,neutral"
2026-07-10T07:30:00.000-04:00,"2026-7-10 7:30,3005.4,3007.3,3005.75,3004.69,0,0,1,1,-,-,neutral"
2026-07-10T07:35:00.000-04:00,"2026-7-10 7:35,3005.2,3006.58,3005.7,3004.71,0,0,1,1,-,-,neutral"
2026-07-10T07:40:00.000-04:00,"2026-7-10 7:40,3007.3,3006.82,3005.83,3004.81,7,1,1,1,-,-,RIDE_both"
2026-07-10T07:45:00.000-04:00,"2026-7-10 7:45,3008,3007.25,3005.99,3004.93,7,1,1,1,-,-,RIDE_both"
2026-07-10T07:50:00.000-04:00,"2026-7-10 7:50,3007.1,3007.23,3006.08,3005.02,0,0,1,1,-,-,neutral"
2026-07-10T07:55:00.000-04:00,"2026-7-10 7:55,3006.8,3007.09,3006.13,3005.09,0,0,0,1,-,-,neutral"
2026-07-10T08:00:00.000-04:00,"2026-7-10 8:00,3005.8,3006.61,3006.11,3005.12,-3,-1,0,1,S,-,FIGHT"
2026-07-10T08:05:00.000-04:00,"2026-7-10 8:05,3006.5,3006.52,3006.14,3005.17,-3,0,0,1,-,-,neutral"
2026-07-10T08:10:00.000-04:00,"2026-7-10 8:10,3013.6,3009.08,3006.71,3005.5,7,1,1,1,B,BUY,RIDE_both"
2026-07-10T08:15:00.000-04:00,"2026-7-10 8:15,3012,3010.36,3007.12,3005.75,7,1,1,1,-,-,RIDE_both"
2026-07-10T08:20:00.000-04:00,"2026-7-10 8:20,3012.5,3011.45,3007.53,3006.02,7,1,1,1,-,-,RIDE_both"
2026-07-10T08:25:00.000-04:00,"2026-7-10 8:25,3011.4,3011.81,3007.83,3006.23,0,0,1,1,-,-,neutral"
2026-07-10T08:30:00.000-04:00,"2026-7-10 8:30,3011.3,3011.98,3008.1,3006.43,0,0,1,1,-,-,neutral"
2026-07-10T08:35:00.000-04:00,"2026-7-10 8:35,3012.7,3012.58,3008.45,3006.68,7,0,1,1,-,-,neutral"
2026-07-10T08:40:00.000-04:00,"2026-7-10 8:40,3012.1,3012.76,3008.73,3006.89,0,0,1,1,-,-,neutral"
2026-07-10T08:45:00.000-04:00,"2026-7-10 8:45,3012.4,3012.95,3009.01,3007.1,0,0,1,1,-,-,neutral"
2026-07-10T08:50:00.000-04:00,"2026-7-10 8:50,3012.1,3012.94,3009.25,3007.3,0,0,1,1,-,-,neutral"
2026-07-10T08:55:00.000-04:00,"2026-7-10 8:55,3012.8,3013.15,3009.52,3007.52,0,0,0,1,-,-,neutral"
2026-07-10T09:00:00.000-04:00,"2026-7-10 9:00,3014,3013.71,3009.87,3007.77,7,0,0,1,-,-,neutral"
2026-07-10T09:05:00.000-04:00,"2026-7-10 9:05,3013.2,3013.79,3010.13,3007.98,0,0,0,1,-,-,neutral"
2026-07-10T09:10:00.000-04:00,"2026-7-10 9:10,3013.8,3014.03,3010.41,3008.21,0,0,1,1,-,-,neutral"
2026-07-10T09:15:00.000-04:00,"2026-7-10 9:15,3012.1,3013.55,3010.54,3008.36,0,0,1,1,-,-,neutral"
2026-07-10T09:20:00.000-04:00,"2026-7-10 9:20,3012.3,3013.23,3010.67,3008.52,0,0,1,1,-,-,neutral"
2026-07-10T09:25:00.000-04:00,"2026-7-10 9:25,3012.6,3013.09,3010.82,3008.68,0,0,0,1,-,-,neutral"
2026-07-10T09:30:00.000-04:00,"2026-7-10 9:30,2999.8,3008.23,3009.97,3008.33,-5,-1,0,1,S,-,FIGHT"
2026-07-10T09:35:00.000-04:00,"2026-7-10 9:35,2995.7,3003.15,3008.88,3007.83,-5,-1,0,1,-,-,FIGHT"
2026-07-10T09:40:00.000-04:00,"2026-7-10 9:40,2996,2999.6,3007.89,3007.37,-5,-1,0,1,-,-,FIGHT"
2026-07-10T09:45:00.000-04:00,"2026-7-10 9:45,3002.1,2999.36,3007.44,3007.16,0,0,0,1,-,-,neutral"
2026-07-10T09:50:00.000-04:00,"2026-7-10 9:50,3000.6,2998.75,3006.91,3006.91,0,0,0,1,-,-,neutral"
2026-07-10T09:55:00.000-04:00,"2026-7-10 9:55,2997.7,2997.35,3006.21,3006.55,-3,-1,-1,0,-,-,wave_only"
2026-07-10T10:00:00.000-04:00,"2026-7-10 10:00,2995.4,2995.58,3005.37,3006.11,-5,-1,-1,0,-,-,wave_only"
2026-07-10T10:05:00.000-04:00,"2026-7-10 10:05,2994.4,2994.04,3004.53,3005.65,0,0,-1,0,-,-,neutral"
2026-07-10T10:10:00.000-04:00,"2026-7-10 10:10,2989.4,2991.2,3003.37,3005.01,-5,-1,-1,0,-,-,wave_only"
2026-07-10T10:15:00.000-04:00,"2026-7-10 10:15,2987.8,2988.66,3002.17,3004.34,-5,-1,-1,0,-,-,wave_only"
2026-07-10T10:20:00.000-04:00,"2026-7-10 10:20,2987.7,2986.92,3001.06,3003.68,-3,-1,-1,0,-,-,wave_only"
2026-07-10T10:25:00.000-04:00,"2026-7-10 10:25,2992.3,2987.52,3000.38,3003.24,0,0,-1,0,-,-,neutral"
2026-07-10T10:30:00.000-04:00,"2026-7-10 10:30,2984.7,2985.31,2999.18,3002.51,-7,-1,-1,0,-,-,wave_only"
2026-07-10T10:35:00.000-04:00,"2026-7-10 10:35,2989.9,2985.76,2998.46,3002.02,0,0,-1,0,-,-,neutral"
2026-07-10T10:40:00.000-04:00,"2026-7-10 10:40,2991.7,2986.92,2997.94,3001.61,0,0,-1,0,-,-,neutral"
2026-07-10T10:45:00.000-04:00,"2026-7-10 10:45,2992.5,2988.19,2997.52,3001.25,0,0,-1,0,-,-,neutral"
2026-07-10T10:50:00.000-04:00,"2026-7-10 10:50,2986.4,2986.97,2996.67,3000.67,-7,-1,-1,0,-,-,wave_only"
2026-07-10T10:55:00.000-04:00,"2026-7-10 10:55,2983.4,2985.06,2995.65,2999.99,-7,-1,-1,-1,-,-,RIDE_both"
2026-07-10T11:00:00.000-04:00,"2026-7-10 11:00,2981.4,2983.01,2994.55,2999.27,-7,-1,-1,-1,-,-,RIDE_both"
2026-07-10T11:05:00.000-04:00,"2026-7-10 11:05,2984.3,2982.69,2993.76,2998.68,-7,-1,-1,-1,-,-,RIDE_both"
2026-07-10T11:10:00.000-04:00,"2026-7-10 11:10,2985.6,2983.06,2993.13,2998.17,0,0,-1,-1,-,-,neutral"
2026-07-10T11:15:00.000-04:00,"2026-7-10 11:15,2987.8,2984.24,2992.72,2997.76,0,0,-1,-1,-,-,neutral"
2026-07-10T11:20:00.000-04:00,"2026-7-10 11:20,2988.9,2985.59,2992.43,2997.41,0,0,-1,-1,-,-,neutral"
2026-07-10T11:25:00.000-04:00,"2026-7-10 11:25,2990.6,2987.28,2992.29,2997.14,0,0,0,-1,-,-,neutral"
2026-07-10T11:30:00.000-04:00,"2026-7-10 11:30,2987.8,2987.52,2991.94,2996.78,0,0,0,-1,-,-,neutral"
2026-07-10T11:35:00.000-04:00,"2026-7-10 11:35,2983.6,2986.16,2991.3,2996.26,-7,-1,0,-1,-,-,tide_only"
2026-07-10T11:40:00.000-04:00,"2026-7-10 11:40,2985.5,2985.88,2990.86,2995.84,-7,-1,-1,-1,-,-,RIDE_both"
2026-07-10T11:45:00.000-04:00,"2026-7-10 11:45,2984.7,2985.42,2990.38,2995.4,-7,-1,-1,-1,-,-,RIDE_both"
2026-07-10T11:50:00.000-04:00,"2026-7-10 11:50,2987.6,2986.17,2990.17,2995.1,0,0,-1,-1,-,-,neutral"
2026-07-10T11:55:00.000-04:00,"2026-7-10 11:55,2987.6,2986.75,2989.97,2994.8,3,1,0,-1,B,-,FIGHT"
2026-07-10T12:00:00.000-04:00,"2026-7-10 12:00,2986.9,2986.93,2989.73,2994.49,0,0,0,-1,-,-,neutral"
2026-07-10T12:05:00.000-04:00,"2026-7-10 12:05,2985.7,2986.62,2989.42,2994.15,-7,-1,0,-1,S,-,tide_only"
2026-07-10T12:10:00.000-04:00,"2026-7-10 12:10,2988,2987.25,2989.31,2993.91,3,1,0,-1,B,-,FIGHT"
2026-07-10T12:15:00.000-04:00,"2026-7-10 12:15,2988.2,2987.78,2989.23,2993.68,3,1,0,-1,-,-,FIGHT"
2026-07-10T12:20:00.000-04:00,"2026-7-10 12:20,2986.3,2987.47,2989,2993.39,-7,-1,0,-1,S,-,tide_only"
2026-07-10T12:25:00.000-04:00,"2026-7-10 12:25,2987.2,2987.56,2988.86,2993.15,0,0,0,-1,-,-,neutral"
2026-07-10T12:30:00.000-04:00,"2026-7-10 12:30,2988.3,2988.02,2988.82,2992.96,5,1,0,-1,B,-,FIGHT"
2026-07-10T12:35:00.000-04:00,"2026-7-10 12:35,2987.3,2987.98,2988.7,2992.74,0,0,0,-1,-,-,neutral"
2026-07-10T12:40:00.000-04:00,"2026-7-10 12:40,2990.1,2988.98,2988.81,2992.63,5,1,0,-1,-,-,FIGHT"
2026-07-10T12:45:00.000-04:00,"2026-7-10 12:45,2990.7,2989.91,2988.96,2992.56,5,1,0,-1,-,-,FIGHT"
2026-07-10T12:50:00.000-04:00,"2026-7-10 12:50,2991.7,2990.94,2989.17,2992.53,5,1,0,-1,-,-,FIGHT"
2026-07-10T12:55:00.000-04:00,"2026-7-10 12:55,2992.9,2992.1,2989.46,2992.54,5,1,0,-1,-,-,FIGHT"
2026-07-10T13:00:00.000-04:00,"2026-7-10 13:00,2992.7,2992.83,2989.7,2992.55,5,1,0,-1,-,-,FIGHT"
2026-07-10T13:05:00.000-04:00,"2026-7-10 13:05,2991,2992.69,2989.8,2992.49,0,0,0,-1,-,-,neutral"
2026-07-10T13:10:00.000-04:00,"2026-7-10 13:10,2993,2993.27,2990.05,2992.51,5,1,0,-1,-,-,FIGHT"
2026-07-10T13:15:00.000-04:00,"2026-7-10 13:15,2992.7,2993.53,2990.25,2992.51,5,0,0,-1,-,-,neutral"
2026-07-10T13:20:00.000-04:00,"2026-7-10 13:20,2994.7,2994.41,2990.6,2992.6,5,1,0,-1,-,-,FIGHT"
2026-07-10T13:25:00.000-04:00,"2026-7-10 13:25,2994.4,2994.9,2990.89,2992.67,5,1,0,-1,-,-,FIGHT"
2026-07-10T13:30:00.000-04:00,"2026-7-10 13:30,2995,2995.42,2991.2,2992.76,3,1,0,-1,-,-,FIGHT"
2026-07-10T13:35:00.000-04:00,"2026-7-10 13:35,2996.4,2996.26,2991.6,2992.9,3,1,0,-1,-,-,FIGHT"
2026-07-10T13:40:00.000-04:00,"2026-7-10 13:40,2998.1,2997.45,2992.1,2993.11,5,1,1,-1,-,-,wave_only"
2026-07-10T13:45:00.000-04:00,"2026-7-10 13:45,2998.7,2998.48,2992.61,2993.33,5,1,1,-1,-,-,wave_only"
2026-07-10T13:50:00.000-04:00,"2026-7-10 13:50,2999,2999.27,2993.1,2993.55,5,1,1,-1,-,-,wave_only"
2026-07-10T13:55:00.000-04:00,"2026-7-10 13:55,2996.8,2998.96,2993.39,2993.68,0,0,1,0,-,-,neutral"
2026-07-10T14:00:00.000-04:00,"2026-7-10 14:00,2996.2,2998.44,2993.6,2993.78,0,0,1,0,-,-,neutral"
2026-07-10T14:05:00.000-04:00,"2026-7-10 14:05,2998,2998.67,2993.94,2993.94,0,0,1,0,-,-,neutral"
2026-07-10T14:10:00.000-04:00,"2026-7-10 14:10,2997.4,2998.56,2994.21,2994.08,0,0,1,0,-,-,neutral"
2026-07-10T14:15:00.000-04:00,"2026-7-10 14:15,2995.3,2997.65,2994.29,2994.13,0,0,1,0,-,-,neutral"
2026-07-10T14:20:00.000-04:00,"2026-7-10 14:20,2995.7,2997.09,2994.4,2994.19,0,0,1,0,-,-,neutral"
2026-07-10T14:25:00.000-04:00,"2026-7-10 14:25,2994.9,2996.36,2994.44,2994.21,0,0,0,0,-,-,neutral"
2026-07-10T14:30:00.000-04:00,"2026-7-10 14:30,2996.9,2996.55,2994.63,2994.32,3,1,0,0,-,-,FIGHT"
2026-07-10T14:35:00.000-04:00,"2026-7-10 14:35,2995.1,2996.01,2994.66,2994.35,0,0,0,0,-,-,neutral"
2026-07-10T14:40:00.000-04:00,"2026-7-10 14:40,2995.1,2995.61,2994.7,2994.38,0,0,0,0,-,-,neutral"
2026-07-10T14:45:00.000-04:00,"2026-7-10 14:45,2993.7,2994.79,2994.62,2994.35,-5,-1,0,0,S,-,FIGHT"
2026-07-10T14:50:00.000-04:00,"2026-7-10 14:50,2993.6,2994.17,2994.54,2994.32,-5,-1,0,0,-,-,FIGHT"
2026-07-10T14:55:00.000-04:00,"2026-7-10 14:55,2994.1,2993.91,2994.51,2994.32,-5,-1,0,-1,-,-,tide_only"
2026-07-10T15:00:00.000-04:00,"2026-7-10 15:00,2996.9,2994.77,2994.69,2994.42,7,1,0,-1,B,-,FIGHT"
2026-07-10T15:05:00.000-04:00,"2026-7-10 15:05,2997.1,2995.49,2994.88,2994.52,7,1,0,-1,-,-,FIGHT"
2026-07-10T15:10:00.000-04:00,"2026-7-10 15:10,2997.7,2996.25,2995.09,2994.65,7,1,1,-1,-,-,wave_only"
2026-07-10T15:15:00.000-04:00,"2026-7-10 15:15,2995.1,2995.85,2995.1,2994.66,0,0,1,-1,-,-,neutral"
2026-07-10T15:20:00.000-04:00,"2026-7-10 15:20,2994.4,2995.28,2995.04,2994.65,-3,-1,1,-1,S,-,tide_only"
2026-07-10T15:25:00.000-04:00,"2026-7-10 15:25,2995,2995.09,2995.04,2994.67,-5,0,0,-1,-,-,neutral"
2026-07-10T15:30:00.000-04:00,"2026-7-10 15:30,2993.7,2994.48,2994.94,2994.63,-5,-1,0,-1,-,-,tide_only"
2026-07-10T15:35:00.000-04:00,"2026-7-10 15:35,2993.4,2993.93,2994.82,2994.58,-5,-1,0,-1,-,-,tide_only"
2026-07-10T15:40:00.000-04:00,"2026-7-10 15:40,2995.9,2994.46,2994.9,2994.63,0,0,0,-1,-,-,neutral"
2026-07-10T15:45:00.000-04:00,"2026-7-10 15:45,2994.7,2994.43,2994.89,2994.64,0,0,0,-1,-,-,neutral"
2026-07-10T15:50:00.000-04:00,"2026-7-10 15:50,2995.8,2994.82,2994.96,2994.68,0,0,0,-1,-,-,neutral"
2026-07-10T15:55:00.000-04:00,"2026-7-10 15:55,2994.6,2994.67,2994.93,2994.68,-5,-1,0,0,-,-,FIGHT"
2026-07-10T16:00:00.000-04:00,"2026-7-10 16:00,2994.5,2994.54,2994.9,2994.67,-5,-1,0,0,-,-,FIGHT"
2026-07-10T16:05:00.000-04:00,"2026-7-10 16:05,2994.8,2994.55,2994.89,2994.68,0,0,0,0,-,-,neutral"
2026-07-10T16:10:00.000-04:00,"2026-7-10 16:10,2995.6,2994.87,2994.94,2994.71,7,0,0,0,-,-,neutral"
2026-07-10T16:15:00.000-04:00,"2026-7-10 16:15,2997,2995.63,2995.1,2994.8,7,1,0,0,B,-,FIGHT"
2026-07-10T16:20:00.000-04:00,"2026-7-10 16:20,2996.1,2995.85,2995.18,2994.85,7,1,0,0,-,-,FIGHT"
2026-07-10T16:25:00.000-04:00,"2026-7-10 16:25,2997.2,2996.41,2995.33,2994.94,7,1,1,0,-,-,wave_only"
2026-07-10T16:30:00.000-04:00,"2026-7-10 16:30,2996.2,2996.44,2995.4,2994.99,7,0,1,0,-,-,neutral"
2026-07-10T16:35:00.000-04:00,"2026-7-10 16:35,2996.3,2996.49,2995.47,2995.05,7,0,1,0,-,-,neutral"
2026-07-10T16:40:00.000-04:00,"2026-7-10 16:40,2997.2,2996.85,2995.6,2995.13,7,1,1,0,-,-,wave_only"
2026-07-10T16:45:00.000-04:00,"2026-7-10 16:45,2997.3,2997.14,2995.73,2995.22,7,1,1,0,-,-,wave_only"
2026-07-10T16:50:00.000-04:00,"2026-7-10 16:50,2997.8,2997.52,2995.89,2995.32,7,1,1,0,-,-,wave_only"
2026-07-10T16:55:00.000-04:00,"2026-7-10 16:55,2997,2997.48,2995.98,2995.38,0,0,0,0,-,-,neutral"
2026-07-12T18:00:00.000-04:00,"2026-7-12 18:00,2979.5,2990.96,2994.71,2994.76,-7,-1,0,0,S,-,FIGHT"
2026-07-12T18:05:00.000-04:00,"2026-7-12 18:05,2976.7,2985.15,2993.32,2994.05,-5,-1,0,0,-,-,FIGHT"
2026-07-12T18:10:00.000-04:00,"2026-7-12 18:10,2974.8,2980.27,2991.9,2993.3,-5,-1,-1,0,-,-,wave_only"
2026-07-12T18:15:00.000-04:00,"2026-7-12 18:15,2975.6,2977.12,2990.65,2992.6,-5,-1,-1,0,-,-,wave_only"
2026-07-12T18:20:00.000-04:00,"2026-7-12 18:20,2976.5,2975.31,2989.56,2991.97,-5,-1,-1,0,-,-,wave_only"
2026-07-12T18:25:00.000-04:00,"2026-7-12 18:25,2978.4,2974.87,2988.7,2991.44,0,0,-1,0,-,-,neutral"
2026-07-12T18:30:00.000-04:00,"2026-7-12 18:30,2980.6,2975.54,2988.08,2991.01,0,0,-1,0,-,-,neutral"
2026-07-12T18:35:00.000-04:00,"2026-7-12 18:35,2980.8,2976.27,2987.52,2990.61,0,0,-1,0,-,-,neutral"
2026-07-12T18:40:00.000-04:00,"2026-7-12 18:40,2982,2977.4,2987.09,2990.28,0,0,-1,0,-,-,neutral"
2026-07-12T18:45:00.000-04:00,"2026-7-12 18:45,2981,2977.97,2986.62,2989.91,0,0,-1,0,-,-,neutral"
2026-07-12T18:50:00.000-04:00,"2026-7-12 18:50,2982.4,2979.01,2986.3,2989.62,0,0,-1,0,-,-,neutral"
2026-07-12T18:55:00.000-04:00,"2026-7-12 18:55,2982.6,2979.93,2986.01,2989.34,0,0,-1,-1,-,-,neutral"
2026-07-12T19:00:00.000-04:00,"2026-7-12 19:00,2982.2,2980.51,2985.72,2989.06,0,0,-1,-1,-,-,neutral"
2026-07-12T19:05:00.000-04:00,"2026-7-12 19:05,2982,2980.91,2985.43,2988.78,0,0,-1,-1,-,-,neutral"
2026-07-12T19:10:00.000-04:00,"2026-7-12 19:10,2982.1,2981.28,2985.18,2988.52,0,0,-1,-1,-,-,neutral"
2026-07-12T19:15:00.000-04:00,"2026-7-12 19:15,2982,2981.54,2984.93,2988.27,0,0,-1,-1,-,-,neutral"
2026-07-12T19:20:00.000-04:00,"2026-7-12 19:20,2980.5,2981.19,2984.59,2987.96,-7,-1,-1,-1,-,-,RIDE_both"
2026-07-12T19:25:00.000-04:00,"2026-7-12 19:25,2980.8,2981.06,2984.3,2987.68,-7,-1,-1,-1,-,-,RIDE_both"
2026-07-12T19:30:00.000-04:00,"2026-7-12 19:30,2980.7,2980.94,2984.02,2987.41,-7,-1,-1,-1,-,-,RIDE_both"
2026-07-12T19:35:00.000-04:00,"2026-7-12 19:35,2981,2980.99,2983.79,2987.16,0,0,-1,-1,-,-,neutral"
2026-07-12T19:40:00.000-04:00,"2026-7-12 19:40,2979.9,2980.62,2983.49,2986.87,-7,-1,-1,-1,-,-,RIDE_both"
2026-07-12T19:45:00.000-04:00,"2026-7-12 19:45,2978.4,2979.81,2983.1,2986.54,-7,-1,-1,-1,-,-,RIDE_both"
2026-07-12T19:50:00.000-04:00,"2026-7-12 19:50,2980.4,2979.97,2982.89,2986.3,0,0,-1,-1,-,-,neutral"
2026-07-12T19:55:00.000-04:00,"2026-7-12 19:55,2980.6,2980.18,2982.72,2986.08,0,0,-1,-1,-,-,neutral"
2026-07-12T20:00:00.000-04:00,"2026-7-12 20:00,2983.5,2981.43,2982.78,2985.97,3,1,-1,-1,B,-,FIGHT"
2026-07-12T20:05:00.000-04:00,"2026-7-12 20:05,2985.2,2982.97,2982.96,2985.94,5,1,-1,-1,-,-,FIGHT"
2026-07-12T20:10:00.000-04:00,"2026-7-12 20:10,2987,2984.76,2983.27,2985.99,5,1,0,-1,-,-,FIGHT"
2026-07-12T20:15:00.000-04:00,"2026-7-12 20:15,2985.3,2985.41,2983.43,2985.96,5,1,0,-1,-,-,FIGHT"
2026-07-12T20:20:00.000-04:00,"2026-7-12 20:20,2986.1,2986.15,2983.63,2985.96,5,1,0,-1,-,-,FIGHT"
2026-07-12T20:25:00.000-04:00,"2026-7-12 20:25,2984.6,2986.08,2983.71,2985.91,0,0,0,-1,-,-,neutral"
2026-07-12T20:30:00.000-04:00,"2026-7-12 20:30,2982.1,2985.06,2983.59,2985.76,0,0,0,-1,-,-,neutral"
2026-07-12T20:35:00.000-04:00,"2026-7-12 20:35,2981.7,2984.12,2983.44,2985.6,0,0,0,-1,-,-,neutral"
2026-07-12T20:40:00.000-04:00,"2026-7-12 20:40,2981,2983.15,2983.25,2985.42,-3,-1,-1,-1,S,SELL,RIDE_both"
2026-07-12T20:45:00.000-04:00,"2026-7-12 20:45,2981.1,2982.46,2983.09,2985.25,-7,-1,-1,-1,-,-,RIDE_both"
2026-07-12T20:50:00.000-04:00,"2026-7-12 20:50,2978.8,2981.1,2982.76,2985,-7,-1,-1,-1,-,-,RIDE_both"
2026-07-12T20:55:00.000-04:00,"2026-7-12 20:55,2978.7,2980.07,2982.45,2984.75,-7,-1,-1,-1,-,-,RIDE_both"
2026-07-12T21:00:00.000-04:00,"2026-7-12 21:00,2976.7,2978.6,2982,2984.44,-7,-1,-1,-1,-,-,RIDE_both"
2026-07-12T21:05:00.000-04:00,"2026-7-12 21:05,2975,2976.92,2981.46,2984.07,-7,-1,-1,-1,-,-,RIDE_both"
2026-07-12T21:10:00.000-04:00,"2026-7-12 21:10,2976,2976.11,2981.04,2983.75,-7,-1,-1,-1,-,-,RIDE_both"
2026-07-12T21:15:00.000-04:00,"2026-7-12 21:15,2977.5,2976.13,2980.77,2983.5,0,0,-1,-1,-,-,neutral"
2026-07-12T21:20:00.000-04:00,"2026-7-12 21:20,2975.8,2975.56,2980.39,2983.2,-7,-1,-1,-1,-,-,RIDE_both"
2026-07-12T21:25:00.000-04:00,"2026-7-12 21:25,2976.7,2975.54,2980.11,2982.95,-7,0,-1,-1,-,-,neutral"
2026-07-12T21:30:00.000-04:00,"2026-7-12 21:30,2975.2,2975.02,2979.73,2982.64,-7,-1,-1,-1,-,-,RIDE_both"
2026-07-12T21:35:00.000-04:00,"2026-7-12 21:35,2978.6,2975.95,2979.64,2982.49,0,0,-1,-1,-,-,neutral"
2026-07-12T21:40:00.000-04:00,"2026-7-12 21:40,2975.6,2975.57,2979.33,2982.22,-7,-1,-1,-1,-,-,RIDE_both"
2026-07-12T21:45:00.000-04:00,"2026-7-12 21:45,2974.2,2974.81,2978.94,2981.9,-7,-1,-1,-1,-,-,RIDE_both"
2026-07-12T21:50:00.000-04:00,"2026-7-12 21:50,2974,2974.21,2978.56,2981.59,-7,-1,-1,-1,-,-,RIDE_both"
2026-07-12T21:55:00.000-04:00,"2026-7-12 21:55,2975.1,2974.23,2978.29,2981.34,0,0,-1,-1,-,-,neutral"
2026-07-12T22:00:00.000-04:00,"2026-7-12 22:00,2973.4,2973.65,2977.91,2981.03,-7,-1,-1,-1,-,-,RIDE_both"
2026-07-12T22:05:00.000-04:00,"2026-7-12 22:05,2974.4,2973.64,2977.64,2980.77,-7,0,-1,-1,-,-,neutral"
2026-07-12T22:10:00.000-04:00,"2026-7-12 22:10,2974.7,2973.78,2977.42,2980.53,0,0,-1,-1,-,-,neutral"
2026-07-12T22:15:00.000-04:00,"2026-7-12 22:15,2976.4,2974.55,2977.34,2980.37,0,0,-1,-1,-,-,neutral"
2026-07-12T22:20:00.000-04:00,"2026-7-12 22:20,2978.4,2975.88,2977.42,2980.29,3,1,-1,-1,B,-,FIGHT"
2026-07-12T22:25:00.000-04:00,"2026-7-12 22:25,2979.1,2977.13,2977.55,2980.24,5,1,0,-1,-,-,FIGHT"
2026-07-12T22:30:00.000-04:00,"2026-7-12 22:30,2980.3,2978.49,2977.76,2980.24,5,1,0,-1,-,-,FIGHT"
2026-07-12T22:35:00.000-04:00,"2026-7-12 22:35,2979.8,2979.29,2977.92,2980.23,5,1,0,-1,-,-,FIGHT"
2026-07-12T22:40:00.000-04:00,"2026-7-12 22:40,2980.5,2980.1,2978.12,2980.24,5,1,0,-1,-,-,FIGHT"
2026-07-12T22:45:00.000-04:00,"2026-7-12 22:45,2980.6,2980.69,2978.31,2980.25,5,1,0,-1,-,-,FIGHT"
2026-07-12T22:50:00.000-04:00,"2026-7-12 22:50,2980.7,2981.13,2978.49,2980.27,5,1,0,-1,-,-,FIGHT"
2026-07-12T22:55:00.000-04:00,"2026-7-12 22:55,2978.6,2980.62,2978.5,2980.2,0,0,0,0,-,-,neutral"
2026-07-12T23:00:00.000-04:00,"2026-7-12 23:00,2975.7,2979.14,2978.28,2980.03,0,0,0,0,-,-,neutral"
2026-07-12T23:05:00.000-04:00,"2026-7-12 23:05,2975.1,2977.8,2978.04,2979.83,-7,-1,0,0,S,-,FIGHT"
2026-07-12T23:10:00.000-04:00,"2026-7-12 23:10,2975.2,2976.85,2977.82,2979.65,-7,-1,-1,0,-,-,wave_only"
2026-07-12T23:15:00.000-04:00,"2026-7-12 23:15,2974.6,2975.93,2977.57,2979.45,-7,-1,-1,0,-,-,wave_only"
2026-07-12T23:20:00.000-04:00,"2026-7-12 23:20,2974,2975.04,2977.3,2979.24,-7,-1,-1,0,-,-,wave_only"
2026-07-12T23:25:00.000-04:00,"2026-7-12 23:25,2974.8,2974.72,2977.11,2979.07,-7,-1,-1,0,-,-,wave_only"
2026-07-12T23:30:00.000-04:00,"2026-7-12 23:30,2974.1,2974.24,2976.88,2978.87,-7,-1,-1,0,-,-,wave_only"
2026-07-12T23:35:00.000-04:00,"2026-7-12 23:35,2974.6,2974.11,2976.7,2978.7,-7,-1,-1,0,-,-,wave_only"
2026-07-12T23:40:00.000-04:00,"2026-7-12 23:40,2974.1,2973.86,2976.5,2978.52,-7,-1,-1,0,-,-,wave_only"
2026-07-12T23:45:00.000-04:00,"2026-7-12 23:45,2974.2,2973.75,2976.32,2978.35,-7,-1,-1,0,-,-,wave_only"
2026-07-12T23:50:00.000-04:00,"2026-7-12 23:50,2973.9,2973.58,2976.14,2978.18,-7,-1,-1,0,-,-,wave_only"
2026-07-12T23:55:00.000-04:00,"2026-7-12 23:55,2973.6,2973.37,2975.94,2978,-7,-1,-1,-1,-,-,RIDE_both"
2026-07-13T00:00:00.000-04:00,"2026-7-13 0:00,2971.3,2972.4,2975.58,2977.74,-7,-1,-1,-1,-,-,RIDE_both"
2026-07-13T00:05:00.000-04:00,"2026-7-13 0:05,2971.3,2971.71,2975.26,2977.48,-7,-1,-1,-1,-,-,RIDE_both"
2026-07-13T00:10:00.000-04:00,"2026-7-13 0:10,2971.9,2971.47,2975,2977.27,-7,-1,-1,-1,-,-,RIDE_both"
2026-07-13T00:15:00.000-04:00,"2026-7-13 0:15,2972.7,2971.63,2974.82,2977.09,0,0,-1,-1,-,-,neutral"
2026-07-13T00:20:00.000-04:00,"2026-7-13 0:20,2972.8,2971.82,2974.66,2976.92,0,0,-1,-1,-,-,neutral"
2026-07-13T00:25:00.000-04:00,"2026-7-13 0:25,2972,2971.69,2974.46,2976.73,-7,-1,-1,-1,-,-,RIDE_both"
2026-07-13T00:30:00.000-04:00,"2026-7-13 0:30,2971.9,2971.59,2974.26,2976.54,-7,-1,-1,-1,-,-,RIDE_both"
2026-07-13T00:35:00.000-04:00,"2026-7-13 0:35,2971.3,2971.32,2974.04,2976.33,-7,-1,-1,-1,-,-,RIDE_both"
2026-07-13T00:40:00.000-04:00,"2026-7-13 0:40,2970.8,2970.96,2973.79,2976.11,-7,-1,-1,-1,-,-,RIDE_both"
2026-07-13T00:45:00.000-04:00,"2026-7-13 0:45,2970.3,2970.54,2973.52,2975.89,-7,-1,-1,-1,-,-,RIDE_both"
2026-07-13T00:50:00.000-04:00,"2026-7-13 0:50,2970.6,2970.37,2973.29,2975.68,-3,-1,-1,-1,-,-,RIDE_both"
2026-07-13T00:55:00.000-04:00,"2026-7-13 0:55,2971.1,2970.46,2973.12,2975.5,0,0,-1,-1,-,-,neutral"
2026-07-13T01:00:00.000-04:00,"2026-7-13 1:00,2970.7,2970.4,2972.94,2975.31,-7,-1,-1,-1,-,-,RIDE_both"
2026-07-13T01:05:00.000-04:00,"2026-7-13 1:05,2973.5,2971.42,2972.98,2975.24,0,0,-1,-1,-,-,neutral"
2026-07-13T01:10:00.000-04:00,"2026-7-13 1:10,2974.5,2972.55,2973.1,2975.21,3,1,0,-1,B,-,FIGHT"
2026-07-13T01:15:00.000-04:00,"2026-7-13 1:15,2972.6,2972.68,2973.06,2975.11,0,0,0,-1,-,-,neutral"
2026-07-13T01:20:00.000-04:00,"2026-7-13 1:20,2970.2,2971.88,2972.84,2974.92,-7,-1,0,-1,S,-,tide_only"
2026-07-13T01:25:00.000-04:00,"2026-7-13 1:25,2969.8,2971.15,2972.61,2974.72,-7,-1,-1,-1,-,-,RIDE_both"
2026-07-13T01:30:00.000-04:00,"2026-7-13 1:30,2972.3,2971.54,2972.58,2974.62,3,1,-1,-1,B,-,FIGHT"
2026-07-13T01:35:00.000-04:00,"2026-7-13 1:35,2973.1,2972.13,2972.62,2974.56,3,1,-1,-1,-,-,FIGHT"
2026-07-13T01:40:00.000-04:00,"2026-7-13 1:40,2972,2972.15,2972.57,2974.46,0,0,0,-1,-,-,neutral"
2026-07-13T01:45:00.000-04:00,"2026-7-13 1:45,2971.4,2971.95,2972.48,2974.34,-7,-1,0,-1,S,-,tide_only"
2026-07-13T01:50:00.000-04:00,"2026-7-13 1:50,2972.6,2972.24,2972.49,2974.27,5,1,0,-1,B,-,FIGHT"
2026-07-13T01:55:00.000-04:00,"2026-7-13 1:55,2974.5,2973.15,2972.65,2974.28,5,1,0,0,-,-,FIGHT"
2026-07-13T02:00:00.000-04:00,"2026-7-13 2:00,2975.5,2974.18,2972.87,2974.33,5,1,0,0,-,-,FIGHT"
2026-07-13T02:05:00.000-04:00,"2026-7-13 2:05,2974.4,2974.51,2972.98,2974.33,5,1,0,0,-,-,FIGHT"
2026-07-13T02:10:00.000-04:00,"2026-7-13 2:10,2973.1,2974.25,2972.99,2974.28,0,0,0,0,-,-,neutral"
2026-07-13T02:15:00.000-04:00,"2026-7-13 2:15,2975.1,2974.77,2973.16,2974.32,5,1,0,0,-,-,FIGHT"
2026-07-13T02:20:00.000-04:00,"2026-7-13 2:20,2976.1,2975.5,2973.38,2974.39,5,1,0,0,-,-,FIGHT"
2026-07-13T02:25:00.000-04:00,"2026-7-13 2:25,2977.8,2976.64,2973.72,2974.52,5,1,1,0,-,-,wave_only"
2026-07-13T02:30:00.000-04:00,"2026-7-13 2:30,2976.7,2977.03,2973.95,2974.6,3,1,1,0,-,-,wave_only"
2026-07-13T02:35:00.000-04:00,"2026-7-13 2:35,2977,2977.38,2974.19,2974.7,5,1,1,0,-,-,wave_only"
2026-07-13T02:40:00.000-04:00,"2026-7-13 2:40,2979.2,2978.41,2974.57,2974.88,5,1,1,0,-,-,wave_only"
2026-07-13T02:45:00.000-04:00,"2026-7-13 2:45,2981.4,2979.94,2975.1,2975.13,5,1,1,0,-,-,wave_only"
2026-07-13T02:50:00.000-04:00,"2026-7-13 2:50,2980.4,2980.63,2975.5,2975.34,5,1,1,0,-,-,wave_only"
2026-07-13T02:55:00.000-04:00,"2026-7-13 2:55,2981.5,2981.49,2975.97,2975.58,5,1,1,0,-,-,wave_only"
2026-07-13T03:00:00.000-04:00,"2026-7-13 3:00,2985.4,2983.49,2976.69,2975.96,5,1,1,0,-,-,wave_only"
2026-07-13T03:05:00.000-04:00,"2026-7-13 3:05,2985.8,2985.03,2977.39,2976.35,7,1,1,0,-,-,wave_only"
2026-07-13T03:10:00.000-04:00,"2026-7-13 3:10,2987.5,2986.7,2978.17,2976.79,7,1,1,0,-,-,wave_only"
2026-07-13T03:15:00.000-04:00,"2026-7-13 3:15,2984.5,2986.72,2978.66,2977.09,0,0,1,0,-,-,neutral"
2026-07-13T03:20:00.000-04:00,"2026-7-13 3:20,2986.6,2987.41,2979.27,2977.46,0,0,1,0,-,-,neutral"
2026-07-13T03:25:00.000-04:00,"2026-7-13 3:25,2985.3,2987.34,2979.73,2977.77,0,0,1,0,-,-,neutral"
2026-07-13T03:30:00.000-04:00,"2026-7-13 3:30,2984.8,2987.02,2980.12,2978.05,0,0,1,0,-,-,neutral"
2026-07-13T03:35:00.000-04:00,"2026-7-13 3:35,2986.5,2987.33,2980.61,2978.38,0,0,1,0,-,-,neutral"
2026-07-13T03:40:00.000-04:00,"2026-7-13 3:40,2986.5,2987.49,2981.07,2978.7,0,0,1,0,-,-,neutral"
2026-07-13T03:45:00.000-04:00,"2026-7-13 3:45,2985.9,2987.32,2981.44,2978.98,0,0,1,0,-,-,neutral"
2026-07-13T03:50:00.000-04:00,"2026-7-13 3:50,2987.4,2987.69,2981.9,2979.31,7,0,1,0,-,-,neutral"
2026-07-13T03:55:00.000-04:00,"2026-7-13 3:55,2987.2,2987.83,2982.3,2979.62,0,0,1,0,-,-,neutral"
2026-07-13T04:00:00.000-04:00,"2026-7-13 4:00,2988.6,2988.4,2982.79,2979.97,7,1,1,0,-,-,wave_only"
2026-07-13T04:05:00.000-04:00,"2026-7-13 4:05,2991.6,2989.88,2983.47,2980.43,7,1,1,0,-,-,wave_only"
2026-07-13T04:10:00.000-04:00,"2026-7-13 4:10,2991.7,2990.95,2984.1,2980.87,7,1,1,0,-,-,wave_only"
2026-07-13T04:15:00.000-04:00,"2026-7-13 4:15,2992.6,2992,2984.75,2981.33,7,1,1,0,-,-,wave_only"
2026-07-13T04:20:00.000-04:00,"2026-7-13 4:20,2990.5,2991.93,2985.2,2981.69,0,0,1,0,-,-,neutral"
2026-07-13T04:25:00.000-04:00,"2026-7-13 4:25,2991.6,2992.21,2985.69,2982.08,0,0,1,0,-,-,neutral"
2026-07-13T04:30:00.000-04:00,"2026-7-13 4:30,2992.1,2992.55,2986.18,2982.47,0,0,1,0,-,-,neutral"
2026-07-13T04:35:00.000-04:00,"2026-7-13 4:35,2991.8,2992.62,2986.61,2982.84,0,0,1,0,-,-,neutral"
2026-07-13T04:40:00.000-04:00,"2026-7-13 4:40,2993.4,2993.21,2987.14,2983.25,7,1,1,0,-,-,wave_only"
2026-07-13T04:45:00.000-04:00,"2026-7-13 4:45,2993.8,2993.74,2987.65,2983.66,7,1,1,0,-,-,wave_only"
2026-07-13T04:50:00.000-04:00,"2026-7-13 4:50,2994.1,2994.19,2988.14,2984.07,7,1,1,0,-,-,wave_only"
2026-07-13T04:55:00.000-04:00,"2026-7-13 4:55,2994,2994.43,2988.59,2984.46,7,0,1,0,-,-,neutral"
2026-07-13T05:00:00.000-04:00,"2026-7-13 5:00,2993.6,2994.4,2988.98,2984.82,0,0,1,0,-,-,neutral"
2026-07-13T05:05:00.000-04:00,"2026-7-13 5:05,2993.9,2994.45,2989.36,2985.18,0,0,1,0,-,-,neutral"
2026-07-13T05:10:00.000-04:00,"2026-7-13 5:10,2993.3,2994.22,2989.66,2985.5,0,0,0,0,-,-,neutral"
2026-07-13T05:15:00.000-04:00,"2026-7-13 5:15,2994.3,2994.38,2990.02,2985.84,7,1,0,0,-,-,FIGHT"
2026-07-13T05:20:00.000-04:00,"2026-7-13 5:20,2994.6,2994.58,2990.37,2986.18,7,0,0,0,-,-,neutral"
2026-07-13T05:25:00.000-04:00,"2026-7-13 5:25,2994.6,2994.7,2990.7,2986.51,7,1,0,0,-,-,FIGHT"
2026-07-13T05:30:00.000-04:00,"2026-7-13 5:30,2993.8,2994.46,2990.93,2986.8,0,0,0,0,-,-,neutral"
2026-07-13T05:35:00.000-04:00,"2026-7-13 5:35,2995.2,2994.78,2991.26,2987.13,7,1,0,0,-,-,FIGHT"
2026-07-13T05:40:00.000-04:00,"2026-7-13 5:40,2994.2,2994.63,2991.49,2987.41,0,0,0,0,-,-,neutral"
2026-07-13T05:45:00.000-04:00,"2026-7-13 5:45,2993.6,2994.27,2991.65,2987.65,0,0,0,0,-,-,neutral"
2026-07-13T05:50:00.000-04:00,"2026-7-13 5:50,2993,2993.77,2991.76,2987.86,-3,0,0,0,-,-,neutral"
2026-07-13T05:55:00.000-04:00,"2026-7-13 5:55,2992.5,2993.22,2991.81,2988.04,-3,0,0,1,-,-,neutral"
2026-07-13T06:00:00.000-04:00,"2026-7-13 6:00,2991.4,2992.4,2991.78,2988.17,-3,-1,0,1,S,-,FIGHT"
2026-07-13T06:05:00.000-04:00,"2026-7-13 6:05,2991.1,2991.7,2991.73,2988.29,-5,-1,0,1,-,-,FIGHT"
2026-07-13T06:10:00.000-04:00,"2026-7-13 6:10,2991.3,2991.28,2991.7,2988.41,-5,-1,0,1,-,-,FIGHT"
2026-07-13T06:15:00.000-04:00,"2026-7-13 6:15,2991.8,2991.17,2991.7,2988.54,-5,-1,0,1,-,-,FIGHT"
2026-07-13T06:20:00.000-04:00,"2026-7-13 6:20,2990,2990.45,2991.57,2988.6,-5,-1,0,1,-,-,FIGHT"
2026-07-13T06:25:00.000-04:00,"2026-7-13 6:25,2990.1,2989.99,2991.46,2988.66,-5,-1,0,1,-,-,FIGHT"
2026-07-13T06:30:00.000-04:00,"2026-7-13 6:30,2990.2,2989.72,2991.36,2988.72,-5,-1,0,1,-,-,FIGHT"
2026-07-13T06:35:00.000-04:00,"2026-7-13 6:35,2990.6,2989.71,2991.3,2988.79,0,0,0,1,-,-,neutral"
2026-07-13T06:40:00.000-04:00,"2026-7-13 6:40,2989.5,2989.32,2991.16,2988.82,-5,-1,0,1,-,-,FIGHT"
2026-07-13T06:45:00.000-04:00,"2026-7-13 6:45,2990.2,2989.33,2991.09,2988.87,0,0,0,1,-,-,neutral"
2026-07-13T06:50:00.000-04:00,"2026-7-13 6:50,2989.8,2989.22,2990.99,2988.91,-3,-1,0,1,-,-,FIGHT"
2026-07-13T06:55:00.000-04:00,"2026-7-13 6:55,2990.6,2989.47,2990.96,2988.97,0,0,0,1,-,-,neutral"
2026-07-13T07:00:00.000-04:00,"2026-7-13 7:00,2990.9,2989.79,2990.96,2989.05,0,0,0,1,-,-,neutral"
2026-07-13T07:05:00.000-04:00,"2026-7-13 7:05,2991.8,2990.37,2991.02,2989.16,0,0,0,1,-,-,neutral"
2026-07-13T07:10:00.000-04:00,"2026-7-13 7:10,2990,2990.16,2990.94,2989.19,-5,-1,0,1,-,-,FIGHT"
2026-07-13T07:15:00.000-04:00,"2026-7-13 7:15,2988.1,2989.3,2990.72,2989.15,-5,-1,0,1,-,-,FIGHT"
2026-07-13T07:20:00.000-04:00,"2026-7-13 7:20,2988.6,2988.88,2990.56,2989.13,-5,-1,0,1,-,-,FIGHT"
2026-07-13T07:25:00.000-04:00,"2026-7-13 7:25,2990.5,2989.29,2990.56,2989.18,0,0,0,1,-,-,neutral"
2026-07-13T07:30:00.000-04:00,"2026-7-13 7:30,2990.6,2989.65,2990.56,2989.24,0,0,0,1,-,-,neutral"
2026-07-13T07:35:00.000-04:00,"2026-7-13 7:35,2988.6,2989.19,2990.41,2989.21,-5,-1,0,1,-,-,FIGHT"
2026-07-13T07:40:00.000-04:00,"2026-7-13 7:40,2988.4,2988.79,2990.25,2989.18,-5,-1,0,1,-,-,FIGHT"
2026-07-13T07:45:00.000-04:00,"2026-7-13 7:45,2986.8,2987.92,2989.99,2989.09,-5,-1,0,1,-,-,FIGHT"
2026-07-13T07:50:00.000-04:00,"2026-7-13 7:50,2985,2986.64,2989.6,2988.93,-5,-1,0,1,-,-,FIGHT"
2026-07-13T07:55:00.000-04:00,"2026-7-13 7:55,2985.2,2985.8,2989.27,2988.78,-5,-1,0,0,-,-,FIGHT"
2026-07-13T08:00:00.000-04:00,"2026-7-13 8:00,2985.3,2985.26,2988.96,2988.64,-5,-1,0,0,-,-,FIGHT"
2026-07-13T08:05:00.000-04:00,"2026-7-13 8:05,2986.6,2985.39,2988.78,2988.56,0,0,0,0,-,-,neutral"
2026-07-13T08:10:00.000-04:00,"2026-7-13 8:10,2984.4,2984.72,2988.44,2988.4,-3,-1,-1,0,-,-,wave_only"
2026-07-13T08:15:00.000-04:00,"2026-7-13 8:15,2986.2,2984.93,2988.27,2988.31,0,0,-1,0,-,-,neutral"
2026-07-13T08:20:00.000-04:00,"2026-7-13 8:20,2984.1,2984.35,2987.95,2988.15,-3,-1,-1,0,-,-,wave_only"
2026-07-13T08:25:00.000-04:00,"2026-7-13 8:25,2983.5,2983.74,2987.61,2987.97,-3,-1,-1,0,-,-,wave_only"
2026-07-13T08:30:00.000-04:00,"2026-7-13 8:30,2982.6,2983,2987.22,2987.76,-3,-1,-1,0,-,-,wave_only"
2026-07-13T08:35:00.000-04:00,"2026-7-13 8:35,2982,2982.28,2986.82,2987.53,-7,-1,-1,0,-,-,wave_only"
2026-07-13T08:40:00.000-04:00,"2026-7-13 8:40,2982.8,2982.1,2986.51,2987.34,0,0,-1,0,-,-,neutral"
2026-07-13T08:45:00.000-04:00,"2026-7-13 8:45,2985,2982.83,2986.39,2987.25,0,0,-1,0,-,-,neutral"
2026-07-13T08:50:00.000-04:00,"2026-7-13 8:50,2985.4,2983.55,2986.32,2987.18,0,0,-1,0,-,-,neutral"
2026-07-13T08:55:00.000-04:00,"2026-7-13 8:55,2987.2,2984.78,2986.39,2987.18,0,0,0,0,-,-,neutral"
2026-07-13T09:00:00.000-04:00,"2026-7-13 9:00,2985.5,2985.07,2986.32,2987.11,0,0,0,0,-,-,neutral"
2026-07-13T09:05:00.000-04:00,"2026-7-13 9:05,2985.4,2985.25,2986.25,2987.05,3,0,0,0,-,-,neutral"
2026-07-13T09:10:00.000-04:00,"2026-7-13 9:10,2986.1,2985.64,2986.24,2987.01,3,0,0,0,-,-,neutral"
2026-07-13T09:15:00.000-04:00,"2026-7-13 9:15,2985.2,2985.6,2986.16,2986.94,0,0,0,0,-,-,neutral"
2026-07-13T09:20:00.000-04:00,"2026-7-13 9:20,2986.2,2985.93,2986.16,2986.91,5,1,0,0,B,-,FIGHT"
2026-07-13T09:25:00.000-04:00,"2026-7-13 9:25,2985.9,2986.05,2986.14,2986.87,5,0,0,0,-,-,neutral"
2026-07-13T09:30:00.000-04:00,"2026-7-13 9:30,2991.9,2988.35,2986.58,2987.07,5,1,0,0,-,-,FIGHT"
2026-07-13T09:35:00.000-04:00,"2026-7-13 9:35,2985.6,2987.69,2986.51,2987.01,0,0,0,0,-,-,neutral"
2026-07-13T09:40:00.000-04:00,"2026-7-13 9:40,2985.1,2986.99,2986.4,2986.94,0,0,-1,0,-,-,neutral"
2026-07-13T09:45:00.000-04:00,"2026-7-13 9:45,2988.1,2987.57,2986.53,2986.98,5,1,-1,0,-,-,FIGHT"
2026-07-13T09:50:00.000-04:00,"2026-7-13 9:50,2988.7,2988.19,2986.7,2987.05,5,1,-1,0,-,-,FIGHT"
2026-07-13T09:55:00.000-04:00,"2026-7-13 9:55,2988.6,2988.59,2986.84,2987.11,5,1,0,0,-,-,FIGHT"
2026-07-13T10:00:00.000-04:00,"2026-7-13 10:00,2977.5,2984.75,2986.12,2986.73,-7,-1,0,0,S,-,FIGHT"
2026-07-13T10:05:00.000-04:00,"2026-7-13 10:05,2978.3,2982.22,2985.52,2986.4,-7,-1,0,0,-,-,FIGHT"
2026-07-13T10:10:00.000-04:00,"2026-7-13 10:10,2979.7,2980.9,2985.07,2986.14,-5,-1,-1,0,-,-,wave_only"
2026-07-13T10:15:00.000-04:00,"2026-7-13 10:15,2974.4,2978.03,2984.25,2985.68,-7,-1,-1,0,-,-,wave_only"
2026-07-13T10:20:00.000-04:00,"2026-7-13 10:20,2980.2,2978.13,2983.94,2985.46,0,0,-1,0,-,-,neutral"
2026-07-13T10:25:00.000-04:00,"2026-7-13 10:25,2984.6,2979.91,2983.99,2985.43,0,0,0,0,-,-,neutral"
2026-07-13T10:30:00.000-04:00,"2026-7-13 10:30,2983.2,2980.76,2983.93,2985.34,0,0,0,0,-,-,neutral"
2026-07-13T10:35:00.000-04:00,"2026-7-13 10:35,2982.3,2981.09,2983.81,2985.22,0,0,0,0,-,-,neutral"
2026-07-13T10:40:00.000-04:00,"2026-7-13 10:40,2979.9,2980.48,2983.51,2985.01,-5,-1,-1,0,-,-,wave_only"
2026-07-13T10:45:00.000-04:00,"2026-7-13 10:45,2982.1,2980.87,2983.4,2984.9,0,0,-1,0,-,-,neutral"
2026-07-13T10:50:00.000-04:00,"2026-7-13 10:50,2978.8,2979.96,2983.04,2984.66,-7,-1,-1,0,-,-,wave_only"
2026-07-13T10:55:00.000-04:00,"2026-7-13 10:55,2981.7,2980.4,2982.94,2984.54,0,0,-1,-1,-,-,neutral"
2026-07-13T11:00:00.000-04:00,"2026-7-13 11:00,2978.1,2979.41,2982.57,2984.29,-7,-1,-1,-1,-,-,RIDE_both"
2026-07-13T11:05:00.000-04:00,"2026-7-13 11:05,2980.1,2979.45,2982.38,2984.13,0,0,-1,-1,-,-,neutral"
2026-07-13T11:10:00.000-04:00,"2026-7-13 11:10,2979.5,2979.29,2982.16,2983.95,-3,-1,-1,-1,-,-,RIDE_both"
2026-07-13T11:15:00.000-04:00,"2026-7-13 11:15,2979.2,2979.09,2981.93,2983.76,-3,-1,-1,-1,-,-,RIDE_both"
2026-07-13T11:20:00.000-04:00,"2026-7-13 11:20,2979.3,2979,2981.73,2983.59,0,0,-1,-1,-,-,neutral"
2026-07-13T11:25:00.000-04:00,"2026-7-13 11:25,2980.2,2979.3,2981.61,2983.45,0,0,-1,-1,-,-,neutral"
2026-07-13T11:30:00.000-04:00,"2026-7-13 11:30,2980.9,2979.8,2981.56,2983.35,3,0,-1,-1,-,-,neutral"
2026-07-13T11:35:00.000-04:00,"2026-7-13 11:35,2979.9,2979.81,2981.43,2983.22,0,0,-1,-1,-,-,neutral"
2026-07-13T11:40:00.000-04:00,"2026-7-13 11:40,2978.4,2979.27,2981.19,2983.03,-7,-1,-1,-1,-,-,RIDE_both"
2026-07-13T11:45:00.000-04:00,"2026-7-13 11:45,2977.7,2978.63,2980.93,2982.82,-7,-1,-1,-1,-,-,RIDE_both"
2026-07-13T11:50:00.000-04:00,"2026-7-13 11:50,2977.1,2977.95,2980.63,2982.59,-7,-1,-1,-1,-,-,RIDE_both"
2026-07-13T11:55:00.000-04:00,"2026-7-13 11:55,2975.7,2976.96,2980.25,2982.32,-7,-1,-1,-1,-,-,RIDE_both"
2026-07-13T12:00:00.000-04:00,"2026-7-13 12:00,2975.5,2976.18,2979.89,2982.06,-7,-1,-1,-1,-,-,RIDE_both"
2026-07-13T12:05:00.000-04:00,"2026-7-13 12:05,2977,2976.21,2979.66,2981.86,0,0,-1,-1,-,-,neutral"
2026-07-13T12:10:00.000-04:00,"2026-7-13 12:10,2976.9,2976.22,2979.45,2981.66,0,0,-1,-1,-,-,neutral"
2026-07-13T12:15:00.000-04:00,"2026-7-13 12:15,2973.8,2975.12,2979.02,2981.36,-7,-1,-1,-1,-,-,RIDE_both"
2026-07-13T12:20:00.000-04:00,"2026-7-13 12:20,2972.2,2973.75,2978.49,2981,-7,-1,-1,-1,-,-,RIDE_both"
2026-07-13T12:25:00.000-04:00,"2026-7-13 12:25,2969.8,2971.9,2977.82,2980.56,-7,-1,-1,-1,-,-,RIDE_both"
2026-07-13T12:30:00.000-04:00,"2026-7-13 12:30,2966.9,2969.53,2976.98,2980.02,-7,-1,-1,-1,-,-,RIDE_both"
2026-07-13T12:35:00.000-04:00,"2026-7-13 12:35,2971.1,2969.43,2976.53,2979.67,-7,-1,-1,-1,-,-,RIDE_both"
2026-07-13T12:40:00.000-04:00,"2026-7-13 12:40,2971.8,2969.69,2976.17,2979.36,0,0,-1,-1,-,-,neutral"
2026-07-13T12:45:00.000-04:00,"2026-7-13 12:45,2969.5,2969.11,2975.65,2978.98,-7,-1,-1,-1,-,-,RIDE_both"
2026-07-13T12:50:00.000-04:00,"2026-7-13 12:50,2969,2968.56,2975.14,2978.59,-7,-1,-1,-1,-,-,RIDE_both"
2026-07-13T12:55:00.000-04:00,"2026-7-13 12:55,2971,2968.97,2974.82,2978.29,0,0,-1,-1,-,-,neutral"
2026-07-13T13:00:00.000-04:00,"2026-7-13 13:00,2971.2,2969.41,2974.55,2978.01,0,0,-1,-1,-,-,neutral"
2026-07-13T13:05:00.000-04:00,"2026-7-13 13:05,2973.3,2970.56,2974.45,2977.83,0,0,-1,-1,-,-,neutral"
2026-07-13T13:10:00.000-04:00,"2026-7-13 13:10,2972.5,2971.15,2974.3,2977.62,0,0,0,-1,-,-,neutral"
2026-07-13T13:15:00.000-04:00,"2026-7-13 13:15,2973.1,2971.83,2974.21,2977.44,0,0,0,-1,-,-,neutral"
2026-07-13T13:20:00.000-04:00,"2026-7-13 13:20,2970.2,2971.27,2973.9,2977.16,-7,-1,0,-1,-,-,tide_only"
2026-07-13T13:25:00.000-04:00,"2026-7-13 13:25,2969.2,2970.5,2973.54,2976.84,-7,-1,-1,-1,-,-,RIDE_both"
2026-07-13T13:30:00.000-04:00,"2026-7-13 13:30,2968.4,2969.65,2973.14,2976.51,-7,-1,-1,-1,-,-,RIDE_both"
2026-07-13T13:35:00.000-04:00,"2026-7-13 13:35,2968.1,2968.95,2972.75,2976.18,-7,-1,-1,-1,-,-,RIDE_both"
2026-07-13T13:40:00.000-04:00,"2026-7-13 13:40,2969.9,2969.12,2972.53,2975.94,0,0,0,-1,-,-,neutral"
2026-07-13T13:45:00.000-04:00,"2026-7-13 13:45,2966.5,2968.02,2972.07,2975.57,-7,-1,0,-1,-,-,tide_only"
2026-07-13T13:50:00.000-04:00,"2026-7-13 13:50,2966,2967.06,2971.6,2975.19,-7,-1,0,-1,-,-,tide_only"
2026-07-13T13:55:00.000-04:00,"2026-7-13 13:55,2965.3,2966.13,2971.12,2974.8,-7,-1,-1,-1,-,-,RIDE_both"
2026-07-13T14:00:00.000-04:00,"2026-7-13 14:00,2968.9,2966.83,2970.95,2974.57,0,0,-1,-1,-,-,neutral"
2026-07-13T14:05:00.000-04:00,"2026-7-13 14:05,2967.9,2967.01,2970.71,2974.31,0,0,-1,-1,-,-,neutral"
2026-07-13T14:10:00.000-04:00,"2026-7-13 14:10,2966.7,2966.74,2970.4,2974.01,-7,-1,0,-1,-,-,tide_only"
2026-07-13T14:15:00.000-04:00,"2026-7-13 14:15,2963.2,2965.27,2969.85,2973.59,-7,-1,0,-1,-,-,tide_only"
2026-07-13T14:20:00.000-04:00,"2026-7-13 14:20,2966.4,2965.41,2969.59,2973.31,0,0,0,-1,-,-,neutral"
2026-07-13T14:25:00.000-04:00,"2026-7-13 14:25,2964.8,2964.96,2969.22,2972.97,-7,-1,-1,-1,-,-,RIDE_both"
2026-07-13T14:30:00.000-04:00,"2026-7-13 14:30,2965.3,2964.85,2968.92,2972.67,-7,-1,-1,-1,-,-,RIDE_both"
2026-07-13T14:35:00.000-04:00,"2026-7-13 14:35,2967.2,2965.52,2968.78,2972.46,0,0,-1,-1,-,-,neutral"
2026-07-13T14:40:00.000-04:00,"2026-7-13 14:40,2968.6,2966.55,2968.77,2972.31,3,1,0,-1,B,-,FIGHT"
2026-07-13T14:45:00.000-04:00,"2026-7-13 14:45,2968.2,2967.18,2968.73,2972.14,3,1,0,-1,-,-,FIGHT"
2026-07-13T14:50:00.000-04:00,"2026-7-13 14:50,2968.5,2967.75,2968.71,2972,3,1,0,-1,-,-,FIGHT"
2026-07-13T14:55:00.000-04:00,"2026-7-13 14:55,2967.9,2967.95,2968.65,2971.84,0,0,0,-1,-,-,neutral"
2026-07-13T15:00:00.000-04:00,"2026-7-13 15:00,2969.8,2968.8,2968.74,2971.76,5,1,0,-1,-,-,FIGHT"
2026-07-13T15:05:00.000-04:00,"2026-7-13 15:05,2967.7,2968.62,2968.66,2971.6,0,0,0,-1,-,-,neutral"
2026-07-13T15:10:00.000-04:00,"2026-7-13 15:10,2967.8,2968.52,2968.59,2971.45,0,0,0,-1,-,-,neutral"
2026-07-13T15:15:00.000-04:00,"2026-7-13 15:15,2967.3,2968.24,2968.49,2971.29,-3,-1,0,-1,S,-,tide_only"
2026-07-13T15:20:00.000-04:00,"2026-7-13 15:20,2965.1,2967.21,2968.23,2971.05,-7,-1,0,-1,-,-,tide_only"
2026-07-13T15:25:00.000-04:00,"2026-7-13 15:25,2964.2,2966.12,2967.92,2970.78,-7,-1,-1,-1,-,-,RIDE_both"
2026-07-13T15:30:00.000-04:00,"2026-7-13 15:30,2964.1,2965.29,2967.63,2970.52,-7,-1,-1,-1,-,-,RIDE_both"
2026-07-13T15:35:00.000-04:00,"2026-7-13 15:35,2963.6,2964.51,2967.32,2970.25,-7,-1,-1,-1,-,-,RIDE_both"
2026-07-13T15:40:00.000-04:00,"2026-7-13 15:40,2967.1,2965.26,2967.3,2970.12,0,0,0,-1,-,-,neutral"
2026-07-13T15:45:00.000-04:00,"2026-7-13 15:45,2967.4,2965.94,2967.31,2970.02,3,1,0,-1,B,-,FIGHT"
2026-07-13T15:50:00.000-04:00,"2026-7-13 15:50,2968.4,2966.83,2967.39,2969.95,3,1,0,-1,-,-,FIGHT"
2026-07-13T15:55:00.000-04:00,"2026-7-13 15:55,2970.1,2968.11,2967.6,2969.96,5,1,0,0,-,-,FIGHT"
2026-07-13T16:00:00.000-04:00,"2026-7-13 16:00,2968.5,2968.45,2967.67,2969.9,5,1,0,0,-,-,FIGHT"
2026-07-13T16:05:00.000-04:00,"2026-7-13 16:05,2969.3,2968.98,2967.79,2969.88,5,1,0,0,-,-,FIGHT"
2026-07-13T16:10:00.000-04:00,"2026-7-13 16:10,2967.7,2968.75,2967.79,2969.79,0,0,0,0,-,-,neutral"
2026-07-13T16:15:00.000-04:00,"2026-7-13 16:15,2965,2967.56,2967.57,2969.6,0,0,0,0,-,-,neutral"
2026-07-13T16:20:00.000-04:00,"2026-7-13 16:20,2965.9,2967.01,2967.44,2969.46,-7,-1,0,0,S,-,FIGHT"
2026-07-13T16:25:00.000-04:00,"2026-7-13 16:25,2965.8,2966.56,2967.32,2969.31,-7,-1,-1,0,-,-,wave_only"
2026-07-13T16:30:00.000-04:00,"2026-7-13 16:30,2964.6,2965.79,2967.11,2969.13,-7,-1,-1,0,-,-,wave_only"
2026-07-13T16:35:00.000-04:00,"2026-7-13 16:35,2964.5,2965.2,2966.91,2968.95,-7,-1,-1,0,-,-,wave_only"
2026-07-13T16:40:00.000-04:00,"2026-7-13 16:40,2964.7,2964.86,2966.74,2968.78,-7,-1,-1,0,-,-,wave_only"
2026-07-13T16:45:00.000-04:00,"2026-7-13 16:45,2964.9,2964.7,2966.6,2968.63,-7,-1,-1,0,-,-,wave_only"
2026-07-13T16:50:00.000-04:00,"2026-7-13 16:50,2965.2,2964.72,2966.49,2968.5,0,0,-1,0,-,-,neutral"
2026-07-13T16:55:00.000-04:00,"2026-7-13 16:55,2965.3,2964.79,2966.4,2968.37,0,0,-1,-1,-,-,neutral"
2026-07-13T18:00:00.000-04:00,"2026-7-13 18:00,2967.9,2965.82,2966.51,2968.35,3,1,-1,-1,B,-,FIGHT"
2026-07-13T18:05:00.000-04:00,"2026-7-13 18:05,2967.7,2966.51,2966.6,2968.33,5,1,-1,-1,-,-,FIGHT"
2026-07-13T18:10:00.000-04:00,"2026-7-13 18:10,2966,2966.39,2966.56,2968.23,-3,-1,0,-1,S,-,tide_only"
2026-07-13T18:15:00.000-04:00,"2026-7-13 18:15,2965.6,2966.15,2966.48,2968.13,-7,-1,0,-1,-,-,tide_only"
2026-07-13T18:20:00.000-04:00,"2026-7-13 18:20,2964.4,2965.53,2966.32,2967.98,-7,-1,0,-1,-,-,tide_only"
2026-07-13T18:25:00.000-04:00,"2026-7-13 18:25,2964.6,2965.15,2966.19,2967.85,-7,-1,-1,-1,-,-,RIDE_both"
2026-07-13T18:30:00.000-04:00,"2026-7-13 18:30,2965.3,2965.13,2966.12,2967.75,-7,0,-1,-1,-,-,neutral"
2026-07-13T18:35:00.000-04:00,"2026-7-13 18:35,2964.5,2964.84,2966,2967.62,-7,-1,-1,-1,-,-,RIDE_both"
2026-07-13T18:40:00.000-04:00,"2026-7-13 18:40,2965.6,2965.04,2965.97,2967.55,3,1,0,-1,B,-,FIGHT"
2026-07-13T18:45:00.000-04:00,"2026-7-13 18:45,2965.9,2965.31,2965.96,2967.48,3,1,0,-1,-,-,FIGHT"
2026-07-13T18:50:00.000-04:00,"2026-7-13 18:50,2963.3,2964.55,2965.76,2967.32,-7,-1,0,-1,S,-,tide_only"
2026-07-13T18:55:00.000-04:00,"2026-7-13 18:55,2962.7,2963.77,2965.52,2967.14,-7,-1,-1,-1,-,-,RIDE_both"
2026-07-13T19:00:00.000-04:00,"2026-7-13 19:00,2961.8,2962.89,2965.24,2966.93,-7,-1,-1,-1,-,-,RIDE_both"
2026-07-13T19:05:00.000-04:00,"2026-7-13 19:05,2963.1,2962.75,2965.07,2966.78,-7,-1,-1,-1,-,-,RIDE_both"
2026-07-13T19:10:00.000-04:00,"2026-7-13 19:10,2962.5,2962.44,2964.87,2966.61,-7,-1,-1,-1,-,-,RIDE_both"
2026-07-13T19:15:00.000-04:00,"2026-7-13 19:15,2962.5,2962.25,2964.69,2966.45,-7,-1,-1,-1,-,-,RIDE_both"
2026-07-13T19:20:00.000-04:00,"2026-7-13 19:20,2963.6,2962.54,2964.61,2966.34,0,0,-1,-1,-,-,neutral"
2026-07-13T19:25:00.000-04:00,"2026-7-13 19:25,2962.4,2962.34,2964.44,2966.18,-7,-1,-1,-1,-,-,RIDE_both"
2026-07-13T19:30:00.000-04:00,"2026-7-13 19:30,2961.7,2961.95,2964.23,2966.01,-7,-1,-1,-1,-,-,RIDE_both"
2026-07-13T19:35:00.000-04:00,"2026-7-13 19:35,2962.3,2961.91,2964.08,2965.86,-7,0,-1,-1,-,-,neutral"
2026-07-13T19:40:00.000-04:00,"2026-7-13 19:40,2960.3,2961.16,2963.79,2965.64,-7,-1,-1,-1,-,-,RIDE_both"
2026-07-13T19:45:00.000-04:00,"2026-7-13 19:45,2961.2,2960.97,2963.59,2965.47,-7,-1,-1,-1,-,-,RIDE_both"
2026-07-13T19:50:00.000-04:00,"2026-7-13 19:50,2963.8,2961.82,2963.61,2965.4,0,0,-1,-1,-,-,neutral"
2026-07-13T19:55:00.000-04:00,"2026-7-13 19:55,2965.4,2963.06,2963.74,2965.4,3,1,0,0,B,-,FIGHT"
2026-07-13T20:00:00.000-04:00,"2026-7-13 20:00,2961.2,2962.42,2963.55,2965.24,-7,-1,0,0,S,-,FIGHT"
2026-07-13T20:05:00.000-04:00,"2026-7-13 20:05,2960.5,2961.7,2963.31,2965.05,-7,-1,0,0,-,-,FIGHT"
2026-07-13T20:10:00.000-04:00,"2026-7-13 20:10,2965.4,2962.99,2963.47,2965.07,3,1,1,0,B,-,wave_only"
2026-07-13T20:15:00.000-04:00,"2026-7-13 20:15,2958.3,2961.32,2963.08,2964.8,-7,-1,1,0,S,-,FIGHT"
2026-07-13T20:20:00.000-04:00,"2026-7-13 20:20,2960.6,2960.95,2962.89,2964.64,-7,-1,1,0,-,-,FIGHT"
2026-07-13T20:25:00.000-04:00,"2026-7-13 20:25,2960,2960.47,2962.66,2964.45,-7,-1,-1,0,-,-,wave_only"
2026-07-13T20:30:00.000-04:00,"2026-7-13 20:30,2962.2,2960.95,2962.63,2964.37,3,0,-1,0,-,-,neutral"
2026-07-13T20:35:00.000-04:00,"2026-7-13 20:35,2960.4,2960.66,2962.46,2964.21,-7,-1,-1,0,-,-,wave_only"
2026-07-13T20:40:00.000-04:00,"2026-7-13 20:40,2957.7,2959.46,2962.09,2963.95,-7,-1,-1,0,-,-,wave_only"
2026-07-13T20:45:00.000-04:00,"2026-7-13 20:45,2961.4,2959.98,2962.04,2963.85,0,0,-1,0,-,-,neutral"
2026-07-13T20:50:00.000-04:00,"2026-7-13 20:50,2965.1,2961.74,2962.27,2963.9,3,1,-1,0,B,-,FIGHT"
2026-07-13T20:55:00.000-04:00,"2026-7-13 20:55,2966,2963.39,2962.56,2963.99,5,1,0,0,-,-,FIGHT"
2026-07-13T21:00:00.000-04:00,"2026-7-13 21:00,2966.2,2964.66,2962.84,2964.07,5,1,0,0,-,-,FIGHT"
2026-07-13T21:05:00.000-04:00,"2026-7-13 21:05,2966.4,2965.63,2963.11,2964.16,5,1,0,0,-,-,FIGHT"
2026-07-13T21:10:00.000-04:00,"2026-7-13 21:10,2965.6,2966.02,2963.3,2964.22,5,1,1,0,-,-,wave_only"
2026-07-13T21:15:00.000-04:00,"2026-7-13 21:15,2967.6,2967,2963.64,2964.35,5,1,1,0,-,-,wave_only"
2026-07-13T21:20:00.000-04:00,"2026-7-13 21:20,2966.9,2967.42,2963.89,2964.45,0,0,1,0,-,-,neutral"
2026-07-13T21:25:00.000-04:00,"2026-7-13 21:25,2967.8,2968,2964.19,2964.58,5,1,1,0,-,-,wave_only"
2026-07-13T21:30:00.000-04:00,"2026-7-13 21:30,2966.9,2968.05,2964.4,2964.67,0,0,1,0,-,-,neutral"
2026-07-13T21:35:00.000-04:00,"2026-7-13 21:35,2964.6,2967.18,2964.41,2964.67,0,0,1,0,-,-,neutral"
2026-07-13T21:40:00.000-04:00,"2026-7-13 21:40,2965,2966.65,2964.46,2964.68,0,0,0,0,-,-,neutral"
2026-07-13T21:45:00.000-04:00,"2026-7-13 21:45,2966.5,2966.78,2964.61,2964.76,0,0,0,0,-,-,neutral"
2026-07-13T21:50:00.000-04:00,"2026-7-13 21:50,2964.6,2966.15,2964.61,2964.75,0,0,0,0,-,-,neutral"
2026-07-13T21:55:00.000-04:00,"2026-7-13 21:55,2963.4,2965.23,2964.52,2964.7,0,0,-1,-1,-,-,neutral"
2026-07-13T22:00:00.000-04:00,"2026-7-13 22:00,2965.3,2965.24,2964.58,2964.72,0,0,-1,-1,-,-,neutral"
2026-07-13T22:05:00.000-04:00,"2026-7-13 22:05,2965.1,2965.17,2964.62,2964.74,0,0,-1,-1,-,-,neutral"
2026-07-13T22:10:00.000-04:00,"2026-7-13 22:10,2963.1,2964.38,2964.5,2964.67,-5,-1,-1,-1,S,SELL,RIDE_both"
2026-07-13T22:15:00.000-04:00,"2026-7-13 22:15,2962.1,2963.43,2964.32,2964.57,-7,-1,-1,-1,-,-,RIDE_both"
2026-07-13T22:20:00.000-04:00,"2026-7-13 22:20,2960.2,2962.04,2964,2964.4,-7,-1,-1,-1,-,-,RIDE_both"
2026-07-13T22:25:00.000-04:00,"2026-7-13 22:25,2962,2961.71,2963.85,2964.3,-5,-1,-1,-1,-,-,RIDE_both"
2026-07-13T22:30:00.000-04:00,"2026-7-13 22:30,2960.4,2960.91,2963.58,2964.15,-5,-1,-1,-1,-,-,RIDE_both"
2026-07-13T22:35:00.000-04:00,"2026-7-13 22:35,2962.9,2961.29,2963.53,2964.1,0,0,-1,-1,-,-,neutral"
2026-07-13T22:40:00.000-04:00,"2026-7-13 22:40,2963.2,2961.71,2963.5,2964.07,0,0,0,-1,-,-,neutral"
2026-07-13T22:45:00.000-04:00,"2026-7-13 22:45,2963.4,2962.12,2963.5,2964.04,0,0,0,-1,-,-,neutral"
2026-07-13T22:50:00.000-04:00,"2026-7-13 22:50,2959.8,2961.11,2963.21,2963.87,-7,-1,0,-1,-,-,tide_only"
2026-07-13T22:55:00.000-04:00,"2026-7-13 22:55,2959.6,2960.32,2962.93,2963.71,-7,-1,-1,-1,-,-,RIDE_both"
2026-07-13T23:00:00.000-04:00,"2026-7-13 23:00,2959.3,2959.66,2962.65,2963.53,-7,-1,-1,-1,-,-,RIDE_both"
2026-07-13T23:05:00.000-04:00,"2026-7-13 23:05,2958.8,2959.02,2962.36,2963.35,-7,-1,-1,-1,-,-,RIDE_both"
2026-07-13T23:10:00.000-04:00,"2026-7-13 23:10,2958.5,2958.49,2962.06,2963.16,-7,-1,-1,-1,-,-,RIDE_both"
2026-07-13T23:15:00.000-04:00,"2026-7-13 23:15,2957.6,2957.8,2961.72,2962.94,-7,-1,-1,-1,-,-,RIDE_both"
2026-07-13T23:20:00.000-04:00,"2026-7-13 23:20,2958.1,2957.53,2961.44,2962.75,0,0,-1,-1,-,-,neutral"
2026-07-13T23:25:00.000-04:00,"2026-7-13 23:25,2959.9,2958.04,2961.32,2962.64,0,0,-1,-1,-,-,neutral"
2026-07-13T23:30:00.000-04:00,"2026-7-13 23:30,2958.7,2958.02,2961.12,2962.48,0,0,-1,-1,-,-,neutral"
2026-07-13T23:35:00.000-04:00,"2026-7-13 23:35,2959.5,2958.33,2961,2962.37,0,0,-1,-1,-,-,neutral"
2026-07-13T23:40:00.000-04:00,"2026-7-13 23:40,2958.9,2958.37,2960.83,2962.23,0,0,-1,-1,-,-,neutral"
2026-07-13T23:45:00.000-04:00,"2026-7-13 23:45,2959.6,2958.68,2960.74,2962.13,0,0,-1,-1,-,-,neutral"
2026-07-13T23:50:00.000-04:00,"2026-7-13 23:50,2961.7,2959.71,2960.81,2962.11,3,0,-1,-1,-,-,neutral"
2026-07-13T23:55:00.000-04:00,"2026-7-13 23:55,2961.9,2960.55,2960.9,2962.1,3,1,0,-1,B,-,FIGHT"
2026-07-14T00:00:00.000-04:00,"2026-7-14 0:00,2962.6,2961.42,2961.03,2962.12,5,1,0,-1,-,-,FIGHT"
2026-07-14T00:05:00.000-04:00,"2026-7-14 0:05,2960.5,2961.28,2960.99,2962.06,0,0,0,-1,-,-,neutral"
2026-07-14T00:10:00.000-04:00,"2026-7-14 0:10,2960.1,2961.01,2960.92,2961.98,0,0,-1,-1,-,-,neutral"
2026-07-14T00:15:00.000-04:00,"2026-7-14 0:15,2960.6,2960.98,2960.89,2961.93,0,0,-1,-1,-,-,neutral"
2026-07-14T00:20:00.000-04:00,"2026-7-14 0:20,2962.3,2961.58,2961,2961.94,5,1,-1,-1,-,-,FIGHT"
2026-07-14T00:25:00.000-04:00,"2026-7-14 0:25,2963.4,2962.42,2961.19,2962,5,1,1,-1,-,-,wave_only"
2026-07-14T00:30:00.000-04:00,"2026-7-14 0:30,2965,2963.61,2961.48,2962.12,5,1,1,-1,-,-,wave_only"
2026-07-14T00:35:00.000-04:00,"2026-7-14 0:35,2967.4,2965.34,2961.94,2962.32,5,1,1,-1,-,-,wave_only"
2026-07-14T00:40:00.000-04:00,"2026-7-14 0:40,2966.9,2966.39,2962.32,2962.5,5,1,1,-1,-,-,wave_only"
2026-07-14T00:45:00.000-04:00,"2026-7-14 0:45,2968.4,2967.65,2962.79,2962.74,5,1,1,-1,-,-,wave_only"
2026-07-14T00:50:00.000-04:00,"2026-7-14 0:50,2968,2968.37,2963.19,2962.94,5,1,1,-1,-,-,wave_only"
2026-07-14T00:55:00.000-04:00,"2026-7-14 0:55,2968.9,2969.17,2963.63,2963.18,5,1,1,0,-,-,wave_only"
2026-07-14T01:00:00.000-04:00,"2026-7-14 1:00,2969.9,2970.05,2964.11,2963.44,5,1,1,0,-,-,wave_only"
2026-07-14T01:05:00.000-04:00,"2026-7-14 1:05,2970.4,2970.8,2964.59,2963.71,5,1,1,0,-,-,wave_only"
2026-07-14T01:10:00.000-04:00,"2026-7-14 1:10,2970.8,2971.43,2965.07,2963.99,7,1,1,0,-,-,wave_only"
2026-07-14T01:15:00.000-04:00,"2026-7-14 1:15,2970.2,2971.59,2965.46,2964.23,0,0,1,0,-,-,neutral"
2026-07-14T01:20:00.000-04:00,"2026-7-14 1:20,2972.4,2972.45,2966,2964.55,7,1,1,0,-,-,wave_only"
2026-07-14T01:25:00.000-04:00,"2026-7-14 1:25,2973.5,2973.41,2966.58,2964.9,7,1,1,0,-,-,wave_only"
2026-07-14T01:30:00.000-04:00,"2026-7-14 1:30,2973.2,2973.93,2967.08,2965.23,0,0,1,0,-,-,neutral"
2026-07-14T01:35:00.000-04:00,"2026-7-14 1:35,2973.7,2974.42,2967.59,2965.56,0,0,1,0,-,-,neutral"
2026-07-14T01:40:00.000-04:00,"2026-7-14 1:40,2973.8,2974.74,2968.07,2965.89,0,0,1,0,-,-,neutral"
2026-07-14T01:45:00.000-04:00,"2026-7-14 1:45,2974.5,2975.16,2968.57,2966.22,7,1,1,0,-,-,wave_only"
2026-07-14T01:50:00.000-04:00,"2026-7-14 1:50,2974,2975.21,2968.98,2966.53,0,0,1,0,-,-,neutral"
2026-07-14T01:55:00.000-04:00,"2026-7-14 1:55,2973.4,2974.96,2969.32,2966.8,0,0,1,0,-,-,neutral"
2026-07-14T02:00:00.000-04:00,"2026-7-14 2:00,2972.5,2974.39,2969.57,2967.02,0,0,1,0,-,-,neutral"
2026-07-14T02:05:00.000-04:00,"2026-7-14 2:05,2972,2973.73,2969.75,2967.22,0,0,1,0,-,-,neutral"
2026-07-14T02:10:00.000-04:00,"2026-7-14 2:10,2972.6,2973.44,2969.97,2967.43,0,0,0,0,-,-,neutral"
2026-07-14T02:15:00.000-04:00,"2026-7-14 2:15,2973.9,2973.67,2970.28,2967.68,7,1,0,0,-,-,FIGHT"
2026-07-14T02:20:00.000-04:00,"2026-7-14 2:20,2972,2973.12,2970.41,2967.85,0,0,0,0,-,-,neutral"
2026-07-14T02:25:00.000-04:00,"2026-7-14 2:25,2970.7,2972.22,2970.43,2967.96,0,0,0,0,-,-,neutral"
2026-07-14T02:30:00.000-04:00,"2026-7-14 2:30,2971.2,2971.73,2970.49,2968.09,0,0,0,0,-,-,neutral"
2026-07-14T02:35:00.000-04:00,"2026-7-14 2:35,2969.6,2970.78,2970.42,2968.15,-3,-1,0,0,S,-,FIGHT"
2026-07-14T02:40:00.000-04:00,"2026-7-14 2:40,2968.2,2969.58,2970.25,2968.15,-5,-1,0,0,-,-,FIGHT"
2026-07-14T02:45:00.000-04:00,"2026-7-14 2:45,2966.7,2968.16,2969.98,2968.09,-5,-1,0,0,-,-,FIGHT"
2026-07-14T02:50:00.000-04:00,"2026-7-14 2:50,2966.4,2967.05,2969.7,2968.03,-5,-1,0,0,-,-,FIGHT"
2026-07-14T02:55:00.000-04:00,"2026-7-14 2:55,2965.7,2966.01,2969.39,2967.94,-5,-1,0,0,-,-,FIGHT"
2026-07-14T03:00:00.000-04:00,"2026-7-14 3:00,2967.9,2966.13,2969.28,2967.93,0,0,0,0,-,-,neutral"
2026-07-14T03:05:00.000-04:00,"2026-7-14 3:05,2969.2,2966.75,2969.27,2967.98,0,0,0,0,-,-,neutral"
2026-07-14T03:10:00.000-04:00,"2026-7-14 3:10,2970.2,2967.63,2969.34,2968.07,0,0,0,0,-,-,neutral"
2026-07-14T03:15:00.000-04:00,"2026-7-14 3:15,2968.3,2967.6,2969.26,2968.08,0,0,0,0,-,-,neutral"
2026-07-14T03:20:00.000-04:00,"2026-7-14 3:20,2968.4,2967.65,2969.2,2968.09,0,0,0,0,-,-,neutral"
2026-07-14T03:25:00.000-04:00,"2026-7-14 3:25,2968.1,2967.6,2969.11,2968.09,0,0,0,0,-,-,neutral"
2026-07-14T03:30:00.000-04:00,"2026-7-14 3:30,2966.9,2967.14,2968.94,2968.05,-5,-1,0,0,-,-,FIGHT"
2026-07-14T03:35:00.000-04:00,"2026-7-14 3:35,2966.2,2966.57,2968.73,2967.97,-5,-1,0,0,-,-,FIGHT"
2026-07-14T03:40:00.000-04:00,"2026-7-14 3:40,2962.4,2964.78,2968.24,2967.76,-5,-1,0,0,-,-,FIGHT"
2026-07-14T03:45:00.000-04:00,"2026-7-14 3:45,2964.3,2964.2,2967.94,2967.62,-5,-1,0,0,-,-,FIGHT"
2026-07-14T03:50:00.000-04:00,"2026-7-14 3:50,2966.5,2964.64,2967.83,2967.58,0,0,0,0,-,-,neutral"
2026-07-14T03:55:00.000-04:00,"2026-7-14 3:55,2965.7,2964.71,2967.67,2967.5,0,0,-1,0,-,-,neutral"
2026-07-14T04:00:00.000-04:00,"2026-7-14 4:00,2965.3,2964.65,2967.48,2967.42,0,0,-1,0,-,-,neutral"
2026-07-14T04:05:00.000-04:00,"2026-7-14 4:05,2962.3,2963.54,2967.09,2967.22,-7,-1,-1,0,-,-,wave_only"
2026-07-14T04:10:00.000-04:00,"2026-7-14 4:10,2964.2,2963.46,2966.86,2967.1,0,0,-1,0,-,-,neutral"
2026-07-14T04:15:00.000-04:00,"2026-7-14 4:15,2966.8,2964.4,2966.86,2967.09,0,0,-1,0,-,-,neutral"
2026-07-14T04:20:00.000-04:00,"2026-7-14 4:20,2965.5,2964.65,2966.75,2967.02,0,0,-1,0,-,-,neutral"
2026-07-14T04:25:00.000-04:00,"2026-7-14 4:25,2967.7,2965.66,2966.83,2967.05,0,0,1,0,-,-,neutral"
2026-07-14T04:30:00.000-04:00,"2026-7-14 4:30,2966.3,2965.91,2966.79,2967.02,0,0,1,0,-,-,neutral"
2026-07-14T04:35:00.000-04:00,"2026-7-14 4:35,2965.1,2965.64,2966.66,2966.94,-5,-1,1,0,-,-,FIGHT"
2026-07-14T04:40:00.000-04:00,"2026-7-14 4:40,2964.2,2965.12,2966.47,2966.84,-5,-1,-1,0,-,-,wave_only"
2026-07-14T04:45:00.000-04:00,"2026-7-14 4:45,2962,2963.93,2966.12,2966.65,-7,-1,-1,0,-,-,wave_only"
2026-07-14T04:50:00.000-04:00,"2026-7-14 4:50,2963.7,2963.7,2965.94,2966.53,-5,-1,-1,0,-,-,wave_only"
2026-07-14T04:55:00.000-04:00,"2026-7-14 4:55,2961.8,2962.85,2965.62,2966.35,-7,-1,-1,-1,-,-,RIDE_both"
2026-07-14T05:00:00.000-04:00,"2026-7-14 5:00,2963.4,2962.85,2965.45,2966.23,0,0,-1,-1,-,-,neutral"
2026-07-14T05:05:00.000-04:00,"2026-7-14 5:05,2965.5,2963.65,2965.45,2966.2,0,0,-1,-1,-,-,neutral"
2026-07-14T05:10:00.000-04:00,"2026-7-14 5:10,2967.8,2965.11,2965.63,2966.26,3,1,1,-1,B,-,wave_only"
2026-07-14T05:15:00.000-04:00,"2026-7-14 5:15,2965.7,2965.41,2965.64,2966.24,3,1,1,-1,-,-,wave_only"
2026-07-14T05:20:00.000-04:00,"2026-7-14 5:20,2964.2,2965.07,2965.53,2966.16,-5,-1,1,-1,S,-,tide_only"
2026-07-14T05:25:00.000-04:00,"2026-7-14 5:25,2963,2964.37,2965.33,2966.04,-7,-1,-1,-1,-,-,RIDE_both"
2026-07-14T05:30:00.000-04:00,"2026-7-14 5:30,2963.9,2964.2,2965.22,2965.95,-7,-1,-1,-1,-,-,RIDE_both"
2026-07-14T05:35:00.000-04:00,"2026-7-14 5:35,2964.9,2964.44,2965.2,2965.91,0,0,-1,-1,-,-,neutral"
2026-07-14T05:40:00.000-04:00,"2026-7-14 5:40,2964.6,2964.51,2965.15,2965.86,0,0,0,-1,-,-,neutral"
2026-07-14T05:45:00.000-04:00,"2026-7-14 5:45,2966.7,2965.35,2965.27,2965.89,5,1,0,-1,B,-,FIGHT"
2026-07-14T05:50:00.000-04:00,"2026-7-14 5:50,2966,2965.7,2965.33,2965.9,5,1,0,-1,-,-,FIGHT"
2026-07-14T05:55:00.000-04:00,"2026-7-14 5:55,2965.4,2965.72,2965.33,2965.88,0,0,0,0,-,-,neutral"
2026-07-14T06:00:00.000-04:00,"2026-7-14 6:00,2966.7,2966.21,2965.44,2965.91,5,1,0,0,-,-,FIGHT"
2026-07-14T06:05:00.000-04:00,"2026-7-14 6:05,2966.5,2966.48,2965.52,2965.93,5,1,0,0,-,-,FIGHT"
2026-07-14T06:10:00.000-04:00,"2026-7-14 6:10,2965.6,2966.33,2965.53,2965.92,0,0,0,0,-,-,neutral"
2026-07-14T06:15:00.000-04:00,"2026-7-14 6:15,2966.4,2966.5,2965.59,2965.94,5,1,0,0,-,-,FIGHT"
2026-07-14T06:20:00.000-04:00,"2026-7-14 6:20,2967.7,2967.09,2965.76,2966.01,5,1,0,0,-,-,FIGHT"
2026-07-14T06:25:00.000-04:00,"2026-7-14 6:25,2967.2,2967.32,2965.87,2966.06,5,1,0,0,-,-,FIGHT"
2026-07-14T06:30:00.000-04:00,"2026-7-14 6:30,2967.3,2967.5,2965.98,2966.1,3,1,0,0,-,-,FIGHT"
2026-07-14T06:35:00.000-04:00,"2026-7-14 6:35,2970.2,2968.69,2966.3,2966.27,7,1,0,0,-,-,FIGHT"
2026-07-14T06:40:00.000-04:00,"2026-7-14 6:40,2968.5,2968.91,2966.47,2966.35,5,0,1,0,-,-,neutral"
2026-07-14T06:45:00.000-04:00,"2026-7-14 6:45,2970.4,2969.73,2966.77,2966.51,7,1,1,0,-,-,wave_only"
2026-07-14T06:50:00.000-04:00,"2026-7-14 6:50,2968,2969.42,2966.87,2966.57,0,0,1,0,-,-,neutral"
2026-07-14T06:55:00.000-04:00,"2026-7-14 6:55,2967.7,2969.04,2966.93,2966.61,0,0,1,0,-,-,neutral"
2026-07-14T07:00:00.000-04:00,"2026-7-14 7:00,2966.8,2968.4,2966.92,2966.62,0,0,1,0,-,-,neutral"
2026-07-14T07:05:00.000-04:00,"2026-7-14 7:05,2966,2967.61,2966.85,2966.6,0,0,1,0,-,-,neutral"
2026-07-14T07:10:00.000-04:00,"2026-7-14 7:10,2969.6,2968.36,2967.06,2966.72,7,1,1,0,-,-,wave_only"
2026-07-14T07:15:00.000-04:00,"2026-7-14 7:15,2970.4,2969.19,2967.32,2966.86,7,1,1,0,-,-,wave_only"
2026-07-14T07:20:00.000-04:00,"2026-7-14 7:20,2973.7,2971.01,2967.81,2967.13,7,1,1,0,-,-,wave_only"
2026-07-14T07:25:00.000-04:00,"2026-7-14 7:25,2971.4,2971.46,2968.09,2967.3,5,1,1,0,-,-,wave_only"
2026-07-14T07:30:00.000-04:00,"2026-7-14 7:30,2972.3,2972.09,2968.41,2967.49,5,1,1,0,-,-,wave_only"
2026-07-14T07:35:00.000-04:00,"2026-7-14 7:35,2971.6,2972.25,2968.66,2967.65,0,0,1,0,-,-,neutral"
2026-07-14T07:40:00.000-04:00,"2026-7-14 7:40,2970.1,2971.77,2968.77,2967.75,0,0,1,0,-,-,neutral"
2026-07-14T07:45:00.000-04:00,"2026-7-14 7:45,2971.6,2971.93,2968.98,2967.9,0,0,1,0,-,-,neutral"
2026-07-14T07:50:00.000-04:00,"2026-7-14 7:50,2970.4,2971.58,2969.09,2968,0,0,1,0,-,-,neutral"
2026-07-14T07:55:00.000-04:00,"2026-7-14 7:55,2971.2,2971.59,2969.26,2968.12,3,1,1,1,-,-,RIDE_both"
2026-07-14T08:00:00.000-04:00,"2026-7-14 8:00,2968.2,2970.46,2969.17,2968.13,0,0,1,1,-,-,neutral"
2026-07-14T08:05:00.000-04:00,"2026-7-14 8:05,2966.4,2968.95,2968.96,2968.06,-5,-1,1,1,S,-,FIGHT"
2026-07-14T08:10:00.000-04:00,"2026-7-14 8:10,2967.5,2968.25,2968.85,2968.04,-5,-1,0,1,-,-,FIGHT"
2026-07-14T08:15:00.000-04:00,"2026-7-14 8:15,2969.6,2968.53,2968.91,2968.1,0,0,0,1,-,-,neutral"
2026-07-14T08:20:00.000-04:00,"2026-7-14 8:20,2974.5,2970.57,2969.34,2968.35,7,1,0,1,B,-,tide_only"
2026-07-14T08:25:00.000-04:00,"2026-7-14 8:25,2976.4,2972.77,2969.88,2968.66,7,1,1,1,-,-,RIDE_both"
2026-07-14T08:30:00.000-04:00,"2026-7-14 8:30,3012.5,2987.73,2973.16,2970.38,7,1,1,1,-,-,RIDE_both"
2026-07-14T08:35:00.000-04:00,"2026-7-14 8:35,3005.3,2995.94,2975.63,2971.75,7,1,1,1,-,-,RIDE_both"
2026-07-14T08:40:00.000-04:00,"2026-7-14 8:40,3002.5,3000.7,2977.7,2972.96,7,1,1,1,-,-,RIDE_both"
2026-07-14T08:45:00.000-04:00,"2026-7-14 8:45,2996.4,3001.65,2979.14,2973.88,0,0,1,1,-,-,neutral"
2026-07-14T08:50:00.000-04:00,"2026-7-14 8:50,2991.3,3000.17,2980.07,2974.56,0,0,1,1,-,-,neutral"
2026-07-14T08:55:00.000-04:00,"2026-7-14 8:55,2990.5,2998.52,2980.87,2975.19,0,0,1,1,-,-,neutral"
2026-07-14T09:00:00.000-04:00,"2026-7-14 9:00,2990.6,2997.13,2981.62,2975.79,0,0,1,1,-,-,neutral"
2026-07-14T09:05:00.000-04:00,"2026-7-14 9:05,2988.4,2995.1,2982.14,2976.29,0,0,1,1,-,-,neutral"
2026-07-14T09:10:00.000-04:00,"2026-7-14 9:10,2988.9,2993.65,2982.66,2976.78,0,0,1,1,-,-,neutral"
2026-07-14T09:15:00.000-04:00,"2026-7-14 9:15,2986.7,2991.65,2982.97,2977.17,0,0,1,1,-,-,neutral"
2026-07-14T09:20:00.000-04:00,"2026-7-14 9:20,2989.8,2991.25,2983.5,2977.66,0,0,1,1,-,-,neutral"
2026-07-14T09:25:00.000-04:00,"2026-7-14 9:25,2990.2,2991.04,2984.01,2978.16,0,0,1,1,-,-,neutral"
2026-07-14T09:30:00.000-04:00,"2026-7-14 9:30,2981.9,2987.77,2983.85,2978.3,-3,-1,1,1,S,-,FIGHT"
2026-07-14T09:35:00.000-04:00,"2026-7-14 9:35,2992.2,2989.15,2984.49,2978.85,7,1,1,1,B,BUY,RIDE_both"
2026-07-14T09:40:00.000-04:00,"2026-7-14 9:40,2993.1,2990.49,2985.16,2979.41,7,1,0,1,-,-,tide_only"
2026-07-14T09:45:00.000-04:00,"2026-7-14 9:45,2986.9,2989.16,2985.29,2979.7,0,0,0,1,-,-,neutral"
2026-07-14T09:50:00.000-04:00,"2026-7-14 9:50,2984.3,2987.2,2985.21,2979.88,-3,-1,0,1,S,-,FIGHT"
2026-07-14T09:55:00.000-04:00,"2026-7-14 9:55,2983.6,2985.51,2985.09,2980.03,-5,-1,0,1,-,-,FIGHT"
2026-07-14T10:00:00.000-04:00,"2026-7-14 10:00,2977.3,2981.96,2984.49,2979.92,-5,-1,0,1,-,-,FIGHT"
2026-07-14T10:05:00.000-04:00,"2026-7-14 10:05,2977.2,2979.37,2983.93,2979.81,-5,-1,0,1,-,-,FIGHT"
2026-07-14T10:10:00.000-04:00,"2026-7-14 10:10,2978.1,2977.88,2983.48,2979.75,-5,-1,0,1,-,-,FIGHT"
2026-07-14T10:15:00.000-04:00,"2026-7-14 10:15,2976.8,2976.41,2982.97,2979.63,-5,-1,0,1,-,-,FIGHT"
2026-07-14T10:20:00.000-04:00,"2026-7-14 10:20,2977.5,2975.7,2982.55,2979.55,-5,-1,0,1,-,-,FIGHT"
2026-07-14T10:25:00.000-04:00,"2026-7-14 10:25,2979.5,2976.04,2982.31,2979.55,0,0,0,1,-,-,neutral"
2026-07-14T10:30:00.000-04:00,"2026-7-14 10:30,2985.7,2978.69,2982.57,2979.79,0,0,0,1,-,-,neutral"
2026-07-14T10:35:00.000-04:00,"2026-7-14 10:35,2983.8,2980.01,2982.67,2979.94,0,0,0,1,-,-,neutral"
2026-07-14T10:40:00.000-04:00,"2026-7-14 10:40,2978.4,2979.04,2982.34,2979.88,-5,-1,0,1,-,-,FIGHT"
2026-07-14T10:45:00.000-04:00,"2026-7-14 10:45,2978.2,2978.3,2982.02,2979.82,-5,-1,0,1,-,-,FIGHT"
2026-07-14T10:50:00.000-04:00,"2026-7-14 10:50,2980.8,2978.77,2981.93,2979.86,0,0,0,1,-,-,neutral"
2026-07-14T10:55:00.000-04:00,"2026-7-14 10:55,2980.6,2979.09,2981.82,2979.88,0,0,0,1,-,-,neutral"
2026-07-14T11:00:00.000-04:00,"2026-7-14 11:00,2983.7,2980.52,2981.97,2980.03,0,0,0,1,-,-,neutral"
2026-07-14T11:05:00.000-04:00,"2026-7-14 11:05,2984.6,2981.92,2982.17,2980.21,7,0,0,1,-,-,neutral"
2026-07-14T11:10:00.000-04:00,"2026-7-14 11:10,2984.2,2982.82,2982.33,2980.37,7,1,1,1,B,BUY,RIDE_both"
2026-07-14T11:15:00.000-04:00,"2026-7-14 11:15,2980.7,2982.17,2982.2,2980.38,-5,0,1,1,-,-,neutral"
2026-07-14T11:20:00.000-04:00,"2026-7-14 11:20,2984.7,2983.17,2982.39,2980.55,7,1,1,1,-,-,RIDE_both"
2026-07-14T11:25:00.000-04:00,"2026-7-14 11:25,2983.7,2983.53,2982.49,2980.68,7,1,1,1,-,-,RIDE_both"
2026-07-14T11:30:00.000-04:00,"2026-7-14 11:30,2979.5,2982.22,2982.26,2980.63,-5,-1,1,1,S,-,FIGHT"
2026-07-14T11:35:00.000-04:00,"2026-7-14 11:35,2978.7,2980.96,2981.99,2980.55,-5,-1,1,1,-,-,FIGHT"
2026-07-14T11:40:00.000-04:00,"2026-7-14 11:40,2979.8,2980.44,2981.82,2980.52,-5,-1,0,1,-,-,FIGHT"
2026-07-14T11:45:00.000-04:00,"2026-7-14 11:45,2981.3,2980.63,2981.78,2980.55,0,0,0,1,-,-,neutral"
2026-07-14T11:50:00.000-04:00,"2026-7-14 11:50,2979.3,2980.04,2981.59,2980.51,-5,-1,0,1,-,-,FIGHT"
2026-07-14T11:55:00.000-04:00,"2026-7-14 11:55,2981.1,2980.3,2981.55,2980.53,0,0,0,1,-,-,neutral"
2026-07-14T12:00:00.000-04:00,"2026-7-14 12:00,2979.2,2979.8,2981.37,2980.48,-5,-1,0,1,-,-,FIGHT"
2026-07-14T12:05:00.000-04:00,"2026-7-14 12:05,2980.4,2979.89,2981.3,2980.47,0,0,0,1,-,-,neutral"
2026-07-14T12:10:00.000-04:00,"2026-7-14 12:10,2981.1,2980.23,2981.28,2980.5,0,0,0,1,-,-,neutral"
2026-07-14T12:15:00.000-04:00,"2026-7-14 12:15,2980.7,2980.35,2981.24,2980.51,0,0,0,1,-,-,neutral"
2026-07-14T12:20:00.000-04:00,"2026-7-14 12:20,2979.6,2980.04,2981.11,2980.47,-5,-1,0,1,-,-,FIGHT"
2026-07-14T12:25:00.000-04:00,"2026-7-14 12:25,2981.6,2980.56,2981.15,2980.51,0,0,0,1,-,-,neutral"
2026-07-14T12:30:00.000-04:00,"2026-7-14 12:30,2982.8,2981.39,2981.28,2980.6,7,1,0,1,B,-,tide_only"
2026-07-14T12:35:00.000-04:00,"2026-7-14 12:35,2981,2981.33,2981.25,2980.62,0,0,0,1,-,-,neutral"
2026-07-14T12:40:00.000-04:00,"2026-7-14 12:40,2981.5,2981.47,2981.27,2980.65,0,0,0,1,-,-,neutral"
2026-07-14T12:45:00.000-04:00,"2026-7-14 12:45,2980.7,2981.27,2981.23,2980.66,-5,0,0,1,-,-,neutral"
2026-07-14T12:50:00.000-04:00,"2026-7-14 12:50,2980.2,2980.93,2981.15,2980.64,-5,-1,0,1,S,-,FIGHT"
2026-07-14T12:55:00.000-04:00,"2026-7-14 12:55,2979.6,2980.46,2981.03,2980.6,-5,-1,0,0,-,-,FIGHT"
2026-07-14T13:00:00.000-04:00,"2026-7-14 13:00,2978.9,2979.85,2980.87,2980.53,-5,-1,0,0,-,-,FIGHT"
2026-07-14T13:05:00.000-04:00,"2026-7-14 13:05,2979.4,2979.6,2980.75,2980.49,-5,-1,0,0,-,-,FIGHT"
2026-07-14T13:10:00.000-04:00,"2026-7-14 13:10,2977.8,2978.84,2980.53,2980.38,-5,-1,0,0,-,-,FIGHT"
2026-07-14T13:15:00.000-04:00,"2026-7-14 13:15,2978.2,2978.44,2980.35,2980.3,-5,-1,0,0,-,-,FIGHT"
2026-07-14T13:20:00.000-04:00,"2026-7-14 13:20,2979.4,2978.62,2980.28,2980.26,0,0,0,0,-,-,neutral"
2026-07-14T13:25:00.000-04:00,"2026-7-14 13:25,2979.1,2978.65,2980.18,2980.22,0,0,-1,0,-,-,neutral"
2026-07-14T13:30:00.000-04:00,"2026-7-14 13:30,2978,2978.29,2980.02,2980.13,-5,-1,-1,0,-,-,wave_only"
2026-07-14T13:35:00.000-04:00,"2026-7-14 13:35,2978.6,2978.27,2979.91,2980.07,0,0,-1,0,-,-,neutral"
2026-07-14T13:40:00.000-04:00,"2026-7-14 13:40,2978.1,2978.08,2979.77,2979.99,-5,-1,-1,0,-,-,wave_only"
2026-07-14T13:45:00.000-04:00,"2026-7-14 13:45,2978.2,2978,2979.65,2979.92,-5,-1,-1,0,-,-,wave_only"
2026-07-14T13:50:00.000-04:00,"2026-7-14 13:50,2979.2,2978.33,2979.61,2979.89,0,0,-1,0,-,-,neutral"
2026-07-14T13:55:00.000-04:00,"2026-7-14 13:55,2979,2978.51,2979.57,2979.86,0,0,0,0,-,-,neutral"
2026-07-14T14:00:00.000-04:00,"2026-7-14 14:00,2981.2,2979.46,2979.69,2979.91,0,0,0,0,-,-,neutral"
2026-07-14T14:05:00.000-04:00,"2026-7-14 14:05,2980.8,2980.02,2979.78,2979.95,7,1,0,0,B,-,FIGHT"
2026-07-14T14:10:00.000-04:00,"2026-7-14 14:10,2981.8,2980.79,2979.93,2980.02,7,1,0,0,-,-,FIGHT"
2026-07-14T14:15:00.000-04:00,"2026-7-14 14:15,2981.8,2981.35,2980.08,2980.09,7,1,0,0,-,-,FIGHT"
2026-07-14T14:20:00.000-04:00,"2026-7-14 14:20,2980.5,2981.26,2980.11,2980.1,0,0,0,0,-,-,neutral"
2026-07-14T14:25:00.000-04:00,"2026-7-14 14:25,2980.9,2981.31,2980.17,2980.14,0,0,0,0,-,-,neutral"
2026-07-14T14:30:00.000-04:00,"2026-7-14 14:30,2979.7,2980.89,2980.13,2980.12,0,0,0,0,-,-,neutral"
2026-07-14T14:35:00.000-04:00,"2026-7-14 14:35,2978.9,2980.27,2980.04,2980.07,-3,-1,0,0,S,-,FIGHT"
2026-07-14T14:40:00.000-04:00,"2026-7-14 14:40,2977.1,2979.14,2979.81,2979.95,-7,-1,-1,0,-,-,wave_only"
2026-07-14T14:45:00.000-04:00,"2026-7-14 14:45,2977.9,2978.61,2979.67,2979.87,-5,-1,-1,0,-,-,wave_only"
2026-07-14T14:50:00.000-04:00,"2026-7-14 14:50,2978.4,2978.41,2979.57,2979.82,-5,-1,-1,0,-,-,wave_only"
2026-07-14T14:55:00.000-04:00,"2026-7-14 14:55,2978.6,2978.36,2979.49,2979.77,0,0,-1,0,-,-,neutral"
2026-07-14T15:00:00.000-04:00,"2026-7-14 15:00,2977.9,2978.07,2979.37,2979.69,-5,-1,-1,0,-,-,wave_only"
2026-07-14T15:05:00.000-04:00,"2026-7-14 15:05,2976.3,2977.28,2979.13,2979.56,-5,-1,-1,0,-,-,wave_only"
2026-07-14T15:10:00.000-04:00,"2026-7-14 15:10,2977.8,2977.28,2979.03,2979.49,0,0,-1,0,-,-,neutral"
2026-07-14T15:15:00.000-04:00,"2026-7-14 15:15,2977,2977,2978.88,2979.39,-5,-1,-1,0,-,-,wave_only"
2026-07-14T15:20:00.000-04:00,"2026-7-14 15:20,2979,2977.56,2978.89,2979.38,0,0,-1,0,-,-,neutral"
2026-07-14T15:25:00.000-04:00,"2026-7-14 15:25,2977.7,2977.51,2978.79,2979.31,0,0,-1,0,-,-,neutral"
2026-07-14T15:30:00.000-04:00,"2026-7-14 15:30,2976.3,2976.97,2978.6,2979.2,-5,-1,-1,0,-,-,wave_only"
2026-07-14T15:35:00.000-04:00,"2026-7-14 15:35,2977.2,2976.92,2978.49,2979.12,0,0,-1,0,-,-,neutral"
2026-07-14T15:40:00.000-04:00,"2026-7-14 15:40,2979.3,2977.68,2978.56,2979.12,3,1,0,0,B,-,FIGHT"
2026-07-14T15:45:00.000-04:00,"2026-7-14 15:45,2980.3,2978.62,2978.69,2979.17,5,1,0,0,-,-,FIGHT"
2026-07-14T15:50:00.000-04:00,"2026-7-14 15:50,2978.6,2978.68,2978.68,2979.15,7,0,0,0,-,-,neutral"
2026-07-14T15:55:00.000-04:00,"2026-7-14 15:55,2979.7,2979.13,2978.76,2979.17,5,1,0,0,-,-,FIGHT"
2026-07-14T16:00:00.000-04:00,"2026-7-14 16:00,2979.7,2979.45,2978.83,2979.19,5,1,0,0,-,-,FIGHT"
2026-07-14T16:05:00.000-04:00,"2026-7-14 16:05,2980.7,2980.04,2978.98,2979.25,5,1,0,0,-,-,FIGHT"
2026-07-14T16:10:00.000-04:00,"2026-7-14 16:10,2979,2979.84,2978.98,2979.24,0,0,0,0,-,-,neutral"
2026-07-14T16:15:00.000-04:00,"2026-7-14 16:15,2978.4,2979.44,2978.93,2979.21,0,0,0,0,-,-,neutral"
2026-07-14T16:20:00.000-04:00,"2026-7-14 16:20,2977.9,2978.96,2978.86,2979.16,0,0,0,0,-,-,neutral"
2026-07-14T16:25:00.000-04:00,"2026-7-14 16:25,2977.7,2978.52,2978.77,2979.1,-5,-1,-1,0,S,-,wave_only"
2026-07-14T16:30:00.000-04:00,"2026-7-14 16:30,2978.1,2978.35,2978.72,2979.06,-5,-1,-1,0,-,-,wave_only"
2026-07-14T16:35:00.000-04:00,"2026-7-14 16:35,2979.2,2978.63,2978.75,2979.06,0,0,-1,0,-,-,neutral"
2026-07-14T16:40:00.000-04:00,"2026-7-14 16:40,2980,2979.14,2978.85,2979.1,5,1,0,0,B,-,FIGHT"
2026-07-14T16:45:00.000-04:00,"2026-7-14 16:45,2979,2979.14,2978.86,2979.1,0,0,0,0,-,-,neutral"
2026-07-14T16:50:00.000-04:00,"2026-7-14 16:50,2980,2979.5,2978.95,2979.13,5,1,0,0,-,-,FIGHT"
2026-07-14T16:55:00.000-04:00,"2026-7-14 16:55,2981.1,2980.17,2979.11,2979.21,7,1,1,0,-,-,wave_only"
2026-07-14T18:00:00.000-04:00,"2026-7-14 18:00,2979.2,2979.95,2979.12,2979.21,0,0,1,0,-,-,neutral"
2026-07-14T18:05:00.000-04:00,"2026-7-14 18:05,2977.4,2979.1,2978.99,2979.14,0,0,1,0,-,-,neutral"
2026-07-14T18:10:00.000-04:00,"2026-7-14 18:10,2974.9,2977.55,2978.67,2978.97,-7,-1,-1,0,S,-,wave_only"
2026-07-14T18:15:00.000-04:00,"2026-7-14 18:15,2977.8,2977.49,2978.61,2978.93,-5,-1,-1,0,-,-,wave_only"
2026-07-14T18:20:00.000-04:00,"2026-7-14 18:20,2979.9,2978.24,2978.71,2978.96,3,1,-1,0,B,-,FIGHT"
2026-07-14T18:25:00.000-04:00,"2026-7-14 18:25,2979.1,2978.51,2978.74,2978.97,0,0,0,0,-,-,neutral"
2026-07-14T18:30:00.000-04:00,"2026-7-14 18:30,2980.1,2979.08,2978.84,2979.01,5,1,0,0,-,-,FIGHT"
2026-07-14T18:35:00.000-04:00,"2026-7-14 18:35,2980.2,2979.53,2978.95,2979.06,7,1,0,0,-,-,FIGHT"
2026-07-14T18:40:00.000-04:00,"2026-7-14 18:40,2980.1,2979.82,2979.03,2979.1,7,1,0,0,-,-,FIGHT"
2026-07-14T18:45:00.000-04:00,"2026-7-14 18:45,2979,2979.62,2979.03,2979.1,0,0,0,0,-,-,neutral"
2026-07-14T18:50:00.000-04:00,"2026-7-14 18:50,2978.5,2979.27,2978.99,2979.07,0,0,0,0,-,-,neutral"
2026-07-14T18:55:00.000-04:00,"2026-7-14 18:55,2979.4,2979.35,2979.02,2979.09,7,0,0,0,-,-,neutral"
2026-07-14T19:00:00.000-04:00,"2026-7-14 19:00,2979.3,2979.36,2979.04,2979.1,0,0,0,0,-,-,neutral"
2026-07-14T19:05:00.000-04:00,"2026-7-14 19:05,2980,2979.63,2979.12,2979.13,7,1,0,0,-,-,FIGHT"
2026-07-14T19:10:00.000-04:00,"2026-7-14 19:10,2980.6,2980.04,2979.23,2979.19,7,1,1,0,-,-,wave_only"
2026-07-14T19:15:00.000-04:00,"2026-7-14 19:15,2980.4,2980.26,2979.32,2979.24,7,1,1,0,-,-,wave_only"
2026-07-14T19:20:00.000-04:00,"2026-7-14 19:20,2981,2980.63,2979.45,2979.31,7,1,1,0,-,-,wave_only"
2026-07-14T19:25:00.000-04:00,"2026-7-14 19:25,2982.8,2981.56,2979.71,2979.44,7,1,1,0,-,-,wave_only"
2026-07-14T19:30:00.000-04:00,"2026-7-14 19:30,2983.3,2982.4,2979.98,2979.59,7,1,1,0,-,-,wave_only"
2026-07-14T19:35:00.000-04:00,"2026-7-14 19:35,2983.5,2983.07,2980.25,2979.75,7,1,1,0,-,-,wave_only"
2026-07-14T19:40:00.000-04:00,"2026-7-14 19:40,2983.9,2983.68,2980.54,2979.91,7,1,1,0,-,-,wave_only"
2026-07-14T19:45:00.000-04:00,"2026-7-14 19:45,2983.8,2984.05,2980.79,2980.06,7,0,1,0,-,-,neutral"
2026-07-14T19:50:00.000-04:00,"2026-7-14 19:50,2984.6,2984.57,2981.08,2980.24,7,1,1,0,-,-,wave_only"
2026-07-14T19:55:00.000-04:00,"2026-7-14 19:55,2984.3,2984.81,2981.33,2980.4,0,0,1,1,-,-,neutral"
2026-07-14T20:00:00.000-04:00,"2026-7-14 20:00,2982.1,2984.13,2981.39,2980.47,0,0,1,1,-,-,neutral"
2026-07-14T20:05:00.000-04:00,"2026-7-14 20:05,2982.2,2983.63,2981.45,2980.53,0,0,1,1,-,-,neutral"
2026-07-14T20:10:00.000-04:00,"2026-7-14 20:10,2982.7,2983.42,2981.55,2980.62,0,0,1,1,-,-,neutral"
2026-07-14T20:15:00.000-04:00,"2026-7-14 20:15,2981.9,2982.95,2981.57,2980.67,0,0,1,1,-,-,neutral"
2026-07-14T20:20:00.000-04:00,"2026-7-14 20:20,2981.8,2982.56,2981.59,2980.71,0,0,1,1,-,-,neutral"
2026-07-14T20:25:00.000-04:00,"2026-7-14 20:25,2982.3,2982.44,2981.64,2980.78,0,0,0,1,-,-,neutral"
2026-07-14T20:30:00.000-04:00,"2026-7-14 20:30,2980.3,2981.62,2981.54,2980.76,-5,-1,0,1,S,-,FIGHT"
2026-07-14T20:35:00.000-04:00,"2026-7-14 20:35,2979.8,2980.83,2981.41,2980.72,-5,-1,0,1,-,-,FIGHT"
2026-07-14T20:40:00.000-04:00,"2026-7-14 20:40,2978,2979.6,2981.15,2980.61,-5,-1,0,1,-,-,FIGHT"
2026-07-14T20:45:00.000-04:00,"2026-7-14 20:45,2978.9,2979.05,2980.97,2980.55,-5,-1,0,1,-,-,FIGHT"
2026-07-14T20:50:00.000-04:00,"2026-7-14 20:50,2981,2979.45,2980.97,2980.56,0,0,0,1,-,-,neutral"
2026-07-14T20:55:00.000-04:00,"2026-7-14 20:55,2982.5,2980.33,2981.09,2980.64,0,0,1,0,-,-,neutral"
2026-07-14T21:00:00.000-04:00,"2026-7-14 21:00,2980.6,2980.3,2981.05,2980.64,0,0,1,0,-,-,neutral"
2026-07-14T21:05:00.000-04:00,"2026-7-14 21:05,2979.9,2980.02,2980.97,2980.61,-5,-1,1,0,-,-,FIGHT"
2026-07-14T21:10:00.000-04:00,"2026-7-14 21:10,2980.4,2980.02,2980.92,2980.6,0,0,0,0,-,-,neutral"
2026-07-14T21:15:00.000-04:00,"2026-7-14 21:15,2980.7,2980.15,2980.9,2980.6,0,0,0,0,-,-,neutral"
2026-07-14T21:20:00.000-04:00,"2026-7-14 21:20,2980.4,2980.14,2980.87,2980.6,0,0,0,0,-,-,neutral"
2026-07-14T21:25:00.000-04:00,"2026-7-14 21:25,2980,2980,2980.8,2980.57,-5,-1,0,0,-,-,FIGHT"
2026-07-14T21:30:00.000-04:00,"2026-7-14 21:30,2980,2979.91,2980.74,2980.55,-5,-1,0,0,-,-,FIGHT"
2026-07-14T21:35:00.000-04:00,"2026-7-14 21:35,2980.9,2980.18,2980.75,2980.56,0,0,0,0,-,-,neutral"
2026-07-14T21:40:00.000-04:00,"2026-7-14 21:40,2978.1,2979.36,2980.55,2980.47,-7,-1,-1,0,-,-,wave_only"
2026-07-14T21:45:00.000-04:00,"2026-7-14 21:45,2978.9,2979.06,2980.42,2980.41,-5,-1,-1,0,-,-,wave_only"
2026-07-14T21:50:00.000-04:00,"2026-7-14 21:50,2980.8,2979.56,2980.45,2980.42,0,0,-1,0,-,-,neutral"
2026-07-14T21:55:00.000-04:00,"2026-7-14 21:55,2981.7,2980.28,2980.55,2980.47,0,0,1,0,-,-,neutral"
2026-07-14T22:00:00.000-04:00,"2026-7-14 22:00,2981.2,2980.62,2980.6,2980.5,7,1,1,0,B,-,wave_only"
2026-07-14T22:05:00.000-04:00,"2026-7-14 22:05,2981.2,2980.88,2980.64,2980.53,7,1,1,0,-,-,wave_only"
2026-07-14T22:10:00.000-04:00,"2026-7-14 22:10,2981,2980.99,2980.67,2980.55,5,1,0,0,-,-,FIGHT"
2026-07-14T22:15:00.000-04:00,"2026-7-14 22:15,2982,2981.43,2980.77,2980.6,7,1,0,0,-,-,FIGHT"
2026-07-14T22:20:00.000-04:00,"2026-7-14 22:20,2981.7,2981.64,2980.84,2980.65,7,1,0,0,-,-,FIGHT"
2026-07-14T22:25:00.000-04:00,"2026-7-14 22:25,2981.5,2981.7,2980.89,2980.68,7,0,1,0,-,-,neutral"
2026-07-14T22:30:00.000-04:00,"2026-7-14 22:30,2982.9,2982.26,2981.05,2980.77,7,1,1,0,-,-,wave_only"
2026-07-14T22:35:00.000-04:00,"2026-7-14 22:35,2982.4,2982.47,2981.15,2980.83,7,1,1,0,-,-,wave_only"
2026-07-14T22:40:00.000-04:00,"2026-7-14 22:40,2982.7,2982.71,2981.27,2980.9,5,1,1,0,-,-,wave_only"
2026-07-14T22:45:00.000-04:00,"2026-7-14 22:45,2982.5,2982.8,2981.37,2980.97,0,0,1,0,-,-,neutral"
2026-07-14T22:50:00.000-04:00,"2026-7-14 22:50,2981.3,2982.4,2981.36,2980.98,0,0,1,0,-,-,neutral"
2026-07-14T22:55:00.000-04:00,"2026-7-14 22:55,2981.2,2982.05,2981.35,2980.99,0,0,0,0,-,-,neutral"
2026-07-14T23:00:00.000-04:00,"2026-7-14 23:00,2981.5,2981.9,2981.36,2981.01,0,0,0,0,-,-,neutral"
2026-07-14T23:05:00.000-04:00,"2026-7-14 23:05,2981.3,2981.71,2981.36,2981.02,0,0,0,0,-,-,neutral"
2026-07-14T23:10:00.000-04:00,"2026-7-14 23:10,2980.8,2981.38,2981.31,2981.01,-5,-1,0,0,S,-,FIGHT"
2026-07-14T23:15:00.000-04:00,"2026-7-14 23:15,2981.4,2981.36,2981.32,2981.03,0,0,0,0,-,-,neutral"
2026-07-14T23:20:00.000-04:00,"2026-7-14 23:20,2981.2,2981.27,2981.31,2981.03,-5,-1,0,0,-,-,FIGHT"
2026-07-14T23:25:00.000-04:00,"2026-7-14 23:25,2982,2981.5,2981.36,2981.07,7,1,1,0,B,-,wave_only"
2026-07-14T23:30:00.000-04:00,"2026-7-14 23:30,2982.6,2981.9,2981.46,2981.13,7,1,1,0,-,-,wave_only"
2026-07-14T23:35:00.000-04:00,"2026-7-14 23:35,2982.7,2982.22,2981.55,2981.19,7,1,1,0,-,-,wave_only"
2026-07-14T23:40:00.000-04:00,"2026-7-14 23:40,2981.9,2982.16,2981.58,2981.22,0,0,1,0,-,-,neutral"
2026-07-14T23:45:00.000-04:00,"2026-7-14 23:45,2983.3,2982.63,2981.71,2981.3,7,1,1,0,-,-,wave_only"
2026-07-14T23:50:00.000-04:00,"2026-7-14 23:50,2983.9,2983.18,2981.88,2981.4,7,1,1,0,-,-,wave_only"
2026-07-14T23:55:00.000-04:00,"2026-7-14 23:55,2983.3,2983.35,2981.99,2981.48,7,1,1,0,-,-,wave_only"
2026-07-15T00:00:00.000-04:00,"2026-7-15 0:00,2983.6,2983.58,2982.11,2981.56,7,1,1,0,-,-,wave_only"
2026-07-15T00:05:00.000-04:00,"2026-7-15 0:05,2983.3,2983.61,2982.21,2981.63,0,0,1,0,-,-,neutral"
2026-07-15T00:10:00.000-04:00,"2026-7-15 0:10,2983.6,2983.73,2982.31,2981.71,0,0,1,0,-,-,neutral"
2026-07-15T00:15:00.000-04:00,"2026-7-15 0:15,2984.3,2984.06,2982.47,2981.81,7,1,1,0,-,-,wave_only"
2026-07-15T00:20:00.000-04:00,"2026-7-15 0:20,2984.3,2984.29,2982.61,2981.91,7,0,1,0,-,-,neutral"
2026-07-15T00:25:00.000-04:00,"2026-7-15 0:25,2984.3,2984.44,2982.74,2982,0,0,1,0,-,-,neutral"
2026-07-15T00:30:00.000-04:00,"2026-7-15 0:30,2984,2984.41,2982.83,2982.08,0,0,1,0,-,-,neutral"
2026-07-15T00:35:00.000-04:00,"2026-7-15 0:35,2984.6,2984.6,2982.97,2982.18,7,1,1,0,-,-,wave_only"
2026-07-15T00:40:00.000-04:00,"2026-7-15 0:40,2983.8,2984.43,2983.03,2982.24,0,0,1,0,-,-,neutral"
2026-07-15T00:45:00.000-04:00,"2026-7-15 0:45,2984,2984.36,2983.11,2982.31,0,0,1,0,-,-,neutral"
2026-07-15T00:50:00.000-04:00,"2026-7-15 0:50,2984,2984.29,2983.18,2982.38,0,0,1,0,-,-,neutral"
2026-07-15T00:55:00.000-04:00,"2026-7-15 0:55,2984,2984.24,2983.24,2982.44,0,0,0,0,-,-,neutral"
2026-07-15T01:00:00.000-04:00,"2026-7-15 1:00,2983.5,2984,2983.26,2982.48,0,0,0,0,-,-,neutral"
2026-07-15T01:05:00.000-04:00,"2026-7-15 1:05,2984.4,2984.15,2983.35,2982.56,7,1,0,0,-,-,FIGHT"
2026-07-15T01:10:00.000-04:00,"2026-7-15 1:10,2983.3,2983.86,2983.34,2982.59,0,0,0,0,-,-,neutral"
2026-07-15T01:15:00.000-04:00,"2026-7-15 1:15,2983.8,2983.82,2983.38,2982.63,0,0,0,0,-,-,neutral"
2026-07-15T01:20:00.000-04:00,"2026-7-15 1:20,2983.4,2983.64,2983.38,2982.66,-3,-1,0,0,S,-,FIGHT"
2026-07-15T01:25:00.000-04:00,"2026-7-15 1:25,2982,2982.99,2983.27,2982.64,-5,-1,0,0,-,-,FIGHT"
2026-07-15T01:30:00.000-04:00,"2026-7-15 1:30,2982.6,2982.74,2983.22,2982.64,-5,-1,0,0,-,-,FIGHT"
2026-07-15T01:35:00.000-04:00,"2026-7-15 1:35,2984.4,2983.24,2983.31,2982.71,0,0,0,0,-,-,neutral"
2026-07-15T01:40:00.000-04:00,"2026-7-15 1:40,2983.4,2983.24,2983.32,2982.73,0,0,1,0,-,-,neutral"
2026-07-15T01:45:00.000-04:00,"2026-7-15 1:45,2984.4,2983.61,2983.4,2982.8,7,1,1,0,B,-,wave_only"
2026-07-15T01:50:00.000-04:00,"2026-7-15 1:50,2984.3,2983.86,2983.47,2982.86,7,1,1,0,-,-,wave_only"
2026-07-15T01:55:00.000-04:00,"2026-7-15 1:55,2985.1,2984.33,2983.6,2982.94,7,1,1,1,-,-,RIDE_both"
2026-07-15T02:00:00.000-04:00,"2026-7-15 2:00,2984.8,2984.56,2983.69,2983.02,7,1,1,1,-,-,RIDE_both"
2026-07-15T02:05:00.000-04:00,"2026-7-15 2:05,2984,2984.42,2983.71,2983.06,0,0,1,1,-,-,neutral"
2026-07-15T02:10:00.000-04:00,"2026-7-15 2:10,2984,2984.32,2983.74,2983.09,0,0,1,1,-,-,neutral"
2026-07-15T02:15:00.000-04:00,"2026-7-15 2:15,2983.9,2984.19,2983.75,2983.12,0,0,1,1,-,-,neutral"
2026-07-15T02:20:00.000-04:00,"2026-7-15 2:20,2984.5,2984.32,2983.81,2983.18,7,1,1,1,-,-,RIDE_both"
2026-07-15T02:25:00.000-04:00,"2026-7-15 2:25,2984.6,2984.45,2983.87,2983.23,7,1,1,1,-,-,RIDE_both"
2026-07-15T02:30:00.000-04:00,"2026-7-15 2:30,2984.5,2984.5,2983.92,2983.28,7,1,1,1,-,-,RIDE_both"
2026-07-15T02:35:00.000-04:00,"2026-7-15 2:35,2984.3,2984.46,2983.95,2983.32,0,0,1,1,-,-,neutral"
2026-07-15T02:40:00.000-04:00,"2026-7-15 2:40,2984,2984.31,2983.95,2983.35,-3,0,0,1,-,-,neutral"
2026-07-15T02:45:00.000-04:00,"2026-7-15 2:45,2984.5,2984.39,2983.99,2983.4,7,1,0,1,-,-,tide_only"
2026-07-15T02:50:00.000-04:00,"2026-7-15 2:50,2983.9,2984.22,2983.98,2983.42,-3,-1,0,1,S,-,FIGHT"
2026-07-15T02:55:00.000-04:00,"2026-7-15 2:55,2983.3,2983.87,2983.93,2983.41,-5,-1,0,0,-,-,FIGHT"
2026-07-15T03:00:00.000-04:00,"2026-7-15 3:00,2982.6,2983.36,2983.83,2983.38,-5,-1,0,0,-,-,FIGHT"
2026-07-15T03:05:00.000-04:00,"2026-7-15 3:05,2982.8,2983.06,2983.75,2983.36,-5,-1,0,0,-,-,FIGHT"
2026-07-15T03:10:00.000-04:00,"2026-7-15 3:10,2983.2,2983,2983.71,2983.35,-3,-1,0,0,-,-,FIGHT"
2026-07-15T03:15:00.000-04:00,"2026-7-15 3:15,2981.8,2982.45,2983.56,2983.29,-5,-1,0,0,-,-,FIGHT"
2026-07-15T03:20:00.000-04:00,"2026-7-15 3:20,2980.1,2981.43,2983.3,2983.16,-5,-1,0,0,-,-,FIGHT"
2026-07-15T03:25:00.000-04:00,"2026-7-15 3:25,2978.1,2979.96,2982.9,2982.97,-5,-1,-1,0,-,-,wave_only"
2026-07-15T03:30:00.000-04:00,"2026-7-15 3:30,2978.4,2979.03,2982.55,2982.79,-5,-1,-1,0,-,-,wave_only"
2026-07-15T03:35:00.000-04:00,"2026-7-15 3:35,2979.9,2978.94,2982.35,2982.67,0,0,-1,0,-,-,neutral"
2026-07-15T03:40:00.000-04:00,"2026-7-15 3:40,2981.5,2979.52,2982.28,2982.63,0,0,-1,0,-,-,neutral"
2026-07-15T03:45:00.000-04:00,"2026-7-15 3:45,2982,2980.17,2982.26,2982.6,0,0,-1,0,-,-,neutral"
2026-07-15T03:50:00.000-04:00,"2026-7-15 3:50,2981.6,2980.52,2982.21,2982.56,0,0,-1,0,-,-,neutral"
2026-07-15T03:55:00.000-04:00,"2026-7-15 3:55,2980.7,2980.47,2982.09,2982.49,-3,-1,-1,0,-,-,wave_only"
2026-07-15T04:00:00.000-04:00,"2026-7-15 4:00,2979.2,2979.89,2981.87,2982.36,-7,-1,-1,0,-,-,wave_only"
2026-07-15T04:05:00.000-04:00,"2026-7-15 4:05,2978.3,2979.16,2981.6,2982.2,-7,-1,-1,0,-,-,wave_only"
2026-07-15T04:10:00.000-04:00,"2026-7-15 4:10,2978.8,2978.83,2981.38,2982.07,-7,-1,-1,0,-,-,wave_only"
2026-07-15T04:15:00.000-04:00,"2026-7-15 4:15,2979.2,2978.76,2981.21,2981.96,0,0,-1,0,-,-,neutral"
2026-07-15T04:20:00.000-04:00,"2026-7-15 4:20,2977.9,2978.25,2980.96,2981.8,-7,-1,-1,0,-,-,wave_only"
2026-07-15T04:25:00.000-04:00,"2026-7-15 4:25,2979.9,2978.65,2980.88,2981.72,0,0,-1,0,-,-,neutral"
2026-07-15T04:30:00.000-04:00,"2026-7-15 4:30,2980,2979.01,2980.81,2981.66,0,0,-1,0,-,-,neutral"
2026-07-15T04:35:00.000-04:00,"2026-7-15 4:35,2981.9,2979.99,2980.89,2981.66,3,0,-1,0,-,-,neutral"
2026-07-15T04:40:00.000-04:00,"2026-7-15 4:40,2982.9,2981.09,2981.05,2981.71,5,1,0,0,B,-,FIGHT"
2026-07-15T04:45:00.000-04:00,"2026-7-15 4:45,2982.2,2981.64,2981.14,2981.73,5,1,0,0,-,-,FIGHT"
2026-07-15T04:50:00.000-04:00,"2026-7-15 4:50,2982.3,2982.07,2981.23,2981.75,5,1,0,0,-,-,FIGHT"
2026-07-15T04:55:00.000-04:00,"2026-7-15 4:55,2984.9,2983.32,2981.51,2981.88,5,1,0,1,-,-,tide_only"
2026-07-15T05:00:00.000-04:00,"2026-7-15 5:00,2984.9,2984.22,2981.77,2982,5,1,0,1,-,-,tide_only"
2026-07-15T05:05:00.000-04:00,"2026-7-15 5:05,2986.5,2985.44,2982.13,2982.17,5,1,0,1,-,-,tide_only"
2026-07-15T05:10:00.000-04:00,"2026-7-15 5:10,2987.6,2986.7,2982.55,2982.39,5,1,1,1,-,-,RIDE_both"
2026-07-15T05:15:00.000-04:00,"2026-7-15 5:15,2987.3,2987.45,2982.92,2982.58,5,1,1,1,-,-,RIDE_both"
2026-07-15T05:20:00.000-04:00,"2026-7-15 5:20,2986.1,2987.5,2983.16,2982.72,0,0,1,1,-,-,neutral"
2026-07-15T05:25:00.000-04:00,"2026-7-15 5:25,2985.4,2987.22,2983.34,2982.82,0,0,1,1,-,-,neutral"
2026-07-15T05:30:00.000-04:00,"2026-7-15 5:30,2985,2986.81,2983.46,2982.91,0,0,1,1,-,-,neutral"
2026-07-15T05:35:00.000-04:00,"2026-7-15 5:35,2984.3,2986.2,2983.53,2982.96,0,0,1,1,-,-,neutral"
2026-07-15T05:40:00.000-04:00,"2026-7-15 5:40,2985.2,2986.05,2983.66,2983.05,0,0,1,1,-,-,neutral"
2026-07-15T05:45:00.000-04:00,"2026-7-15 5:45,2984,2985.47,2983.68,2983.09,0,0,1,1,-,-,neutral"
2026-07-15T05:50:00.000-04:00,"2026-7-15 5:50,2982.5,2984.47,2983.59,2983.06,0,0,1,1,-,-,neutral"
2026-07-15T05:55:00.000-04:00,"2026-7-15 5:55,2981.6,2983.39,2983.44,2983.01,-5,-1,0,0,S,-,FIGHT"
2026-07-15T06:00:00.000-04:00,"2026-7-15 6:00,2982.1,2982.78,2983.34,2982.97,-5,-1,0,0,-,-,FIGHT"
2026-07-15T06:05:00.000-04:00,"2026-7-15 6:05,2982,2982.31,2983.23,2982.93,-5,-1,0,0,-,-,FIGHT"
2026-07-15T06:10:00.000-04:00,"2026-7-15 6:10,2982.8,2982.28,2983.2,2982.93,0,0,0,0,-,-,neutral"
2026-07-15T06:15:00.000-04:00,"2026-7-15 6:15,2982.4,2982.13,2983.14,2982.91,-5,-1,0,0,-,-,FIGHT"
2026-07-15T06:20:00.000-04:00,"2026-7-15 6:20,2979.4,2980.92,2982.85,2982.77,-7,-1,0,0,-,-,FIGHT"
2026-07-15T06:25:00.000-04:00,"2026-7-15 6:25,2979.3,2980.03,2982.58,2982.63,-5,-1,-1,0,-,-,wave_only"
2026-07-15T06:30:00.000-04:00,"2026-7-15 6:30,2978.7,2979.18,2982.28,2982.48,-5,-1,-1,0,-,-,wave_only"
2026-07-15T06:35:00.000-04:00,"2026-7-15 6:35,2980,2979.08,2982.1,2982.38,0,0,-1,0,-,-,neutral"
2026-07-15T06:40:00.000-04:00,"2026-7-15 6:40,2979.1,2978.72,2981.87,2982.25,-3,-1,-1,0,-,-,wave_only"
2026-07-15T06:45:00.000-04:00,"2026-7-15 6:45,2979.9,2978.79,2981.72,2982.16,0,0,-1,0,-,-,neutral"
2026-07-15T06:50:00.000-04:00,"2026-7-15 6:50,2979.7,2978.81,2981.57,2982.06,0,0,-1,0,-,-,neutral"
2026-07-15T06:55:00.000-04:00,"2026-7-15 6:55,2979.2,2978.68,2981.38,2981.95,0,0,-1,0,-,-,neutral"
2026-07-15T07:00:00.000-04:00,"2026-7-15 7:00,2981,2979.28,2981.35,2981.91,0,0,-1,0,-,-,neutral"
2026-07-15T07:05:00.000-04:00,"2026-7-15 7:05,2980.8,2979.68,2981.31,2981.87,0,0,-1,0,-,-,neutral"
2026-07-15T07:10:00.000-04:00,"2026-7-15 7:10,2979.1,2979.36,2981.14,2981.76,-7,-1,-1,0,-,-,wave_only"
2026-07-15T07:15:00.000-04:00,"2026-7-15 7:15,2979.2,2979.18,2980.99,2981.66,-3,-1,-1,0,-,-,wave_only"
2026-07-15T07:20:00.000-04:00,"2026-7-15 7:20,2979.3,2979.1,2980.86,2981.57,-3,-1,-1,0,-,-,wave_only"
2026-07-15T07:25:00.000-04:00,"2026-7-15 7:25,2978.8,2978.88,2980.7,2981.46,-3,-1,-1,0,-,-,wave_only"
2026-07-15T07:30:00.000-04:00,"2026-7-15 7:30,2979.3,2978.92,2980.6,2981.38,0,0,-1,0,-,-,neutral"
2026-07-15T07:35:00.000-04:00,"2026-7-15 7:35,2979.1,2978.89,2980.48,2981.29,0,0,-1,0,-,-,neutral"
2026-07-15T07:40:00.000-04:00,"2026-7-15 7:40,2978.5,2978.66,2980.33,2981.18,-7,-1,-1,0,-,-,wave_only"
2026-07-15T07:45:00.000-04:00,"2026-7-15 7:45,2977.2,2978.03,2980.09,2981.02,-7,-1,-1,0,-,-,wave_only"
2026-07-15T07:50:00.000-04:00,"2026-7-15 7:50,2978.9,2978.21,2980,2980.94,0,0,-1,0,-,-,neutral"
2026-07-15T07:55:00.000-04:00,"2026-7-15 7:55,2978.5,2978.21,2979.88,2980.84,0,0,-1,-1,-,-,neutral"
2026-07-15T08:00:00.000-04:00,"2026-7-15 8:00,2976.9,2977.64,2979.65,2980.69,-7,-1,-1,-1,-,-,RIDE_both"
2026-07-15T08:05:00.000-04:00,"2026-7-15 8:05,2977.4,2977.42,2979.48,2980.56,-3,-1,-1,-1,-,-,RIDE_both"
2026-07-15T08:10:00.000-04:00,"2026-7-15 8:10,2977.3,2977.24,2979.31,2980.43,-7,-1,-1,-1,-,-,RIDE_both"
2026-07-15T08:15:00.000-04:00,"2026-7-15 8:15,2978.4,2977.54,2979.24,2980.35,0,0,-1,-1,-,-,neutral"
2026-07-15T08:20:00.000-04:00,"2026-7-15 8:20,2977.8,2977.55,2979.13,2980.25,0,0,-1,-1,-,-,neutral"
2026-07-15T08:25:00.000-04:00,"2026-7-15 8:25,2977.3,2977.39,2978.99,2980.14,-7,-1,-1,-1,-,-,RIDE_both"
2026-07-15T08:30:00.000-04:00,"2026-7-15 8:30,2984.6,2979.99,2979.42,2980.31,5,1,-1,-1,B,-,FIGHT"
2026-07-15T08:35:00.000-04:00,"2026-7-15 8:35,2985.5,2982.23,2979.89,2980.51,5,1,-1,-1,-,-,FIGHT"
2026-07-15T08:40:00.000-04:00,"2026-7-15 8:40,2989.1,2985.18,2980.6,2980.85,5,1,1,-1,-,-,wave_only"
2026-07-15T08:45:00.000-04:00,"2026-7-15 8:45,2989.1,2987.29,2981.25,2981.17,5,1,1,-1,-,-,wave_only"
2026-07-15T08:50:00.000-04:00,"2026-7-15 8:50,2988.9,2988.68,2981.84,2981.48,5,1,1,-1,-,-,wave_only"
2026-07-15T08:55:00.000-04:00,"2026-7-15 8:55,2988.9,2989.62,2982.38,2981.77,5,1,1,1,-,-,RIDE_both"
2026-07-15T09:00:00.000-04:00,"2026-7-15 9:00,2990.7,2990.87,2983.02,2982.12,5,1,1,1,-,-,RIDE_both"
2026-07-15T09:05:00.000-04:00,"2026-7-15 9:05,2988.3,2990.8,2983.43,2982.36,0,0,1,1,-,-,neutral"
2026-07-15T09:10:00.000-04:00,"2026-7-15 9:10,2987.5,2990.35,2983.74,2982.56,0,0,1,1,-,-,neutral"
2026-07-15T09:15:00.000-04:00,"2026-7-15 9:15,2988.7,2990.38,2984.12,2982.8,0,0,1,1,-,-,neutral"
2026-07-15T09:20:00.000-04:00,"2026-7-15 9:20,2988.5,2990.25,2984.46,2983.03,0,0,1,1,-,-,neutral"
2026-07-15T09:25:00.000-04:00,"2026-7-15 9:25,2987.1,2989.57,2984.66,2983.19,0,0,1,1,-,-,neutral"
2026-07-15T09:30:00.000-04:00,"2026-7-15 9:30,2992.6,2991.04,2985.27,2983.56,7,1,1,1,-,-,RIDE_both"
2026-07-15T09:35:00.000-04:00,"2026-7-15 9:35,2985.7,2989.51,2985.31,2983.64,0,0,1,1,-,-,neutral"
2026-07-15T09:40:00.000-04:00,"2026-7-15 9:40,2984.8,2988.01,2985.27,2983.69,0,0,0,1,-,-,neutral"
2026-07-15T09:45:00.000-04:00,"2026-7-15 9:45,2983.8,2986.5,2985.15,2983.69,0,0,0,1,-,-,neutral"
2026-07-15T09:50:00.000-04:00,"2026-7-15 9:50,2988.3,2987.05,2985.4,2983.87,7,1,0,1,-,-,tide_only"
2026-07-15T09:55:00.000-04:00,"2026-7-15 9:55,2991.8,2988.75,2985.89,2984.18,7,1,1,1,-,-,RIDE_both"
2026-07-15T10:00:00.000-04:00,"2026-7-15 10:00,2993.7,2990.68,2986.49,2984.55,7,1,1,1,-,-,RIDE_both"
2026-07-15T10:05:00.000-04:00,"2026-7-15 10:05,2995.4,2992.7,2987.18,2984.98,7,1,1,1,-,-,RIDE_both"
2026-07-15T10:10:00.000-04:00,"2026-7-15 10:10,2996.1,2994.4,2987.86,2985.42,7,1,1,1,-,-,RIDE_both"
2026-07-15T10:15:00.000-04:00,"2026-7-15 10:15,2994.5,2994.98,2988.37,2985.77,0,0,1,1,-,-,neutral"
2026-07-15T10:20:00.000-04:00,"2026-7-15 10:20,2992.6,2994.63,2988.7,2986.04,0,0,1,1,-,-,neutral"
2026-07-15T10:25:00.000-04:00,"2026-7-15 10:25,2997,2995.94,2989.34,2986.47,7,1,1,1,-,-,RIDE_both"
2026-07-15T10:30:00.000-04:00,"2026-7-15 10:30,3001,2998.32,2990.23,2987.04,7,1,1,1,-,-,RIDE_both"
2026-07-15T10:35:00.000-04:00,"2026-7-15 10:35,2996,2998.13,2990.68,2987.39,0,0,1,1,-,-,neutral"
2026-07-15T10:40:00.000-04:00,"2026-7-15 10:40,2998.5,2998.83,2991.28,2987.83,0,0,1,1,-,-,neutral"
2026-07-15T10:45:00.000-04:00,"2026-7-15 10:45,2996.6,2998.57,2991.69,2988.17,0,0,1,1,-,-,neutral"
2026-07-15T10:50:00.000-04:00,"2026-7-15 10:50,2996.3,2998.19,2992.04,2988.49,0,0,1,1,-,-,neutral"
2026-07-15T10:55:00.000-04:00,"2026-7-15 10:55,3000.6,2999.44,2992.7,2988.96,7,1,1,1,-,-,RIDE_both"
2026-07-15T11:00:00.000-04:00,"2026-7-15 11:00,3000.6,3000.3,2993.31,2989.42,3,1,1,1,-,-,RIDE_both"
2026-07-15T11:05:00.000-04:00,"2026-7-15 11:05,3003.9,3002.08,2994.12,2989.99,7,1,1,1,-,-,RIDE_both"
2026-07-15T11:10:00.000-04:00,"2026-7-15 11:10,2997.6,3000.98,2994.39,2990.29,0,0,0,1,-,-,neutral"
2026-07-15T11:15:00.000-04:00,"2026-7-15 11:15,2998,3000.25,2994.67,2990.59,0,0,0,1,-,-,neutral"
2026-07-15T11:20:00.000-04:00,"2026-7-15 11:20,2993.6,2998.04,2994.59,2990.71,0,0,0,1,-,-,neutral"
2026-07-15T11:25:00.000-04:00,"2026-7-15 11:25,2995.1,2996.93,2994.63,2990.88,0,0,0,1,-,-,neutral"
2026-07-15T11:30:00.000-04:00,"2026-7-15 11:30,2993.7,2995.59,2994.55,2990.99,-3,-1,0,1,S,-,FIGHT"
2026-07-15T11:35:00.000-04:00,"2026-7-15 11:35,2994.8,2995.02,2994.57,2991.14,-5,0,0,1,-,-,neutral"
2026-07-15T11:40:00.000-04:00,"2026-7-15 11:40,2995.1,2994.73,2994.61,2991.3,-5,0,0,1,-,-,neutral"
2026-07-15T11:45:00.000-04:00,"2026-7-15 11:45,2992.9,2993.73,2994.48,2991.36,-5,-1,0,1,-,-,FIGHT"
2026-07-15T11:50:00.000-04:00,"2026-7-15 11:50,2993.5,2993.24,2994.41,2991.44,-5,-1,0,1,-,-,FIGHT"
2026-07-15T11:55:00.000-04:00,"2026-7-15 11:55,2992.1,2992.4,2994.23,2991.47,-5,-1,0,0,-,-,FIGHT"
2026-07-15T12:00:00.000-04:00,"2026-7-15 12:00,2989.5,2990.86,2993.87,2991.39,-5,-1,0,0,-,-,FIGHT"
2026-07-15T12:05:00.000-04:00,"2026-7-15 12:05,2987.2,2988.93,2993.35,2991.23,-5,-1,0,0,-,-,FIGHT"
2026-07-15T12:10:00.000-04:00,"2026-7-15 12:10,2981.1,2985.32,2992.41,2990.83,-5,-1,0,0,-,-,FIGHT"
2026-07-15T12:15:00.000-04:00,"2026-7-15 12:15,2980.5,2982.54,2991.49,2990.42,-5,-1,0,0,-,-,FIGHT"
2026-07-15T12:20:00.000-04:00,"2026-7-15 12:20,2977.9,2979.65,2990.45,2989.93,-5,-1,0,0,-,-,FIGHT"
2026-07-15T12:25:00.000-04:00,"2026-7-15 12:25,2981,2978.82,2989.72,2989.58,0,0,-1,0,-,-,neutral"
2026-07-15T12:30:00.000-04:00,"2026-7-15 12:30,2977.2,2976.96,2988.76,2989.1,-3,-1,-1,0,-,-,wave_only"
2026-07-15T12:35:00.000-04:00,"2026-7-15 12:35,2978.3,2976.14,2987.95,2988.67,0,0,-1,0,-,-,neutral"
2026-07-15T12:40:00.000-04:00,"2026-7-15 12:40,2982.3,2977.19,2987.52,2988.42,0,0,-1,0,-,-,neutral"
2026-07-15T12:45:00.000-04:00,"2026-7-15 12:45,2983.7,2978.61,2987.23,2988.24,0,0,-1,0,-,-,neutral"
2026-07-15T12:50:00.000-04:00,"2026-7-15 12:50,2984,2979.88,2986.98,2988.07,0,0,-1,0,-,-,neutral"
2026-07-15T12:55:00.000-04:00,"2026-7-15 12:55,2985.9,2981.6,2986.89,2987.99,0,0,-1,0,-,-,neutral"
2026-07-15T13:00:00.000-04:00,"2026-7-15 13:00,2985.9,2982.93,2986.82,2987.91,0,0,-1,0,-,-,neutral"
2026-07-15T13:05:00.000-04:00,"2026-7-15 13:05,2986.5,2984.16,2986.79,2987.85,0,0,-1,0,-,-,neutral"
2026-07-15T13:10:00.000-04:00,"2026-7-15 13:10,2986.1,2984.94,2986.74,2987.78,0,0,-1,0,-,-,neutral"
2026-07-15T13:15:00.000-04:00,"2026-7-15 13:15,2990,2986.96,2986.99,2987.87,5,1,-1,0,B,-,FIGHT"
2026-07-15T13:20:00.000-04:00,"2026-7-15 13:20,2990.3,2988.55,2987.25,2987.96,5,1,-1,0,-,-,FIGHT"
2026-07-15T13:25:00.000-04:00,"2026-7-15 13:25,2992.8,2990.61,2987.67,2988.15,5,1,0,0,-,-,FIGHT"
2026-07-15T13:30:00.000-04:00,"2026-7-15 13:30,2993.4,2992.29,2988.11,2988.36,7,1,0,0,-,-,FIGHT"
2026-07-15T13:35:00.000-04:00,"2026-7-15 13:35,2995.2,2994.12,2988.66,2988.63,7,1,0,0,-,-,FIGHT"
2026-07-15T13:40:00.000-04:00,"2026-7-15 13:40,2995.3,2995.43,2989.17,2988.89,5,1,1,0,-,-,wave_only"
2026-07-15T13:45:00.000-04:00,"2026-7-15 13:45,2998,2997.29,2989.85,2989.25,7,1,1,0,-,-,wave_only"
2026-07-15T13:50:00.000-04:00,"2026-7-15 13:50,2997.3,2998.29,2990.42,2989.56,5,1,1,0,-,-,wave_only"
2026-07-15T13:55:00.000-04:00,"2026-7-15 13:55,2998,2999.18,2991,2989.89,5,0,1,1,-,-,neutral"
2026-07-15T14:00:00.000-04:00,"2026-7-15 14:00,2996.4,2999.12,2991.42,2990.15,0,0,1,1,-,-,neutral"
2026-07-15T14:05:00.000-04:00,"2026-7-15 14:05,2994.5,2998.27,2991.66,2990.32,0,0,1,1,-,-,neutral"
2026-07-15T14:10:00.000-04:00,"2026-7-15 14:10,2993.6,2997.22,2991.81,2990.45,0,0,1,1,-,-,neutral"
2026-07-15T14:15:00.000-04:00,"2026-7-15 14:15,2992,2995.78,2991.82,2990.51,0,0,1,1,-,-,neutral"
2026-07-15T14:20:00.000-04:00,"2026-7-15 14:20,2993.1,2995.08,2991.92,2990.61,0,0,1,1,-,-,neutral"
2026-07-15T14:25:00.000-04:00,"2026-7-15 14:25,2992.5,2994.3,2991.96,2990.68,0,0,0,1,-,-,neutral"
2026-07-15T14:30:00.000-04:00,"2026-7-15 14:30,2994.2,2994.34,2992.14,2990.82,3,1,0,1,-,-,tide_only"
2026-07-15T14:35:00.000-04:00,"2026-7-15 14:35,2991.9,2993.49,2992.12,2990.86,0,0,0,1,-,-,neutral"
2026-07-15T14:40:00.000-04:00,"2026-7-15 14:40,2990.3,2992.27,2991.98,2990.84,-5,-1,0,1,S,-,FIGHT"
2026-07-15T14:45:00.000-04:00,"2026-7-15 14:45,2988.3,2990.63,2991.7,2990.74,-5,-1,0,1,-,-,FIGHT"
2026-07-15T14:50:00.000-04:00,"2026-7-15 14:50,2989.2,2989.78,2991.5,2990.68,-5,-1,0,1,-,-,FIGHT"
2026-07-15T14:55:00.000-04:00,"2026-7-15 14:55,2987.3,2988.48,2991.18,2990.55,-5,-1,0,0,-,-,FIGHT"
2026-07-15T15:00:00.000-04:00,"2026-7-15 15:00,2988.5,2988.02,2990.97,2990.47,-5,-1,0,0,-,-,FIGHT"
2026-07-15T15:05:00.000-04:00,"2026-7-15 15:05,2988.7,2987.8,2990.8,2990.4,-3,-1,0,0,-,-,FIGHT"
2026-07-15T15:10:00.000-04:00,"2026-7-15 15:10,2990.7,2988.42,2990.79,2990.41,0,0,0,0,-,-,neutral"
2026-07-15T15:15:00.000-04:00,"2026-7-15 15:15,2990.8,2988.96,2990.79,2990.43,0,0,0,0,-,-,neutral"
2026-07-15T15:20:00.000-04:00,"2026-7-15 15:20,2989.2,2988.8,2990.67,2990.38,-3,-1,0,0,-,-,FIGHT"
2026-07-15T15:25:00.000-04:00,"2026-7-15 15:25,2990.4,2989.15,2990.65,2990.38,0,0,0,0,-,-,neutral"
2026-07-15T15:30:00.000-04:00,"2026-7-15 15:30,2988.1,2988.58,2990.45,2990.29,-5,-1,0,0,-,-,FIGHT"
2026-07-15T15:35:00.000-04:00,"2026-7-15 15:35,2990.5,2989.08,2990.46,2990.3,0,0,0,0,-,-,neutral"
2026-07-15T15:40:00.000-04:00,"2026-7-15 15:40,2992.7,2990.28,2990.63,2990.39,0,0,1,0,-,-,neutral"
2026-07-15T15:45:00.000-04:00,"2026-7-15 15:45,2990.9,2990.5,2990.65,2990.41,0,0,1,0,-,-,neutral"
2026-07-15T15:50:00.000-04:00,"2026-7-15 15:50,2991.2,2990.78,2990.69,2990.44,0,0,1,0,-,-,neutral"
2026-07-15T15:55:00.000-04:00,"2026-7-15 15:55,2992.8,2991.57,2990.85,2990.54,7,1,1,0,B,-,wave_only"
2026-07-15T16:00:00.000-04:00,"2026-7-15 16:00,2993.2,2992.3,2991.03,2990.64,7,1,1,0,-,-,wave_only"
2026-07-15T16:05:00.000-04:00,"2026-7-15 16:05,2992,2992.37,2991.11,2990.69,7,0,1,0,-,-,neutral"
2026-07-15T16:10:00.000-04:00,"2026-7-15 16:10,2992.8,2992.7,2991.24,2990.78,7,1,1,0,-,-,wave_only"
2026-07-15T16:15:00.000-04:00,"2026-7-15 16:15,2992.5,2992.81,2991.34,2990.84,7,0,1,0,-,-,neutral"
2026-07-15T16:20:00.000-04:00,"2026-7-15 16:20,2993.1,2993.1,2991.47,2990.93,7,1,1,0,-,-,wave_only"
2026-07-15T16:25:00.000-04:00,"2026-7-15 16:25,2992.9,2993.21,2991.58,2991.01,7,0,1,0,-,-,neutral"
2026-07-15T16:30:00.000-04:00,"2026-7-15 16:30,2991.9,2992.9,2991.61,2991.04,0,0,1,0,-,-,neutral"
2026-07-15T16:35:00.000-04:00,"2026-7-15 16:35,2991.9,2992.66,2991.63,2991.08,0,0,1,0,-,-,neutral"
2026-07-15T16:40:00.000-04:00,"2026-7-15 16:40,2992.4,2992.65,2991.69,2991.13,0,0,1,0,-,-,neutral"
2026-07-15T16:45:00.000-04:00,"2026-7-15 16:45,2992.9,2992.82,2991.78,2991.2,7,1,1,0,-,-,wave_only"
2026-07-15T16:50:00.000-04:00,"2026-7-15 16:50,2995.3,2993.82,2992.05,2991.36,7,1,1,0,-,-,wave_only"
2026-07-15T16:55:00.000-04:00,"2026-7-15 16:55,2993.6,2993.91,2992.17,2991.45,3,1,1,1,-,-,RIDE_both"
2026-07-15T18:00:00.000-04:00,"2026-7-15 18:00,2994.9,2994.43,2992.38,2991.58,7,1,1,1,-,-,RIDE_both"
2026-07-15T18:05:00.000-04:00,"2026-7-15 18:05,2994.9,2994.8,2992.57,2991.71,5,1,1,1,-,-,RIDE_both"
2026-07-15T18:10:00.000-04:00,"2026-7-15 18:10,2994,2994.71,2992.68,2991.8,0,0,1,1,-,-,neutral"
2026-07-15T18:15:00.000-04:00,"2026-7-15 18:15,2993.9,2994.58,2992.78,2991.89,0,0,1,1,-,-,neutral"
2026-07-15T18:20:00.000-04:00,"2026-7-15 18:20,2993,2994.13,2992.79,2991.93,0,0,1,1,-,-,neutral"
2026-07-15T18:25:00.000-04:00,"2026-7-15 18:25,2993.3,2993.9,2992.83,2991.98,0,0,1,1,-,-,neutral"
2026-07-15T18:30:00.000-04:00,"2026-7-15 18:30,2992.7,2993.49,2992.82,2992.01,0,0,1,1,-,-,neutral"
2026-07-15T18:35:00.000-04:00,"2026-7-15 18:35,2992.8,2993.23,2992.82,2992.04,-3,-1,1,1,S,-,FIGHT"
2026-07-15T18:40:00.000-04:00,"2026-7-15 18:40,2992.9,2993.07,2992.83,2992.08,-3,0,0,1,-,-,neutral"
2026-07-15T18:45:00.000-04:00,"2026-7-15 18:45,2993.5,2993.17,2992.88,2992.13,7,1,0,1,B,-,tide_only"
2026-07-15T18:50:00.000-04:00,"2026-7-15 18:50,2992.5,2992.88,2992.85,2992.15,-5,-1,0,1,S,-,FIGHT"
2026-07-15T18:55:00.000-04:00,"2026-7-15 18:55,2993.7,2993.12,2992.92,2992.21,7,1,1,1,B,BUY,RIDE_both"
2026-07-15T19:00:00.000-04:00,"2026-7-15 19:00,2993.7,2993.29,2992.98,2992.27,7,1,1,1,-,-,RIDE_both"
2026-07-15T19:05:00.000-04:00,"2026-7-15 19:05,2993.2,2993.24,2992.99,2992.3,0,0,1,1,-,-,neutral"
2026-07-15T19:10:00.000-04:00,"2026-7-15 19:10,2993.5,2993.31,2993.03,2992.35,7,1,1,1,-,-,RIDE_both"
2026-07-15T19:15:00.000-04:00,"2026-7-15 19:15,2993.7,2993.44,2993.08,2992.4,7,1,1,1,-,-,RIDE_both"
2026-07-15T19:20:00.000-04:00,"2026-7-15 19:20,2993.9,2993.6,2993.15,2992.46,7,1,1,1,-,-,RIDE_both"
2026-07-15T19:25:00.000-04:00,"2026-7-15 19:25,2994.9,2994.09,2993.28,2992.56,7,1,1,1,-,-,RIDE_both"
2026-07-15T19:30:00.000-04:00,"2026-7-15 19:30,2995.7,2994.74,2993.47,2992.68,7,1,1,1,-,-,RIDE_both"
2026-07-15T19:35:00.000-04:00,"2026-7-15 19:35,2995.1,2994.99,2993.59,2992.77,7,1,1,1,-,-,RIDE_both"
2026-07-15T19:40:00.000-04:00,"2026-7-15 19:40,2995.3,2995.23,2993.72,2992.87,7,1,1,1,-,-,RIDE_both"
2026-07-15T19:45:00.000-04:00,"2026-7-15 19:45,2994.3,2995.02,2993.77,2992.93,0,0,1,1,-,-,neutral"
2026-07-15T19:50:00.000-04:00,"2026-7-15 19:50,2993.9,2994.7,2993.78,2992.97,0,0,1,1,-,-,neutral"
2026-07-15T19:55:00.000-04:00,"2026-7-15 19:55,2993.9,2994.45,2993.79,2993,0,0,0,1,-,-,neutral"
2026-07-15T20:00:00.000-04:00,"2026-7-15 20:00,2996.7,2995.3,2994.01,2993.15,7,1,0,1,-,-,tide_only"
2026-07-15T20:05:00.000-04:00,"2026-7-15 20:05,2997.3,2996.14,2994.26,2993.31,7,1,0,1,-,-,tide_only"
2026-07-15T20:10:00.000-04:00,"2026-7-15 20:10,2998.8,2997.3,2994.61,2993.53,7,1,1,1,-,-,RIDE_both"
2026-07-15T20:15:00.000-04:00,"2026-7-15 20:15,2997.2,2997.52,2994.81,2993.67,0,0,1,1,-,-,neutral"
2026-07-15T20:20:00.000-04:00,"2026-7-15 20:20,2997,2997.58,2994.98,2993.8,0,0,1,1,-,-,neutral"
2026-07-15T20:25:00.000-04:00,"2026-7-15 20:25,2996.8,2997.52,2995.12,2993.92,0,0,1,1,-,-,neutral"
2026-07-15T20:30:00.000-04:00,"2026-7-15 20:30,2997,2997.52,2995.27,2994.04,0,0,1,1,-,-,neutral"
2026-07-15T20:35:00.000-04:00,"2026-7-15 20:35,2995,2996.76,2995.24,2994.08,0,0,1,1,-,-,neutral"
2026-07-15T20:40:00.000-04:00,"2026-7-15 20:40,2993.8,2995.74,2995.13,2994.07,0,0,0,1,-,-,neutral"
2026-07-15T20:45:00.000-04:00,"2026-7-15 20:45,2993.6,2994.9,2995.02,2994.05,-5,-1,0,1,S,-,FIGHT"
2026-07-15T20:50:00.000-04:00,"2026-7-15 20:50,2993.9,2994.41,2994.93,2994.04,-5,-1,0,1,-,-,FIGHT"
2026-07-15T20:55:00.000-04:00,"2026-7-15 20:55,2993.4,2993.87,2994.81,2994.02,-5,-1,0,0,-,-,FIGHT"
2026-07-15T21:00:00.000-04:00,"2026-7-15 21:00,2992.7,2993.23,2994.65,2993.97,-5,-1,0,0,-,-,FIGHT"
2026-07-15T21:05:00.000-04:00,"2026-7-15 21:05,2992.9,2992.86,2994.52,2993.92,-5,-1,0,0,-,-,FIGHT"
2026-07-15T21:10:00.000-04:00,"2026-7-15 21:10,2991.9,2992.24,2994.31,2993.84,-5,-1,-1,0,-,-,wave_only"
2026-07-15T21:15:00.000-04:00,"2026-7-15 21:15,2989.7,2991.01,2993.96,2993.68,-5,-1,-1,0,-,-,wave_only"
2026-07-15T21:20:00.000-04:00,"2026-7-15 21:20,2990.2,2990.32,2993.67,2993.55,-5,-1,-1,0,-,-,wave_only"
2026-07-15T21:25:00.000-04:00,"2026-7-15 21:25,2990,2989.79,2993.39,2993.41,-3,-1,-1,0,-,-,wave_only"
2026-07-15T21:30:00.000-04:00,"2026-7-15 21:30,2990.9,2989.78,2993.2,2993.31,0,0,-1,0,-,-,neutral"
2026-07-15T21:35:00.000-04:00,"2026-7-15 21:35,2992,2990.22,2993.1,2993.26,0,0,-1,0,-,-,neutral"
2026-07-15T21:40:00.000-04:00,"2026-7-15 21:40,2990.5,2990.04,2992.9,2993.15,-5,0,-1,0,-,-,neutral"
2026-07-15T21:45:00.000-04:00,"2026-7-15 21:45,2993.2,2990.94,2992.93,2993.15,0,0,-1,0,-,-,neutral"
2026-07-15T21:50:00.000-04:00,"2026-7-15 21:50,2992.6,2991.4,2992.9,2993.13,0,0,-1,0,-,-,neutral"
2026-07-15T21:55:00.000-04:00,"2026-7-15 21:55,2991,2991.17,2992.76,2993.05,-5,-1,-1,0,-,-,wave_only"
2026-07-15T22:00:00.000-04:00,"2026-7-15 22:00,2989.2,2990.35,2992.48,2992.89,-7,-1,-1,0,-,-,wave_only"
2026-07-15T22:05:00.000-04:00,"2026-7-15 22:05,2989.9,2990.02,2992.28,2992.78,-7,-1,-1,0,-,-,wave_only"
2026-07-15T22:10:00.000-04:00,"2026-7-15 22:10,2989.3,2989.59,2992.05,2992.64,-7,-1,-1,0,-,-,wave_only"
2026-07-15T22:15:00.000-04:00,"2026-7-15 22:15,2990.2,2989.62,2991.91,2992.55,0,0,-1,0,-,-,neutral"
2026-07-15T22:20:00.000-04:00,"2026-7-15 22:20,2992.2,2990.42,2991.93,2992.53,0,0,-1,0,-,-,neutral"
2026-07-15T22:25:00.000-04:00,"2026-7-15 22:25,2992.3,2991.05,2991.96,2992.52,0,0,0,0,-,-,neutral"
2026-07-15T22:30:00.000-04:00,"2026-7-15 22:30,2992.8,2991.72,2992.03,2992.53,3,1,0,0,B,-,FIGHT"
2026-07-15T22:35:00.000-04:00,"2026-7-15 22:35,2993,2992.28,2992.1,2992.55,5,1,0,0,-,-,FIGHT"
2026-07-15T22:40:00.000-04:00,"2026-7-15 22:40,2992.7,2992.57,2992.15,2992.56,5,1,0,0,-,-,FIGHT"
2026-07-15T22:45:00.000-04:00,"2026-7-15 22:45,2994.4,2993.4,2992.32,2992.63,5,1,0,0,-,-,FIGHT"
2026-07-15T22:50:00.000-04:00,"2026-7-15 22:50,2994.4,2994,2992.48,2992.7,5,1,0,0,-,-,FIGHT"
2026-07-15T22:55:00.000-04:00,"2026-7-15 22:55,2995.4,2994.78,2992.7,2992.81,7,1,0,1,-,-,tide_only"
2026-07-15T23:00:00.000-04:00,"2026-7-15 23:00,2995.4,2995.32,2992.91,2992.91,5,1,0,1,-,-,tide_only"
2026-07-15T23:05:00.000-04:00,"2026-7-15 23:05,2996.6,2996.13,2993.2,2993.05,7,1,0,1,-,-,tide_only"
2026-07-15T23:10:00.000-04:00,"2026-7-15 23:10,2995.6,2996.32,2993.38,2993.15,0,0,1,1,-,-,neutral"
2026-07-15T23:15:00.000-04:00,"2026-7-15 23:15,2995,2996.19,2993.51,2993.22,0,0,1,1,-,-,neutral"
2026-07-15T23:20:00.000-04:00,"2026-7-15 23:20,2994.8,2995.98,2993.6,2993.29,0,0,1,1,-,-,neutral"
2026-07-15T23:25:00.000-04:00,"2026-7-15 23:25,2995.2,2995.94,2993.73,2993.36,0,0,1,1,-,-,neutral"
2026-07-15T23:30:00.000-04:00,"2026-7-15 23:30,2996.9,2996.52,2993.97,2993.5,7,1,1,1,-,-,RIDE_both"
2026-07-15T23:35:00.000-04:00,"2026-7-15 23:35,2996.3,2996.69,2994.15,2993.61,0,0,1,1,-,-,neutral"
2026-07-15T23:40:00.000-04:00,"2026-7-15 23:40,2996,2996.67,2994.29,2993.7,0,0,1,1,-,-,neutral"
2026-07-15T23:45:00.000-04:00,"2026-7-15 23:45,2995.9,2996.59,2994.42,2993.79,0,0,1,1,-,-,neutral"
2026-07-15T23:50:00.000-04:00,"2026-7-15 23:50,2997,2996.91,2994.62,2993.92,7,0,1,1,-,-,neutral"
2026-07-15T23:55:00.000-04:00,"2026-7-15 23:55,2997,2997.12,2994.8,2994.04,0,0,1,1,-,-,neutral"
2026-07-16T00:00:00.000-04:00,"2026-7-16 0:00,2996.6,2997.11,2994.94,2994.14,0,0,1,1,-,-,neutral"
2026-07-16T00:05:00.000-04:00,"2026-7-16 0:05,2997.3,2997.33,2995.12,2994.26,0,0,1,1,-,-,neutral"
2026-07-16T00:10:00.000-04:00,"2026-7-16 0:10,2998.3,2997.84,2995.36,2994.42,7,1,1,1,-,-,RIDE_both"
2026-07-16T00:15:00.000-04:00,"2026-7-16 0:15,2997.1,2997.75,2995.5,2994.52,0,0,1,1,-,-,neutral"
2026-07-16T00:20:00.000-04:00,"2026-7-16 0:20,2996.3,2997.36,2995.56,2994.59,0,0,1,1,-,-,neutral"
2026-07-16T00:25:00.000-04:00,"2026-7-16 0:25,2995.7,2996.83,2995.57,2994.64,0,0,0,1,-,-,neutral"
2026-07-16T00:30:00.000-04:00,"2026-7-16 0:30,2995.2,2996.25,2995.54,2994.66,0,0,0,1,-,-,neutral"
2026-07-16T00:35:00.000-04:00,"2026-7-16 0:35,2994.9,2995.7,2995.49,2994.67,-3,-1,0,1,S,-,FIGHT"
2026-07-16T00:40:00.000-04:00,"2026-7-16 0:40,2995.6,2995.56,2995.5,2994.71,-5,-1,0,1,-,-,FIGHT"
2026-07-16T00:45:00.000-04:00,"2026-7-16 0:45,2995.5,2995.43,2995.5,2994.74,-5,-1,0,1,-,-,FIGHT"
2026-07-16T00:50:00.000-04:00,"2026-7-16 0:50,2996.4,2995.68,2995.57,2994.8,7,0,0,1,-,-,neutral"
2026-07-16T00:55:00.000-04:00,"2026-7-16 0:55,2995.9,2995.68,2995.6,2994.84,0,0,0,1,-,-,neutral"
2026-07-16T01:00:00.000-04:00,"2026-7-16 1:00,2997.3,2996.2,2995.73,2994.94,7,1,0,1,B,-,tide_only"
2026-07-16T01:05:00.000-04:00,"2026-7-16 1:05,2997,2996.48,2995.82,2995.02,7,1,0,1,-,-,tide_only"
2026-07-16T01:10:00.000-04:00,"2026-7-16 1:10,2998.9,2997.38,2996.06,2995.17,7,1,1,1,-,-,RIDE_both"
2026-07-16T01:15:00.000-04:00,"2026-7-16 1:15,2999.2,2998.15,2996.3,2995.33,7,1,1,1,-,-,RIDE_both"
2026-07-16T01:20:00.000-04:00,"2026-7-16 1:20,2999.1,2998.66,2996.52,2995.48,7,1,1,1,-,-,RIDE_both"
2026-07-16T01:25:00.000-04:00,"2026-7-16 1:25,2999.7,2999.23,2996.76,2995.65,7,1,1,1,-,-,RIDE_both"
2026-07-16T01:30:00.000-04:00,"2026-7-16 1:30,2997.8,2998.92,2996.84,2995.73,0,0,1,1,-,-,neutral"
2026-07-16T01:35:00.000-04:00,"2026-7-16 1:35,2996.4,2998.15,2996.81,2995.76,0,0,1,1,-,-,neutral"
2026-07-16T01:40:00.000-04:00,"2026-7-16 1:40,2996.7,2997.68,2996.8,2995.79,0,0,0,1,-,-,neutral"
2026-07-16T01:45:00.000-04:00,"2026-7-16 1:45,2995.6,2996.92,2996.71,2995.79,-3,-1,0,1,S,-,FIGHT"
2026-07-16T01:50:00.000-04:00,"2026-7-16 1:50,2994.9,2996.1,2996.57,2995.75,-5,-1,0,1,-,-,FIGHT"
2026-07-16T01:55:00.000-04:00,"2026-7-16 1:55,2995.2,2995.62,2996.46,2995.73,-5,-1,0,0,-,-,FIGHT"
2026-07-16T02:00:00.000-04:00,"2026-7-16 2:00,2996.7,2995.84,2996.48,2995.77,0,0,0,0,-,-,neutral"
2026-07-16T02:05:00.000-04:00,"2026-7-16 2:05,2996.4,2995.9,2996.48,2995.79,0,0,0,0,-,-,neutral"
2026-07-16T02:10:00.000-04:00,"2026-7-16 2:10,2996.7,2996.07,2996.49,2995.83,0,0,0,0,-,-,neutral"
2026-07-16T02:15:00.000-04:00,"2026-7-16 2:15,2997,2996.32,2996.53,2995.87,0,0,0,0,-,-,neutral"
2026-07-16T02:20:00.000-04:00,"2026-7-16 2:20,2996,2996.14,2996.49,2995.88,-5,-1,0,0,-,-,FIGHT"
2026-07-16T02:25:00.000-04:00,"2026-7-16 2:25,2995.1,2995.68,2996.38,2995.85,-5,-1,0,0,-,-,FIGHT"
2026-07-16T02:30:00.000-04:00,"2026-7-16 2:30,2993.2,2994.65,2996.14,2995.74,-5,-1,0,0,-,-,FIGHT"
2026-07-16T02:35:00.000-04:00,"2026-7-16 2:35,2993.6,2994.06,2995.94,2995.66,-5,-1,0,0,-,-,FIGHT"
2026-07-16T02:40:00.000-04:00,"2026-7-16 2:40,2993.5,2993.61,2995.76,2995.58,-5,-1,-1,0,-,-,wave_only"
2026-07-16T02:45:00.000-04:00,"2026-7-16 2:45,2993.9,2993.46,2995.61,2995.51,-5,0,-1,0,-,-,neutral"
2026-07-16T02:50:00.000-04:00,"2026-7-16 2:50,2994.3,2993.52,2995.51,2995.46,0,0,-1,0,-,-,neutral"
2026-07-16T02:55:00.000-04:00,"2026-7-16 2:55,2995.6,2994.08,2995.52,2995.47,0,0,0,1,-,-,neutral"
2026-07-16T03:00:00.000-04:00,"2026-7-16 3:00,2993.1,2993.59,2995.33,2995.37,-5,-1,0,1,-,-,FIGHT"
2026-07-16T03:05:00.000-04:00,"2026-7-16 3:05,2992,2992.84,2995.08,2995.24,-7,-1,0,1,-,-,FIGHT"
2026-07-16T03:10:00.000-04:00,"2026-7-16 3:10,2990.6,2991.79,2994.73,2995.06,-5,-1,-1,1,-,-,wave_only"
2026-07-16T03:15:00.000-04:00,"2026-7-16 3:15,2989.5,2990.65,2994.33,2994.84,-7,-1,-1,1,-,-,wave_only"
2026-07-16T03:20:00.000-04:00,"2026-7-16 3:20,2989.3,2989.78,2993.94,2994.62,-7,-1,-1,1,-,-,wave_only"
2026-07-16T03:25:00.000-04:00,"2026-7-16 3:25,2989.3,2989.18,2993.59,2994.42,0,0,-1,1,-,-,neutral"
2026-07-16T03:30:00.000-04:00,"2026-7-16 3:30,2988.1,2988.36,2993.16,2994.17,-5,-1,-1,1,-,-,wave_only"
2026-07-16T03:35:00.000-04:00,"2026-7-16 3:35,2986.8,2987.32,2992.67,2993.88,-5,-1,-1,1,-,-,wave_only"
2026-07-16T03:40:00.000-04:00,"2026-7-16 3:40,2985.1,2986,2992.09,2993.54,-7,-1,-1,1,-,-,wave_only"
2026-07-16T03:45:00.000-04:00,"2026-7-16 3:45,2983.6,2984.54,2991.44,2993.15,-7,-1,-1,1,-,-,wave_only"
2026-07-16T03:50:00.000-04:00,"2026-7-16 3:50,2982.4,2983.1,2990.74,2992.72,-7,-1,-1,1,-,-,wave_only"
2026-07-16T03:55:00.000-04:00,"2026-7-16 3:55,2981.4,2981.76,2990.02,2992.28,-7,-1,-1,0,-,-,wave_only"
2026-07-16T04:00:00.000-04:00,"2026-7-16 4:00,2982.8,2981.38,2989.47,2991.91,0,0,-1,0,-,-,neutral"
2026-07-16T04:05:00.000-04:00,"2026-7-16 4:05,2979.7,2980.06,2988.72,2991.43,-7,-1,-1,0,-,-,wave_only"
2026-07-16T04:10:00.000-04:00,"2026-7-16 4:10,2976.7,2978.07,2987.79,2990.85,-7,-1,-1,0,-,-,wave_only"
2026-07-16T04:15:00.000-04:00,"2026-7-16 4:15,2979.1,2977.6,2987.12,2990.39,0,0,-1,0,-,-,neutral"
2026-07-16T04:20:00.000-04:00,"2026-7-16 4:20,2980.8,2978,2986.64,2990.01,0,0,-1,0,-,-,neutral"
2026-07-16T04:25:00.000-04:00,"2026-7-16 4:25,2980.3,2978.2,2986.15,2989.63,0,0,0,0,-,-,neutral"
2026-07-16T04:30:00.000-04:00,"2026-7-16 4:30,2981.3,2978.81,2985.78,2989.31,0,0,0,0,-,-,neutral"
2026-07-16T04:35:00.000-04:00,"2026-7-16 4:35,2982.1,2979.62,2985.49,2989.02,0,0,0,0,-,-,neutral"
2026-07-16T04:40:00.000-04:00,"2026-7-16 4:40,2981.7,2980.13,2985.2,2988.74,0,0,0,0,-,-,neutral"
2026-07-16T04:45:00.000-04:00,"2026-7-16 4:45,2984.2,2981.47,2985.13,2988.56,0,0,0,0,-,-,neutral"
2026-07-16T04:50:00.000-04:00,"2026-7-16 4:50,2982.8,2981.97,2984.95,2988.33,0,0,0,0,-,-,neutral"
2026-07-16T04:55:00.000-04:00,"2026-7-16 4:55,2984.7,2983.05,2984.93,2988.19,0,0,0,-1,-,-,neutral"
2026-07-16T05:00:00.000-04:00,"2026-7-16 5:00,2985.1,2984,2984.94,2988.07,3,1,0,-1,B,-,FIGHT"
2026-07-16T05:05:00.000-04:00,"2026-7-16 5:05,2985.1,2984.69,2984.95,2987.95,5,1,0,-1,-,-,FIGHT"
2026-07-16T05:10:00.000-04:00,"2026-7-16 5:10,2985.7,2985.39,2985.01,2987.86,5,1,0,-1,-,-,FIGHT"
2026-07-16T05:15:00.000-04:00,"2026-7-16 5:15,2984.6,2985.48,2984.98,2987.74,5,0,0,-1,-,-,neutral"
2026-07-16T05:20:00.000-04:00,"2026-7-16 5:20,2983.7,2985.18,2984.88,2987.58,0,0,0,-1,-,-,neutral"
2026-07-16T05:25:00.000-04:00,"2026-7-16 5:25,2983.1,2984.71,2984.74,2987.4,0,0,0,-1,-,-,neutral"
2026-07-16T05:30:00.000-04:00,"2026-7-16 5:30,2983,2984.31,2984.61,2987.23,-7,-1,0,-1,S,-,tide_only"
2026-07-16T05:35:00.000-04:00,"2026-7-16 5:35,2981.8,2983.55,2984.39,2987.02,-7,-1,0,-1,-,-,tide_only"
2026-07-16T05:40:00.000-04:00,"2026-7-16 5:40,2982.1,2983.1,2984.22,2986.82,-7,-1,0,-1,-,-,tide_only"
2026-07-16T05:45:00.000-04:00,"2026-7-16 5:45,2980.3,2982.1,2983.92,2986.57,-7,-1,0,-1,-,-,tide_only"
2026-07-16T05:50:00.000-04:00,"2026-7-16 5:50,2980.3,2981.38,2983.64,2986.32,-7,-1,0,-1,-,-,tide_only"
2026-07-16T05:55:00.000-04:00,"2026-7-16 5:55,2981.1,2981.16,2983.44,2986.12,-7,-1,0,-1,-,-,tide_only"
2026-07-16T06:00:00.000-04:00,"2026-7-16 6:00,2982.2,2981.42,2983.35,2985.96,0,0,0,-1,-,-,neutral"
2026-07-16T06:05:00.000-04:00,"2026-7-16 6:05,2982.2,2981.63,2983.26,2985.82,0,0,0,-1,-,-,neutral"
2026-07-16T06:10:00.000-04:00,"2026-7-16 6:10,2981.3,2981.46,2983.11,2985.64,-7,-1,-1,-1,-,-,RIDE_both"
2026-07-16T06:15:00.000-04:00,"2026-7-16 6:15,2980.2,2980.94,2982.88,2985.43,-7,-1,-1,-1,-,-,RIDE_both"
2026-07-16T06:20:00.000-04:00,"2026-7-16 6:20,2979.1,2980.17,2982.59,2985.18,-7,-1,-1,-1,-,-,RIDE_both"
2026-07-16T06:25:00.000-04:00,"2026-7-16 6:25,2980.7,2980.21,2982.45,2985,0,0,-1,-1,-,-,neutral"
2026-07-16T06:30:00.000-04:00,"2026-7-16 6:30,2980,2980,2982.26,2984.81,-7,-1,-1,-1,-,-,RIDE_both"
2026-07-16T06:35:00.000-04:00,"2026-7-16 6:35,2979.6,2979.72,2982.05,2984.6,-7,-1,-1,-1,-,-,RIDE_both"
2026-07-16T06:40:00.000-04:00,"2026-7-16 6:40,2980.6,2979.91,2981.94,2984.45,0,0,-1,-1,-,-,neutral"
2026-07-16T06:45:00.000-04:00,"2026-7-16 6:45,2979.3,2979.58,2981.74,2984.24,-7,-1,-1,-1,-,-,RIDE_both"
2026-07-16T06:50:00.000-04:00,"2026-7-16 6:50,2979.4,2979.4,2981.56,2984.05,-7,-1,-1,-1,-,-,RIDE_both"
2026-07-16T06:55:00.000-04:00,"2026-7-16 6:55,2980.5,2979.69,2981.48,2983.91,0,0,-1,-1,-,-,neutral"
2026-07-16T07:00:00.000-04:00,"2026-7-16 7:00,2978.7,2979.25,2981.26,2983.71,-7,-1,-1,-1,-,-,RIDE_both"
2026-07-16T07:05:00.000-04:00,"2026-7-16 7:05,2979.8,2979.35,2981.15,2983.56,0,0,-1,-1,-,-,neutral"
2026-07-16T07:10:00.000-04:00,"2026-7-16 7:10,2979.6,2979.37,2981.03,2983.4,0,0,-1,-1,-,-,neutral"
2026-07-16T07:15:00.000-04:00,"2026-7-16 7:15,2979.5,2979.36,2980.91,2983.25,-7,0,-1,-1,-,-,neutral"
2026-07-16T07:20:00.000-04:00,"2026-7-16 7:20,2983.2,2980.73,2981.09,2983.25,5,1,-1,-1,B,-,FIGHT"
2026-07-16T07:25:00.000-04:00,"2026-7-16 7:25,2981.5,2981.11,2981.12,2983.18,5,1,0,-1,-,-,FIGHT"
2026-07-16T07:30:00.000-04:00,"2026-7-16 7:30,2982,2981.57,2981.19,2983.13,5,1,0,-1,-,-,FIGHT"
2026-07-16T07:35:00.000-04:00,"2026-7-16 7:35,2982.2,2981.97,2981.27,2983.1,5,1,0,-1,-,-,FIGHT"
2026-07-16T07:40:00.000-04:00,"2026-7-16 7:40,2981.5,2981.98,2981.28,2983.03,0,0,0,-1,-,-,neutral"
2026-07-16T07:45:00.000-04:00,"2026-7-16 7:45,2974.7,2979.46,2980.78,2982.71,-7,-1,0,-1,S,-,tide_only"
2026-07-16T07:50:00.000-04:00,"2026-7-16 7:50,2981.2,2980.01,2980.81,2982.65,3,1,0,-1,B,-,FIGHT"
2026-07-16T07:55:00.000-04:00,"2026-7-16 7:55,2981.9,2980.69,2980.89,2982.62,5,1,0,-1,-,-,FIGHT"
2026-07-16T08:00:00.000-04:00,"2026-7-16 8:00,2981.1,2980.89,2980.91,2982.56,5,0,0,-1,-,-,neutral"
2026-07-16T08:05:00.000-04:00,"2026-7-16 8:05,2979.7,2980.51,2980.82,2982.45,-7,-1,0,-1,S,-,tide_only"
2026-07-16T08:10:00.000-04:00,"2026-7-16 8:10,2979.5,2980.16,2980.72,2982.33,-7,-1,-1,-1,-,-,RIDE_both"
2026-07-16T08:15:00.000-04:00,"2026-7-16 8:15,2980.9,2980.42,2980.73,2982.27,5,1,-1,-1,B,-,FIGHT"
2026-07-16T08:20:00.000-04:00,"2026-7-16 8:20,2976.2,2978.87,2980.38,2982.04,-7,-1,-1,-1,S,SELL,RIDE_both"
2026-07-16T08:25:00.000-04:00,"2026-7-16 8:25,2976.6,2977.89,2980.09,2981.82,-7,-1,-1,-1,-,-,RIDE_both"
2026-07-16T08:30:00.000-04:00,"2026-7-16 8:30,2977.7,2977.6,2979.91,2981.66,-7,-1,-1,-1,-,-,RIDE_both"
2026-07-16T08:35:00.000-04:00,"2026-7-16 8:35,2976.3,2976.9,2979.63,2981.45,-7,-1,-1,-1,-,-,RIDE_both"
2026-07-16T08:40:00.000-04:00,"2026-7-16 8:40,2975.8,2976.22,2979.33,2981.23,-7,-1,-1,-1,-,-,RIDE_both"
2026-07-16T08:45:00.000-04:00,"2026-7-16 8:45,2977.7,2976.47,2979.21,2981.09,0,0,-1,-1,-,-,neutral"
2026-07-16T08:50:00.000-04:00,"2026-7-16 8:50,2977.5,2976.61,2979.08,2980.95,0,0,-1,-1,-,-,neutral"
2026-07-16T08:55:00.000-04:00,"2026-7-16 8:55,2977.1,2976.59,2978.93,2980.8,0,0,-1,-1,-,-,neutral"
2026-07-16T09:00:00.000-04:00,"2026-7-16 9:00,2977.2,2976.64,2978.79,2980.66,0,0,-1,-1,-,-,neutral"
2026-07-16T09:05:00.000-04:00,"2026-7-16 9:05,2978.4,2977.14,2978.76,2980.57,0,0,-1,-1,-,-,neutral"
2026-07-16T09:10:00.000-04:00,"2026-7-16 9:10,2979.4,2977.9,2978.81,2980.52,3,1,0,-1,B,-,FIGHT"
2026-07-16T09:15:00.000-04:00,"2026-7-16 9:15,2980.7,2978.95,2978.96,2980.53,5,1,0,-1,-,-,FIGHT"
2026-07-16T09:20:00.000-04:00,"2026-7-16 9:20,2981.4,2979.98,2979.14,2980.56,5,1,0,-1,-,-,FIGHT"
2026-07-16T09:25:00.000-04:00,"2026-7-16 9:25,2980.5,2980.38,2979.25,2980.56,5,1,0,-1,-,-,FIGHT"
2026-07-16T09:30:00.000-04:00,"2026-7-16 9:30,2990.8,2984.47,2980.14,2980.96,5,1,0,-1,-,-,FIGHT"
2026-07-16T09:35:00.000-04:00,"2026-7-16 9:35,2990.4,2987.29,2980.93,2981.33,5,1,0,-1,-,-,FIGHT"
2026-07-16T09:40:00.000-04:00,"2026-7-16 9:40,2994.3,2990.72,2981.96,2981.84,5,1,1,-1,-,-,wave_only"
2026-07-16T09:45:00.000-04:00,"2026-7-16 9:45,2994.5,2993.2,2982.92,2982.34,5,1,1,-1,-,-,wave_only"
2026-07-16T09:50:00.000-04:00,"2026-7-16 9:50,2997.7,2996.08,2984.06,2982.94,5,1,1,-1,-,-,wave_only"
2026-07-16T09:55:00.000-04:00,"2026-7-16 9:55,3000,2998.89,2985.28,2983.61,5,1,1,0,-,-,wave_only"
2026-07-16T10:00:00.000-04:00,"2026-7-16 10:00,3003.3,3002.02,2986.67,2984.38,7,1,1,0,-,-,wave_only"
2026-07-16T10:05:00.000-04:00,"2026-7-16 10:05,3010.3,3006.71,2988.49,2985.4,7,1,1,0,-,-,wave_only"
2026-07-16T10:10:00.000-04:00,"2026-7-16 10:10,3010.7,3010.1,2990.2,2986.39,7,1,1,0,-,-,wave_only"
2026-07-16T10:15:00.000-04:00,"2026-7-16 10:15,3008,3011.34,2991.57,2987.24,0,0,1,0,-,-,neutral"
2026-07-16T10:20:00.000-04:00,"2026-7-16 10:20,3003.6,3010.38,2992.49,2987.88,0,0,1,0,-,-,neutral"
2026-07-16T10:25:00.000-04:00,"2026-7-16 10:25,3008.3,3011.19,2993.71,2988.68,0,0,1,0,-,-,neutral"
2026-07-16T10:30:00.000-04:00,"2026-7-16 10:30,3003,3009.62,2994.42,2989.24,0,0,1,0,-,-,neutral"
2026-07-16T10:35:00.000-04:00,"2026-7-16 10:35,3002.4,3008.07,2995.04,2989.76,0,0,1,0,-,-,neutral"
2026-07-16T10:40:00.000-04:00,"2026-7-16 10:40,3007.2,3008.56,2995.97,2990.44,0,0,1,0,-,-,neutral"
2026-07-16T10:45:00.000-04:00,"2026-7-16 10:45,3005.9,3008.32,2996.74,2991.05,0,0,1,0,-,-,neutral"
2026-07-16T10:50:00.000-04:00,"2026-7-16 10:50,3005.1,3007.73,2997.38,2991.6,0,0,1,0,-,-,neutral"
2026-07-16T10:55:00.000-04:00,"2026-7-16 10:55,3006.6,3007.76,2998.09,2992.19,0,0,0,1,-,-,neutral"
2026-07-16T11:00:00.000-04:00,"2026-7-16 11:00,3002.3,3006.1,2998.41,2992.58,0,0,0,1,-,-,neutral"
2026-07-16T11:05:00.000-04:00,"2026-7-16 11:05,3003.6,3005.3,2998.81,2993.02,0,0,0,1,-,-,neutral"
2026-07-16T11:10:00.000-04:00,"2026-7-16 11:10,3003.5,3004.64,2999.17,2993.43,0,0,0,1,-,-,neutral"
2026-07-16T11:15:00.000-04:00,"2026-7-16 11:15,3004.2,3004.38,2999.56,2993.85,0,0,0,1,-,-,neutral"
2026-07-16T11:20:00.000-04:00,"2026-7-16 11:20,3004.3,3004.21,2999.92,2994.26,0,0,0,1,-,-,neutral"
2026-07-16T11:25:00.000-04:00,"2026-7-16 11:25,3004.6,3004.19,3000.28,2994.67,0,0,0,1,-,-,neutral"
2026-07-16T11:30:00.000-04:00,"2026-7-16 11:30,3006.2,3004.75,3000.74,2995.12,7,1,0,1,-,-,tide_only"
2026-07-16T11:35:00.000-04:00,"2026-7-16 11:35,3006.3,3005.2,3001.17,2995.56,7,1,0,1,-,-,tide_only"
2026-07-16T11:40:00.000-04:00,"2026-7-16 11:40,3001.8,3003.84,3001.21,2995.8,-3,-1,0,1,S,-,FIGHT"
2026-07-16T11:45:00.000-04:00,"2026-7-16 11:45,3001.3,3002.66,3001.22,2996.02,-3,-1,0,1,-,-,FIGHT"
2026-07-16T11:50:00.000-04:00,"2026-7-16 11:50,3000.2,3001.4,3001.14,2996.18,-5,-1,0,1,-,-,FIGHT"
2026-07-16T11:55:00.000-04:00,"2026-7-16 11:55,2999.3,3000.16,3001,2996.3,-5,-1,0,1,-,-,FIGHT"
2026-07-16T12:00:00.000-04:00,"2026-7-16 12:00,2997.5,2998.63,3000.73,2996.35,-5,-1,0,1,-,-,FIGHT"
2026-07-16T12:05:00.000-04:00,"2026-7-16 12:05,2999.8,2998.41,3000.66,2996.49,-5,-1,0,1,-,-,FIGHT"
2026-07-16T12:10:00.000-04:00,"2026-7-16 12:10,2993.2,2995.86,3000.09,2996.36,-5,-1,0,1,-,-,FIGHT"
2026-07-16T12:15:00.000-04:00,"2026-7-16 12:15,2992.8,2993.91,2999.53,2996.22,-5,-1,0,1,-,-,FIGHT"
2026-07-16T12:20:00.000-04:00,"2026-7-16 12:20,2989.7,2991.42,2998.77,2995.96,-5,-1,0,1,-,-,FIGHT"
2026-07-16T12:25:00.000-04:00,"2026-7-16 12:25,2993.2,2991,2998.34,2995.85,0,0,0,1,-,-,neutral"
2026-07-16T12:30:00.000-04:00,"2026-7-16 12:30,2995.5,2991.65,2998.12,2995.84,0,0,0,1,-,-,neutral"
2026-07-16T12:35:00.000-04:00,"2026-7-16 12:35,2995.9,2992.39,2997.95,2995.84,0,0,0,1,-,-,neutral"
2026-07-16T12:40:00.000-04:00,"2026-7-16 12:40,2992.9,2991.9,2997.56,2995.73,0,0,0,1,-,-,neutral"
2026-07-16T12:45:00.000-04:00,"2026-7-16 12:45,2992.2,2991.37,2997.15,2995.59,0,0,0,1,-,-,neutral"
2026-07-16T12:50:00.000-04:00,"2026-7-16 12:50,2993.1,2991.39,2996.84,2995.49,0,0,0,1,-,-,neutral"
2026-07-16T12:55:00.000-04:00,"2026-7-16 12:55,2995.5,2992.36,2996.74,2995.49,0,0,0,1,-,-,neutral"
2026-07-16T13:00:00.000-04:00,"2026-7-16 13:00,2995.9,2993.29,2996.67,2995.51,0,0,0,1,-,-,neutral"
2026-07-16T13:05:00.000-04:00,"2026-7-16 13:05,2995.4,2993.83,2996.57,2995.5,0,0,0,1,-,-,neutral"
2026-07-16T13:10:00.000-04:00,"2026-7-16 13:10,2992.1,2993.04,2996.23,2995.37,-5,-1,0,1,-,-,FIGHT"
2026-07-16T13:15:00.000-04:00,"2026-7-16 13:15,2991.8,2992.37,2995.89,2995.23,-5,-1,0,1,-,-,FIGHT"
2026-07-16T13:20:00.000-04:00,"2026-7-16 13:20,2989.7,2991.15,2995.41,2995.01,-5,-1,0,1,-,-,FIGHT"
2026-07-16T13:25:00.000-04:00,"2026-7-16 13:25,2991.6,2990.99,2995.12,2994.88,-3,-1,-1,1,-,-,wave_only"
2026-07-16T13:30:00.000-04:00,"2026-7-16 13:30,2989.8,2990.25,2994.71,2994.68,-5,-1,-1,1,-,-,wave_only"
2026-07-16T13:35:00.000-04:00,"2026-7-16 13:35,2987.9,2989.05,2994.19,2994.41,-5,-1,-1,1,-,-,wave_only"
2026-07-16T13:40:00.000-04:00,"2026-7-16 13:40,2987.5,2988.08,2993.67,2994.14,-5,-1,-1,1,-,-,wave_only"
2026-07-16T13:45:00.000-04:00,"2026-7-16 13:45,2988.6,2987.83,2993.28,2993.93,0,0,-1,1,-,-,neutral"
2026-07-16T13:50:00.000-04:00,"2026-7-16 13:50,2986.9,2987.07,2992.79,2993.65,-3,-1,-1,1,-,-,wave_only"
2026-07-16T13:55:00.000-04:00,"2026-7-16 13:55,2984.5,2985.69,2992.15,2993.29,-7,-1,-1,0,-,-,wave_only"
2026-07-16T14:00:00.000-04:00,"2026-7-16 14:00,2983.3,2984.3,2991.47,2992.9,-7,-1,-1,0,-,-,wave_only"
2026-07-16T14:05:00.000-04:00,"2026-7-16 14:05,2984.5,2983.8,2990.94,2992.57,0,0,-1,0,-,-,neutral"
2026-07-16T14:10:00.000-04:00,"2026-7-16 14:10,2985.3,2983.8,2990.5,2992.28,0,0,-1,0,-,-,neutral"
2026-07-16T14:15:00.000-04:00,"2026-7-16 14:15,2989,2985.25,2990.39,2992.16,0,0,-1,0,-,-,neutral"
2026-07-16T14:20:00.000-04:00,"2026-7-16 14:20,2990.6,2986.96,2990.4,2992.09,0,0,-1,0,-,-,neutral"
2026-07-16T14:25:00.000-04:00,"2026-7-16 14:25,2990.1,2988.07,2990.38,2992.02,0,0,0,0,-,-,neutral"
2026-07-16T14:30:00.000-04:00,"2026-7-16 14:30,2988.4,2988.26,2990.23,2991.87,0,0,0,0,-,-,neutral"
2026-07-16T14:35:00.000-04:00,"2026-7-16 14:35,2987.3,2988.01,2990,2991.7,-7,-1,0,0,-,-,FIGHT"
2026-07-16T14:40:00.000-04:00,"2026-7-16 14:40,2986.9,2987.68,2989.76,2991.51,-7,-1,-1,0,-,-,wave_only"
2026-07-16T14:45:00.000-04:00,"2026-7-16 14:45,2986.6,2987.33,2989.52,2991.31,-7,-1,-1,0,-,-,wave_only"
2026-07-16T14:50:00.000-04:00,"2026-7-16 14:50,2985.7,2986.75,2989.23,2991.09,-7,-1,-1,0,-,-,wave_only"
2026-07-16T14:55:00.000-04:00,"2026-7-16 14:55,2984.6,2985.92,2988.87,2990.84,-7,-1,-1,-1,-,-,RIDE_both"
2026-07-16T15:00:00.000-04:00,"2026-7-16 15:00,2986.6,2986.08,2988.7,2990.67,0,0,-1,-1,-,-,neutral"
2026-07-16T15:05:00.000-04:00,"2026-7-16 15:05,2983.4,2985.03,2988.29,2990.39,-7,-1,-1,-1,-,-,RIDE_both"
2026-07-16T15:10:00.000-04:00,"2026-7-16 15:10,2983.3,2984.24,2987.9,2990.11,-7,-1,-1,-1,-,-,RIDE_both"
2026-07-16T15:15:00.000-04:00,"2026-7-16 15:15,2983.4,2983.73,2987.56,2989.85,-3,-1,-1,-1,-,-,RIDE_both"
2026-07-16T15:20:00.000-04:00,"2026-7-16 15:20,2983,2983.24,2987.21,2989.58,-7,-1,-1,-1,-,-,RIDE_both"
2026-07-16T15:25:00.000-04:00,"2026-7-16 15:25,2982,2982.54,2986.81,2989.28,-7,-1,-1,-1,-,-,RIDE_both"
2026-07-16T15:30:00.000-04:00,"2026-7-16 15:30,2979.8,2981.26,2986.27,2988.91,-7,-1,-1,-1,-,-,RIDE_both"
2026-07-16T15:35:00.000-04:00,"2026-7-16 15:35,2982.8,2981.47,2986,2988.67,0,0,-1,-1,-,-,neutral"
2026-07-16T15:40:00.000-04:00,"2026-7-16 15:40,2979.5,2980.45,2985.5,2988.31,-7,-1,-1,-1,-,-,RIDE_both"
2026-07-16T15:45:00.000-04:00,"2026-7-16 15:45,2979.5,2979.75,2985.04,2987.96,-7,-1,-1,-1,-,-,RIDE_both"
2026-07-16T15:50:00.000-04:00,"2026-7-16 15:50,2988.1,2982.47,2985.28,2987.97,0,0,-1,-1,-,-,neutral"
2026-07-16T15:55:00.000-04:00,"2026-7-16 15:55,2991.6,2985.8,2985.76,2988.11,5,1,0,0,B,-,FIGHT"
2026-07-16T16:00:00.000-04:00,"2026-7-16 16:00,2989.6,2987.5,2986.06,2988.17,5,1,0,0,-,-,FIGHT"
2026-07-16T16:05:00.000-04:00,"2026-7-16 16:05,2989.8,2988.8,2986.34,2988.23,5,1,0,0,-,-,FIGHT"
2026-07-16T16:10:00.000-04:00,"2026-7-16 16:10,2989.1,2989.44,2986.56,2988.27,5,1,0,0,-,-,FIGHT"
2026-07-16T16:15:00.000-04:00,"2026-7-16 16:15,2989.5,2990.01,2986.78,2988.32,5,1,0,0,-,-,FIGHT"
2026-07-16T16:20:00.000-04:00,"2026-7-16 16:20,2989.6,2990.41,2987,2988.37,0,0,0,0,-,-,neutral"
2026-07-16T16:25:00.000-04:00,"2026-7-16 16:25,2988.7,2990.31,2987.13,2988.38,0,0,0,0,-,-,neutral"
2026-07-16T16:30:00.000-04:00,"2026-7-16 16:30,2988.5,2990.12,2987.24,2988.39,0,0,0,0,-,-,neutral"
2026-07-16T16:35:00.000-04:00,"2026-7-16 16:35,2988.9,2990.07,2987.36,2988.41,0,0,0,0,-,-,neutral"
2026-07-16T16:40:00.000-04:00,"2026-7-16 16:40,2989.5,2990.21,2987.53,2988.45,0,0,0,0,-,-,neutral"
2026-07-16T16:45:00.000-04:00,"2026-7-16 16:45,2989.8,2990.39,2987.7,2988.5,0,0,0,0,-,-,neutral"
2026-07-16T16:50:00.000-04:00,"2026-7-16 16:50,2990.9,2990.89,2987.95,2988.6,5,1,0,0,-,-,FIGHT"
2026-07-16T16:55:00.000-04:00,"2026-7-16 16:55,2991.5,2991.44,2988.22,2988.71,5,1,0,0,-,-,FIGHT"
2026-07-16T18:00:00.000-04:00,"2026-7-16 18:00,2992.6,2992.21,2988.56,2988.86,5,1,0,0,-,-,FIGHT"
2026-07-16T18:05:00.000-04:00,"2026-7-16 18:05,2991.3,2992.25,2988.77,2988.96,0,0,0,0,-,-,neutral"
2026-07-16T18:10:00.000-04:00,"2026-7-16 18:10,2991.2,2992.2,2988.96,2989.05,0,0,1,0,-,-,neutral"
2026-07-16T18:15:00.000-04:00,"2026-7-16 18:15,2990.8,2991.97,2989.1,2989.11,0,0,1,0,-,-,neutral"
2026-07-16T18:20:00.000-04:00,"2026-7-16 18:20,2991.2,2991.91,2989.26,2989.2,0,0,1,0,-,-,neutral"
2026-07-16T18:25:00.000-04:00,"2026-7-16 18:25,2990.5,2991.58,2989.36,2989.25,0,0,1,0,-,-,neutral"
2026-07-16T18:30:00.000-04:00,"2026-7-16 18:30,2990.6,2991.35,2989.45,2989.3,0,0,1,0,-,-,neutral"
2026-07-16T18:35:00.000-04:00,"2026-7-16 18:35,2991.1,2991.35,2989.58,2989.37,0,0,1,0,-,-,neutral"
2026-07-16T18:40:00.000-04:00,"2026-7-16 18:40,2990.5,2991.11,2989.65,2989.42,0,0,1,0,-,-,neutral"
2026-07-16T18:45:00.000-04:00,"2026-7-16 18:45,2989.8,2990.66,2989.66,2989.43,0,0,1,0,-,-,neutral"
2026-07-16T18:50:00.000-04:00,"2026-7-16 18:50,2989.2,2990.1,2989.63,2989.42,0,0,1,0,-,-,neutral"
2026-07-16T18:55:00.000-04:00,"2026-7-16 18:55,2989.6,2989.83,2989.62,2989.43,0,0,0,0,-,-,neutral"
2026-07-16T19:00:00.000-04:00,"2026-7-16 19:00,2989,2989.42,2989.58,2989.41,-5,-1,0,0,S,-,FIGHT"
2026-07-16T19:05:00.000-04:00,"2026-7-16 19:05,2987.8,2988.68,2989.44,2989.35,-7,-1,0,0,-,-,FIGHT"
2026-07-16T19:10:00.000-04:00,"2026-7-16 19:10,2988.7,2988.49,2989.38,2989.32,-5,-1,0,0,-,-,FIGHT"
2026-07-16T19:15:00.000-04:00,"2026-7-16 19:15,2988.2,2988.18,2989.29,2989.28,-5,-1,0,0,-,-,FIGHT"
2026-07-16T19:20:00.000-04:00,"2026-7-16 19:20,2987.2,2987.6,2989.13,2989.2,-7,-1,0,0,-,-,FIGHT"
2026-07-16T19:25:00.000-04:00,"2026-7-16 19:25,2987.8,2987.42,2989.03,2989.14,-5,-1,0,0,-,-,FIGHT"
2026-07-16T19:30:00.000-04:00,"2026-7-16 19:30,2987.6,2987.24,2988.92,2989.08,-5,-1,0,0,-,-,FIGHT"
2026-07-16T19:35:00.000-04:00,"2026-7-16 19:35,2987.5,2987.1,2988.81,2989.02,-5,-1,0,0,-,-,FIGHT"
2026-07-16T19:40:00.000-04:00,"2026-7-16 19:40,2988.1,2987.24,2988.75,2988.98,0,0,-1,0,-,-,neutral"
2026-07-16T19:45:00.000-04:00,"2026-7-16 19:45,2986.9,2986.93,2988.61,2988.9,-5,-1,-1,0,-,-,wave_only"
2026-07-16T19:50:00.000-04:00,"2026-7-16 19:50,2987.8,2987.05,2988.55,2988.86,0,0,-1,0,-,-,neutral"
2026-07-16T19:55:00.000-04:00,"2026-7-16 19:55,2986.5,2986.68,2988.39,2988.77,-5,-1,-1,-1,-,-,RIDE_both"
2026-07-16T20:00:00.000-04:00,"2026-7-16 20:00,2985.9,2986.21,2988.2,2988.65,-7,-1,-1,-1,-,-,RIDE_both"
2026-07-16T20:05:00.000-04:00,"2026-7-16 20:05,2984.3,2985.3,2987.9,2988.48,-7,-1,-1,-1,-,-,RIDE_both"
2026-07-16T20:10:00.000-04:00,"2026-7-16 20:10,2984,2984.54,2987.6,2988.31,-7,-1,-1,-1,-,-,RIDE_both"
2026-07-16T20:15:00.000-04:00,"2026-7-16 20:15,2985.7,2984.65,2987.45,2988.21,0,0,-1,-1,-,-,neutral"
2026-07-16T20:20:00.000-04:00,"2026-7-16 20:20,2985,2984.51,2987.27,2988.08,0,0,-1,-1,-,-,neutral"
2026-07-16T20:25:00.000-04:00,"2026-7-16 20:25,2983.7,2983.96,2986.99,2987.91,-7,-1,-1,-1,-,-,RIDE_both"
2026-07-16T20:30:00.000-04:00,"2026-7-16 20:30,2983.3,2983.44,2986.71,2987.73,-7,-1,-1,-1,-,-,RIDE_both"
2026-07-16T20:35:00.000-04:00,"2026-7-16 20:35,2981.7,2982.51,2986.32,2987.49,-7,-1,-1,-1,-,-,RIDE_both"
2026-07-16T20:40:00.000-04:00,"2026-7-16 20:40,2981.8,2981.9,2985.97,2987.27,-7,-1,-1,-1,-,-,RIDE_both"
2026-07-16T20:45:00.000-04:00,"2026-7-16 20:45,2983,2981.94,2985.75,2987.1,0,0,-1,-1,-,-,neutral"
2026-07-16T20:50:00.000-04:00,"2026-7-16 20:50,2984.1,2982.43,2985.62,2986.98,0,0,-1,-1,-,-,neutral"
2026-07-16T20:55:00.000-04:00,"2026-7-16 20:55,2984.1,2982.82,2985.5,2986.87,0,0,-1,-1,-,-,neutral"
2026-07-16T21:00:00.000-04:00,"2026-7-16 21:00,2984,2983.1,2985.39,2986.76,0,0,-1,-1,-,-,neutral"
2026-07-16T21:05:00.000-04:00,"2026-7-16 21:05,2982.9,2982.92,2985.2,2986.61,-7,-1,-1,-1,-,-,RIDE_both"
2026-07-16T21:10:00.000-04:00,"2026-7-16 21:10,2981.6,2982.33,2984.92,2986.41,-7,-1,-1,-1,-,-,RIDE_both"
2026-07-16T21:15:00.000-04:00,"2026-7-16 21:15,2981.5,2981.88,2984.66,2986.22,-7,-1,-1,-1,-,-,RIDE_both"
2026-07-16T21:20:00.000-04:00,"2026-7-16 21:20,2980.4,2981.17,2984.33,2985.99,-7,-1,-1,-1,-,-,RIDE_both"
2026-07-16T21:25:00.000-04:00,"2026-7-16 21:25,2981.3,2981,2984.1,2985.8,-7,-1,-1,-1,-,-,RIDE_both"
2026-07-16T21:30:00.000-04:00,"2026-7-16 21:30,2978.6,2979.92,2983.67,2985.52,-7,-1,-1,-1,-,-,RIDE_both"
2026-07-16T21:35:00.000-04:00,"2026-7-16 21:35,2979,2979.3,2983.31,2985.27,-7,-1,-1,-1,-,-,RIDE_both"
2026-07-16T21:40:00.000-04:00,"2026-7-16 21:40,2978.5,2978.7,2982.94,2985,-7,-1,-1,-1,-,-,RIDE_both"
2026-07-16T21:45:00.000-04:00,"2026-7-16 21:45,2976.9,2977.72,2982.48,2984.68,-7,-1,-1,-1,-,-,RIDE_both"
2026-07-16T21:50:00.000-04:00,"2026-7-16 21:50,2975.6,2976.56,2981.95,2984.33,-7,-1,-1,-1,-,-,RIDE_both"
2026-07-16T21:55:00.000-04:00,"2026-7-16 21:55,2976.7,2976.17,2981.55,2984.03,-7,0,-1,-1,-,-,neutral"
2026-07-16T22:00:00.000-04:00,"2026-7-16 22:00,2977.2,2976.13,2981.21,2983.76,0,0,-1,-1,-,-,neutral"
2026-07-16T22:05:00.000-04:00,"2026-7-16 22:05,2976.2,2975.78,2980.83,2983.46,0,0,-1,-1,-,-,neutral"
2026-07-16T22:10:00.000-04:00,"2026-7-16 22:10,2976.7,2975.77,2980.51,2983.2,0,0,-1,-1,-,-,neutral"
2026-07-16T22:15:00.000-04:00,"2026-7-16 22:15,2976.5,2975.73,2980.2,2982.94,0,0,-1,-1,-,-,neutral"
2026-07-16T22:20:00.000-04:00,"2026-7-16 22:20,2976.5,2975.75,2979.92,2982.68,0,0,-1,-1,-,-,neutral"
2026-07-16T22:25:00.000-04:00,"2026-7-16 22:25,2976.3,2975.73,2979.64,2982.43,0,0,-1,-1,-,-,neutral"
2026-07-16T22:30:00.000-04:00,"2026-7-16 22:30,2975.5,2975.45,2979.32,2982.16,-3,-1,-1,-1,-,-,RIDE_both"
2026-07-16T22:35:00.000-04:00,"2026-7-16 22:35,2975.9,2975.43,2979.06,2981.92,0,0,-1,-1,-,-,neutral"
2026-07-16T22:40:00.000-04:00,"2026-7-16 22:40,2976.3,2975.59,2978.84,2981.7,0,0,-1,-1,-,-,neutral"
2026-07-16T22:45:00.000-04:00,"2026-7-16 22:45,2975.7,2975.52,2978.6,2981.46,-3,-1,-1,-1,-,-,RIDE_both"
2026-07-16T22:50:00.000-04:00,"2026-7-16 22:50,2974.2,2974.93,2978.26,2981.18,-7,-1,-1,-1,-,-,RIDE_both"
2026-07-16T22:55:00.000-04:00,"2026-7-16 22:55,2975.2,2974.9,2978.03,2980.94,0,0,-1,-1,-,-,neutral"
2026-07-16T23:00:00.000-04:00,"2026-7-16 23:00,2976.9,2975.53,2977.94,2980.78,0,0,-1,-1,-,-,neutral"
2026-07-16T23:05:00.000-04:00,"2026-7-16 23:05,2978.5,2976.6,2977.98,2980.69,3,1,-1,-1,B,-,FIGHT"
2026-07-16T23:10:00.000-04:00,"2026-7-16 23:10,2978.6,2977.43,2978.03,2980.61,3,1,0,-1,-,-,FIGHT"
2026-07-16T23:15:00.000-04:00,"2026-7-16 23:15,2980,2978.56,2978.18,2980.59,5,1,0,-1,-,-,FIGHT"
2026-07-16T23:20:00.000-04:00,"2026-7-16 23:20,2980,2979.37,2978.32,2980.56,5,1,0,-1,-,-,FIGHT"
2026-07-16T23:25:00.000-04:00,"2026-7-16 23:25,2979.5,2979.75,2978.41,2980.52,5,1,0,-1,-,-,FIGHT"
2026-07-16T23:30:00.000-04:00,"2026-7-16 23:30,2977.3,2979.19,2978.33,2980.4,0,0,0,-1,-,-,neutral"
2026-07-16T23:35:00.000-04:00,"2026-7-16 23:35,2978.3,2979.11,2978.33,2980.31,0,0,0,-1,-,-,neutral"
2026-07-16T23:40:00.000-04:00,"2026-7-16 23:40,2976.5,2978.37,2978.19,2980.16,0,0,-1,-1,-,-,neutral"
2026-07-16T23:45:00.000-04:00,"2026-7-16 23:45,2975.7,2977.51,2977.99,2979.99,-7,-1,-1,-1,S,SELL,RIDE_both"
2026-07-16T23:50:00.000-04:00,"2026-7-16 23:50,2974.5,2976.43,2977.73,2979.77,-7,-1,-1,-1,-,-,RIDE_both"
2026-07-16T23:55:00.000-04:00,"2026-7-16 23:55,2974.2,2975.53,2977.45,2979.56,-7,-1,-1,-1,-,-,RIDE_both"
2026-07-17T00:00:00.000-04:00,"2026-7-17 0:00,2971.8,2974,2977.02,2979.25,-7,-1,-1,-1,-,-,RIDE_both"
2026-07-17T00:05:00.000-04:00,"2026-7-17 0:05,2971.5,2972.79,2976.59,2978.95,-7,-1,-1,-1,-,-,RIDE_both"
2026-07-17T00:10:00.000-04:00,"2026-7-17 0:10,2971.3,2971.87,2976.19,2978.65,-7,-1,-1,-1,-,-,RIDE_both"
2026-07-17T00:15:00.000-04:00,"2026-7-17 0:15,2970.8,2971.05,2975.77,2978.34,-7,-1,-1,-1,-,-,RIDE_both"
2026-07-17T00:20:00.000-04:00,"2026-7-17 0:20,2969.8,2970.14,2975.31,2978,-7,-1,-1,-1,-,-,RIDE_both"
2026-07-17T00:25:00.000-04:00,"2026-7-17 0:25,2968.4,2969,2974.78,2977.63,-7,-1,-1,-1,-,-,RIDE_both"
2026-07-17T00:30:00.000-04:00,"2026-7-17 0:30,2966.6,2967.57,2974.15,2977.2,-7,-1,-1,-1,-,-,RIDE_both"
2026-07-17T00:35:00.000-04:00,"2026-7-17 0:35,2966.8,2966.66,2973.59,2976.79,-7,-1,-1,-1,-,-,RIDE_both"
2026-07-17T00:40:00.000-04:00,"2026-7-17 0:40,2967.5,2966.34,2973.12,2976.42,0,0,-1,-1,-,-,neutral"
2026-07-17T00:45:00.000-04:00,"2026-7-17 0:45,2969.2,2966.81,2972.82,2976.14,0,0,-1,-1,-,-,neutral"
2026-07-17T00:50:00.000-04:00,"2026-7-17 0:50,2970.8,2967.81,2972.66,2975.93,0,0,-1,-1,-,-,neutral"
2026-07-17T00:55:00.000-04:00,"2026-7-17 0:55,2968.5,2967.76,2972.34,2975.64,-3,-1,-1,-1,-,-,RIDE_both"
2026-07-17T01:00:00.000-04:00,"2026-7-17 1:00,2968.5,2967.76,2972.05,2975.36,0,0,-1,-1,-,-,neutral"
2026-07-17T01:05:00.000-04:00,"2026-7-17 1:05,2967.2,2967.33,2971.67,2975.04,-7,-1,-1,-1,-,-,RIDE_both"
2026-07-17T01:10:00.000-04:00,"2026-7-17 1:10,2966.9,2966.93,2971.31,2974.72,-7,-1,-1,-1,-,-,RIDE_both"
2026-07-17T01:15:00.000-04:00,"2026-7-17 1:15,2967.4,2966.87,2971.01,2974.43,-3,-1,-1,-1,-,-,RIDE_both"
2026-07-17T01:20:00.000-04:00,"2026-7-17 1:20,2967.2,2966.78,2970.71,2974.15,-3,-1,-1,-1,-,-,RIDE_both"
2026-07-17T01:25:00.000-04:00,"2026-7-17 1:25,2966.8,2966.61,2970.41,2973.86,-3,-1,0,-1,-,-,tide_only"
2026-07-17T01:30:00.000-04:00,"2026-7-17 1:30,2965.4,2965.99,2970.03,2973.53,-7,-1,0,-1,-,-,tide_only"
2026-07-17T01:35:00.000-04:00,"2026-7-17 1:35,2964.4,2965.21,2969.59,2973.17,-7,-1,0,-1,-,-,tide_only"
2026-07-17T01:40:00.000-04:00,"2026-7-17 1:40,2966,2965.26,2969.32,2972.89,0,0,0,-1,-,-,neutral"
2026-07-17T01:45:00.000-04:00,"2026-7-17 1:45,2966.1,2965.37,2969.07,2972.62,0,0,0,-1,-,-,neutral"
2026-07-17T01:50:00.000-04:00,"2026-7-17 1:50,2966.9,2965.78,2968.9,2972.4,0,0,0,-1,-,-,neutral"
2026-07-17T01:55:00.000-04:00,"2026-7-17 1:55,2967.5,2966.33,2968.79,2972.21,0,0,0,-1,-,-,neutral"
2026-07-17T02:00:00.000-04:00,"2026-7-17 2:00,2969.4,2967.45,2968.84,2972.1,3,1,0,-1,B,-,FIGHT"
2026-07-17T02:05:00.000-04:00,"2026-7-17 2:05,2967.6,2967.62,2968.75,2971.92,3,1,0,-1,-,-,FIGHT"
2026-07-17T02:10:00.000-04:00,"2026-7-17 2:10,2969.8,2968.55,2968.83,2971.84,5,1,0,-1,-,-,FIGHT"
2026-07-17T02:15:00.000-04:00,"2026-7-17 2:15,2971.4,2969.82,2969.02,2971.82,5,1,0,-1,-,-,FIGHT"
2026-07-17T02:20:00.000-04:00,"2026-7-17 2:20,2973,2971.32,2969.33,2971.87,5,1,0,-1,-,-,FIGHT"
2026-07-17T02:25:00.000-04:00,"2026-7-17 2:25,2974.3,2972.87,2969.71,2971.96,5,1,0,-1,-,-,FIGHT"
2026-07-17T02:30:00.000-04:00,"2026-7-17 2:30,2975.2,2974.29,2970.14,2972.09,5,1,0,-1,-,-,FIGHT"
2026-07-17T02:35:00.000-04:00,"2026-7-17 2:35,2972.5,2974.28,2970.32,2972.11,0,0,0,-1,-,-,neutral"
2026-07-17T02:40:00.000-04:00,"2026-7-17 2:40,2971.3,2973.75,2970.39,2972.07,0,0,0,-1,-,-,neutral"
2026-07-17T02:45:00.000-04:00,"2026-7-17 2:45,2968.9,2972.42,2970.28,2971.95,0,0,0,-1,-,-,neutral"
2026-07-17T02:50:00.000-04:00,"2026-7-17 2:50,2969.4,2971.59,2970.21,2971.85,0,0,0,-1,-,-,neutral"
2026-07-17T02:55:00.000-04:00,"2026-7-17 2:55,2969.3,2970.91,2970.14,2971.75,0,0,-1,-1,-,-,neutral"
2026-07-17T03:00:00.000-04:00,"2026-7-17 3:00,2971.8,2971.32,2970.27,2971.75,5,1,-1,-1,-,-,FIGHT"
2026-07-17T03:05:00.000-04:00,"2026-7-17 3:05,2969.3,2970.69,2970.19,2971.66,0,0,-1,-1,-,-,neutral"
2026-07-17T03:10:00.000-04:00,"2026-7-17 3:10,2971.4,2970.99,2970.29,2971.65,5,1,0,-1,-,-,FIGHT"
2026-07-17T03:15:00.000-04:00,"2026-7-17 3:15,2973,2971.79,2970.5,2971.7,5,1,0,-1,-,-,FIGHT"
2026-07-17T03:20:00.000-04:00,"2026-7-17 3:20,2971.1,2971.66,2970.54,2971.67,0,0,0,-1,-,-,neutral"
2026-07-17T03:25:00.000-04:00,"2026-7-17 3:25,2973.5,2972.45,2970.77,2971.75,5,1,1,-1,-,-,wave_only"
2026-07-17T03:30:00.000-04:00,"2026-7-17 3:30,2971.7,2972.33,2970.84,2971.74,0,0,1,-1,-,-,neutral"
2026-07-17T03:35:00.000-04:00,"2026-7-17 3:35,2972.1,2972.38,2970.94,2971.76,0,0,1,-1,-,-,neutral"
2026-07-17T03:40:00.000-04:00,"2026-7-17 3:40,2972.4,2972.51,2971.05,2971.78,0,0,1,-1,-,-,neutral"
2026-07-17T03:45:00.000-04:00,"2026-7-17 3:45,2971.5,2972.25,2971.08,2971.77,0,0,1,-1,-,-,neutral"
2026-07-17T03:50:00.000-04:00,"2026-7-17 3:50,2971.4,2972.01,2971.11,2971.76,0,0,1,-1,-,-,neutral"
2026-07-17T03:55:00.000-04:00,"2026-7-17 3:55,2970.3,2971.42,2971.05,2971.7,0,0,-1,0,-,-,neutral"
2026-07-17T04:00:00.000-04:00,"2026-7-17 4:00,2974.3,2972.46,2971.3,2971.8,5,1,-1,0,-,-,FIGHT"
2026-07-17T04:05:00.000-04:00,"2026-7-17 4:05,2972.3,2972.48,2971.37,2971.82,0,0,-1,0,-,-,neutral"
2026-07-17T04:10:00.000-04:00,"2026-7-17 4:10,2970.2,2971.7,2971.28,2971.76,0,0,-1,0,-,-,neutral"
2026-07-17T04:15:00.000-04:00,"2026-7-17 4:15,2966.6,2969.79,2970.92,2971.56,-7,-1,-1,0,S,-,wave_only"
2026-07-17T04:20:00.000-04:00,"2026-7-17 4:20,2966.1,2968.22,2970.55,2971.34,-7,-1,-1,0,-,-,wave_only"
2026-07-17T04:25:00.000-04:00,"2026-7-17 4:25,2967.2,2967.49,2970.29,2971.18,-7,-1,-1,0,-,-,wave_only"
2026-07-17T04:30:00.000-04:00,"2026-7-17 4:30,2963.4,2965.59,2969.76,2970.87,-7,-1,-1,0,-,-,wave_only"
2026-07-17T04:35:00.000-04:00,"2026-7-17 4:35,2961.8,2963.66,2969.15,2970.52,-7,-1,-1,0,-,-,wave_only"
2026-07-17T04:40:00.000-04:00,"2026-7-17 4:40,2963.7,2963.01,2968.73,2970.25,-7,-1,-1,0,-,-,wave_only"
2026-07-17T04:45:00.000-04:00,"2026-7-17 4:45,2964.8,2963.01,2968.43,2970.04,0,0,-1,0,-,-,neutral"
2026-07-17T04:50:00.000-04:00,"2026-7-17 4:50,2966,2963.53,2968.24,2969.88,0,0,-1,0,-,-,neutral"
2026-07-17T04:55:00.000-04:00,"2026-7-17 4:55,2966.1,2964.02,2968.08,2969.73,0,0,-1,-1,-,-,neutral"
2026-07-17T05:00:00.000-04:00,"2026-7-17 5:00,2966.8,2964.68,2967.98,2969.62,0,0,-1,-1,-,-,neutral"
2026-07-17T05:05:00.000-04:00,"2026-7-17 5:05,2966.7,2965.18,2967.88,2969.5,0,0,-1,-1,-,-,neutral"
2026-07-17T05:10:00.000-04:00,"2026-7-17 5:10,2969.5,2966.61,2968.01,2969.5,3,0,0,-1,-,-,neutral"
2026-07-17T05:15:00.000-04:00,"2026-7-17 5:15,2967.5,2966.94,2967.97,2969.42,3,0,0,-1,-,-,neutral"
2026-07-17T05:20:00.000-04:00,"2026-7-17 5:20,2969.7,2968,2968.1,2969.43,5,1,0,-1,B,-,FIGHT"
2026-07-17T05:25:00.000-04:00,"2026-7-17 5:25,2971.1,2969.3,2968.33,2969.5,5,1,1,-1,-,-,wave_only"
2026-07-17T05:30:00.000-04:00,"2026-7-17 5:30,2969.4,2969.6,2968.41,2969.5,5,1,1,-1,-,-,wave_only"
2026-07-17T05:35:00.000-04:00,"2026-7-17 5:35,2970.1,2970.06,2968.54,2969.52,5,1,1,-1,-,-,wave_only"
2026-07-17T05:40:00.000-04:00,"2026-7-17 5:40,2969,2969.96,2968.58,2969.5,0,0,0,-1,-,-,neutral"
2026-07-17T05:45:00.000-04:00,"2026-7-17 5:45,2967.7,2969.38,2968.51,2969.43,0,0,0,-1,-,-,neutral"
2026-07-17T05:50:00.000-04:00,"2026-7-17 5:50,2971.3,2970.27,2968.73,2969.5,5,1,0,-1,-,-,FIGHT"
2026-07-17T05:55:00.000-04:00,"2026-7-17 5:55,2972.9,2971.49,2969.05,2969.64,5,1,1,0,-,-,wave_only"
2026-07-17T06:00:00.000-04:00,"2026-7-17 6:00,2971.5,2971.83,2969.24,2969.71,5,0,1,0,-,-,neutral"
2026-07-17T06:05:00.000-04:00,"2026-7-17 6:05,2970.8,2971.79,2969.36,2969.75,0,0,1,0,-,-,neutral"
2026-07-17T06:10:00.000-04:00,"2026-7-17 6:10,2974.1,2972.95,2969.72,2969.92,5,1,1,0,-,-,wave_only"
2026-07-17T06:15:00.000-04:00,"2026-7-17 6:15,2973.9,2973.68,2970.04,2970.08,7,1,1,0,-,-,wave_only"
2026-07-17T06:20:00.000-04:00,"2026-7-17 6:20,2972.4,2973.62,2970.22,2970.17,0,0,1,0,-,-,neutral"
2026-07-17T06:25:00.000-04:00,"2026-7-17 6:25,2972.6,2973.6,2970.41,2970.26,0,0,1,0,-,-,neutral"
2026-07-17T06:30:00.000-04:00,"2026-7-17 6:30,2973.7,2973.95,2970.66,2970.4,0,0,1,0,-,-,neutral"
2026-07-17T06:35:00.000-04:00,"2026-7-17 6:35,2974.9,2974.62,2970.99,2970.58,3,1,1,0,-,-,wave_only"
2026-07-17T06:40:00.000-04:00,"2026-7-17 6:40,2975.1,2975.13,2971.3,2970.75,5,1,1,0,-,-,wave_only"
2026-07-17T06:45:00.000-04:00,"2026-7-17 6:45,2975.7,2975.69,2971.64,2970.95,5,1,1,0,-,-,wave_only"
2026-07-17T06:50:00.000-04:00,"2026-7-17 6:50,2975.3,2975.91,2971.92,2971.12,0,0,1,0,-,-,neutral"
2026-07-17T06:55:00.000-04:00,"2026-7-17 6:55,2974.5,2975.73,2972.12,2971.25,0,0,1,0,-,-,neutral"
2026-07-17T07:00:00.000-04:00,"2026-7-17 7:00,2974.2,2975.44,2972.28,2971.37,0,0,1,0,-,-,neutral"
2026-07-17T07:05:00.000-04:00,"2026-7-17 7:05,2973.5,2974.93,2972.37,2971.45,0,0,1,0,-,-,neutral"
2026-07-17T07:10:00.000-04:00,"2026-7-17 7:10,2973.2,2974.42,2972.44,2971.52,0,0,0,0,-,-,neutral"
2026-07-17T07:15:00.000-04:00,"2026-7-17 7:15,2972.5,2973.77,2972.44,2971.56,0,0,0,0,-,-,neutral"
2026-07-17T07:20:00.000-04:00,"2026-7-17 7:20,2972,2973.09,2972.41,2971.57,-3,0,0,0,-,-,neutral"
2026-07-17T07:25:00.000-04:00,"2026-7-17 7:25,2973.4,2973.11,2972.48,2971.65,7,1,0,0,-,-,FIGHT"
2026-07-17T07:30:00.000-04:00,"2026-7-17 7:30,2973,2972.98,2972.52,2971.7,-3,0,0,0,-,-,neutral"
2026-07-17T07:35:00.000-04:00,"2026-7-17 7:35,2973.8,2973.19,2972.62,2971.78,7,1,0,0,-,-,FIGHT"
2026-07-17T07:40:00.000-04:00,"2026-7-17 7:40,2972,2972.67,2972.57,2971.79,-5,-1,0,0,S,-,FIGHT"
2026-07-17T07:45:00.000-04:00,"2026-7-17 7:45,2972.1,2972.34,2972.54,2971.8,-5,-1,0,0,-,-,FIGHT"
2026-07-17T07:50:00.000-04:00,"2026-7-17 7:50,2974.3,2972.92,2972.67,2971.9,7,1,0,0,B,-,FIGHT"
2026-07-17T07:55:00.000-04:00,"2026-7-17 7:55,2973.4,2973.02,2972.73,2971.96,7,1,0,0,-,-,FIGHT"
2026-07-17T08:00:00.000-04:00,"2026-7-17 8:00,2971.1,2972.24,2972.6,2971.92,-5,-1,0,0,S,-,FIGHT"
2026-07-17T08:05:00.000-04:00,"2026-7-17 8:05,2969.6,2971.13,2972.37,2971.83,-5,-1,0,0,-,-,FIGHT"
2026-07-17T08:10:00.000-04:00,"2026-7-17 8:10,2968.8,2970.03,2972.1,2971.71,-5,-1,0,0,-,-,FIGHT"
2026-07-17T08:15:00.000-04:00,"2026-7-17 8:15,2967.7,2968.84,2971.76,2971.56,-5,-1,0,0,-,-,FIGHT"
2026-07-17T08:20:00.000-04:00,"2026-7-17 8:20,2967.9,2968.09,2971.46,2971.41,-5,-1,0,0,-,-,FIGHT"
2026-07-17T08:25:00.000-04:00,"2026-7-17 8:25,2967.1,2967.28,2971.13,2971.24,-5,-1,-1,0,-,-,wave_only"
2026-07-17T08:30:00.000-04:00,"2026-7-17 8:30,2965.7,2966.22,2970.71,2971.03,-5,-1,-1,0,-,-,wave_only"
2026-07-17T08:35:00.000-04:00,"2026-7-17 8:35,2966.3,2965.73,2970.37,2970.84,-3,-1,-1,0,-,-,wave_only"
2026-07-17T08:40:00.000-04:00,"2026-7-17 8:40,2966.2,2965.39,2970.05,2970.66,0,0,-1,0,-,-,neutral"
2026-07-17T08:45:00.000-04:00,"2026-7-17 8:45,2964.3,2964.49,2969.61,2970.41,-7,0,-1,0,-,-,neutral"
2026-07-17T08:50:00.000-04:00,"2026-7-17 8:50,2965.2,2964.23,2969.27,2970.21,0,0,-1,0,-,-,neutral"
2026-07-17T08:55:00.000-04:00,"2026-7-17 8:55,2964.4,2963.81,2968.89,2969.98,0,0,-1,-1,-,-,neutral"
2026-07-17T09:00:00.000-04:00,"2026-7-17 9:00,2959.2,2961.63,2968.15,2969.56,-5,-1,-1,-1,-,-,RIDE_both"
2026-07-17T09:05:00.000-04:00,"2026-7-17 9:05,2958.5,2959.85,2967.41,2969.12,-5,-1,-1,-1,-,-,RIDE_both"
2026-07-17T09:10:00.000-04:00,"2026-7-17 9:10,2957.2,2958.14,2966.62,2968.65,-7,-1,-1,-1,-,-,RIDE_both"
2026-07-17T09:15:00.000-04:00,"2026-7-17 9:15,2958.1,2957.31,2965.97,2968.24,-7,-1,-1,-1,-,-,RIDE_both"
2026-07-17T09:20:00.000-04:00,"2026-7-17 9:20,2954.6,2955.51,2965.09,2967.71,-7,-1,-1,-1,-,-,RIDE_both"
2026-07-17T09:25:00.000-04:00,"2026-7-17 9:25,2953.2,2953.78,2964.18,2967.14,-7,-1,-1,-1,-,-,RIDE_both"
2026-07-17T09:30:00.000-04:00,"2026-7-17 9:30,2953.6,2952.78,2963.36,2966.61,-7,-1,-1,-1,-,-,RIDE_both"
2026-07-17T09:35:00.000-04:00,"2026-7-17 9:35,2960,2954.53,2963.1,2966.35,0,0,-1,-1,-,-,neutral"
2026-07-17T09:40:00.000-04:00,"2026-7-17 9:40,2969.9,2959.59,2963.63,2966.49,0,0,0,-1,-,-,neutral"
2026-07-17T09:45:00.000-04:00,"2026-7-17 9:45,2978.2,2966.43,2964.75,2966.95,5,1,0,-1,B,-,FIGHT"
2026-07-17T09:50:00.000-04:00,"2026-7-17 9:50,2977.8,2971.3,2965.75,2967.37,5,1,0,-1,-,-,FIGHT"
2026-07-17T09:55:00.000-04:00,"2026-7-17 9:55,2979.7,2975.5,2966.82,2967.85,5,1,1,0,-,-,wave_only"
2026-07-17T10:00:00.000-04:00,"2026-7-17 10:00,2983.4,2979.83,2968.1,2968.46,5,1,1,0,-,-,wave_only"
2026-07-17T10:05:00.000-04:00,"2026-7-17 10:05,2991.6,2985.88,2969.91,2969.37,5,1,1,0,-,-,wave_only"
2026-07-17T10:10:00.000-04:00,"2026-7-17 10:10,2987.9,2988.75,2971.29,2970.1,5,1,1,0,-,-,wave_only"
2026-07-17T10:15:00.000-04:00,"2026-7-17 10:15,2989,2991.02,2972.65,2970.84,5,1,1,0,-,-,wave_only"
2026-07-17T10:20:00.000-04:00,"2026-7-17 10:20,2990.1,2992.85,2974,2971.59,5,1,1,0,-,-,wave_only"
2026-07-17T10:25:00.000-04:00,"2026-7-17 10:25,2987.2,2992.87,2975.01,2972.21,0,0,1,0,-,-,neutral"
2026-07-17T10:30:00.000-04:00,"2026-7-17 10:30,2984.9,2991.79,2975.77,2972.7,0,0,1,0,-,-,neutral"
2026-07-17T10:35:00.000-04:00,"2026-7-17 10:35,2988.6,2992.15,2976.76,2973.33,0,0,1,0,-,-,neutral"
2026-07-17T10:40:00.000-04:00,"2026-7-17 10:40,2983.2,2990.23,2977.25,2973.72,0,0,1,0,-,-,neutral"
2026-07-17T10:45:00.000-04:00,"2026-7-17 10:45,2980.8,2987.77,2977.53,2973.99,0,0,1,0,-,-,neutral"
2026-07-17T10:50:00.000-04:00,"2026-7-17 10:50,2981.3,2986.03,2977.82,2974.28,0,0,1,0,-,-,neutral"
2026-07-17T10:55:00.000-04:00,"2026-7-17 10:55,2978.8,2983.73,2977.89,2974.46,0,0,0,0,-,-,neutral"
2026-07-17T11:00:00.000-04:00,"2026-7-17 11:00,2977.5,2981.51,2977.86,2974.58,0,0,0,0,-,-,neutral"
2026-07-17T11:05:00.000-04:00,"2026-7-17 11:05,2975.9,2979.26,2977.71,2974.63,-3,-1,0,0,S,-,FIGHT"
2026-07-17T11:10:00.000-04:00,"2026-7-17 11:10,2971.9,2976.13,2977.26,2974.52,-5,-1,0,0,-,-,FIGHT"
2026-07-17T11:15:00.000-04:00,"2026-7-17 11:15,2970.3,2973.28,2976.73,2974.36,-5,-1,0,0,-,-,FIGHT"
2026-07-17T11:20:00.000-04:00,"2026-7-17 11:20,2968.8,2970.69,2976.12,2974.14,-5,-1,0,0,-,-,FIGHT"
2026-07-17T11:25:00.000-04:00,"2026-7-17 11:25,2973.7,2970.71,2975.93,2974.12,0,0,0,0,-,-,neutral"
2026-07-17T11:30:00.000-04:00,"2026-7-17 11:30,2968.4,2968.85,2975.35,2973.9,-5,-1,0,0,-,-,FIGHT"
2026-07-17T11:35:00.000-04:00,"2026-7-17 11:35,2972.5,2969.12,2975.13,2973.84,0,0,0,0,-,-,neutral"
2026-07-17T11:40:00.000-04:00,"2026-7-17 11:40,2972,2969.23,2974.89,2973.77,0,0,0,0,-,-,neutral"
2026-07-17T11:45:00.000-04:00,"2026-7-17 11:45,2969.8,2968.6,2974.5,2973.61,-5,-1,0,0,-,-,FIGHT"
2026-07-17T11:50:00.000-04:00,"2026-7-17 11:50,2973.8,2969.7,2974.45,2973.62,0,0,0,0,-,-,neutral"
2026-07-17T11:55:00.000-04:00,"2026-7-17 11:55,2976.7,2971.67,2974.62,2973.74,0,0,0,0,-,-,neutral"
2026-07-17T12:00:00.000-04:00,"2026-7-17 12:00,2974.6,2972.39,2974.62,2973.78,0,0,0,0,-,-,neutral"
2026-07-17T12:05:00.000-04:00,"2026-7-17 12:05,2979.3,2974.7,2974.98,2973.99,7,0,0,0,-,-,neutral"
2026-07-17T12:10:00.000-04:00,"2026-7-17 12:10,2978.9,2976.27,2975.28,2974.18,7,1,1,0,B,-,wave_only"
2026-07-17T12:15:00.000-04:00,"2026-7-17 12:15,2980.8,2978.11,2975.71,2974.44,7,1,1,0,-,-,wave_only"
2026-07-17T12:20:00.000-04:00,"2026-7-17 12:20,2973.3,2976.67,2975.52,2974.4,-3,0,1,0,-,-,neutral"
2026-07-17T12:25:00.000-04:00,"2026-7-17 12:25,2975.5,2976.4,2975.52,2974.44,0,0,0,0,-,-,neutral"
2026-07-17T12:30:00.000-04:00,"2026-7-17 12:30,2974,2975.63,2975.4,2974.42,-5,0,0,0,-,-,neutral"
2026-07-17T12:35:00.000-04:00,"2026-7-17 12:35,2973.7,2974.94,2975.27,2974.4,-5,-1,0,0,S,-,FIGHT"
2026-07-17T12:40:00.000-04:00,"2026-7-17 12:40,2978,2976.04,2975.48,2974.54,7,1,0,0,B,-,FIGHT"
2026-07-17T12:45:00.000-04:00,"2026-7-17 12:45,2980.8,2977.87,2975.89,2974.78,7,1,0,0,-,-,FIGHT"
2026-07-17T12:50:00.000-04:00,"2026-7-17 12:50,2980.8,2979.21,2976.27,2975.02,7,1,0,0,-,-,FIGHT"
2026-07-17T12:55:00.000-04:00,"2026-7-17 12:55,2981.3,2980.34,2976.65,2975.27,7,1,1,1,-,-,RIDE_both"
2026-07-17T13:00:00.000-04:00,"2026-7-17 13:00,2983.1,2981.79,2977.15,2975.57,7,1,1,1,-,-,RIDE_both"
2026-07-17T13:05:00.000-04:00,"2026-7-17 13:05,2985.3,2983.62,2977.78,2975.95,7,1,1,1,-,-,RIDE_both"
2026-07-17T13:10:00.000-04:00,"2026-7-17 13:10,2983.4,2984.18,2978.21,2976.25,0,0,1,1,-,-,neutral"
2026-07-17T13:15:00.000-04:00,"2026-7-17 13:15,2983.3,2984.49,2978.6,2976.52,0,0,1,1,-,-,neutral"
2026-07-17T13:20:00.000-04:00,"2026-7-17 13:20,2985.2,2985.34,2979.11,2976.86,7,1,1,1,-,-,RIDE_both"
2026-07-17T13:25:00.000-04:00,"2026-7-17 13:25,2986.9,2986.53,2979.71,2977.26,7,1,1,1,-,-,RIDE_both"
2026-07-17T13:30:00.000-04:00,"2026-7-17 13:30,2986.1,2987.02,2980.2,2977.6,0,0,1,1,-,-,neutral"
2026-07-17T13:35:00.000-04:00,"2026-7-17 13:35,2984.4,2986.67,2980.52,2977.87,0,0,1,1,-,-,neutral"
2026-07-17T13:40:00.000-04:00,"2026-7-17 13:40,2982.2,2985.53,2980.65,2978.04,0,0,0,1,-,-,neutral"
2026-07-17T13:45:00.000-04:00,"2026-7-17 13:45,2982.7,2984.81,2980.81,2978.22,0,0,0,1,-,-,neutral"
2026-07-17T13:50:00.000-04:00,"2026-7-17 13:50,2978.6,2982.73,2980.64,2978.24,0,0,0,1,-,-,neutral"
2026-07-17T13:55:00.000-04:00,"2026-7-17 13:55,2975.6,2980.06,2980.25,2978.13,-5,-1,0,0,S,-,FIGHT"
2026-07-17T14:00:00.000-04:00,"2026-7-17 14:00,2974.8,2977.81,2979.83,2978,-5,-1,0,0,-,-,FIGHT"
2026-07-17T14:05:00.000-04:00,"2026-7-17 14:05,2974.6,2976.12,2979.43,2977.87,-5,-1,0,0,-,-,FIGHT"
2026-07-17T14:10:00.000-04:00,"2026-7-17 14:10,2972.5,2974.15,2978.9,2977.66,-5,-1,0,0,-,-,FIGHT"
2026-07-17T14:15:00.000-04:00,"2026-7-17 14:15,2970.1,2971.89,2978.22,2977.36,-5,-1,0,0,-,-,FIGHT"
2026-07-17T14:20:00.000-04:00,"2026-7-17 14:20,2971.5,2970.84,2977.7,2977.13,-5,-1,0,0,-,-,FIGHT"
2026-07-17T14:25:00.000-04:00,"2026-7-17 14:25,2970,2969.61,2977.11,2976.85,-3,-1,-1,0,-,-,wave_only"
2026-07-17T14:30:00.000-04:00,"2026-7-17 14:30,2969.2,2968.51,2976.5,2976.55,-3,-1,-1,0,-,-,wave_only"
2026-07-17T14:35:00.000-04:00,"2026-7-17 14:35,2969.9,2968.08,2975.99,2976.29,0,0,-1,0,-,-,neutral"
2026-07-17T14:40:00.000-04:00,"2026-7-17 14:40,2967.7,2967.05,2975.36,2975.96,-3,-1,-1,0,-,-,wave_only"
2026-07-17T14:45:00.000-04:00,"2026-7-17 14:45,2970.3,2967.36,2974.97,2975.73,0,0,-1,0,-,-,neutral"
2026-07-17T14:50:00.000-04:00,"2026-7-17 14:50,2972.4,2968.47,2974.77,2975.6,0,0,-1,0,-,-,neutral"
2026-07-17T14:55:00.000-04:00,"2026-7-17 14:55,2971.1,2968.89,2974.49,2975.43,0,0,-1,-1,-,-,neutral"
2026-07-17T15:00:00.000-04:00,"2026-7-17 15:00,2969,2968.49,2974.07,2975.17,0,0,-1,-1,-,-,neutral"
2026-07-17T15:05:00.000-04:00,"2026-7-17 15:05,2966,2967.15,2973.45,2974.81,-7,-1,-1,-1,-,-,RIDE_both"
2026-07-17T15:10:00.000-04:00,"2026-7-17 15:10,2963.9,2965.45,2972.71,2974.39,-7,-1,-1,-1,-,-,RIDE_both"
2026-07-17T15:15:00.000-04:00,"2026-7-17 15:15,2966.5,2965.24,2972.23,2974.08,0,0,-1,-1,-,-,neutral"
2026-07-17T15:20:00.000-04:00,"2026-7-17 15:20,2962.9,2963.83,2971.52,2973.64,-7,-1,-1,-1,-,-,RIDE_both"
2026-07-17T15:25:00.000-04:00,"2026-7-17 15:25,2966.9,2964.35,2971.16,2973.37,0,0,-1,-1,-,-,neutral"
2026-07-17T15:30:00.000-04:00,"2026-7-17 15:30,2967.2,2964.93,2970.86,2973.13,0,0,-1,-1,-,-,neutral"
2026-07-17T15:35:00.000-04:00,"2026-7-17 15:35,2968.1,2965.75,2970.64,2972.93,0,0,-1,-1,-,-,neutral"
2026-07-17T15:40:00.000-04:00,"2026-7-17 15:40,2971.2,2967.55,2970.69,2972.87,0,0,0,-1,-,-,neutral"
2026-07-17T15:45:00.000-04:00,"2026-7-17 15:45,2973.9,2969.9,2970.93,2972.91,3,1,0,-1,B,-,FIGHT"
2026-07-17T15:50:00.000-04:00,"2026-7-17 15:50,2974.2,2971.74,2971.18,2972.96,5,1,0,-1,-,-,FIGHT"
2026-07-17T15:55:00.000-04:00,"2026-7-17 15:55,2973.7,2972.88,2971.38,2972.99,5,1,0,-1,-,-,FIGHT"
2026-07-17T16:00:00.000-04:00,"2026-7-17 16:00,2970.3,2972.43,2971.3,2972.88,0,0,0,-1,-,-,neutral"
2026-07-17T16:05:00.000-04:00,"2026-7-17 16:05,2970.8,2972.24,2971.26,2972.8,0,0,0,-1,-,-,neutral"
2026-07-17T16:10:00.000-04:00,"2026-7-17 16:10,2969.5,2971.59,2971.12,2972.67,0,0,-1,-1,-,-,neutral"
2026-07-17T16:15:00.000-04:00,"2026-7-17 16:15,2969.1,2970.93,2970.97,2972.53,0,0,-1,-1,-,-,neutral"
2026-07-17T16:20:00.000-04:00,"2026-7-17 16:20,2969.1,2970.43,2970.82,2972.4,-7,-1,-1,-1,S,SELL,RIDE_both"
2026-07-17T16:25:00.000-04:00,"2026-7-17 16:25,2970.5,2970.57,2970.8,2972.32,0,0,0,-1,-,-,neutral"
2026-07-17T16:30:00.000-04:00,"2026-7-17 16:30,2971.8,2971.15,2970.88,2972.3,5,1,0,-1,B,-,FIGHT"
2026-07-17T16:35:00.000-04:00,"2026-7-17 16:35,2972.3,2971.75,2970.98,2972.3,5,1,0,-1,-,-,FIGHT"
2026-07-17T16:40:00.000-04:00,"2026-7-17 16:40,2972.7,2972.32,2971.12,2972.32,5,1,0,-1,-,-,FIGHT"
2026-07-17T16:45:00.000-04:00,"2026-7-17 16:45,2972.8,2972.75,2971.25,2972.34,5,1,0,-1,-,-,FIGHT"
2026-07-17T16:50:00.000-04:00,"2026-7-17 16:50,2972.8,2973.04,2971.37,2972.35,5,1,0,-1,-,-,FIGHT"
2026-07-17T16:55:00.000-04:00,"2026-7-17 16:55,2970.8,2972.49,2971.32,2972.29,0,0,0,-1,-,-,neutral"
2026-07-19T18:00:00.000-04:00,"2026-7-19 18:00,2965.9,2970.24,2970.91,2972.04,-7,-1,0,-1,S,-,tide_only"
2026-07-19T18:05:00.000-04:00,"2026-7-19 18:05,2965.3,2968.36,2970.47,2971.78,-7,-1,0,-1,-,-,tide_only"
2026-07-19T18:10:00.000-04:00,"2026-7-19 18:10,2962.8,2966.07,2969.88,2971.43,-7,-1,-1,-1,-,-,RIDE_both"
2026-07-19T18:15:00.000-04:00,"2026-7-19 18:15,2965.7,2965.5,2969.56,2971.2,-7,-1,-1,-1,-,-,RIDE_both"
2026-07-19T18:20:00.000-04:00,"2026-7-19 18:20,2966,2965.24,2969.29,2971,0,0,-1,-1,-,-,neutral"
2026-07-19T18:25:00.000-04:00,"2026-7-19 18:25,2963.9,2964.32,2968.87,2970.72,-7,-1,-1,-1,-,-,RIDE_both"
2026-07-19T18:30:00.000-04:00,"2026-7-19 18:30,2969.1,2965.63,2968.89,2970.66,0,0,-1,-1,-,-,neutral"
2026-07-19T18:35:00.000-04:00,"2026-7-19 18:35,2968.3,2966.34,2968.85,2970.56,0,0,-1,-1,-,-,neutral"
2026-07-19T18:40:00.000-04:00,"2026-7-19 18:40,2971.5,2968.08,2969.05,2970.6,3,1,0,-1,B,-,FIGHT"
2026-07-19T18:45:00.000-04:00,"2026-7-19 18:45,2970.9,2969.14,2969.19,2970.61,5,1,0,-1,-,-,FIGHT"
2026-07-19T18:50:00.000-04:00,"2026-7-19 18:50,2969.5,2969.41,2969.22,2970.57,5,1,0,-1,-,-,FIGHT"
2026-07-19T18:55:00.000-04:00,"2026-7-19 18:55,2969.1,2969.44,2969.21,2970.51,0,0,0,-1,-,-,neutral"
2026-07-19T19:00:00.000-04:00,"2026-7-19 19:00,2968.3,2969.16,2969.14,2970.42,0,0,0,-1,-,-,neutral"
2026-07-19T19:05:00.000-04:00,"2026-7-19 19:05,2968.9,2969.16,2969.12,2970.36,0,0,0,-1,-,-,neutral"
2026-07-19T19:10:00.000-04:00,"2026-7-19 19:10,2968.7,2969.09,2969.09,2970.3,0,0,0,-1,-,-,neutral"
2026-07-19T19:15:00.000-04:00,"2026-7-19 19:15,2967.4,2968.54,2968.96,2970.19,-7,-1,0,-1,S,-,tide_only"
2026-07-19T19:20:00.000-04:00,"2026-7-19 19:20,2967.8,2968.28,2968.87,2970.09,-7,-1,0,-1,-,-,tide_only"
2026-07-19T19:25:00.000-04:00,"2026-7-19 19:25,2967.3,2967.91,2968.75,2969.98,-7,-1,-1,-1,-,-,RIDE_both"
2026-07-19T19:30:00.000-04:00,"2026-7-19 19:30,2969,2968.28,2968.77,2969.94,3,0,-1,-1,-,-,neutral"
2026-07-19T19:35:00.000-04:00,"2026-7-19 19:35,2969.9,2968.88,2968.85,2969.94,5,1,-1,-1,B,-,FIGHT"
2026-07-19T19:40:00.000-04:00,"2026-7-19 19:40,2970.9,2969.69,2969.01,2969.98,5,1,0,-1,-,-,FIGHT"
2026-07-19T19:45:00.000-04:00,"2026-7-19 19:45,2967.8,2969.13,2968.92,2969.89,0,0,0,-1,-,-,neutral"
2026-07-19T19:50:00.000-04:00,"2026-7-19 19:50,2970.5,2969.71,2969.04,2969.92,5,1,0,-1,-,-,FIGHT"
2026-07-19T19:55:00.000-04:00,"2026-7-19 19:55,2971.9,2970.64,2969.26,2970,5,1,0,0,-,-,FIGHT"
2026-07-19T20:00:00.000-04:00,"2026-7-19 20:00,2971.1,2971.01,2969.4,2970.04,5,1,0,0,-,-,FIGHT"
2026-07-19T20:05:00.000-04:00,"2026-7-19 20:05,2973.9,2972.3,2969.75,2970.19,5,1,0,0,-,-,FIGHT"
2026-07-19T20:10:00.000-04:00,"2026-7-19 20:10,2974,2973.25,2970.07,2970.34,5,1,1,0,-,-,wave_only"
2026-07-19T20:15:00.000-04:00,"2026-7-19 20:15,2976.2,2974.72,2970.55,2970.57,7,1,1,0,-,-,wave_only"
2026-07-19T20:20:00.000-04:00,"2026-7-19 20:20,2976.4,2975.83,2971,2970.8,5,1,1,0,-,-,wave_only"
2026-07-19T20:25:00.000-04:00,"2026-7-19 20:25,2976,2976.43,2971.38,2971,3,1,1,0,-,-,wave_only"
2026-07-19T20:30:00.000-04:00,"2026-7-19 20:30,2972.5,2975.51,2971.47,2971.06,0,0,1,0,-,-,neutral"
2026-07-19T20:35:00.000-04:00,"2026-7-19 20:35,2973.2,2975.04,2971.6,2971.14,0,0,1,0,-,-,neutral"
2026-07-19T20:40:00.000-04:00,"2026-7-19 20:40,2973.5,2974.76,2971.75,2971.24,0,0,1,0,-,-,neutral"
2026-07-19T20:45:00.000-04:00,"2026-7-19 20:45,2974.1,2974.74,2971.93,2971.35,0,0,1,0,-,-,neutral"
2026-07-19T20:50:00.000-04:00,"2026-7-19 20:50,2973.8,2974.59,2972.07,2971.45,0,0,1,0,-,-,neutral"
2026-07-19T20:55:00.000-04:00,"2026-7-19 20:55,2974,2974.52,2972.22,2971.55,0,0,1,0,-,-,neutral"
2026-07-19T21:00:00.000-04:00,"2026-7-19 21:00,2975.1,2974.86,2972.44,2971.69,3,1,1,0,-,-,wave_only"
2026-07-19T21:05:00.000-04:00,"2026-7-19 21:05,2977.2,2975.86,2972.81,2971.9,7,1,1,0,-,-,wave_only"
2026-07-19T21:10:00.000-04:00,"2026-7-19 21:10,2973.4,2975.16,2972.85,2971.96,0,0,0,0,-,-,neutral"
2026-07-19T21:15:00.000-04:00,"2026-7-19 21:15,2973.6,2974.69,2972.91,2972.02,0,0,0,0,-,-,neutral"
2026-07-19T21:20:00.000-04:00,"2026-7-19 21:20,2976.5,2975.41,2973.19,2972.2,7,1,0,0,-,-,FIGHT"
2026-07-19T21:25:00.000-04:00,"2026-7-19 21:25,2972.6,2974.48,2973.14,2972.22,0,0,0,0,-,-,neutral"
2026-07-19T21:30:00.000-04:00,"2026-7-19 21:30,2973,2973.92,2973.13,2972.25,0,0,0,0,-,-,neutral"
2026-07-19T21:35:00.000-04:00,"2026-7-19 21:35,2972.2,2973.22,2973.06,2972.24,-5,-1,0,0,S,-,FIGHT"
2026-07-19T21:40:00.000-04:00,"2026-7-19 21:40,2969.3,2971.63,2972.77,2972.13,-5,-1,0,0,-,-,FIGHT"
2026-07-19T21:45:00.000-04:00,"2026-7-19 21:45,2970.3,2970.86,2972.58,2972.06,-5,-1,0,0,-,-,FIGHT"
2026-07-19T21:50:00.000-04:00,"2026-7-19 21:50,2966.9,2969.06,2972.14,2971.86,-5,-1,0,0,-,-,FIGHT"
2026-07-19T21:55:00.000-04:00,"2026-7-19 21:55,2969,2968.55,2971.9,2971.74,-5,-1,0,-1,-,-,tide_only"
2026-07-19T22:00:00.000-04:00,"2026-7-19 22:00,2972.9,2969.68,2971.98,2971.79,0,0,0,-1,-,-,neutral"
2026-07-19T22:05:00.000-04:00,"2026-7-19 22:05,2972.5,2970.4,2972.02,2971.82,0,0,0,-1,-,-,neutral"
2026-07-19T22:10:00.000-04:00,"2026-7-19 22:10,2970.2,2970.11,2971.88,2971.75,-5,-1,-1,-1,-,-,RIDE_both"
2026-07-19T22:15:00.000-04:00,"2026-7-19 22:15,2968.1,2969.14,2971.59,2971.61,-7,-1,-1,-1,-,-,RIDE_both"
2026-07-19T22:20:00.000-04:00,"2026-7-19 22:20,2967.8,2968.35,2971.3,2971.46,-5,-1,-1,-1,-,-,RIDE_both"
2026-07-19T22:25:00.000-04:00,"2026-7-19 22:25,2967.5,2967.7,2971,2971.31,-5,-1,-1,-1,-,-,RIDE_both"
2026-07-19T22:30:00.000-04:00,"2026-7-19 22:30,2970.3,2968.3,2970.95,2971.27,0,0,-1,-1,-,-,neutral"
2026-07-19T22:35:00.000-04:00,"2026-7-19 22:35,2970.4,2968.81,2970.91,2971.23,0,0,-1,-1,-,-,neutral"
2026-07-19T22:40:00.000-04:00,"2026-7-19 22:40,2971.7,2969.7,2970.97,2971.25,0,0,1,-1,-,-,neutral"
2026-07-19T22:45:00.000-04:00,"2026-7-19 22:45,2972.8,2970.78,2971.11,2971.31,3,0,1,-1,-,-,neutral"
2026-07-19T22:50:00.000-04:00,"2026-7-19 22:50,2972.1,2971.32,2971.19,2971.34,7,1,1,-1,B,-,wave_only"
2026-07-19T22:55:00.000-04:00,"2026-7-19 22:55,2971.9,2971.63,2971.24,2971.36,7,1,0,0,-,-,FIGHT"
2026-07-19T23:00:00.000-04:00,"2026-7-19 23:00,2971.9,2971.86,2971.29,2971.38,3,1,0,0,-,-,FIGHT"
2026-07-19T23:05:00.000-04:00,"2026-7-19 23:05,2970.3,2971.42,2971.22,2971.34,0,0,0,0,-,-,neutral"
2026-07-19T23:10:00.000-04:00,"2026-7-19 23:10,2970.2,2971.05,2971.14,2971.3,-3,-1,-1,0,S,-,wave_only"
2026-07-19T23:15:00.000-04:00,"2026-7-19 23:15,2970.9,2971.03,2971.12,2971.28,0,0,-1,0,-,-,neutral"
2026-07-19T23:20:00.000-04:00,"2026-7-19 23:20,2971.9,2971.39,2971.18,2971.31,7,1,-1,0,B,-,FIGHT"
2026-07-19T23:25:00.000-04:00,"2026-7-19 23:25,2970.8,2971.24,2971.15,2971.29,0,0,0,0,-,-,neutral"
2026-07-19T23:30:00.000-04:00,"2026-7-19 23:30,2971.4,2971.35,2971.17,2971.29,7,0,0,0,-,-,neutral"
2026-07-19T23:35:00.000-04:00,"2026-7-19 23:35,2972,2971.65,2971.23,2971.32,7,1,0,0,-,-,FIGHT"
2026-07-19T23:40:00.000-04:00,"2026-7-19 23:40,2972.6,2972.08,2971.34,2971.37,7,1,1,0,-,-,wave_only"
2026-07-19T23:45:00.000-04:00,"2026-7-19 23:45,2972,2972.17,2971.39,2971.39,0,0,1,0,-,-,neutral"
2026-07-19T23:50:00.000-04:00,"2026-7-19 23:50,2973.4,2972.74,2971.54,2971.47,7,1,1,0,-,-,wave_only"
2026-07-19T23:55:00.000-04:00,"2026-7-19 23:55,2971.4,2972.4,2971.53,2971.47,0,0,0,0,-,-,neutral"
2026-07-20T00:00:00.000-04:00,"2026-7-20 0:00,2972.5,2972.54,2971.61,2971.51,5,1,0,0,-,-,FIGHT"
2026-07-20T00:05:00.000-04:00,"2026-7-20 0:05,2971.3,2972.19,2971.58,2971.5,0,0,0,0,-,-,neutral"
2026-07-20T00:10:00.000-04:00,"2026-7-20 0:10,2970.2,2971.52,2971.48,2971.45,-3,-1,-1,0,S,-,wave_only"
2026-07-20T00:15:00.000-04:00,"2026-7-20 0:15,2970.2,2971.02,2971.38,2971.4,-5,-1,-1,0,-,-,wave_only"
2026-07-20T00:20:00.000-04:00,"2026-7-20 0:20,2970.3,2970.69,2971.3,2971.36,-5,-1,-1,0,-,-,wave_only"
2026-07-20T00:25:00.000-04:00,"2026-7-20 0:25,2974.1,2971.87,2971.51,2971.47,7,1,1,0,B,-,wave_only"
2026-07-20T00:30:00.000-04:00,"2026-7-20 0:30,2974.7,2972.95,2971.76,2971.59,7,1,1,0,-,-,wave_only"
2026-07-20T00:35:00.000-04:00,"2026-7-20 0:35,2975.4,2974,2972.04,2971.74,7,1,1,0,-,-,wave_only"
2026-07-20T00:40:00.000-04:00,"2026-7-20 0:40,2976.5,2975.16,2972.38,2971.93,7,1,1,0,-,-,wave_only"
2026-07-20T00:45:00.000-04:00,"2026-7-20 0:45,2977.1,2976.19,2972.74,2972.13,7,1,1,0,-,-,wave_only"
2026-07-20T00:50:00.000-04:00,"2026-7-20 0:50,2976.5,2976.69,2973.03,2972.3,5,1,1,0,-,-,wave_only"
2026-07-20T00:55:00.000-04:00,"2026-7-20 0:55,2975.2,2976.53,2973.2,2972.42,0,0,1,0,-,-,neutral"
2026-07-20T01:00:00.000-04:00,"2026-7-20 1:00,2974.5,2976.11,2973.3,2972.5,0,0,1,0,-,-,neutral"
2026-07-20T01:05:00.000-04:00,"2026-7-20 1:05,2972.5,2975.02,2973.24,2972.5,0,0,1,0,-,-,neutral"
2026-07-20T01:10:00.000-04:00,"2026-7-20 1:10,2971.9,2973.98,2973.13,2972.47,0,0,0,0,-,-,neutral"
2026-07-20T01:15:00.000-04:00,"2026-7-20 1:15,2972.4,2973.38,2973.08,2972.47,-3,0,0,0,-,-,neutral"
2026-07-20T01:20:00.000-04:00,"2026-7-20 1:20,2971.9,2972.76,2972.99,2972.45,-5,-1,0,0,S,-,FIGHT"
2026-07-20T01:25:00.000-04:00,"2026-7-20 1:25,2971.7,2972.24,2972.89,2972.42,-5,-1,0,0,-,-,FIGHT"
2026-07-20T01:30:00.000-04:00,"2026-7-20 1:30,2971.5,2971.79,2972.78,2972.38,-5,-1,0,0,-,-,FIGHT"
2026-07-20T01:35:00.000-04:00,"2026-7-20 1:35,2971.6,2971.52,2972.69,2972.35,-5,-1,0,0,-,-,FIGHT"
2026-07-20T01:40:00.000-04:00,"2026-7-20 1:40,2970.8,2971.04,2972.55,2972.29,-5,-1,0,0,-,-,FIGHT"
2026-07-20T01:45:00.000-04:00,"2026-7-20 1:45,2970.1,2970.46,2972.36,2972.21,-5,-1,0,0,-,-,FIGHT"
2026-07-20T01:50:00.000-04:00,"2026-7-20 1:50,2969.9,2969.98,2972.17,2972.12,-5,-1,0,0,-,-,FIGHT"
2026-07-20T01:55:00.000-04:00,"2026-7-20 1:55,2969.3,2969.44,2971.95,2972.01,-7,-1,-1,-1,-,-,RIDE_both"
2026-07-20T02:00:00.000-04:00,"2026-7-20 2:00,2970.5,2969.52,2971.84,2971.95,0,0,-1,-1,-,-,neutral"
2026-07-20T02:05:00.000-04:00,"2026-7-20 2:05,2970,2969.42,2971.7,2971.87,0,0,-1,-1,-,-,neutral"
2026-07-20T02:10:00.000-04:00,"2026-7-20 2:10,2968.7,2968.91,2971.46,2971.75,-3,-1,-1,-1,-,-,RIDE_both"
2026-07-20T02:15:00.000-04:00,"2026-7-20 2:15,2968.9,2968.63,2971.27,2971.63,-3,-1,-1,-1,-,-,RIDE_both"
2026-07-20T02:20:00.000-04:00,"2026-7-20 2:20,2968.2,2968.2,2971.03,2971.5,-7,-1,-1,-1,-,-,RIDE_both"
2026-07-20T02:25:00.000-04:00,"2026-7-20 2:25,2968.7,2968.11,2970.85,2971.39,0,0,-1,-1,-,-,neutral"
2026-07-20T02:30:00.000-04:00,"2026-7-20 2:30,2967.9,2967.78,2970.62,2971.25,-7,-1,-1,-1,-,-,RIDE_both"
2026-07-20T02:35:00.000-04:00,"2026-7-20 2:35,2967.5,2967.42,2970.38,2971.11,-7,-1,-1,-1,-,-,RIDE_both"
2026-07-20T02:40:00.000-04:00,"2026-7-20 2:40,2969,2967.74,2970.28,2971.02,0,0,-1,-1,-,-,neutral"
2026-07-20T02:45:00.000-04:00,"2026-7-20 2:45,2968.1,2967.68,2970.11,2970.91,0,0,-1,-1,-,-,neutral"
2026-07-20T02:50:00.000-04:00,"2026-7-20 2:50,2968.8,2967.92,2970.01,2970.83,0,0,-1,-1,-,-,neutral"
2026-07-20T02:55:00.000-04:00,"2026-7-20 2:55,2968.5,2968.01,2969.89,2970.73,0,0,-1,-1,-,-,neutral"
2026-07-20T03:00:00.000-04:00,"2026-7-20 3:00,2971,2969.02,2969.98,2970.74,3,0,-1,-1,-,-,neutral"
2026-07-20T03:05:00.000-04:00,"2026-7-20 3:05,2971.3,2969.88,2970.08,2970.77,5,1,-1,-1,B,-,FIGHT"
2026-07-20T03:10:00.000-04:00,"2026-7-20 3:10,2971.1,2970.44,2970.16,2970.78,5,1,0,-1,-,-,FIGHT"
2026-07-20T03:15:00.000-04:00,"2026-7-20 3:15,2970.2,2970.51,2970.16,2970.76,0,0,0,-1,-,-,neutral"
2026-07-20T03:20:00.000-04:00,"2026-7-20 3:20,2973.3,2971.69,2970.4,2970.86,5,1,0,-1,-,-,FIGHT"
2026-07-20T03:25:00.000-04:00,"2026-7-20 3:25,2975.9,2973.51,2970.83,2971.05,5,1,1,-1,-,-,wave_only"
2026-07-20T03:30:00.000-04:00,"2026-7-20 3:30,2979.7,2976.21,2971.51,2971.39,5,1,1,-1,-,-,wave_only"
2026-07-20T03:35:00.000-04:00,"2026-7-20 3:35,2979.2,2977.96,2972.1,2971.7,5,1,1,-1,-,-,wave_only"
2026-07-20T03:40:00.000-04:00,"2026-7-20 3:40,2981.4,2979.98,2972.82,2972.08,5,1,1,-1,-,-,wave_only"
2026-07-20T03:45:00.000-04:00,"2026-7-20 3:45,2978.5,2980.3,2973.25,2972.33,0,0,1,-1,-,-,neutral"
2026-07-20T03:50:00.000-04:00,"2026-7-20 3:50,2978.8,2980.54,2973.68,2972.59,0,0,1,-1,-,-,neutral"
2026-07-20T03:55:00.000-04:00,"2026-7-20 3:55,2980,2981.08,2974.17,2972.88,0,0,1,1,-,-,neutral"
2026-07-20T04:00:00.000-04:00,"2026-7-20 4:00,2981.8,2982.05,2974.75,2973.23,7,1,1,1,-,-,RIDE_both"
2026-07-20T04:05:00.000-04:00,"2026-7-20 4:05,2980.5,2982.19,2975.2,2973.51,0,0,1,1,-,-,neutral"
2026-07-20T04:10:00.000-04:00,"2026-7-20 4:10,2983.2,2983.21,2975.81,2973.89,7,1,1,1,-,-,RIDE_both"
2026-07-20T04:15:00.000-04:00,"2026-7-20 4:15,2982.5,2983.62,2976.33,2974.23,0,0,1,1,-,-,neutral"
2026-07-20T04:20:00.000-04:00,"2026-7-20 4:20,2982.5,2983.83,2976.8,2974.55,0,0,1,1,-,-,neutral"
2026-07-20T04:25:00.000-04:00,"2026-7-20 4:25,2982.1,2983.75,2977.21,2974.85,0,0,1,1,-,-,neutral"
2026-07-20T04:30:00.000-04:00,"2026-7-20 4:30,2981,2983.22,2977.5,2975.09,0,0,1,1,-,-,neutral"
2026-07-20T04:35:00.000-04:00,"2026-7-20 4:35,2981.5,2982.95,2977.81,2975.34,0,0,1,1,-,-,neutral"
2026-07-20T04:40:00.000-04:00,"2026-7-20 4:40,2980.2,2982.22,2977.99,2975.53,0,0,0,1,-,-,neutral"
2026-07-20T04:45:00.000-04:00,"2026-7-20 4:45,2981.6,2982.15,2978.27,2975.77,0,0,0,1,-,-,neutral"
2026-07-20T04:50:00.000-04:00,"2026-7-20 4:50,2980.4,2981.63,2978.43,2975.95,0,0,0,1,-,-,neutral"
2026-07-20T04:55:00.000-04:00,"2026-7-20 4:55,2981.1,2981.48,2978.64,2976.15,0,0,0,1,-,-,neutral"
2026-07-20T05:00:00.000-04:00,"2026-7-20 5:00,2980.8,2981.24,2978.8,2976.34,0,0,0,1,-,-,neutral"
2026-07-20T05:05:00.000-04:00,"2026-7-20 5:05,2981.8,2981.43,2979.03,2976.55,7,1,0,1,-,-,tide_only"
2026-07-20T05:10:00.000-04:00,"2026-7-20 5:10,2981.8,2981.55,2979.25,2976.76,7,0,0,1,-,-,neutral"
2026-07-20T05:15:00.000-04:00,"2026-7-20 5:15,2980.5,2981.15,2979.34,2976.9,0,0,0,1,-,-,neutral"
2026-07-20T05:20:00.000-04:00,"2026-7-20 5:20,2981.9,2981.36,2979.54,2977.1,7,1,0,1,-,-,tide_only"
2026-07-20T05:25:00.000-04:00,"2026-7-20 5:25,2981.5,2981.36,2979.69,2977.27,7,0,0,1,-,-,neutral"
2026-07-20T05:30:00.000-04:00,"2026-7-20 5:30,2981.9,2981.51,2979.86,2977.45,7,1,0,1,-,-,tide_only"
2026-07-20T05:35:00.000-04:00,"2026-7-20 5:35,2980.8,2981.21,2979.93,2977.58,0,0,0,1,-,-,neutral"
2026-07-20T05:40:00.000-04:00,"2026-7-20 5:40,2981.9,2981.39,2980.08,2977.75,7,1,0,1,-,-,tide_only"
2026-07-20T05:45:00.000-04:00,"2026-7-20 5:45,2983.3,2982.04,2980.33,2977.97,7,1,0,1,-,-,tide_only"
2026-07-20T05:50:00.000-04:00,"2026-7-20 5:50,2983.9,2982.73,2980.61,2978.2,7,1,0,1,-,-,tide_only"
2026-07-20T05:55:00.000-04:00,"2026-7-20 5:55,2982.8,2982.82,2980.78,2978.38,7,0,0,1,-,-,neutral"
2026-07-20T06:00:00.000-04:00,"2026-7-20 6:00,2982.6,2982.8,2980.92,2978.55,0,0,0,1,-,-,neutral"
2026-07-20T06:05:00.000-04:00,"2026-7-20 6:05,2981.1,2982.22,2980.93,2978.65,0,0,0,1,-,-,neutral"
2026-07-20T06:10:00.000-04:00,"2026-7-20 6:10,2981.2,2981.82,2980.95,2978.75,-3,-1,0,1,S,-,FIGHT"
2026-07-20T06:15:00.000-04:00,"2026-7-20 6:15,2980.6,2981.3,2980.92,2978.82,-3,-1,0,1,-,-,FIGHT"
2026-07-20T06:20:00.000-04:00,"2026-7-20 6:20,2982.6,2981.66,2981.05,2978.97,7,1,0,1,B,-,tide_only"
2026-07-20T06:25:00.000-04:00,"2026-7-20 6:25,2983.1,2982.12,2981.21,2979.13,7,1,0,1,-,-,tide_only"
2026-07-20T06:30:00.000-04:00,"2026-7-20 6:30,2983.4,2982.57,2981.38,2979.3,7,1,0,1,-,-,tide_only"
2026-07-20T06:35:00.000-04:00,"2026-7-20 6:35,2983.1,2982.78,2981.51,2979.45,7,1,0,1,-,-,tide_only"
2026-07-20T06:40:00.000-04:00,"2026-7-20 6:40,2982.9,2982.86,2981.62,2979.58,7,0,0,1,-,-,neutral"
2026-07-20T06:45:00.000-04:00,"2026-7-20 6:45,2983.8,2983.24,2981.79,2979.75,7,1,0,1,-,-,tide_only"
2026-07-20T06:50:00.000-04:00,"2026-7-20 6:50,2985.6,2984.18,2982.08,2979.98,7,1,0,1,-,-,tide_only"
2026-07-20T06:55:00.000-04:00,"2026-7-20 6:55,2983.8,2984.18,2982.21,2980.13,7,0,0,1,-,-,neutral"
2026-07-20T07:00:00.000-04:00,"2026-7-20 7:00,2987.5,2985.54,2982.62,2980.42,7,1,0,1,-,-,tide_only"
2026-07-20T07:05:00.000-04:00,"2026-7-20 7:05,2987.1,2986.36,2982.96,2980.68,7,1,0,1,-,-,tide_only"
2026-07-20T07:10:00.000-04:00,"2026-7-20 7:10,2986.9,2986.85,2983.27,2980.92,7,0,1,1,-,-,neutral"
2026-07-20T07:15:00.000-04:00,"2026-7-20 7:15,2986.1,2986.88,2983.48,2981.13,0,0,1,1,-,-,neutral"
2026-07-20T07:20:00.000-04:00,"2026-7-20 7:20,2985.4,2986.61,2983.63,2981.29,0,0,1,1,-,-,neutral"
2026-07-20T07:25:00.000-04:00,"2026-7-20 7:25,2985.7,2986.48,2983.79,2981.47,0,0,0,1,-,-,neutral"
2026-07-20T07:30:00.000-04:00,"2026-7-20 7:30,2996.2,2990.25,2984.74,2982.04,7,1,0,1,-,-,tide_only"
2026-07-20T07:35:00.000-04:00,"2026-7-20 7:35,2994.4,2992.3,2985.49,2982.53,7,1,0,1,-,-,tide_only"
2026-07-20T07:40:00.000-04:00,"2026-7-20 7:40,2993.4,2993.37,2986.1,2982.96,7,1,1,1,-,-,RIDE_both"
2026-07-20T07:45:00.000-04:00,"2026-7-20 7:45,2990.4,2992.96,2986.43,2983.25,0,0,1,1,-,-,neutral"
2026-07-20T07:50:00.000-04:00,"2026-7-20 7:50,2989.4,2992.21,2986.66,2983.49,0,0,1,1,-,-,neutral"
2026-07-20T07:55:00.000-04:00,"2026-7-20 7:55,2990.4,2991.96,2986.94,2983.76,0,0,0,1,-,-,neutral"
2026-07-20T08:00:00.000-04:00,"2026-7-20 8:00,2983.1,2989.02,2986.65,2983.73,0,0,0,1,-,-,neutral"
2026-07-20T08:05:00.000-04:00,"2026-7-20 8:05,2985.3,2987.64,2986.54,2983.8,-3,0,0,1,-,-,neutral"
2026-07-20T08:10:00.000-04:00,"2026-7-20 8:10,2985.8,2986.81,2986.49,2983.87,-3,-1,0,1,S,-,FIGHT"
2026-07-20T08:15:00.000-04:00,"2026-7-20 8:15,2984.9,2985.88,2986.37,2983.91,-5,-1,0,1,-,-,FIGHT"
2026-07-20T08:20:00.000-04:00,"2026-7-20 8:20,2983.7,2984.77,2986.16,2983.91,-5,-1,0,1,-,-,FIGHT"
2026-07-20T08:25:00.000-04:00,"2026-7-20 8:25,2986,2984.83,2986.15,2983.99,0,0,0,1,-,-,neutral"
2026-07-20T08:30:00.000-04:00,"2026-7-20 8:30,2983.4,2983.95,2985.94,2983.96,-5,-1,0,1,-,-,FIGHT"
2026-07-20T08:35:00.000-04:00,"2026-7-20 8:35,2982.7,2983.08,2985.69,2983.92,-5,-1,0,1,-,-,FIGHT"
2026-07-20T08:40:00.000-04:00,"2026-7-20 8:40,2981.2,2981.93,2985.34,2983.81,-5,-1,0,1,-,-,FIGHT"
2026-07-20T08:45:00.000-04:00,"2026-7-20 8:45,2982.8,2981.73,2985.15,2983.77,-3,-1,0,1,-,-,FIGHT"
2026-07-20T08:50:00.000-04:00,"2026-7-20 8:50,2980.6,2980.82,2984.8,2983.64,-5,-1,0,1,-,-,FIGHT"
2026-07-20T08:55:00.000-04:00,"2026-7-20 8:55,2980.9,2980.32,2984.5,2983.54,-5,-1,0,0,-,-,FIGHT"
2026-07-20T09:00:00.000-04:00,"2026-7-20 9:00,2980.4,2979.83,2984.18,2983.41,-5,-1,0,0,-,-,FIGHT"
2026-07-20T09:05:00.000-04:00,"2026-7-20 9:05,2980.1,2979.42,2983.87,2983.28,-5,0,0,0,-,-,neutral"
2026-07-20T09:10:00.000-04:00,"2026-7-20 9:10,2978.3,2978.51,2983.44,2983.09,-5,-1,-1,0,-,-,wave_only"
2026-07-20T09:15:00.000-04:00,"2026-7-20 9:15,2979.5,2978.35,2983.14,2982.95,0,0,-1,0,-,-,neutral"
2026-07-20T09:20:00.000-04:00,"2026-7-20 9:20,2980.6,2978.7,2982.94,2982.86,0,0,-1,0,-,-,neutral"
2026-07-20T09:25:00.000-04:00,"2026-7-20 9:25,2982.4,2979.68,2982.9,2982.84,0,0,0,0,-,-,neutral"
2026-07-20T09:30:00.000-04:00,"2026-7-20 9:30,2983.3,2980.78,2982.93,2982.86,0,0,0,0,-,-,neutral"
2026-07-20T09:35:00.000-04:00,"2026-7-20 9:35,2986.8,2982.9,2983.23,2983.01,0,0,0,0,-,-,neutral"
2026-07-20T09:40:00.000-04:00,"2026-7-20 9:40,2986.5,2984.36,2983.48,2983.15,7,1,1,0,B,-,wave_only"
2026-07-20T09:45:00.000-04:00,"2026-7-20 9:45,2986.2,2985.31,2983.69,2983.27,7,1,1,0,-,-,wave_only"
2026-07-20T09:50:00.000-04:00,"2026-7-20 9:50,2983,2984.79,2983.64,2983.26,0,0,1,0,-,-,neutral"
2026-07-20T09:55:00.000-04:00,"2026-7-20 9:55,2979.7,2983.16,2983.33,2983.12,-3,-1,-1,0,S,-,wave_only"
2026-07-20T10:00:00.000-04:00,"2026-7-20 10:00,2977,2980.95,2982.85,2982.88,-7,-1,-1,0,-,-,wave_only"
2026-07-20T10:05:00.000-04:00,"2026-7-20 10:05,2974.7,2978.49,2982.22,2982.56,-7,-1,-1,0,-,-,wave_only"
2026-07-20T10:10:00.000-04:00,"2026-7-20 10:10,2972.1,2975.75,2981.44,2982.15,-7,-1,-1,0,-,-,wave_only"
2026-07-20T10:15:00.000-04:00,"2026-7-20 10:15,2971.5,2973.57,2980.68,2981.73,-5,-1,-1,0,-,-,wave_only"
2026-07-20T10:20:00.000-04:00,"2026-7-20 10:20,2972,2972.24,2980.01,2981.35,-7,-1,-1,0,-,-,wave_only"
2026-07-20T10:25:00.000-04:00,"2026-7-20 10:25,2974.4,2972.24,2979.58,2981.08,0,0,-1,0,-,-,neutral"
2026-07-20T10:30:00.000-04:00,"2026-7-20 10:30,2970.3,2970.82,2978.86,2980.65,-7,-1,-1,0,-,-,wave_only"
2026-07-20T10:35:00.000-04:00,"2026-7-20 10:35,2969.6,2969.61,2978.15,2980.22,-7,-1,-1,0,-,-,wave_only"
2026-07-20T10:40:00.000-04:00,"2026-7-20 10:40,2966.2,2967.56,2977.23,2979.67,-7,-1,-1,0,-,-,wave_only"
2026-07-20T10:45:00.000-04:00,"2026-7-20 10:45,2964.3,2965.46,2976.24,2979.07,-7,-1,-1,0,-,-,wave_only"
2026-07-20T10:50:00.000-04:00,"2026-7-20 10:50,2963,2963.55,2975.22,2978.44,-3,-1,-1,0,-,-,wave_only"
2026-07-20T10:55:00.000-04:00,"2026-7-20 10:55,2960.8,2961.47,2974.11,2977.75,-3,-1,-1,0,-,-,wave_only"
2026-07-20T11:00:00.000-04:00,"2026-7-20 11:00,2964.7,2961.53,2973.39,2977.23,0,0,-1,0,-,-,neutral"
2026-07-20T11:05:00.000-04:00,"2026-7-20 11:05,2970.8,2963.97,2973.19,2976.98,0,0,-1,0,-,-,neutral"
2026-07-20T11:10:00.000-04:00,"2026-7-20 11:10,2968.8,2965.14,2972.85,2976.66,0,0,0,0,-,-,neutral"
2026-07-20T11:15:00.000-04:00,"2026-7-20 11:15,2970.8,2966.82,2972.69,2976.43,0,0,0,0,-,-,neutral"
2026-07-20T11:20:00.000-04:00,"2026-7-20 11:20,2972.4,2968.7,2972.67,2976.27,0,0,0,0,-,-,neutral"
2026-07-20T11:25:00.000-04:00,"2026-7-20 11:25,2972.7,2970.22,2972.67,2976.13,3,1,0,0,B,-,FIGHT"
2026-07-20T11:30:00.000-04:00,"2026-7-20 11:30,2972.2,2971.17,2972.64,2975.98,3,1,0,0,-,-,FIGHT"
2026-07-20T11:35:00.000-04:00,"2026-7-20 11:35,2968.8,2970.59,2972.34,2975.7,-7,-1,0,0,S,-,FIGHT"
2026-07-20T11:40:00.000-04:00,"2026-7-20 11:40,2971.8,2971.27,2972.3,2975.54,3,1,0,0,B,-,FIGHT"
2026-07-20T11:45:00.000-04:00,"2026-7-20 11:45,2972.1,2971.87,2972.28,2975.41,5,1,0,0,-,-,FIGHT"
2026-07-20T11:50:00.000-04:00,"2026-7-20 11:50,2971.9,2972.22,2972.25,2975.27,5,1,0,0,-,-,FIGHT"
2026-07-20T11:55:00.000-04:00,"2026-7-20 11:55,2968.8,2971.3,2971.99,2975.02,-7,-1,0,-1,S,-,tide_only"
2026-07-20T12:00:00.000-04:00,"2026-7-20 12:00,2971.6,2971.64,2971.96,2974.88,3,1,0,-1,B,-,FIGHT"
2026-07-20T12:05:00.000-04:00,"2026-7-20 12:05,2975.4,2973.28,2972.22,2974.9,5,1,0,-1,-,-,FIGHT"
2026-07-20T12:10:00.000-04:00,"2026-7-20 12:10,2976.1,2974.72,2972.52,2974.95,5,1,0,-1,-,-,FIGHT"
2026-07-20T12:15:00.000-04:00,"2026-7-20 12:15,2974.6,2975.18,2972.68,2974.94,5,1,0,-1,-,-,FIGHT"
2026-07-20T12:20:00.000-04:00,"2026-7-20 12:20,2975.3,2975.73,2972.88,2974.95,5,1,0,-1,-,-,FIGHT"
2026-07-20T12:25:00.000-04:00,"2026-7-20 12:25,2974.4,2975.75,2973,2974.93,0,0,0,-1,-,-,neutral"
2026-07-20T12:30:00.000-04:00,"2026-7-20 12:30,2971.8,2974.75,2972.91,2974.81,0,0,0,-1,-,-,neutral"
2026-07-20T12:35:00.000-04:00,"2026-7-20 12:35,2972.1,2974.08,2972.85,2974.7,0,0,0,-1,-,-,neutral"
2026-07-20T12:40:00.000-04:00,"2026-7-20 12:40,2968,2972.05,2972.47,2974.44,-3,-1,-1,-1,S,SELL,RIDE_both"
2026-07-20T12:45:00.000-04:00,"2026-7-20 12:45,2971.4,2971.8,2972.39,2974.32,-3,-1,-1,-1,-,-,RIDE_both"
2026-07-20T12:50:00.000-04:00,"2026-7-20 12:50,2968.3,2970.47,2972.08,2974.08,-7,-1,-1,-1,-,-,RIDE_both"
2026-07-20T12:55:00.000-04:00,"2026-7-20 12:55,2968.7,2969.66,2971.82,2973.87,-7,-1,-1,-1,-,-,RIDE_both"
2026-07-20T13:00:00.000-04:00,"2026-7-20 13:00,2969,2969.19,2971.6,2973.68,-7,-1,-1,-1,-,-,RIDE_both"
2026-07-20T13:05:00.000-04:00,"2026-7-20 13:05,2970.1,2969.28,2971.48,2973.54,0,0,-1,-1,-,-,neutral"
2026-07-20T13:10:00.000-04:00,"2026-7-20 13:10,2968.4,2968.75,2971.25,2973.34,-7,-1,-1,-1,-,-,RIDE_both"
2026-07-20T13:15:00.000-04:00,"2026-7-20 13:15,2968.7,2968.49,2971.05,2973.16,-3,-1,-1,-1,-,-,RIDE_both"
2026-07-20T13:20:00.000-04:00,"2026-7-20 13:20,2969.5,2968.63,2970.93,2973.01,0,0,-1,-1,-,-,neutral"
2026-07-20T13:25:00.000-04:00,"2026-7-20 13:25,2969,2968.57,2970.78,2972.86,0,0,0,-1,-,-,neutral"
2026-07-20T13:30:00.000-04:00,"2026-7-20 13:30,2969.2,2968.63,2970.66,2972.71,0,0,0,-1,-,-,neutral"
2026-07-20T13:35:00.000-04:00,"2026-7-20 13:35,2966.6,2967.73,2970.35,2972.47,-7,-1,0,-1,-,-,tide_only"
2026-07-20T13:40:00.000-04:00,"2026-7-20 13:40,2965.9,2966.83,2970.01,2972.22,-7,-1,-1,-1,-,-,RIDE_both"
2026-07-20T13:45:00.000-04:00,"2026-7-20 13:45,2967.3,2966.73,2969.8,2972.02,-3,-1,-1,-1,-,-,RIDE_both"
2026-07-20T13:50:00.000-04:00,"2026-7-20 13:50,2970.2,2967.76,2969.83,2971.95,0,0,-1,-1,-,-,neutral"
2026-07-20T13:55:00.000-04:00,"2026-7-20 13:55,2970.3,2968.58,2969.87,2971.89,3,1,0,-1,B,-,FIGHT"
2026-07-20T14:00:00.000-04:00,"2026-7-20 14:00,2972.1,2969.86,2970.04,2971.89,5,1,0,-1,-,-,FIGHT"
2026-07-20T14:05:00.000-04:00,"2026-7-20 14:05,2972.7,2971.02,2970.24,2971.93,5,1,0,-1,-,-,FIGHT"
2026-07-20T14:10:00.000-04:00,"2026-7-20 14:10,2972.8,2971.9,2970.44,2971.96,5,1,0,-1,-,-,FIGHT"
2026-07-20T14:15:00.000-04:00,"2026-7-20 14:15,2973,2972.6,2970.64,2972,5,1,0,-1,-,-,FIGHT"
2026-07-20T14:20:00.000-04:00,"2026-7-20 14:20,2969.3,2971.71,2970.53,2971.9,0,0,0,-1,-,-,neutral"
2026-07-20T14:25:00.000-04:00,"2026-7-20 14:25,2970.5,2971.47,2970.53,2971.84,0,0,0,-1,-,-,neutral"
2026-07-20T14:30:00.000-04:00,"2026-7-20 14:30,2966.4,2969.76,2970.21,2971.63,-7,-1,0,-1,S,-,tide_only"
2026-07-20T14:35:00.000-04:00,"2026-7-20 14:35,2966.4,2968.49,2969.92,2971.42,-7,-1,0,-1,-,-,tide_only"
2026-07-20T14:40:00.000-04:00,"2026-7-20 14:40,2964.1,2966.72,2969.47,2971.13,-7,-1,-1,-1,-,-,RIDE_both"
2026-07-20T14:45:00.000-04:00,"2026-7-20 14:45,2964.9,2965.74,2969.12,2970.89,-7,-1,-1,-1,-,-,RIDE_both"
2026-07-20T14:50:00.000-04:00,"2026-7-20 14:50,2966.5,2965.66,2968.92,2970.72,-3,-1,-1,-1,-,-,RIDE_both"
2026-07-20T14:55:00.000-04:00,"2026-7-20 14:55,2964.8,2965,2968.6,2970.49,-7,-1,-1,-1,-,-,RIDE_both"
2026-07-20T15:00:00.000-04:00,"2026-7-20 15:00,2962.3,2963.64,2968.12,2970.17,-7,-1,-1,-1,-,-,RIDE_both"
2026-07-20T15:05:00.000-04:00,"2026-7-20 15:05,2963.6,2963.17,2967.77,2969.91,0,0,-1,-1,-,-,neutral"
2026-07-20T15:10:00.000-04:00,"2026-7-20 15:10,2958.9,2961.14,2967.09,2969.48,-7,-1,-1,-1,-,-,RIDE_both"
2026-07-20T15:15:00.000-04:00,"2026-7-20 15:15,2957,2959.01,2966.31,2968.99,-7,-1,-1,-1,-,-,RIDE_both"
2026-07-20T15:20:00.000-04:00,"2026-7-20 15:20,2960.4,2958.79,2965.86,2968.65,-7,-1,-1,-1,-,-,RIDE_both"
2026-07-20T15:25:00.000-04:00,"2026-7-20 15:25,2961.5,2959.12,2965.52,2968.37,0,0,-1,-1,-,-,neutral"
2026-07-20T15:30:00.000-04:00,"2026-7-20 15:30,2961.7,2959.52,2965.23,2968.11,0,0,-1,-1,-,-,neutral"
2026-07-20T15:35:00.000-04:00,"2026-7-20 15:35,2960.7,2959.5,2964.88,2967.82,-7,0,-1,-1,-,-,neutral"
2026-07-20T15:40:00.000-04:00,"2026-7-20 15:40,2962.9,2960.37,2964.73,2967.62,0,0,0,-1,-,-,neutral"
2026-07-20T15:45:00.000-04:00,"2026-7-20 15:45,2963.4,2961.24,2964.62,2967.46,0,0,0,-1,-,-,neutral"
2026-07-20T15:50:00.000-04:00,"2026-7-20 15:50,2958.1,2959.95,2964.12,2967.09,-7,-1,0,-1,-,-,tide_only"
2026-07-20T15:55:00.000-04:00,"2026-7-20 15:55,2955.9,2958.22,2963.49,2966.65,-7,-1,-1,-1,-,-,RIDE_both"
2026-07-20T16:00:00.000-04:00,"2026-7-20 16:00,2956.3,2957.14,2962.94,2966.25,-7,-1,-1,-1,-,-,RIDE_both"
2026-07-20T16:05:00.000-04:00,"2026-7-20 16:05,2954.7,2955.82,2962.3,2965.79,-7,-1,-1,-1,-,-,RIDE_both"
2026-07-20T16:10:00.000-04:00,"2026-7-20 16:10,2953.9,2954.61,2961.66,2965.33,-7,-1,-1,-1,-,-,RIDE_both"
2026-07-20T16:15:00.000-04:00,"2026-7-20 16:15,2953.8,2953.76,2961.05,2964.88,-7,-1,-1,-1,-,-,RIDE_both"
2026-07-20T16:20:00.000-04:00,"2026-7-20 16:20,2954.2,2953.36,2960.53,2964.46,-3,-1,-1,-1,-,-,RIDE_both"
2026-07-20T16:25:00.000-04:00,"2026-7-20 16:25,2953.6,2952.92,2959.99,2964.03,-3,-1,-1,-1,-,-,RIDE_both"
2026-07-20T16:30:00.000-04:00,"2026-7-20 16:30,2954.8,2953.12,2959.59,2963.67,0,0,-1,-1,-,-,neutral"
2026-07-20T16:35:00.000-04:00,"2026-7-20 16:35,2955.5,2953.59,2959.28,2963.35,0,0,-1,-1,-,-,neutral"
2026-07-20T16:40:00.000-04:00,"2026-7-20 16:40,2955.2,2953.88,2958.96,2963.03,0,0,-1,-1,-,-,neutral"
2026-07-20T16:45:00.000-04:00,"2026-7-20 16:45,2956.1,2954.47,2958.74,2962.76,0,0,-1,-1,-,-,neutral"
2026-07-20T16:50:00.000-04:00,"2026-7-20 16:50,2955.7,2954.8,2958.51,2962.48,0,0,-1,-1,-,-,neutral"
2026-07-20T16:55:00.000-04:00,"2026-7-20 16:55,2956.3,2955.29,2958.34,2962.24,0,0,0,-1,-,-,neutral"
2026-07-20T18:00:00.000-04:00,"2026-7-20 18:00,2952.3,2954.18,2957.88,2961.85,-7,-1,0,-1,-,-,tide_only"
2026-07-20T18:05:00.000-04:00,"2026-7-20 18:05,2953.5,2953.84,2957.54,2961.52,-7,-1,0,-1,-,-,tide_only"
2026-07-20T18:10:00.000-04:00,"2026-7-20 18:10,2953.2,2953.5,2957.21,2961.2,-7,-1,-1,-1,-,-,RIDE_both"
2026-07-20T18:15:00.000-04:00,"2026-7-20 18:15,2953.1,2953.24,2956.89,2960.88,-7,-1,-1,-1,-,-,RIDE_both"
2026-07-20T18:20:00.000-04:00,"2026-7-20 18:20,2954.2,2953.48,2956.68,2960.62,0,0,-1,-1,-,-,neutral"
2026-07-20T18:25:00.000-04:00,"2026-7-20 18:25,2954,2953.61,2956.48,2960.36,0,0,-1,-1,-,-,neutral"
2026-07-20T18:30:00.000-04:00,"2026-7-20 18:30,2953.4,2953.5,2956.24,2960.08,-7,-1,-1,-1,-,-,RIDE_both"
2026-07-20T18:35:00.000-04:00,"2026-7-20 18:35,2954,2953.66,2956.07,2959.84,3,1,-1,-1,B,-,FIGHT"
2026-07-20T18:40:00.000-04:00,"2026-7-20 18:40,2954.5,2953.97,2955.95,2959.64,3,1,0,-1,-,-,FIGHT"
2026-07-20T18:45:00.000-04:00,"2026-7-20 18:45,2953.6,2953.88,2955.77,2959.4,-7,-1,0,-1,S,-,tide_only"
2026-07-20T18:50:00.000-04:00,"2026-7-20 18:50,2953.9,2953.92,2955.62,2959.18,3,1,0,-1,B,-,FIGHT"
2026-07-20T18:55:00.000-04:00,"2026-7-20 18:55,2953.6,2953.85,2955.47,2958.96,-7,-1,-1,-1,S,SELL,RIDE_both"
2026-07-20T19:00:00.000-04:00,"2026-7-20 19:00,2955,2954.32,2955.43,2958.81,3,1,-1,-1,B,-,FIGHT"
2026-07-20T19:05:00.000-04:00,"2026-7-20 19:05,2956.7,2955.3,2955.53,2958.73,5,1,-1,-1,-,-,FIGHT"
2026-07-20T19:10:00.000-04:00,"2026-7-20 19:10,2956.9,2956.08,2955.63,2958.65,5,1,0,-1,-,-,FIGHT"
2026-07-20T19:15:00.000-04:00,"2026-7-20 19:15,2958.5,2957.23,2955.85,2958.65,5,1,0,-1,-,-,FIGHT"
2026-07-20T19:20:00.000-04:00,"2026-7-20 19:20,2959.1,2958.27,2956.1,2958.67,5,1,0,-1,-,-,FIGHT"
2026-07-20T19:25:00.000-04:00,"2026-7-20 19:25,2959.5,2959.15,2956.37,2958.7,5,1,0,-1,-,-,FIGHT"
2026-07-20T19:30:00.000-04:00,"2026-7-20 19:30,2959.5,2959.74,2956.61,2958.73,5,1,0,-1,-,-,FIGHT"
2026-07-20T19:35:00.000-04:00,"2026-7-20 19:35,2958.7,2959.83,2956.77,2958.73,0,0,0,-1,-,-,neutral"
2026-07-20T19:40:00.000-04:00,"2026-7-20 19:40,2958.5,2959.78,2956.9,2958.72,0,0,0,-1,-,-,neutral"
2026-07-20T19:45:00.000-04:00,"2026-7-20 19:45,2957.6,2959.36,2956.95,2958.68,0,0,0,-1,-,-,neutral"
2026-07-20T19:50:00.000-04:00,"2026-7-20 19:50,2956.4,2958.56,2956.91,2958.59,0,0,0,-1,-,-,neutral"
2026-07-20T19:55:00.000-04:00,"2026-7-20 19:55,2956.9,2958.13,2956.91,2958.52,0,0,0,0,-,-,neutral"
2026-07-20T20:00:00.000-04:00,"2026-7-20 20:00,2955,2957.1,2956.76,2958.38,0,0,0,0,-,-,neutral"
2026-07-20T20:05:00.000-04:00,"2026-7-20 20:05,2954.3,2956.07,2956.57,2958.22,-7,-1,0,0,S,-,FIGHT"
2026-07-20T20:10:00.000-04:00,"2026-7-20 20:10,2954.2,2955.27,2956.39,2958.06,-7,-1,-1,0,-,-,wave_only"
2026-07-20T20:15:00.000-04:00,"2026-7-20 20:15,2957.6,2955.96,2956.48,2958.05,3,1,-1,0,B,-,FIGHT"
2026-07-20T20:20:00.000-04:00,"2026-7-20 20:20,2955.3,2955.63,2956.39,2957.94,-7,-1,-1,0,S,-,wave_only"
2026-07-20T20:25:00.000-04:00,"2026-7-20 20:25,2956.1,2955.69,2956.37,2957.87,0,0,0,0,-,-,neutral"
2026-07-20T20:30:00.000-04:00,"2026-7-20 20:30,2958.7,2956.71,2956.55,2957.9,5,1,0,0,B,-,FIGHT"
2026-07-20T20:35:00.000-04:00,"2026-7-20 20:35,2959.1,2957.61,2956.75,2957.95,5,1,0,0,-,-,FIGHT"
2026-07-20T20:40:00.000-04:00,"2026-7-20 20:40,2959.2,2958.3,2956.94,2958,5,1,1,0,-,-,wave_only"
2026-07-20T20:45:00.000-04:00,"2026-7-20 20:45,2960.7,2959.35,2957.22,2958.1,5,1,1,0,-,-,wave_only"
2026-07-20T20:50:00.000-04:00,"2026-7-20 20:50,2961.7,2960.46,2957.57,2958.24,5,1,1,0,-,-,wave_only"
2026-07-20T20:55:00.000-04:00,"2026-7-20 20:55,2961.4,2961.14,2957.86,2958.37,5,1,1,0,-,-,wave_only"
2026-07-20T21:00:00.000-04:00,"2026-7-20 21:00,2960.5,2961.26,2958.07,2958.45,0,0,1,0,-,-,neutral"
2026-07-20T21:05:00.000-04:00,"2026-7-20 21:05,2962.7,2962.12,2958.42,2958.62,5,1,1,0,-,-,wave_only"
2026-07-20T21:10:00.000-04:00,"2026-7-20 21:10,2964.1,2963.23,2958.86,2958.83,5,1,1,0,-,-,wave_only"
2026-07-20T21:15:00.000-04:00,"2026-7-20 21:15,2963.4,2963.73,2959.21,2959.01,3,1,1,0,-,-,wave_only"
2026-07-20T21:20:00.000-04:00,"2026-7-20 21:20,2963.3,2964.01,2959.52,2959.18,0,0,1,0,-,-,neutral"
2026-07-20T21:25:00.000-04:00,"2026-7-20 21:25,2962.6,2963.9,2959.76,2959.31,0,0,1,0,-,-,neutral"
2026-07-20T21:30:00.000-04:00,"2026-7-20 21:30,2963.3,2964.03,2960.03,2959.47,0,0,1,0,-,-,neutral"
2026-07-20T21:35:00.000-04:00,"2026-7-20 21:35,2960.9,2963.19,2960.1,2959.53,0,0,1,0,-,-,neutral"
2026-07-20T21:40:00.000-04:00,"2026-7-20 21:40,2960,2962.2,2960.09,2959.54,0,0,0,0,-,-,neutral"
2026-07-20T21:45:00.000-04:00,"2026-7-20 21:45,2961.5,2962.01,2960.2,2959.62,0,0,0,0,-,-,neutral"
2026-07-20T21:50:00.000-04:00,"2026-7-20 21:50,2961.2,2961.74,2960.28,2959.68,0,0,0,0,-,-,neutral"
2026-07-20T21:55:00.000-04:00,"2026-7-20 21:55,2959.7,2960.98,2960.23,2959.68,0,0,0,0,-,-,neutral"
2026-07-20T22:00:00.000-04:00,"2026-7-20 22:00,2961.7,2961.16,2960.35,2959.76,7,1,0,0,-,-,FIGHT"
2026-07-20T22:05:00.000-04:00,"2026-7-20 22:05,2961.1,2961.07,2960.4,2959.82,0,0,0,0,-,-,neutral"
2026-07-20T22:10:00.000-04:00,"2026-7-20 22:10,2959.8,2960.52,2960.36,2959.81,-5,-1,0,0,S,-,FIGHT"
2026-07-20T22:15:00.000-04:00,"2026-7-20 22:15,2958.5,2959.65,2960.21,2959.76,-5,-1,0,0,-,-,FIGHT"
2026-07-20T22:20:00.000-04:00,"2026-7-20 22:20,2961.6,2960.16,2960.32,2959.84,0,0,0,0,-,-,neutral"
2026-07-20T22:25:00.000-04:00,"2026-7-20 22:25,2962,2960.7,2960.45,2959.92,7,1,1,0,B,-,wave_only"
2026-07-20T22:30:00.000-04:00,"2026-7-20 22:30,2962.7,2961.37,2960.62,2960.03,7,1,1,0,-,-,wave_only"
2026-07-20T22:35:00.000-04:00,"2026-7-20 22:35,2963.3,2962.08,2960.83,2960.16,7,1,1,0,-,-,wave_only"
2026-07-20T22:40:00.000-04:00,"2026-7-20 22:40,2963.2,2962.56,2961.01,2960.28,7,1,1,0,-,-,wave_only"
2026-07-20T22:45:00.000-04:00,"2026-7-20 22:45,2962.9,2962.79,2961.16,2960.38,3,1,1,0,-,-,wave_only"
2026-07-20T22:50:00.000-04:00,"2026-7-20 22:50,2963.7,2963.23,2961.35,2960.51,5,1,1,0,-,-,wave_only"
2026-07-20T22:55:00.000-04:00,"2026-7-20 22:55,2964.6,2963.88,2961.6,2960.67,7,1,1,0,-,-,wave_only"
2026-07-20T23:00:00.000-04:00,"2026-7-20 23:00,2964.8,2964.4,2961.85,2960.83,7,1,1,0,-,-,wave_only"
2026-07-20T23:05:00.000-04:00,"2026-7-20 23:05,2964.7,2964.73,2962.07,2960.98,7,1,1,0,-,-,wave_only"
2026-07-20T23:10:00.000-04:00,"2026-7-20 23:10,2964.8,2964.97,2962.28,2961.13,0,0,1,0,-,-,neutral"
2026-07-20T23:15:00.000-04:00,"2026-7-20 23:15,2966.4,2965.72,2962.59,2961.34,7,1,1,0,-,-,wave_only"
2026-07-20T23:20:00.000-04:00,"2026-7-20 23:20,2966.9,2966.42,2962.93,2961.56,7,1,1,0,-,-,wave_only"
2026-07-20T23:25:00.000-04:00,"2026-7-20 23:25,2967.5,2967.12,2963.28,2961.79,7,1,1,0,-,-,wave_only"
2026-07-20T23:30:00.000-04:00,"2026-7-20 23:30,2967.3,2967.51,2963.59,2962.01,7,1,1,0,-,-,wave_only"
2026-07-20T23:35:00.000-04:00,"2026-7-20 23:35,2967.8,2967.95,2963.91,2962.23,7,1,1,0,-,-,wave_only"
2026-07-20T23:40:00.000-04:00,"2026-7-20 23:40,2968.2,2968.37,2964.24,2962.47,7,1,1,0,-,-,wave_only"
2026-07-20T23:45:00.000-04:00,"2026-7-20 23:45,2969.6,2969.16,2964.65,2962.75,7,1,1,0,-,-,wave_only"
2026-07-20T23:50:00.000-04:00,"2026-7-20 23:50,2969.5,2969.65,2965.03,2963.01,7,1,1,0,-,-,wave_only"
2026-07-20T23:55:00.000-04:00,"2026-7-20 23:55,2971,2970.52,2965.49,2963.33,7,1,1,0,-,-,wave_only"
2026-07-21T00:00:00.000-04:00,"2026-7-21 0:00,2971.5,2971.28,2965.95,2963.65,7,1,1,0,-,-,wave_only"
2026-07-21T00:05:00.000-04:00,"2026-7-21 0:05,2971.9,2971.94,2966.41,2963.97,7,1,1,0,-,-,wave_only"
2026-07-21T00:10:00.000-04:00,"2026-7-21 0:10,2971.6,2972.25,2966.81,2964.27,7,1,1,0,-,-,wave_only"
2026-07-21T00:15:00.000-04:00,"2026-7-21 0:15,2971.1,2972.24,2967.14,2964.54,0,0,1,0,-,-,neutral"
2026-07-21T00:20:00.000-04:00,"2026-7-21 0:20,2971.5,2972.32,2967.47,2964.81,0,0,1,0,-,-,neutral"
2026-07-21T00:25:00.000-04:00,"2026-7-21 0:25,2971.2,2972.22,2967.76,2965.06,0,0,1,0,-,-,neutral"
2026-07-21T00:30:00.000-04:00,"2026-7-21 0:30,2971.8,2972.33,2968.07,2965.33,0,0,1,0,-,-,neutral"
2026-07-21T00:35:00.000-04:00,"2026-7-21 0:35,2972.9,2972.77,2968.44,2965.62,7,1,1,0,-,-,wave_only"
2026-07-21T00:40:00.000-04:00,"2026-7-21 0:40,2972.4,2972.87,2968.75,2965.89,0,0,0,0,-,-,neutral"
2026-07-21T00:45:00.000-04:00,"2026-7-21 0:45,2973.4,2973.28,2969.1,2966.18,7,1,0,0,-,-,FIGHT"
2026-07-21T00:50:00.000-04:00,"2026-7-21 0:50,2971.8,2972.95,2969.31,2966.4,0,0,0,0,-,-,neutral"
2026-07-21T00:55:00.000-04:00,"2026-7-21 0:55,2971.7,2972.64,2969.49,2966.61,0,0,0,1,-,-,neutral"
2026-07-21T01:00:00.000-04:00,"2026-7-21 1:00,2971.2,2972.19,2969.63,2966.79,0,0,0,1,-,-,neutral"
2026-07-21T01:05:00.000-04:00,"2026-7-21 1:05,2970.7,2971.67,2969.71,2966.94,0,0,0,1,-,-,neutral"
2026-07-21T01:10:00.000-04:00,"2026-7-21 1:10,2970.1,2971.05,2969.74,2967.07,-3,0,0,1,-,-,neutral"
2026-07-21T01:15:00.000-04:00,"2026-7-21 1:15,2969.3,2970.29,2969.7,2967.16,-3,-1,0,1,S,-,FIGHT"
2026-07-21T01:20:00.000-04:00,"2026-7-21 1:20,2970.5,2970.19,2969.77,2967.29,-3,-1,0,1,-,-,FIGHT"
2026-07-21T01:25:00.000-04:00,"2026-7-21 1:25,2972.1,2970.71,2969.95,2967.48,7,1,0,1,B,-,tide_only"
2026-07-21T01:30:00.000-04:00,"2026-7-21 1:30,2971.9,2971.04,2970.1,2967.65,7,1,0,1,-,-,tide_only"
2026-07-21T01:35:00.000-04:00,"2026-7-21 1:35,2972,2971.31,2970.24,2967.82,7,1,0,1,-,-,tide_only"
2026-07-21T01:40:00.000-04:00,"2026-7-21 1:40,2974.7,2972.52,2970.59,2968.09,7,1,1,1,-,-,RIDE_both"
2026-07-21T01:45:00.000-04:00,"2026-7-21 1:45,2974.9,2973.47,2970.92,2968.36,7,1,1,1,-,-,RIDE_both"
2026-07-21T01:50:00.000-04:00,"2026-7-21 1:50,2974.5,2974,2971.19,2968.6,7,1,1,1,-,-,RIDE_both"
2026-07-21T01:55:00.000-04:00,"2026-7-21 1:55,2974.1,2974.22,2971.42,2968.81,7,0,0,1,-,-,neutral"
2026-07-21T02:00:00.000-04:00,"2026-7-21 2:00,2974.7,2974.57,2971.67,2969.04,7,1,0,1,-,-,tide_only"
2026-07-21T02:05:00.000-04:00,"2026-7-21 2:05,2973.8,2974.47,2971.83,2969.23,0,0,0,1,-,-,neutral"
2026-07-21T02:10:00.000-04:00,"2026-7-21 2:10,2974.4,2974.6,2972.03,2969.43,7,1,0,1,-,-,tide_only"
2026-07-21T02:15:00.000-04:00,"2026-7-21 2:15,2972.9,2974.11,2972.1,2969.57,0,0,0,1,-,-,neutral"
2026-07-21T02:20:00.000-04:00,"2026-7-21 2:20,2973.8,2974.07,2972.23,2969.73,0,0,0,1,-,-,neutral"
2026-07-21T02:25:00.000-04:00,"2026-7-21 2:25,2973.9,2974.06,2972.36,2969.9,0,0,0,1,-,-,neutral"
2026-07-21T02:30:00.000-04:00,"2026-7-21 2:30,2974.8,2974.37,2972.54,2970.09,7,1,0,1,-,-,tide_only"
2026-07-21T02:35:00.000-04:00,"2026-7-21 2:35,2975.5,2974.85,2972.77,2970.3,7,1,0,1,-,-,tide_only"
2026-07-21T02:40:00.000-04:00,"2026-7-21 2:40,2976.5,2975.56,2973.06,2970.55,7,1,0,1,-,-,tide_only"
2026-07-21T02:45:00.000-04:00,"2026-7-21 2:45,2976.1,2975.91,2973.29,2970.76,7,1,0,1,-,-,tide_only"
2026-07-21T02:50:00.000-04:00,"2026-7-21 2:50,2976.1,2976.14,2973.51,2970.97,7,1,0,1,-,-,tide_only"
2026-07-21T02:55:00.000-04:00,"2026-7-21 2:55,2975.9,2976.22,2973.69,2971.17,7,1,0,1,-,-,tide_only"
2026-07-21T03:00:00.000-04:00,"2026-7-21 3:00,2977.3,2976.76,2973.97,2971.41,7,1,0,1,-,-,tide_only"
2026-07-21T03:05:00.000-04:00,"2026-7-21 3:05,2976.5,2976.85,2974.16,2971.61,3,1,0,1,-,-,tide_only"
2026-07-21T03:10:00.000-04:00,"2026-7-21 3:10,2975.2,2976.4,2974.24,2971.75,0,0,0,1,-,-,neutral"
2026-07-21T03:15:00.000-04:00,"2026-7-21 3:15,2974.4,2975.75,2974.26,2971.85,0,0,0,1,-,-,neutral"
2026-07-21T03:20:00.000-04:00,"2026-7-21 3:20,2973.6,2974.97,2974.21,2971.92,-3,-1,0,1,S,-,FIGHT"
2026-07-21T03:25:00.000-04:00,"2026-7-21 3:25,2973.6,2974.39,2974.16,2971.99,-3,-1,0,1,-,-,FIGHT"
2026-07-21T03:30:00.000-04:00,"2026-7-21 3:30,2976.2,2974.93,2974.32,2972.15,7,1,0,1,B,-,tide_only"
2026-07-21T03:35:00.000-04:00,"2026-7-21 3:35,2976,2975.26,2974.45,2972.3,7,1,0,1,-,-,tide_only"
2026-07-21T03:40:00.000-04:00,"2026-7-21 3:40,2975.9,2975.47,2974.56,2972.44,7,1,0,1,-,-,tide_only"
2026-07-21T03:45:00.000-04:00,"2026-7-21 3:45,2975.2,2975.36,2974.61,2972.55,0,0,0,1,-,-,neutral"
2026-07-21T03:50:00.000-04:00,"2026-7-21 3:50,2976.3,2975.68,2974.74,2972.7,7,1,0,1,-,-,tide_only"
2026-07-21T03:55:00.000-04:00,"2026-7-21 3:55,2976.9,2976.14,2974.9,2972.86,7,1,0,1,-,-,tide_only"
2026-07-21T04:00:00.000-04:00,"2026-7-21 4:00,2978.8,2977.17,2975.2,2973.1,7,1,0,1,-,-,tide_only"
2026-07-21T04:05:00.000-04:00,"2026-7-21 4:05,2979.5,2978.17,2975.53,2973.35,7,1,0,1,-,-,tide_only"
2026-07-21T04:10:00.000-04:00,"2026-7-21 4:10,2981.1,2979.48,2975.96,2973.65,7,1,1,1,-,-,RIDE_both"
2026-07-21T04:15:00.000-04:00,"2026-7-21 4:15,2981.4,2980.51,2976.38,2973.95,7,1,1,1,-,-,RIDE_both"
2026-07-21T04:20:00.000-04:00,"2026-7-21 4:20,2980.2,2980.79,2976.67,2974.2,7,0,1,1,-,-,neutral"
2026-07-21T04:25:00.000-04:00,"2026-7-21 4:25,2979.3,2980.6,2976.88,2974.4,0,0,0,1,-,-,neutral"
2026-07-21T04:30:00.000-04:00,"2026-7-21 4:30,2980.3,2980.8,2977.14,2974.63,7,1,0,1,-,-,tide_only"
2026-07-21T04:35:00.000-04:00,"2026-7-21 4:35,2980.7,2981.05,2977.41,2974.87,7,1,0,1,-,-,tide_only"
2026-07-21T04:40:00.000-04:00,"2026-7-21 4:40,2981.5,2981.49,2977.73,2975.13,7,1,1,1,-,-,RIDE_both"
2026-07-21T04:45:00.000-04:00,"2026-7-21 4:45,2979.7,2981.11,2977.88,2975.31,0,0,1,1,-,-,neutral"
2026-07-21T04:50:00.000-04:00,"2026-7-21 4:50,2980.2,2980.98,2978.06,2975.5,0,0,1,1,-,-,neutral"
2026-07-21T04:55:00.000-04:00,"2026-7-21 4:55,2980.4,2980.93,2978.24,2975.69,0,0,0,1,-,-,neutral"
2026-07-21T05:00:00.000-04:00,"2026-7-21 5:00,2980.9,2981.05,2978.44,2975.9,7,0,0,1,-,-,neutral"
2026-07-21T05:05:00.000-04:00,"2026-7-21 5:05,2981.3,2981.27,2978.66,2976.11,7,1,0,1,-,-,tide_only"
2026-07-21T05:10:00.000-04:00,"2026-7-21 5:10,2980.9,2981.25,2978.83,2976.3,0,0,0,1,-,-,neutral"
2026-07-21T05:15:00.000-04:00,"2026-7-21 5:15,2980.9,2981.22,2978.99,2976.48,0,0,0,1,-,-,neutral"
2026-07-21T05:20:00.000-04:00,"2026-7-21 5:20,2979.8,2980.78,2979.06,2976.61,0,0,0,1,-,-,neutral"
2026-07-21T05:25:00.000-04:00,"2026-7-21 5:25,2977.8,2979.7,2978.96,2976.65,-3,-1,0,1,S,-,FIGHT"
2026-07-21T05:30:00.000-04:00,"2026-7-21 5:30,2979.7,2979.6,2979.02,2976.77,-3,0,0,1,-,-,neutral"
2026-07-21T05:35:00.000-04:00,"2026-7-21 5:35,2977.5,2978.72,2978.9,2976.8,-5,-1,0,1,-,-,FIGHT"
2026-07-21T05:40:00.000-04:00,"2026-7-21 5:40,2977,2977.9,2978.75,2976.81,-5,-1,0,1,-,-,FIGHT"
2026-07-21T05:45:00.000-04:00,"2026-7-21 5:45,2978.8,2977.98,2978.76,2976.89,0,0,0,1,-,-,neutral"
2026-07-21T05:50:00.000-04:00,"2026-7-21 5:50,2976.9,2977.36,2978.61,2976.89,-5,-1,0,1,-,-,FIGHT"
2026-07-21T05:55:00.000-04:00,"2026-7-21 5:55,2975.3,2976.33,2978.36,2976.83,-5,-1,0,0,-,-,FIGHT"
2026-07-21T06:00:00.000-04:00,"2026-7-21 6:00,2975.2,2975.57,2978.12,2976.76,-5,-1,0,0,-,-,FIGHT"
2026-07-21T06:05:00.000-04:00,"2026-7-21 6:05,2974.4,2974.76,2977.83,2976.67,-5,-1,0,0,-,-,FIGHT"
2026-07-21T06:10:00.000-04:00,"2026-7-21 6:10,2977.4,2975.31,2977.8,2976.7,0,0,0,0,-,-,neutral"
2026-07-21T06:15:00.000-04:00,"2026-7-21 6:15,2977.3,2975.72,2977.76,2976.72,0,0,0,0,-,-,neutral"
2026-07-21T06:20:00.000-04:00,"2026-7-21 6:20,2976.8,2975.88,2977.69,2976.72,0,0,0,0,-,-,neutral"
2026-07-21T06:25:00.000-04:00,"2026-7-21 6:25,2976.9,2976.05,2977.62,2976.73,0,0,-1,0,-,-,neutral"
2026-07-21T06:30:00.000-04:00,"2026-7-21 6:30,2976.5,2976.05,2977.54,2976.72,0,0,-1,0,-,-,neutral"
2026-07-21T06:35:00.000-04:00,"2026-7-21 6:35,2976.4,2976.04,2977.45,2976.71,0,0,-1,0,-,-,neutral"
2026-07-21T06:40:00.000-04:00,"2026-7-21 6:40,2975.7,2975.79,2977.32,2976.67,-5,-1,0,0,-,-,FIGHT"
2026-07-21T06:45:00.000-04:00,"2026-7-21 6:45,2975.5,2975.55,2977.18,2976.62,-5,-1,0,0,-,-,FIGHT"
2026-07-21T06:50:00.000-04:00,"2026-7-21 6:50,2973.6,2974.68,2976.9,2976.51,-5,-1,0,0,-,-,FIGHT"
2026-07-21T06:55:00.000-04:00,"2026-7-21 6:55,2974.2,2974.3,2976.69,2976.42,-5,-1,-1,0,-,-,wave_only"
2026-07-21T07:00:00.000-04:00,"2026-7-21 7:00,2972,2973.23,2976.33,2976.24,-7,-1,-1,0,-,-,wave_only"
2026-07-21T07:05:00.000-04:00,"2026-7-21 7:05,2971.2,2972.18,2975.94,2976.04,-5,-1,-1,0,-,-,wave_only"
2026-07-21T07:10:00.000-04:00,"2026-7-21 7:10,2972.5,2971.93,2975.67,2975.91,0,0,-1,0,-,-,neutral"
2026-07-21T07:15:00.000-04:00,"2026-7-21 7:15,2970.3,2970.98,2975.26,2975.69,-5,-1,-1,0,-,-,wave_only"
2026-07-21T07:20:00.000-04:00,"2026-7-21 7:20,2970.5,2970.4,2974.89,2975.48,-7,-1,-1,0,-,-,wave_only"
2026-07-21T07:25:00.000-04:00,"2026-7-21 7:25,2969,2969.47,2974.44,2975.23,-7,0,-1,0,-,-,neutral"
2026-07-21T07:30:00.000-04:00,"2026-7-21 7:30,2969.3,2968.96,2974.04,2975,-7,0,-1,0,-,-,neutral"
2026-07-21T07:35:00.000-04:00,"2026-7-21 7:35,2969.9,2968.86,2973.73,2974.8,0,0,-1,0,-,-,neutral"
2026-07-21T07:40:00.000-04:00,"2026-7-21 7:40,2969.5,2968.7,2973.4,2974.59,0,0,-1,0,-,-,neutral"
2026-07-21T07:45:00.000-04:00,"2026-7-21 7:45,2970.2,2968.89,2973.15,2974.42,0,0,-1,0,-,-,neutral"
2026-07-21T07:50:00.000-04:00,"2026-7-21 7:50,2968.4,2968.42,2972.79,2974.18,-7,-1,-1,0,-,-,wave_only"
2026-07-21T07:55:00.000-04:00,"2026-7-21 7:55,2968.2,2968.03,2972.44,2973.95,-3,-1,-1,0,-,-,wave_only"
2026-07-21T08:00:00.000-04:00,"2026-7-21 8:00,2968.4,2967.87,2972.13,2973.73,-3,-1,-1,0,-,-,wave_only"
2026-07-21T08:05:00.000-04:00,"2026-7-21 8:05,2968.7,2967.91,2971.86,2973.53,0,0,-1,0,-,-,neutral"
2026-07-21T08:10:00.000-04:00,"2026-7-21 8:10,2969.4,2968.23,2971.67,2973.37,0,0,-1,0,-,-,neutral"
2026-07-21T08:15:00.000-04:00,"2026-7-21 8:15,2966.1,2967.28,2971.24,2973.08,-7,-1,-1,0,-,-,wave_only"
2026-07-21T08:20:00.000-04:00,"2026-7-21 8:20,2965.9,2966.54,2970.83,2972.8,-7,-1,-1,0,-,-,wave_only"
2026-07-21T08:25:00.000-04:00,"2026-7-21 8:25,2964.6,2965.56,2970.35,2972.48,-7,-1,-1,0,-,-,wave_only"
2026-07-21T08:30:00.000-04:00,"2026-7-21 8:30,2965,2965.03,2969.94,2972.19,-7,-1,-1,0,-,-,wave_only"
2026-07-21T08:35:00.000-04:00,"2026-7-21 8:35,2964.2,2964.39,2969.5,2971.87,-7,-1,-1,0,-,-,wave_only"
2026-07-21T08:40:00.000-04:00,"2026-7-21 8:40,2964.8,2964.2,2969.14,2971.6,-3,-1,-1,0,-,-,wave_only"
2026-07-21T08:45:00.000-04:00,"2026-7-21 8:45,2966.5,2964.73,2968.94,2971.4,0,0,-1,0,-,-,neutral"
2026-07-21T08:50:00.000-04:00,"2026-7-21 8:50,2966.3,2965.09,2968.73,2971.2,0,0,-1,0,-,-,neutral"
2026-07-21T08:55:00.000-04:00,"2026-7-21 8:55,2965.9,2965.24,2968.51,2970.99,0,0,0,0,-,-,neutral"
2026-07-21T09:00:00.000-04:00,"2026-7-21 9:00,2965.2,2965.12,2968.26,2970.76,-7,-1,0,0,-,-,FIGHT"
2026-07-21T09:05:00.000-04:00,"2026-7-21 9:05,2964.9,2964.95,2968,2970.53,-7,-1,0,0,-,-,FIGHT"
2026-07-21T09:10:00.000-04:00,"2026-7-21 9:10,2966.4,2965.39,2967.88,2970.37,0,0,0,0,-,-,neutral"
2026-07-21T09:15:00.000-04:00,"2026-7-21 9:15,2967.2,2966.04,2967.83,2970.25,0,0,0,0,-,-,neutral"
2026-07-21T09:20:00.000-04:00,"2026-7-21 9:20,2965.9,2966.04,2967.68,2970.08,-7,0,0,0,-,-,neutral"
2026-07-21T09:25:00.000-04:00,"2026-7-21 9:25,2966.2,2966.15,2967.56,2969.92,0,0,0,0,-,-,neutral"
2026-07-21T09:30:00.000-04:00,"2026-7-21 9:30,2977,2970.24,2968.29,2970.2,5,1,0,0,B,-,FIGHT"
2026-07-21T09:35:00.000-04:00,"2026-7-21 9:35,2970.2,2970.7,2968.44,2970.2,5,1,0,0,-,-,FIGHT"
2026-07-21T09:40:00.000-04:00,"2026-7-21 9:40,2960.6,2967.44,2967.83,2969.82,-7,-1,-1,0,S,-,wave_only"
2026-07-21T09:45:00.000-04:00,"2026-7-21 9:45,2971,2968.87,2968.08,2969.87,5,1,-1,0,B,-,FIGHT"
2026-07-21T09:50:00.000-04:00,"2026-7-21 9:50,2968.1,2968.83,2968.08,2969.8,0,0,-1,0,-,-,neutral"
2026-07-21T09:55:00.000-04:00,"2026-7-21 9:55,2967.6,2968.6,2968.04,2969.71,0,0,0,0,-,-,neutral"
2026-07-21T10:00:00.000-04:00,"2026-7-21 10:00,2972.7,2970.29,2968.4,2969.83,5,1,0,0,-,-,FIGHT"
2026-07-21T10:05:00.000-04:00,"2026-7-21 10:05,2973.2,2971.7,2968.77,2969.96,5,1,0,0,-,-,FIGHT"
2026-07-21T10:10:00.000-04:00,"2026-7-21 10:10,2978.2,2974.54,2969.5,2970.29,5,1,0,0,-,-,FIGHT"
2026-07-21T10:15:00.000-04:00,"2026-7-21 10:15,2978.9,2976.83,2970.22,2970.62,5,1,0,0,-,-,FIGHT"
2026-07-21T10:20:00.000-04:00,"2026-7-21 10:20,2978.5,2978.28,2970.86,2970.93,7,1,0,0,-,-,FIGHT"
2026-07-21T10:25:00.000-04:00,"2026-7-21 10:25,2980.5,2979.98,2971.6,2971.31,5,1,1,0,-,-,wave_only"
2026-07-21T10:30:00.000-04:00,"2026-7-21 10:30,2982.1,2981.72,2972.41,2971.73,7,1,1,0,-,-,wave_only"
2026-07-21T10:35:00.000-04:00,"2026-7-21 10:35,2976.6,2980.84,2972.73,2971.92,0,0,1,0,-,-,neutral"
2026-07-21T10:40:00.000-04:00,"2026-7-21 10:40,2978.9,2980.93,2973.2,2972.2,0,0,1,0,-,-,neutral"
2026-07-21T10:45:00.000-04:00,"2026-7-21 10:45,2980.3,2981.42,2973.75,2972.51,0,0,1,0,-,-,neutral"
2026-07-21T10:50:00.000-04:00,"2026-7-21 10:50,2979,2981.21,2974.15,2972.77,0,0,1,0,-,-,neutral"
2026-07-21T10:55:00.000-04:00,"2026-7-21 10:55,2978.2,2980.67,2974.46,2972.98,0,0,1,1,-,-,neutral"
2026-07-21T11:00:00.000-04:00,"2026-7-21 11:00,2975.2,2979.09,2974.52,2973.07,0,0,1,1,-,-,neutral"
2026-07-21T11:05:00.000-04:00,"2026-7-21 11:05,2980.8,2979.95,2975,2973.37,7,1,1,1,-,-,RIDE_both"
2026-07-21T11:10:00.000-04:00,"2026-7-21 11:10,2982.6,2981.21,2975.59,2973.73,5,1,1,1,-,-,RIDE_both"
2026-07-21T11:15:00.000-04:00,"2026-7-21 11:15,2985.4,2983.12,2976.34,2974.19,7,1,1,1,-,-,RIDE_both"
2026-07-21T11:20:00.000-04:00,"2026-7-21 11:20,2984.3,2984.05,2976.95,2974.59,7,1,1,1,-,-,RIDE_both"
2026-07-21T11:25:00.000-04:00,"2026-7-21 11:25,2987,2985.66,2977.73,2975.07,7,1,1,1,-,-,RIDE_both"
2026-07-21T11:30:00.000-04:00,"2026-7-21 11:30,2986,2986.39,2978.36,2975.5,0,0,1,1,-,-,neutral"
2026-07-21T11:35:00.000-04:00,"2026-7-21 11:35,2985.1,2986.51,2978.88,2975.88,0,0,1,1,-,-,neutral"
2026-07-21T11:40:00.000-04:00,"2026-7-21 11:40,2984.8,2986.4,2979.34,2976.23,0,0,1,1,-,-,neutral"
2026-07-21T11:45:00.000-04:00,"2026-7-21 11:45,2986.4,2986.85,2979.88,2976.63,0,0,1,1,-,-,neutral"
2026-07-21T11:50:00.000-04:00,"2026-7-21 11:50,2985.6,2986.81,2980.32,2976.98,0,0,1,1,-,-,neutral"
2026-07-21T11:55:00.000-04:00,"2026-7-21 11:55,2986,2986.86,2980.76,2977.33,0,0,1,1,-,-,neutral"
2026-07-21T12:00:00.000-04:00,"2026-7-21 12:00,2989.6,2988.18,2981.44,2977.81,7,1,1,1,-,-,RIDE_both"
2026-07-21T12:05:00.000-04:00,"2026-7-21 12:05,2988.1,2988.54,2981.95,2978.22,0,0,1,1,-,-,neutral"
2026-07-21T12:10:00.000-04:00,"2026-7-21 12:10,2989,2989.07,2982.49,2978.64,0,0,1,1,-,-,neutral"
2026-07-21T12:15:00.000-04:00,"2026-7-21 12:15,2989.2,2989.47,2983.01,2979.05,0,0,1,1,-,-,neutral"
2026-07-21T12:20:00.000-04:00,"2026-7-21 12:20,2990.5,2990.2,2983.58,2979.5,3,1,1,1,-,-,RIDE_both"
2026-07-21T12:25:00.000-04:00,"2026-7-21 12:25,2990.8,2990.78,2984.14,2979.95,7,1,1,1,-,-,RIDE_both"
2026-07-21T12:30:00.000-04:00,"2026-7-21 12:30,2992.1,2991.63,2984.75,2980.42,7,1,1,1,-,-,RIDE_both"
2026-07-21T12:35:00.000-04:00,"2026-7-21 12:35,2992.1,2992.19,2985.32,2980.88,7,1,1,1,-,-,RIDE_both"
2026-07-21T12:40:00.000-04:00,"2026-7-21 12:40,2991.3,2992.24,2985.78,2981.29,0,0,0,1,-,-,neutral"
2026-07-21T12:45:00.000-04:00,"2026-7-21 12:45,2991.3,2992.22,2986.2,2981.68,0,0,0,1,-,-,neutral"
2026-07-21T12:50:00.000-04:00,"2026-7-21 12:50,2994.5,2993.34,2986.84,2982.18,7,1,0,1,-,-,tide_only"
2026-07-21T12:55:00.000-04:00,"2026-7-21 12:55,2993.5,2993.74,2987.35,2982.63,7,1,1,1,-,-,RIDE_both"
2026-07-21T13:00:00.000-04:00,"2026-7-21 13:00,2994.1,2994.19,2987.87,2983.08,7,1,1,1,-,-,RIDE_both"
2026-07-21T13:05:00.000-04:00,"2026-7-21 13:05,2994.2,2994.51,2988.36,2983.51,3,1,1,1,-,-,RIDE_both"
2026-07-21T13:10:00.000-04:00,"2026-7-21 13:10,2991.4,2993.66,2988.59,2983.82,0,0,0,1,-,-,neutral"
2026-07-21T13:15:00.000-04:00,"2026-7-21 13:15,2989.7,2992.35,2988.68,2984.05,0,0,0,1,-,-,neutral"
2026-07-21T13:20:00.000-04:00,"2026-7-21 13:20,2990.6,2991.7,2988.83,2984.31,0,0,0,1,-,-,neutral"
2026-07-21T13:25:00.000-04:00,"2026-7-21 13:25,2990.5,2991.17,2988.95,2984.55,-3,-1,0,1,S,-,FIGHT"
2026-07-21T13:30:00.000-04:00,"2026-7-21 13:30,2988.8,2990.15,2988.94,2984.72,-3,-1,0,1,-,-,FIGHT"
2026-07-21T13:35:00.000-04:00,"2026-7-21 13:35,2990.8,2990.15,2989.09,2984.96,0,0,0,1,-,-,neutral"
2026-07-21T13:40:00.000-04:00,"2026-7-21 13:40,2992.7,2990.86,2989.36,2985.26,7,1,0,1,B,-,tide_only"
2026-07-21T13:45:00.000-04:00,"2026-7-21 13:45,2993.3,2991.61,2989.67,2985.58,7,1,0,1,-,-,tide_only"
2026-07-21T13:50:00.000-04:00,"2026-7-21 13:50,2992.5,2991.87,2989.88,2985.85,7,1,0,1,-,-,tide_only"
2026-07-21T13:55:00.000-04:00,"2026-7-21 13:55,2993.3,2992.35,2990.15,2986.14,7,1,0,1,-,-,tide_only"
2026-07-21T14:00:00.000-04:00,"2026-7-21 14:00,2992.8,2992.52,2990.35,2986.4,7,0,0,1,-,-,neutral"
2026-07-21T14:05:00.000-04:00,"2026-7-21 14:05,2994.3,2993.18,2990.65,2986.71,7,1,0,1,-,-,tide_only"
2026-07-21T14:10:00.000-04:00,"2026-7-21 14:10,2993,2993.17,2990.84,2986.96,0,0,0,1,-,-,neutral"
2026-07-21T14:15:00.000-04:00,"2026-7-21 14:15,2993,2993.15,2991,2987.2,0,0,0,1,-,-,neutral"
2026-07-21T14:20:00.000-04:00,"2026-7-21 14:20,2994.3,2993.61,2991.26,2987.47,7,1,0,1,-,-,tide_only"
2026-07-21T14:25:00.000-04:00,"2026-7-21 14:25,2993.7,2993.71,2991.44,2987.72,7,0,0,1,-,-,neutral"
2026-07-21T14:30:00.000-04:00,"2026-7-21 14:30,2992.8,2993.43,2991.55,2987.92,0,0,0,1,-,-,neutral"
2026-07-21T14:35:00.000-04:00,"2026-7-21 14:35,2993,2993.29,2991.66,2988.12,0,0,0,1,-,-,neutral"
2026-07-21T14:40:00.000-04:00,"2026-7-21 14:40,2993.5,2993.36,2991.8,2988.33,7,0,0,1,-,-,neutral"
2026-07-21T14:45:00.000-04:00,"2026-7-21 14:45,2993.3,2993.34,2991.92,2988.52,0,0,0,1,-,-,neutral"
2026-07-21T14:50:00.000-04:00,"2026-7-21 14:50,2991.4,2992.61,2991.88,2988.64,-3,-1,0,1,S,-,FIGHT"
2026-07-21T14:55:00.000-04:00,"2026-7-21 14:55,2991.5,2992.11,2991.85,2988.75,-3,-1,0,1,-,-,FIGHT"
2026-07-21T15:00:00.000-04:00,"2026-7-21 15:00,2992,2991.93,2991.86,2988.88,-5,-1,0,1,-,-,FIGHT"
2026-07-21T15:05:00.000-04:00,"2026-7-21 15:05,2990.3,2991.19,2991.74,2988.93,-5,-1,0,1,-,-,FIGHT"
2026-07-21T15:10:00.000-04:00,"2026-7-21 15:10,2992,2991.28,2991.76,2989.05,0,0,0,1,-,-,neutral"
2026-07-21T15:15:00.000-04:00,"2026-7-21 15:15,2992.3,2991.48,2991.8,2989.18,0,0,0,1,-,-,neutral"
2026-07-21T15:20:00.000-04:00,"2026-7-21 15:20,2992.4,2991.68,2991.85,2989.31,0,0,0,1,-,-,neutral"
2026-07-21T15:25:00.000-04:00,"2026-7-21 15:25,2992.8,2991.98,2991.92,2989.44,0,0,0,1,-,-,neutral"
2026-07-21T15:30:00.000-04:00,"2026-7-21 15:30,2994.2,2992.73,2992.1,2989.63,7,1,0,1,B,-,tide_only"
2026-07-21T15:35:00.000-04:00,"2026-7-21 15:35,2995.5,2993.77,2992.36,2989.86,7,1,0,1,-,-,tide_only"
2026-07-21T15:40:00.000-04:00,"2026-7-21 15:40,2995.3,2994.44,2992.58,2990.07,7,1,1,1,-,-,RIDE_both"
2026-07-21T15:45:00.000-04:00,"2026-7-21 15:45,2996.7,2995.44,2992.9,2990.33,7,1,1,1,-,-,RIDE_both"
2026-07-21T15:50:00.000-04:00,"2026-7-21 15:50,2997.5,2996.45,2993.25,2990.61,7,1,1,1,-,-,RIDE_both"
2026-07-21T15:55:00.000-04:00,"2026-7-21 15:55,2997.3,2997.08,2993.57,2990.88,7,1,0,1,-,-,tide_only"
2026-07-21T16:00:00.000-04:00,"2026-7-21 16:00,2996.5,2997.21,2993.79,2991.1,7,0,0,1,-,-,neutral"
2026-07-21T16:05:00.000-04:00,"2026-7-21 16:05,2996.1,2997.11,2993.97,2991.29,0,0,0,1,-,-,neutral"
2026-07-21T16:10:00.000-04:00,"2026-7-21 16:10,2996.1,2997,2994.13,2991.48,0,0,1,1,-,-,neutral"
2026-07-21T16:15:00.000-04:00,"2026-7-21 16:15,2994.7,2996.37,2994.18,2991.61,0,0,1,1,-,-,neutral"
2026-07-21T16:20:00.000-04:00,"2026-7-21 16:20,2995.2,2996.07,2994.26,2991.75,0,0,1,1,-,-,neutral"
2026-07-21T16:25:00.000-04:00,"2026-7-21 16:25,2995,2995.76,2994.31,2991.88,0,0,0,1,-,-,neutral"
2026-07-21T16:30:00.000-04:00,"2026-7-21 16:30,2995.5,2995.7,2994.4,2992.02,0,0,0,1,-,-,neutral"
2026-07-21T16:35:00.000-04:00,"2026-7-21 16:35,2995.4,2995.61,2994.48,2992.15,0,0,0,1,-,-,neutral"
2026-07-21T16:40:00.000-04:00,"2026-7-21 16:40,2995,2995.39,2994.52,2992.26,-3,-1,0,1,S,-,FIGHT"
2026-07-21T16:45:00.000-04:00,"2026-7-21 16:45,2994.7,2995.11,2994.53,2992.36,-3,-1,0,1,-,-,FIGHT"
2026-07-21T16:50:00.000-04:00,"2026-7-21 16:50,2994.7,2994.91,2994.55,2992.45,-3,-1,0,1,-,-,FIGHT"
2026-07-21T16:55:00.000-04:00,"2026-7-21 16:55,2996.3,2995.35,2994.68,2992.6,7,1,1,1,B,BUY,RIDE_both"
2026-07-21T18:00:00.000-04:00,"2026-7-21 18:00,2996.2,2995.64,2994.8,2992.74,7,1,1,1,-,-,RIDE_both"
2026-07-21T18:05:00.000-04:00,"2026-7-21 18:05,2996.2,2995.86,2994.91,2992.88,7,1,1,1,-,-,RIDE_both"
2026-07-21T18:10:00.000-04:00,"2026-7-21 18:10,2996.7,2996.19,2995.04,2993.03,7,1,1,1,-,-,RIDE_both"
2026-07-21T18:15:00.000-04:00,"2026-7-21 18:15,2997.3,2996.65,2995.22,2993.19,7,1,1,1,-,-,RIDE_both"
2026-07-21T18:20:00.000-04:00,"2026-7-21 18:20,2996,2996.5,2995.28,2993.3,0,0,1,1,-,-,neutral"
2026-07-21T18:25:00.000-04:00,"2026-7-21 18:25,2996.6,2996.59,2995.38,2993.43,7,0,1,1,-,-,neutral"
2026-07-21T18:30:00.000-04:00,"2026-7-21 18:30,2997.1,2996.84,2995.51,2993.58,7,1,1,1,-,-,RIDE_both"
2026-07-21T18:35:00.000-04:00,"2026-7-21 18:35,2996.8,2996.9,2995.61,2993.7,7,0,1,1,-,-,neutral"
2026-07-21T18:40:00.000-04:00,"2026-7-21 18:40,2996.2,2996.71,2995.66,2993.8,0,0,0,1,-,-,neutral"
2026-07-21T18:45:00.000-04:00,"2026-7-21 18:45,2995.2,2996.19,2995.62,2993.86,-3,-1,0,1,S,-,FIGHT"
2026-07-21T18:50:00.000-04:00,"2026-7-21 18:50,2995.4,2995.88,2995.6,2993.92,-3,-1,0,1,-,-,FIGHT"
2026-07-21T18:55:00.000-04:00,"2026-7-21 18:55,2995.8,2995.8,2995.62,2993.99,-3,-1,0,0,-,-,FIGHT"
2026-07-21T19:00:00.000-04:00,"2026-7-21 19:00,2995.9,2995.78,2995.64,2994.07,0,0,0,0,-,-,neutral"
2026-07-21T19:05:00.000-04:00,"2026-7-21 19:05,2995.8,2995.73,2995.65,2994.13,-5,-1,0,0,-,-,FIGHT"
2026-07-21T19:10:00.000-04:00,"2026-7-21 19:10,2996.2,2995.85,2995.7,2994.22,7,1,0,0,B,-,FIGHT"
2026-07-21T19:15:00.000-04:00,"2026-7-21 19:15,2997.2,2996.31,2995.81,2994.33,7,1,0,0,-,-,FIGHT"
2026-07-21T19:20:00.000-04:00,"2026-7-21 19:20,2996.4,2996.35,2995.86,2994.41,7,0,0,0,-,-,neutral"
2026-07-21T19:25:00.000-04:00,"2026-7-21 19:25,2997.3,2996.71,2995.97,2994.53,7,1,1,0,-,-,wave_only"
2026-07-21T19:30:00.000-04:00,"2026-7-21 19:30,2997.4,2997.01,2996.08,2994.64,7,1,1,0,-,-,wave_only"
2026-07-21T19:35:00.000-04:00,"2026-7-21 19:35,2996.8,2997,2996.13,2994.72,0,0,1,0,-,-,neutral"
2026-07-21T19:40:00.000-04:00,"2026-7-21 19:40,2996.3,2996.79,2996.15,2994.79,-3,-1,0,0,S,-,FIGHT"
2026-07-21T19:45:00.000-04:00,"2026-7-21 19:45,2997.5,2997.08,2996.25,2994.89,7,1,0,0,B,-,FIGHT"
2026-07-21T19:50:00.000-04:00,"2026-7-21 19:50,2996.8,2997.03,2996.29,2994.97,0,0,0,0,-,-,neutral"
2026-07-21T19:55:00.000-04:00,"2026-7-21 19:55,2997.5,2997.24,2996.39,2995.07,7,1,1,0,-,-,wave_only"
2026-07-21T20:00:00.000-04:00,"2026-7-21 20:00,2998.5,2997.76,2996.55,2995.2,7,1,1,0,-,-,wave_only"
2026-07-21T20:05:00.000-04:00,"2026-7-21 20:05,2996.7,2997.47,2996.56,2995.26,0,0,1,0,-,-,neutral"
2026-07-21T20:10:00.000-04:00,"2026-7-21 20:10,2996.7,2997.24,2996.57,2995.32,-3,-1,0,0,S,-,FIGHT"
2026-07-21T20:15:00.000-04:00,"2026-7-21 20:15,2996,2996.81,2996.53,2995.34,-3,-1,0,0,-,-,FIGHT"
2026-07-21T20:20:00.000-04:00,"2026-7-21 20:20,2995.1,2996.15,2996.42,2995.33,-5,-1,0,0,-,-,FIGHT"
2026-07-21T20:25:00.000-04:00,"2026-7-21 20:25,2994.9,2995.6,2996.3,2995.32,-5,-1,0,0,-,-,FIGHT"
2026-07-21T20:30:00.000-04:00,"2026-7-21 20:30,2995.1,2995.28,2996.21,2995.31,-5,-1,0,0,-,-,FIGHT"
2026-07-21T20:35:00.000-04:00,"2026-7-21 20:35,2995.2,2995.1,2996.13,2995.3,-5,-1,0,0,-,-,FIGHT"
2026-07-21T20:40:00.000-04:00,"2026-7-21 20:40,2995.6,2995.13,2996.09,2995.32,0,0,-1,0,-,-,neutral"
2026-07-21T20:45:00.000-04:00,"2026-7-21 20:45,2995.3,2995.06,2996.03,2995.31,-3,-1,-1,0,-,-,wave_only"
2026-07-21T20:50:00.000-04:00,"2026-7-21 20:50,2995,2994.91,2995.95,2995.3,-5,-1,-1,0,-,-,wave_only"
2026-07-21T20:55:00.000-04:00,"2026-7-21 20:55,2996.3,2995.29,2995.98,2995.34,0,0,0,0,-,-,neutral"
2026-07-21T21:00:00.000-04:00,"2026-7-21 21:00,2993.8,2994.66,2995.81,2995.28,-5,-1,0,0,-,-,FIGHT"
2026-07-21T21:05:00.000-04:00,"2026-7-21 21:05,2993.3,2994.03,2995.62,2995.2,-5,-1,0,0,-,-,FIGHT"
2026-07-21T21:10:00.000-04:00,"2026-7-21 21:10,2993.1,2993.51,2995.42,2995.12,-5,-1,-1,0,-,-,wave_only"
2026-07-21T21:15:00.000-04:00,"2026-7-21 21:15,2993.2,2993.18,2995.25,2995.05,-5,-1,-1,0,-,-,wave_only"
2026-07-21T21:20:00.000-04:00,"2026-7-21 21:20,2991.5,2992.34,2994.96,2994.91,-5,-1,-1,0,-,-,wave_only"
2026-07-21T21:25:00.000-04:00,"2026-7-21 21:25,2992.7,2992.2,2994.79,2994.82,0,0,-1,0,-,-,neutral"
2026-07-21T21:30:00.000-04:00,"2026-7-21 21:30,2992.7,2992.13,2994.63,2994.74,0,0,-1,0,-,-,neutral"
2026-07-21T21:35:00.000-04:00,"2026-7-21 21:35,2992.9,2992.18,2994.5,2994.66,0,0,-1,0,-,-,neutral"
2026-07-21T21:40:00.000-04:00,"2026-7-21 21:40,2993.2,2992.36,2994.4,2994.61,0,0,-1,0,-,-,neutral"
2026-07-21T21:45:00.000-04:00,"2026-7-21 21:45,2994.6,2993.03,2994.41,2994.61,0,0,-1,0,-,-,neutral"
2026-07-21T21:50:00.000-04:00,"2026-7-21 21:50,2995.5,2993.87,2994.5,2994.64,0,0,-1,0,-,-,neutral"
2026-07-21T21:55:00.000-04:00,"2026-7-21 21:55,2994.5,2994.13,2994.5,2994.64,0,0,0,0,-,-,neutral"
2026-07-21T22:00:00.000-04:00,"2026-7-21 22:00,2994,2994.14,2994.46,2994.61,0,0,0,0,-,-,neutral"
2026-07-21T22:05:00.000-04:00,"2026-7-21 22:05,2993.8,2994.06,2994.41,2994.58,-5,-1,0,0,-,-,FIGHT"
2026-07-21T22:10:00.000-04:00,"2026-7-21 22:10,2995.3,2994.56,2994.48,2994.61,5,1,0,0,B,-,FIGHT"
2026-07-21T22:15:00.000-04:00,"2026-7-21 22:15,2995,2994.82,2994.52,2994.62,5,1,0,0,-,-,FIGHT"
2026-07-21T22:20:00.000-04:00,"2026-7-21 22:20,2995.2,2995.07,2994.57,2994.65,7,1,0,0,-,-,FIGHT"
2026-07-21T22:25:00.000-04:00,"2026-7-21 22:25,2996.1,2995.58,2994.69,2994.7,7,1,0,0,-,-,FIGHT"
2026-07-21T22:30:00.000-04:00,"2026-7-21 22:30,2994.5,2995.34,2994.67,2994.7,0,0,0,0,-,-,neutral"
2026-07-21T22:35:00.000-04:00,"2026-7-21 22:35,2993.9,2994.93,2994.61,2994.66,0,0,0,0,-,-,neutral"
2026-07-21T22:40:00.000-04:00,"2026-7-21 22:40,2995.3,2995.14,2994.67,2994.69,7,1,1,0,-,-,wave_only"
2026-07-21T22:45:00.000-04:00,"2026-7-21 22:45,2995.8,2995.47,2994.75,2994.73,7,1,1,0,-,-,wave_only"
2026-07-21T22:50:00.000-04:00,"2026-7-21 22:50,2995.5,2995.59,2994.81,2994.76,3,1,1,0,-,-,wave_only"
2026-07-21T22:55:00.000-04:00,"2026-7-21 22:55,2994.8,2995.41,2994.81,2994.76,0,0,0,0,-,-,neutral"
2026-07-21T23:00:00.000-04:00,"2026-7-21 23:00,2995.4,2995.49,2994.85,2994.79,7,0,0,0,-,-,neutral"
2026-07-21T23:05:00.000-04:00,"2026-7-21 23:05,2994,2995.02,2994.79,2994.76,0,0,0,0,-,-,neutral"
2026-07-21T23:10:00.000-04:00,"2026-7-21 23:10,2993.7,2994.56,2994.71,2994.72,-7,-1,-1,0,S,-,wave_only"
2026-07-21T23:15:00.000-04:00,"2026-7-21 23:15,2994,2994.33,2994.65,2994.69,-5,-1,-1,0,-,-,wave_only"
2026-07-21T23:20:00.000-04:00,"2026-7-21 23:20,2995.2,2994.61,2994.69,2994.71,0,0,-1,0,-,-,neutral"
2026-07-21T23:25:00.000-04:00,"2026-7-21 23:25,2995.6,2994.96,2994.76,2994.74,7,1,0,0,B,-,FIGHT"
2026-07-21T23:30:00.000-04:00,"2026-7-21 23:30,2993.7,2994.52,2994.68,2994.7,-7,-1,0,0,S,-,FIGHT"
2026-07-21T23:35:00.000-04:00,"2026-7-21 23:35,2993.8,2994.23,2994.61,2994.67,-5,-1,0,0,-,-,FIGHT"
2026-07-21T23:40:00.000-04:00,"2026-7-21 23:40,2993.2,2993.8,2994.5,2994.61,-7,-1,-1,0,-,-,wave_only"
2026-07-21T23:45:00.000-04:00,"2026-7-21 23:45,2993.5,2993.6,2994.43,2994.57,-5,-1,-1,0,-,-,wave_only"
2026-07-21T23:50:00.000-04:00,"2026-7-21 23:50,2991.7,2992.8,2994.22,2994.45,-7,-1,-1,0,-,-,wave_only"
2026-07-21T23:55:00.000-04:00,"2026-7-21 23:55,2991.6,2992.19,2994.02,2994.34,-7,-1,-1,0,-,-,wave_only"
2026-07-22T00:00:00.000-04:00,"2026-7-22 0:00,2992.3,2992.02,2993.88,2994.26,0,0,-1,0,-,-,neutral"
2026-07-22T00:05:00.000-04:00,"2026-7-22 0:05,2992.9,2992.15,2993.81,2994.21,0,0,-1,0,-,-,neutral"
2026-07-22T00:10:00.000-04:00,"2026-7-22 0:10,2992.3,2992.04,2993.69,2994.13,0,0,-1,0,-,-,neutral"
2026-07-22T00:15:00.000-04:00,"2026-7-22 0:15,2992.8,2992.16,2993.62,2994.08,0,0,-1,0,-,-,neutral"
2026-07-22T00:20:00.000-04:00,"2026-7-22 0:20,2993.2,2992.42,2993.59,2994.05,0,0,-1,0,-,-,neutral"
2026-07-22T00:25:00.000-04:00,"2026-7-22 0:25,2993,2992.55,2993.55,2994.01,0,0,0,0,-,-,neutral"
2026-07-22T00:30:00.000-04:00,"2026-7-22 0:30,2992.5,2992.47,2993.47,2993.95,-7,-1,0,0,-,-,FIGHT"
2026-07-22T00:35:00.000-04:00,"2026-7-22 0:35,2992.4,2992.39,2993.38,2993.89,-3,-1,0,0,-,-,FIGHT"
2026-07-22T00:40:00.000-04:00,"2026-7-22 0:40,2993,2992.55,2993.35,2993.85,0,0,0,0,-,-,neutral"
2026-07-22T00:45:00.000-04:00,"2026-7-22 0:45,2992.5,2992.5,2993.29,2993.8,-3,-1,0,0,-,-,FIGHT"
2026-07-22T00:50:00.000-04:00,"2026-7-22 0:50,2992,2992.28,2993.19,2993.73,-7,-1,0,0,-,-,FIGHT"
2026-07-22T00:55:00.000-04:00,"2026-7-22 0:55,2992.7,2992.39,2993.15,2993.69,0,0,-1,0,-,-,neutral"
2026-07-22T01:00:00.000-04:00,"2026-7-22 1:00,2991.9,2992.18,2993.06,2993.62,-7,-1,-1,0,-,-,wave_only"
2026-07-22T01:05:00.000-04:00,"2026-7-22 1:05,2991.6,2991.92,2992.94,2993.54,-7,-1,-1,0,-,-,wave_only"
2026-07-22T01:10:00.000-04:00,"2026-7-22 1:10,2991.9,2991.85,2992.86,2993.47,-3,-1,-1,0,-,-,wave_only"
2026-07-22T01:15:00.000-04:00,"2026-7-22 1:15,2992.3,2991.96,2992.82,2993.43,0,0,-1,0,-,-,neutral"
2026-07-22T01:20:00.000-04:00,"2026-7-22 1:20,2991.1,2991.6,2992.69,2993.34,-7,-1,-1,0,-,-,wave_only"
2026-07-22T01:25:00.000-04:00,"2026-7-22 1:25,2991.5,2991.49,2992.6,2993.26,-7,-1,-1,0,-,-,wave_only"
2026-07-22T01:30:00.000-04:00,"2026-7-22 1:30,2992,2991.61,2992.55,2993.21,0,0,-1,0,-,-,neutral"
2026-07-22T01:35:00.000-04:00,"2026-7-22 1:35,2991.5,2991.52,2992.47,2993.15,-3,-1,-1,0,-,-,wave_only"
2026-07-22T01:40:00.000-04:00,"2026-7-22 1:40,2991.3,2991.39,2992.38,2993.08,-7,-1,-1,0,-,-,wave_only"
2026-07-22T01:45:00.000-04:00,"2026-7-22 1:45,2990.9,2991.15,2992.27,2992.99,-7,-1,-1,0,-,-,wave_only"
2026-07-22T01:50:00.000-04:00,"2026-7-22 1:50,2990.5,2990.84,2992.13,2992.89,-7,-1,-1,0,-,-,wave_only"
2026-07-22T01:55:00.000-04:00,"2026-7-22 1:55,2990.9,2990.77,2992.04,2992.81,-7,-1,-1,0,-,-,wave_only"
2026-07-22T02:00:00.000-04:00,"2026-7-22 2:00,2991.3,2990.88,2991.98,2992.75,0,0,-1,0,-,-,neutral"
2026-07-22T02:05:00.000-04:00,"2026-7-22 2:05,2989.6,2990.35,2991.8,2992.63,-7,-1,-1,0,-,-,wave_only"
2026-07-22T02:10:00.000-04:00,"2026-7-22 2:10,2990.1,2990.15,2991.67,2992.53,-7,-1,-1,0,-,-,wave_only"
2026-07-22T02:15:00.000-04:00,"2026-7-22 2:15,2987.9,2989.21,2991.38,2992.35,-7,-1,-1,0,-,-,wave_only"
2026-07-22T02:20:00.000-04:00,"2026-7-22 2:20,2985.7,2987.72,2990.94,2992.09,-7,-1,-1,0,-,-,wave_only"
2026-07-22T02:25:00.000-04:00,"2026-7-22 2:25,2985,2986.4,2990.48,2991.81,-7,-1,-1,0,-,-,wave_only"
2026-07-22T02:30:00.000-04:00,"2026-7-22 2:30,2984.7,2985.36,2990.04,2991.53,-7,-1,-1,0,-,-,wave_only"
2026-07-22T02:35:00.000-04:00,"2026-7-22 2:35,2985.5,2984.95,2989.69,2991.3,-7,-1,-1,0,-,-,wave_only"
2026-07-22T02:40:00.000-04:00,"2026-7-22 2:40,2984.7,2984.41,2989.3,2991.04,-7,-1,-1,0,-,-,wave_only"
2026-07-22T02:45:00.000-04:00,"2026-7-22 2:45,2982.7,2983.33,2988.8,2990.71,-7,-1,-1,0,-,-,wave_only"
2026-07-22T02:50:00.000-04:00,"2026-7-22 2:50,2983.8,2983,2988.41,2990.44,0,0,-1,0,-,-,neutral"
2026-07-22T02:55:00.000-04:00,"2026-7-22 2:55,2982.5,2982.34,2987.96,2990.13,-7,-1,-1,0,-,-,wave_only"
2026-07-22T03:00:00.000-04:00,"2026-7-22 3:00,2982.3,2981.85,2987.52,2989.82,-7,0,-1,0,-,-,neutral"
2026-07-22T03:05:00.000-04:00,"2026-7-22 3:05,2981.6,2981.29,2987.07,2989.5,-7,-1,-1,0,-,-,wave_only"
2026-07-22T03:10:00.000-04:00,"2026-7-22 3:10,2984.9,2982.16,2986.9,2989.32,0,0,0,0,-,-,neutral"
2026-07-22T03:15:00.000-04:00,"2026-7-22 3:15,2985.4,2983.05,2986.78,2989.16,0,0,0,0,-,-,neutral"
2026-07-22T03:20:00.000-04:00,"2026-7-22 3:20,2984.6,2983.44,2986.62,2988.99,0,0,0,0,-,-,neutral"
2026-07-22T03:25:00.000-04:00,"2026-7-22 3:25,2986.3,2984.39,2986.59,2988.88,0,0,0,0,-,-,neutral"
2026-07-22T03:30:00.000-04:00,"2026-7-22 3:30,2983.7,2984.14,2986.37,2988.68,-7,-1,0,0,-,-,FIGHT"
2026-07-22T03:35:00.000-04:00,"2026-7-22 3:35,2982.1,2983.37,2986.04,2988.42,-7,-1,0,0,-,-,FIGHT"
2026-07-22T03:40:00.000-04:00,"2026-7-22 3:40,2982.3,2982.9,2985.75,2988.18,-7,-1,-1,0,-,-,wave_only"
2026-07-22T03:45:00.000-04:00,"2026-7-22 3:45,2981.2,2982.17,2985.4,2987.91,-7,-1,-1,0,-,-,wave_only"
2026-07-22T03:50:00.000-04:00,"2026-7-22 3:50,2982.4,2982.1,2985.17,2987.69,-7,-1,-1,0,-,-,wave_only"
2026-07-22T03:55:00.000-04:00,"2026-7-22 3:55,2982.9,2982.26,2985,2987.5,0,0,0,-1,-,-,neutral"
2026-07-22T04:00:00.000-04:00,"2026-7-22 4:00,2986.3,2983.66,2985.1,2987.45,3,1,0,-1,B,-,FIGHT"
2026-07-22T04:05:00.000-04:00,"2026-7-22 4:05,2986.3,2984.7,2985.19,2987.41,3,1,0,-1,-,-,FIGHT"
2026-07-22T04:10:00.000-04:00,"2026-7-22 4:10,2985.2,2985.05,2985.19,2987.32,5,1,0,-1,-,-,FIGHT"
2026-07-22T04:15:00.000-04:00,"2026-7-22 4:15,2987.8,2986.26,2985.39,2987.34,5,1,0,-1,-,-,FIGHT"
2026-07-22T04:20:00.000-04:00,"2026-7-22 4:20,2988.7,2987.46,2985.65,2987.39,5,1,0,-1,-,-,FIGHT"
2026-07-22T04:25:00.000-04:00,"2026-7-22 4:25,2989.6,2988.65,2985.95,2987.48,5,1,0,-1,-,-,FIGHT"
2026-07-22T04:30:00.000-04:00,"2026-7-22 4:30,2989.7,2989.51,2986.24,2987.57,5,1,0,-1,-,-,FIGHT"
2026-07-22T04:35:00.000-04:00,"2026-7-22 4:35,2988,2989.46,2986.37,2987.59,0,0,0,-1,-,-,neutral"
2026-07-22T04:40:00.000-04:00,"2026-7-22 4:40,2988.4,2989.53,2986.53,2987.62,0,0,0,-1,-,-,neutral"
2026-07-22T04:45:00.000-04:00,"2026-7-22 4:45,2990.1,2990.15,2986.8,2987.71,5,1,0,-1,-,-,FIGHT"
2026-07-22T04:50:00.000-04:00,"2026-7-22 4:50,2991.1,2990.94,2987.14,2987.85,5,1,0,-1,-,-,FIGHT"
2026-07-22T04:55:00.000-04:00,"2026-7-22 4:55,2991.5,2991.61,2987.47,2987.99,5,1,1,1,-,-,RIDE_both"
2026-07-22T05:00:00.000-04:00,"2026-7-22 5:00,2993.4,2992.75,2987.93,2988.2,5,1,1,1,-,-,RIDE_both"
2026-07-22T05:05:00.000-04:00,"2026-7-22 5:05,2991.3,2992.75,2988.19,2988.32,0,0,1,1,-,-,neutral"
2026-07-22T05:10:00.000-04:00,"2026-7-22 5:10,2990.2,2992.28,2988.34,2988.4,0,0,0,1,-,-,neutral"
2026-07-22T05:15:00.000-04:00,"2026-7-22 5:15,2990.6,2992.03,2988.52,2988.48,0,0,0,1,-,-,neutral"
2026-07-22T05:20:00.000-04:00,"2026-7-22 5:20,2990.5,2991.77,2988.67,2988.56,0,0,0,1,-,-,neutral"
2026-07-22T05:25:00.000-04:00,"2026-7-22 5:25,2988.6,2990.83,2988.66,2988.56,0,0,0,1,-,-,neutral"
2026-07-22T05:30:00.000-04:00,"2026-7-22 5:30,2986.8,2989.45,2988.52,2988.5,0,0,0,1,-,-,neutral"
2026-07-22T05:35:00.000-04:00,"2026-7-22 5:35,2988.9,2989.2,2988.55,2988.51,0,0,0,1,-,-,neutral"
2026-07-22T05:40:00.000-04:00,"2026-7-22 5:40,2988.3,2988.79,2988.53,2988.5,0,0,0,1,-,-,neutral"
2026-07-22T05:45:00.000-04:00,"2026-7-22 5:45,2987.1,2988.06,2988.42,2988.45,-7,-1,0,1,S,-,FIGHT"
2026-07-22T05:50:00.000-04:00,"2026-7-22 5:50,2987.3,2987.6,2988.33,2988.4,-5,-1,0,1,-,-,FIGHT"
2026-07-22T05:55:00.000-04:00,"2026-7-22 5:55,2988.5,2987.72,2988.35,2988.41,0,0,0,0,-,-,neutral"
2026-07-22T06:00:00.000-04:00,"2026-7-22 6:00,2989.4,2988.16,2988.43,2988.45,0,0,0,0,-,-,neutral"
2026-07-22T06:05:00.000-04:00,"2026-7-22 6:05,2989.2,2988.42,2988.49,2988.48,7,1,0,0,B,-,FIGHT"
2026-07-22T06:10:00.000-04:00,"2026-7-22 6:10,2988.4,2988.33,2988.48,2988.47,-5,-1,0,0,S,-,FIGHT"
2026-07-22T06:15:00.000-04:00,"2026-7-22 6:15,2989.1,2988.53,2988.53,2988.5,3,1,0,0,B,-,FIGHT"
2026-07-22T06:20:00.000-04:00,"2026-7-22 6:20,2990.8,2989.3,2988.7,2988.59,7,1,0,0,-,-,FIGHT"
2026-07-22T06:25:00.000-04:00,"2026-7-22 6:25,2990.7,2989.84,2988.86,2988.67,7,1,1,0,-,-,wave_only"
2026-07-22T06:30:00.000-04:00,"2026-7-22 6:30,2990.4,2990.12,2988.97,2988.74,7,1,1,0,-,-,wave_only"
2026-07-22T06:35:00.000-04:00,"2026-7-22 6:35,2989.5,2989.97,2989.02,2988.77,0,0,1,0,-,-,neutral"
2026-07-22T06:40:00.000-04:00,"2026-7-22 6:40,2989.1,2989.71,2989.02,2988.78,0,0,0,0,-,-,neutral"
2026-07-22T06:45:00.000-04:00,"2026-7-22 6:45,2990.3,2989.95,2989.12,2988.84,7,1,0,0,-,-,FIGHT"
2026-07-22T06:50:00.000-04:00,"2026-7-22 6:50,2989.2,2989.72,2989.13,2988.85,0,0,0,0,-,-,neutral"
2026-07-22T06:55:00.000-04:00,"2026-7-22 6:55,2989.1,2989.51,2989.12,2988.86,0,0,0,0,-,-,neutral"
2026-07-22T07:00:00.000-04:00,"2026-7-22 7:00,2989.3,2989.42,2989.14,2988.88,0,0,0,0,-,-,neutral"
2026-07-22T07:05:00.000-04:00,"2026-7-22 7:05,2991.7,2990.24,2989.33,2988.99,7,1,0,0,-,-,FIGHT"
2026-07-22T07:10:00.000-04:00,"2026-7-22 7:10,2989.8,2990.14,2989.37,2989.02,0,0,0,0,-,-,neutral"
2026-07-22T07:15:00.000-04:00,"2026-7-22 7:15,2987.4,2989.17,2989.22,2988.96,-5,-1,0,0,S,-,FIGHT"
2026-07-22T07:20:00.000-04:00,"2026-7-22 7:20,2988.9,2989.01,2989.19,2988.96,-5,-1,0,0,-,-,FIGHT"
2026-07-22T07:25:00.000-04:00,"2026-7-22 7:25,2986.9,2988.16,2989.02,2988.88,-7,-1,0,0,-,-,FIGHT"
2026-07-22T07:30:00.000-04:00,"2026-7-22 7:30,2988,2987.95,2988.94,2988.84,-5,-1,0,0,-,-,FIGHT"
2026-07-22T07:35:00.000-04:00,"2026-7-22 7:35,2987.3,2987.55,2988.81,2988.78,-5,-1,0,0,-,-,FIGHT"
2026-07-22T07:40:00.000-04:00,"2026-7-22 7:40,2982.1,2985.36,2988.3,2988.52,-7,-1,-1,0,-,-,wave_only"
2026-07-22T07:45:00.000-04:00,"2026-7-22 7:45,2984.7,2984.74,2988.02,2988.37,-5,-1,-1,0,-,-,wave_only"
2026-07-22T07:50:00.000-04:00,"2026-7-22 7:50,2983.1,2983.73,2987.64,2988.16,-5,-1,-1,0,-,-,wave_only"
2026-07-22T07:55:00.000-04:00,"2026-7-22 7:55,2983,2983.01,2987.28,2987.96,-7,-1,-1,-1,-,-,RIDE_both"
2026-07-22T08:00:00.000-04:00,"2026-7-22 8:00,2982,2982.16,2986.88,2987.73,-7,-1,-1,-1,-,-,RIDE_both"
2026-07-22T08:05:00.000-04:00,"2026-7-22 8:05,2984.2,2982.41,2986.67,2987.59,0,0,-1,-1,-,-,neutral"
2026-07-22T08:10:00.000-04:00,"2026-7-22 8:10,2984.8,2982.87,2986.53,2987.48,0,0,-1,-1,-,-,neutral"
2026-07-22T08:15:00.000-04:00,"2026-7-22 8:15,2985.6,2983.55,2986.46,2987.41,0,0,-1,-1,-,-,neutral"
2026-07-22T08:20:00.000-04:00,"2026-7-22 8:20,2982.6,2982.98,2986.16,2987.22,-7,-1,-1,-1,-,-,RIDE_both"
2026-07-22T08:25:00.000-04:00,"2026-7-22 8:25,2984.2,2983.19,2986.01,2987.1,0,0,-1,-1,-,-,neutral"
2026-07-22T08:30:00.000-04:00,"2026-7-22 8:30,2986.7,2984.3,2986.06,2987.08,0,0,-1,-1,-,-,neutral"
2026-07-22T08:35:00.000-04:00,"2026-7-22 8:35,2987.7,2985.5,2986.19,2987.11,3,1,-1,-1,B,-,FIGHT"
2026-07-22T08:40:00.000-04:00,"2026-7-22 8:40,2987.1,2986.17,2986.26,2987.11,5,1,0,-1,-,-,FIGHT"
2026-07-22T08:45:00.000-04:00,"2026-7-22 8:45,2984.4,2985.66,2986.12,2987,-7,-1,0,-1,S,-,tide_only"
2026-07-22T08:50:00.000-04:00,"2026-7-22 8:50,2985.8,2985.79,2986.09,2986.95,0,0,0,-1,-,-,neutral"
2026-07-22T08:55:00.000-04:00,"2026-7-22 8:55,2983.1,2984.89,2985.86,2986.8,-7,-1,-1,-1,-,-,RIDE_both"
2026-07-22T09:00:00.000-04:00,"2026-7-22 9:00,2985.2,2985,2985.81,2986.74,0,0,-1,-1,-,-,neutral"
2026-07-22T09:05:00.000-04:00,"2026-7-22 9:05,2986,2985.39,2985.82,2986.71,3,1,-1,-1,B,-,FIGHT"
2026-07-22T09:10:00.000-04:00,"2026-7-22 9:10,2984.8,2985.22,2985.75,2986.64,-3,-1,0,-1,S,-,tide_only"
2026-07-22T09:15:00.000-04:00,"2026-7-22 9:15,2986.8,2985.85,2985.83,2986.64,5,1,0,-1,B,-,FIGHT"
2026-07-22T09:20:00.000-04:00,"2026-7-22 9:20,2988.9,2987.08,2986.06,2986.73,5,1,0,-1,-,-,FIGHT"
2026-07-22T09:25:00.000-04:00,"2026-7-22 9:25,2989,2988,2986.29,2986.82,5,1,1,-1,-,-,wave_only"
2026-07-22T09:30:00.000-04:00,"2026-7-22 9:30,2995.3,2990.99,2986.98,2987.15,7,1,1,-1,-,-,wave_only"
2026-07-22T09:35:00.000-04:00,"2026-7-22 9:35,2990.7,2991.44,2987.27,2987.29,0,0,1,-1,-,-,neutral"
2026-07-22T09:40:00.000-04:00,"2026-7-22 9:40,2990.7,2991.7,2987.53,2987.43,5,0,1,-1,-,-,neutral"
2026-07-22T09:45:00.000-04:00,"2026-7-22 9:45,2984.8,2989.66,2987.32,2987.32,0,0,1,-1,-,-,neutral"
2026-07-22T09:50:00.000-04:00,"2026-7-22 9:50,2988.1,2989.33,2987.38,2987.35,0,0,1,-1,-,-,neutral"
2026-07-22T09:55:00.000-04:00,"2026-7-22 9:55,2992.3,2990.62,2987.76,2987.55,7,1,1,1,-,-,RIDE_both"
2026-07-22T10:00:00.000-04:00,"2026-7-22 10:00,2991.4,2991.2,2988.04,2987.7,7,1,1,1,-,-,RIDE_both"
2026-07-22T10:05:00.000-04:00,"2026-7-22 10:05,2990.9,2991.4,2988.26,2987.82,0,0,1,1,-,-,neutral"
2026-07-22T10:10:00.000-04:00,"2026-7-22 10:10,2988.7,2990.7,2988.29,2987.86,0,0,0,1,-,-,neutral"
2026-07-22T10:15:00.000-04:00,"2026-7-22 10:15,2988.4,2990.04,2988.3,2987.88,0,0,0,1,-,-,neutral"
2026-07-22T10:20:00.000-04:00,"2026-7-22 10:20,2985.4,2988.42,2988.08,2987.78,-3,-1,0,1,S,-,FIGHT"
2026-07-22T10:25:00.000-04:00,"2026-7-22 10:25,2981.5,2985.78,2987.57,2987.54,-7,-1,-1,1,-,-,wave_only"
2026-07-22T10:30:00.000-04:00,"2026-7-22 10:30,2980.4,2983.46,2987.02,2987.26,-7,-1,-1,1,-,-,wave_only"
2026-07-22T10:35:00.000-04:00,"2026-7-22 10:35,2979.3,2981.38,2986.43,2986.94,-7,-1,-1,1,-,-,wave_only"
2026-07-22T10:40:00.000-04:00,"2026-7-22 10:40,2975.6,2978.56,2985.59,2986.5,-5,-1,-1,1,-,-,wave_only"
2026-07-22T10:45:00.000-04:00,"2026-7-22 10:45,2975.1,2976.38,2984.79,2986.05,-7,-1,-1,1,-,-,wave_only"
2026-07-22T10:50:00.000-04:00,"2026-7-22 10:50,2972,2973.74,2983.8,2985.5,-7,-1,-1,1,-,-,wave_only"
2026-07-22T10:55:00.000-04:00,"2026-7-22 10:55,2972.7,2972.19,2982.95,2985,-7,0,-1,-1,-,-,neutral"
2026-07-22T11:00:00.000-04:00,"2026-7-22 11:00,2977.4,2972.93,2982.52,2984.7,0,0,-1,-1,-,-,neutral"
2026-07-22T11:05:00.000-04:00,"2026-7-22 11:05,2976.7,2973.35,2982.07,2984.39,0,0,-1,-1,-,-,neutral"
2026-07-22T11:10:00.000-04:00,"2026-7-22 11:10,2977,2973.87,2981.68,2984.1,0,0,-1,-1,-,-,neutral"
2026-07-22T11:15:00.000-04:00,"2026-7-22 11:15,2977.4,2974.51,2981.35,2983.83,0,0,-1,-1,-,-,neutral"
2026-07-22T11:20:00.000-04:00,"2026-7-22 11:20,2980.9,2976.35,2981.32,2983.72,0,0,-1,-1,-,-,neutral"
2026-07-22T11:25:00.000-04:00,"2026-7-22 11:25,2981.3,2977.91,2981.32,2983.62,0,0,0,-1,-,-,neutral"
2026-07-22T11:30:00.000-04:00,"2026-7-22 11:30,2980.2,2978.69,2981.23,2983.49,0,0,0,-1,-,-,neutral"
2026-07-22T11:35:00.000-04:00,"2026-7-22 11:35,2979.7,2979.09,2981.11,2983.34,3,0,0,-1,-,-,neutral"
2026-07-22T11:40:00.000-04:00,"2026-7-22 11:40,2978.8,2979.06,2980.94,2983.16,0,0,-1,-1,-,-,neutral"
2026-07-22T11:45:00.000-04:00,"2026-7-22 11:45,2978.9,2979.08,2980.78,2983,0,0,-1,-1,-,-,neutral"
2026-07-22T11:50:00.000-04:00,"2026-7-22 11:50,2977,2978.4,2980.49,2982.76,-7,-1,-1,-1,-,-,RIDE_both"
2026-07-22T11:55:00.000-04:00,"2026-7-22 11:55,2979.4,2978.79,2980.41,2982.63,3,1,0,-1,B,-,FIGHT"
2026-07-22T12:00:00.000-04:00,"2026-7-22 12:00,2979.6,2979.16,2980.34,2982.51,3,1,0,-1,-,-,FIGHT"
2026-07-22T12:05:00.000-04:00,"2026-7-22 12:05,2980.8,2979.87,2980.38,2982.44,3,1,0,-1,-,-,FIGHT"
2026-07-22T12:10:00.000-04:00,"2026-7-22 12:10,2979.7,2979.99,2980.33,2982.34,0,0,0,-1,-,-,neutral"
2026-07-22T12:15:00.000-04:00,"2026-7-22 12:15,2980.1,2980.21,2980.31,2982.25,5,0,0,-1,-,-,neutral"
2026-07-22T12:20:00.000-04:00,"2026-7-22 12:20,2980,2980.32,2980.29,2982.16,0,0,0,-1,-,-,neutral"
2026-07-22T12:25:00.000-04:00,"2026-7-22 12:25,2979.8,2980.31,2980.25,2982.07,0,0,0,-1,-,-,neutral"
2026-07-22T12:30:00.000-04:00,"2026-7-22 12:30,2980.3,2980.48,2980.25,2982,0,0,0,-1,-,-,neutral"
2026-07-22T12:35:00.000-04:00,"2026-7-22 12:35,2980.1,2980.52,2980.24,2981.92,0,0,0,-1,-,-,neutral"
2026-07-22T12:40:00.000-04:00,"2026-7-22 12:40,2978,2979.75,2980.07,2981.77,-7,-1,-1,-1,S,SELL,RIDE_both"
2026-07-22T12:45:00.000-04:00,"2026-7-22 12:45,2976.9,2978.77,2979.82,2981.58,-7,-1,-1,-1,-,-,RIDE_both"
2026-07-22T12:50:00.000-04:00,"2026-7-22 12:50,2976,2977.72,2979.53,2981.36,-7,-1,-1,-1,-,-,RIDE_both"
2026-07-22T12:55:00.000-04:00,"2026-7-22 12:55,2977.6,2977.55,2979.38,2981.21,-3,-1,-1,-1,-,-,RIDE_both"
2026-07-22T13:00:00.000-04:00,"2026-7-22 13:00,2975.6,2976.7,2979.09,2980.99,-7,-1,-1,-1,-,-,RIDE_both"
2026-07-22T13:05:00.000-04:00,"2026-7-22 13:05,2976.4,2976.4,2978.88,2980.81,-3,-1,-1,-1,-,-,RIDE_both"
2026-07-22T13:10:00.000-04:00,"2026-7-22 13:10,2974.8,2975.61,2978.57,2980.58,-7,-1,-1,-1,-,-,RIDE_both"
2026-07-22T13:15:00.000-04:00,"2026-7-22 13:15,2975.1,2975.17,2978.3,2980.36,-7,-1,-1,-1,-,-,RIDE_both"
2026-07-22T13:20:00.000-04:00,"2026-7-22 13:20,2975.6,2975.06,2978.09,2980.18,-7,-1,-1,-1,-,-,RIDE_both"
2026-07-22T13:25:00.000-04:00,"2026-7-22 13:25,2975.4,2974.95,2977.89,2979.99,-7,-1,-1,-1,-,-,RIDE_both"
2026-07-22T13:30:00.000-04:00,"2026-7-22 13:30,2975.5,2974.93,2977.7,2979.81,-7,0,-1,-1,-,-,neutral"
2026-07-22T13:35:00.000-04:00,"2026-7-22 13:35,2977.5,2975.69,2977.69,2979.72,0,0,-1,-1,-,-,neutral"
2026-07-22T13:40:00.000-04:00,"2026-7-22 13:40,2976.6,2975.93,2977.6,2979.6,0,0,0,-1,-,-,neutral"
2026-07-22T13:45:00.000-04:00,"2026-7-22 13:45,2976.5,2976.09,2977.52,2979.48,0,0,0,-1,-,-,neutral"
2026-07-22T13:50:00.000-04:00,"2026-7-22 13:50,2975.8,2975.95,2977.39,2979.33,-7,-1,0,-1,-,-,tide_only"
2026-07-22T13:55:00.000-04:00,"2026-7-22 13:55,2975.4,2975.72,2977.23,2979.18,-7,-1,-1,-1,-,-,RIDE_both"
2026-07-22T14:00:00.000-04:00,"2026-7-22 14:00,2974.7,2975.29,2977.04,2979,-7,-1,-1,-1,-,-,RIDE_both"
2026-07-22T14:05:00.000-04:00,"2026-7-22 14:05,2972.9,2974.33,2976.72,2978.76,-7,-1,-1,-1,-,-,RIDE_both"
2026-07-22T14:10:00.000-04:00,"2026-7-22 14:10,2970.9,2972.9,2976.27,2978.46,-7,-1,-1,-1,-,-,RIDE_both"
2026-07-22T14:15:00.000-04:00,"2026-7-22 14:15,2973.5,2972.84,2976.06,2978.26,-7,0,-1,-1,-,-,neutral"
2026-07-22T14:20:00.000-04:00,"2026-7-22 14:20,2973.6,2972.87,2975.87,2978.08,0,0,-1,-1,-,-,neutral"
2026-07-22T14:25:00.000-04:00,"2026-7-22 14:25,2974.3,2973.19,2975.75,2977.93,0,0,0,-1,-,-,neutral"
2026-07-22T14:30:00.000-04:00,"2026-7-22 14:30,2971.5,2972.41,2975.42,2977.68,-7,-1,0,-1,-,-,tide_only"
2026-07-22T14:35:00.000-04:00,"2026-7-22 14:35,2972.7,2972.31,2975.21,2977.48,-7,-1,0,-1,-,-,tide_only"
2026-07-22T14:40:00.000-04:00,"2026-7-22 14:40,2972.4,2972.15,2975,2977.28,-7,-1,-1,-1,-,-,RIDE_both"
2026-07-22T14:45:00.000-04:00,"2026-7-22 14:45,2971.1,2971.58,2974.7,2977.04,-7,-1,-1,-1,-,-,RIDE_both"
2026-07-22T14:50:00.000-04:00,"2026-7-22 14:50,2972.7,2971.79,2974.54,2976.87,0,0,-1,-1,-,-,neutral"
2026-07-22T14:55:00.000-04:00,"2026-7-22 14:55,2971.9,2971.67,2974.34,2976.68,-7,-1,-1,-1,-,-,RIDE_both"
2026-07-22T15:00:00.000-04:00,"2026-7-22 15:00,2970,2970.9,2974.01,2976.41,-7,-1,-1,-1,-,-,RIDE_both"
2026-07-22T15:05:00.000-04:00,"2026-7-22 15:05,2968.4,2969.77,2973.58,2976.1,-7,-1,-1,-1,-,-,RIDE_both"
2026-07-22T15:10:00.000-04:00,"2026-7-22 15:10,2967.1,2968.5,2973.08,2975.75,-7,-1,-1,-1,-,-,RIDE_both"
2026-07-22T15:15:00.000-04:00,"2026-7-22 15:15,2968.6,2968.16,2972.73,2975.47,-7,-1,-1,-1,-,-,RIDE_both"
2026-07-22T15:20:00.000-04:00,"2026-7-22 15:20,2968.1,2967.78,2972.38,2975.18,-7,-1,-1,-1,-,-,RIDE_both"
2026-07-22T15:25:00.000-04:00,"2026-7-22 15:25,2969.1,2967.92,2972.12,2974.94,0,0,-1,-1,-,-,neutral"
2026-07-22T15:30:00.000-04:00,"2026-7-22 15:30,2968.3,2967.77,2971.83,2974.68,-7,-1,-1,-1,-,-,RIDE_both"
2026-07-22T15:35:00.000-04:00,"2026-7-22 15:35,2965.6,2966.7,2971.35,2974.32,-7,-1,-1,-1,-,-,RIDE_both"
2026-07-22T15:40:00.000-04:00,"2026-7-22 15:40,2967.2,2966.55,2971.03,2974.04,-7,-1,-1,-1,-,-,RIDE_both"
2026-07-22T15:45:00.000-04:00,"2026-7-22 15:45,2968.6,2967.01,2970.84,2973.83,0,0,-1,-1,-,-,neutral"
2026-07-22T15:50:00.000-04:00,"2026-7-22 15:50,2969.3,2967.64,2970.73,2973.65,0,0,-1,-1,-,-,neutral"
2026-07-22T15:55:00.000-04:00,"2026-7-22 15:55,2968.8,2967.95,2970.58,2973.46,0,0,-1,-1,-,-,neutral"
2026-07-22T16:00:00.000-04:00,"2026-7-22 16:00,2970.4,2968.79,2970.56,2973.34,3,1,-1,-1,B,-,FIGHT"
2026-07-22T16:05:00.000-04:00,"2026-7-22 16:05,2969.2,2968.98,2970.46,2973.18,0,0,-1,-1,-,-,neutral"
2026-07-22T16:10:00.000-04:00,"2026-7-22 16:10,2971,2969.79,2970.5,2973.09,3,1,0,-1,-,-,FIGHT"
2026-07-22T16:15:00.000-04:00,"2026-7-22 16:15,2972.3,2970.86,2970.64,2973.06,5,1,0,-1,-,-,FIGHT"
2026-07-22T16:20:00.000-04:00,"2026-7-22 16:20,2972.6,2971.74,2970.79,2973.04,5,1,0,-1,-,-,FIGHT"
2026-07-22T16:25:00.000-04:00,"2026-7-22 16:25,2972.6,2972.37,2970.93,2973.03,5,1,0,-1,-,-,FIGHT"
2026-07-22T16:30:00.000-04:00,"2026-7-22 16:30,2972.3,2972.69,2971.03,2973,5,1,0,-1,-,-,FIGHT"
2026-07-22T16:35:00.000-04:00,"2026-7-22 16:35,2972.2,2972.86,2971.12,2972.97,3,1,0,-1,-,-,FIGHT"
2026-07-22T16:40:00.000-04:00,"2026-7-22 16:40,2972.2,2972.94,2971.21,2972.94,0,0,0,-1,-,-,neutral"
2026-07-22T16:45:00.000-04:00,"2026-7-22 16:45,2972.2,2972.97,2971.28,2972.91,0,0,0,-1,-,-,neutral"
2026-07-22T16:50:00.000-04:00,"2026-7-22 16:50,2972.5,2973.08,2971.38,2972.89,0,0,0,-1,-,-,neutral"
2026-07-22T16:55:00.000-04:00,"2026-7-22 16:55,2973.3,2973.42,2971.52,2972.91,5,1,0,0,-,-,FIGHT"
2026-07-22T18:00:00.000-04:00,"2026-7-22 18:00,2971,2972.79,2971.48,2972.83,0,0,0,0,-,-,neutral"
2026-07-22T18:05:00.000-04:00,"2026-7-22 18:05,2971.1,2972.34,2971.45,2972.77,0,0,0,0,-,-,neutral"
2026-07-22T18:10:00.000-04:00,"2026-7-22 18:10,2969.4,2971.36,2971.3,2972.63,0,0,-1,0,-,-,neutral"
2026-07-22T18:15:00.000-04:00,"2026-7-22 18:15,2968.8,2970.42,2971.1,2972.48,-7,-1,-1,0,S,-,wave_only"
2026-07-22T18:20:00.000-04:00,"2026-7-22 18:20,2967.9,2969.39,2970.86,2972.3,-7,-1,-1,0,-,-,wave_only"
2026-07-22T18:25:00.000-04:00,"2026-7-22 18:25,2966.3,2968.06,2970.51,2972.07,-7,-1,-1,0,-,-,wave_only"
2026-07-22T18:30:00.000-04:00,"2026-7-22 18:30,2966,2967,2970.16,2971.83,-7,-1,-1,0,-,-,wave_only"
2026-07-22T18:35:00.000-04:00,"2026-7-22 18:35,2962.8,2965.07,2969.59,2971.48,-7,-1,-1,0,-,-,wave_only"
2026-07-22T18:40:00.000-04:00,"2026-7-22 18:40,2963.5,2963.97,2969.13,2971.16,-7,-1,-1,0,-,-,wave_only"
2026-07-22T18:45:00.000-04:00,"2026-7-22 18:45,2963.4,2963.18,2968.69,2970.86,-7,-1,-1,0,-,-,wave_only"
2026-07-22T18:50:00.000-04:00,"2026-7-22 18:50,2965.4,2963.41,2968.43,2970.64,0,0,-1,0,-,-,neutral"
2026-07-22T18:55:00.000-04:00,"2026-7-22 18:55,2965,2963.5,2968.17,2970.42,0,0,-1,-1,-,-,neutral"
2026-07-22T19:00:00.000-04:00,"2026-7-22 19:00,2963.6,2963.11,2967.82,2970.16,-7,-1,-1,-1,-,-,RIDE_both"
2026-07-22T19:05:00.000-04:00,"2026-7-22 19:05,2963.7,2962.91,2967.5,2969.9,-3,-1,-1,-1,-,-,RIDE_both"
2026-07-22T19:10:00.000-04:00,"2026-7-22 19:10,2965,2963.3,2967.31,2969.71,0,0,-1,-1,-,-,neutral"
2026-07-22T19:15:00.000-04:00,"2026-7-22 19:15,2963,2962.89,2966.98,2969.45,-7,-1,-1,-1,-,-,RIDE_both"
2026-07-22T19:20:00.000-04:00,"2026-7-22 19:20,2963.8,2962.93,2966.73,2969.23,0,0,-1,-1,-,-,neutral"
2026-07-22T19:25:00.000-04:00,"2026-7-22 19:25,2963.6,2962.92,2966.49,2969.01,0,0,-1,-1,-,-,neutral"
2026-07-22T19:30:00.000-04:00,"2026-7-22 19:30,2964.5,2963.29,2966.34,2968.83,0,0,-1,-1,-,-,neutral"
2026-07-22T19:35:00.000-04:00,"2026-7-22 19:35,2964.9,2963.73,2966.23,2968.67,0,0,-1,-1,-,-,neutral"
2026-07-22T19:40:00.000-04:00,"2026-7-22 19:40,2965.3,2964.23,2966.16,2968.54,0,0,0,-1,-,-,neutral"
2026-07-22T19:45:00.000-04:00,"2026-7-22 19:45,2967,2965.24,2966.22,2968.48,3,1,0,-1,B,-,FIGHT"
2026-07-22T19:50:00.000-04:00,"2026-7-22 19:50,2967.2,2966.07,2966.3,2968.43,5,1,0,-1,-,-,FIGHT"
2026-07-22T19:55:00.000-04:00,"2026-7-22 19:55,2968.7,2967.22,2966.48,2968.44,5,1,0,0,-,-,FIGHT"
2026-07-22T20:00:00.000-04:00,"2026-7-22 20:00,2970.2,2968.6,2966.77,2968.51,5,1,0,0,-,-,FIGHT"
2026-07-22T20:05:00.000-04:00,"2026-7-22 20:05,2970.4,2969.66,2967.05,2968.58,5,1,0,0,-,-,FIGHT"
2026-07-22T20:10:00.000-04:00,"2026-7-22 20:10,2969.6,2970.1,2967.24,2968.62,5,1,0,0,-,-,FIGHT"
2026-07-22T20:15:00.000-04:00,"2026-7-22 20:15,2971.3,2971.01,2967.56,2968.73,5,1,0,0,-,-,FIGHT"
2026-07-22T20:20:00.000-04:00,"2026-7-22 20:20,2973.5,2972.43,2968.01,2968.92,5,1,0,0,-,-,FIGHT"
2026-07-22T20:25:00.000-04:00,"2026-7-22 20:25,2973.1,2973.27,2968.4,2969.08,5,1,1,0,-,-,wave_only"
2026-07-22T20:30:00.000-04:00,"2026-7-22 20:30,2973.8,2974.08,2968.82,2969.27,5,1,1,0,-,-,wave_only"
2026-07-22T20:35:00.000-04:00,"2026-7-22 20:35,2974.5,2974.86,2969.26,2969.47,5,1,1,0,-,-,wave_only"
2026-07-22T20:40:00.000-04:00,"2026-7-22 20:40,2975.4,2975.7,2969.73,2969.7,5,1,1,0,-,-,wave_only"
2026-07-22T20:45:00.000-04:00,"2026-7-22 20:45,2975.4,2976.23,2970.16,2969.93,3,1,1,0,-,-,wave_only"
2026-07-22T20:50:00.000-04:00,"2026-7-22 20:50,2976.4,2976.92,2970.64,2970.18,5,1,1,0,-,-,wave_only"
2026-07-22T20:55:00.000-04:00,"2026-7-22 20:55,2976.1,2977.23,2971.06,2970.41,0,0,1,0,-,-,neutral"
2026-07-22T21:00:00.000-04:00,"2026-7-22 21:00,2977.6,2977.94,2971.57,2970.69,5,1,1,0,-,-,wave_only"
2026-07-22T21:05:00.000-04:00,"2026-7-22 21:05,2978,2978.54,2972.06,2970.98,3,1,1,0,-,-,wave_only"
2026-07-22T21:10:00.000-04:00,"2026-7-22 21:10,2978.5,2979.09,2972.56,2971.28,0,0,1,0,-,-,neutral"
2026-07-22T21:15:00.000-04:00,"2026-7-22 21:15,2977.1,2978.9,2972.91,2971.5,0,0,1,0,-,-,neutral"
2026-07-22T21:20:00.000-04:00,"2026-7-22 21:20,2976.9,2978.61,2973.21,2971.72,0,0,1,0,-,-,neutral"
2026-07-22T21:25:00.000-04:00,"2026-7-22 21:25,2976.1,2978.05,2973.44,2971.89,0,0,1,0,-,-,neutral"
2026-07-22T21:30:00.000-04:00,"2026-7-22 21:30,2975.9,2977.51,2973.63,2972.05,0,0,1,0,-,-,neutral"
2026-07-22T21:35:00.000-04:00,"2026-7-22 21:35,2973.3,2976.11,2973.6,2972.09,0,0,1,0,-,-,neutral"
2026-07-22T21:40:00.000-04:00,"2026-7-22 21:40,2973.2,2975.03,2973.57,2972.14,0,0,0,0,-,-,neutral"
2026-07-22T21:45:00.000-04:00,"2026-7-22 21:45,2973.4,2974.3,2973.56,2972.19,0,0,0,0,-,-,neutral"
2026-07-22T21:50:00.000-04:00,"2026-7-22 21:50,2973.6,2973.84,2973.56,2972.24,-3,-1,0,0,S,-,FIGHT"
2026-07-22T21:55:00.000-04:00,"2026-7-22 21:55,2971.6,2972.78,2973.41,2972.22,-5,-1,0,0,-,-,FIGHT"
2026-07-22T22:00:00.000-04:00,"2026-7-22 22:00,2973.5,2972.72,2973.42,2972.27,-5,-1,0,0,-,-,FIGHT"
2026-07-22T22:05:00.000-04:00,"2026-7-22 22:05,2972.2,2972.23,2973.32,2972.27,-5,-1,0,0,-,-,FIGHT"
2026-07-22T22:10:00.000-04:00,"2026-7-22 22:10,2971.3,2971.55,2973.17,2972.23,-5,-1,0,0,-,-,FIGHT"
2026-07-22T22:15:00.000-04:00,"2026-7-22 22:15,2970.4,2970.76,2972.95,2972.16,-5,-1,0,0,-,-,FIGHT"
2026-07-22T22:20:00.000-04:00,"2026-7-22 22:20,2969.9,2970.03,2972.72,2972.07,-5,-1,0,0,-,-,FIGHT"
2026-07-22T22:25:00.000-04:00,"2026-7-22 22:25,2970.1,2969.61,2972.52,2971.99,-5,-1,0,0,-,-,FIGHT"
2026-07-22T22:30:00.000-04:00,"2026-7-22 22:30,2971.6,2969.91,2972.45,2971.97,0,0,0,0,-,-,neutral"
2026-07-22T22:35:00.000-04:00,"2026-7-22 22:35,2970,2969.57,2972.26,2971.9,-5,-1,0,0,-,-,FIGHT"
2026-07-22T22:40:00.000-04:00,"2026-7-22 22:40,2970.5,2969.56,2972.12,2971.84,0,0,0,0,-,-,neutral"
2026-07-22T22:45:00.000-04:00,"2026-7-22 22:45,2970.2,2969.47,2971.98,2971.78,0,0,0,0,-,-,neutral"
2026-07-22T22:50:00.000-04:00,"2026-7-22 22:50,2971.4,2969.89,2971.93,2971.76,0,0,0,0,-,-,neutral"
2026-07-22T22:55:00.000-04:00,"2026-7-22 22:55,2971.7,2970.34,2971.91,2971.76,0,0,0,0,-,-,neutral"
2026-07-22T23:00:00.000-04:00,"2026-7-22 23:00,2969.5,2969.88,2971.73,2971.67,-5,-1,0,0,-,-,FIGHT"
2026-07-22T23:05:00.000-04:00,"2026-7-22 23:05,2967.8,2968.93,2971.43,2971.52,-7,-1,0,0,-,-,FIGHT"
2026-07-22T23:10:00.000-04:00,"2026-7-22 23:10,2966.7,2967.86,2971.06,2971.33,-5,-1,-1,0,-,-,wave_only"
2026-07-22T23:15:00.000-04:00,"2026-7-22 23:15,2966.6,2967.07,2970.72,2971.15,-7,-1,-1,0,-,-,wave_only"
2026-07-22T23:20:00.000-04:00,"2026-7-22 23:20,2966.7,2966.57,2970.41,2970.97,-7,0,-1,0,-,-,neutral"
2026-07-22T23:25:00.000-04:00,"2026-7-22 23:25,2967.2,2966.43,2970.16,2970.82,0,0,-1,0,-,-,neutral"
2026-07-22T23:30:00.000-04:00,"2026-7-22 23:30,2967.2,2966.38,2969.93,2970.68,0,0,-1,0,-,-,neutral"
2026-07-22T23:35:00.000-04:00,"2026-7-22 23:35,2969,2967.05,2969.86,2970.62,0,0,-1,0,-,-,neutral"
2026-07-22T23:40:00.000-04:00,"2026-7-22 23:40,2970.2,2968.02,2969.89,2970.6,0,0,0,0,-,-,neutral"
2026-07-22T23:45:00.000-04:00,"2026-7-22 23:45,2970.3,2968.79,2969.92,2970.59,0,0,0,0,-,-,neutral"
2026-07-22T23:50:00.000-04:00,"2026-7-22 23:50,2970.1,2969.29,2969.93,2970.57,3,0,0,0,-,-,neutral"
2026-07-22T23:55:00.000-04:00,"2026-7-22 23:55,2969.2,2969.33,2969.88,2970.51,0,0,-1,-1,-,-,neutral"
2026-07-23T00:00:00.000-04:00,"2026-7-23 0:00,2968.6,2969.14,2969.78,2970.44,-7,-1,-1,-1,-,-,RIDE_both"
2026-07-23T00:05:00.000-04:00,"2026-7-23 0:05,2968.2,2968.84,2969.66,2970.35,-7,-1,-1,-1,-,-,RIDE_both"
2026-07-23T00:10:00.000-04:00,"2026-7-23 0:10,2970.1,2969.33,2969.69,2970.34,3,1,0,-1,B,-,FIGHT"
2026-07-23T00:15:00.000-04:00,"2026-7-23 0:15,2969.3,2969.4,2969.66,2970.3,0,0,0,-1,-,-,neutral"
2026-07-23T00:20:00.000-04:00,"2026-7-23 0:20,2970.5,2969.88,2969.73,2970.31,5,1,0,-1,-,-,FIGHT"
2026-07-23T00:25:00.000-04:00,"2026-7-23 0:25,2971.3,2970.53,2969.85,2970.35,5,1,1,-1,-,-,wave_only"
2026-07-23T00:30:00.000-04:00,"2026-7-23 0:30,2971.2,2970.96,2969.95,2970.38,5,1,1,-1,-,-,wave_only"
2026-07-23T00:35:00.000-04:00,"2026-7-23 0:35,2971.4,2971.33,2970.06,2970.42,5,1,1,-1,-,-,wave_only"
2026-07-23T00:40:00.000-04:00,"2026-7-23 0:40,2970.1,2971.09,2970.07,2970.41,0,0,0,-1,-,-,neutral"
2026-07-23T00:45:00.000-04:00,"2026-7-23 0:45,2968.9,2970.46,2969.98,2970.35,0,0,0,-1,-,-,neutral"
2026-07-23T00:50:00.000-04:00,"2026-7-23 0:50,2968.1,2969.68,2969.83,2970.26,-7,-1,0,-1,S,-,tide_only"
2026-07-23T00:55:00.000-04:00,"2026-7-23 0:55,2968.3,2969.18,2969.71,2970.18,-7,-1,-1,-1,-,-,RIDE_both"
2026-07-23T01:00:00.000-04:00,"2026-7-23 1:00,2967.4,2968.48,2969.54,2970.08,-7,-1,-1,-1,-,-,RIDE_both"
2026-07-23T01:05:00.000-04:00,"2026-7-23 1:05,2967.9,2968.16,2969.41,2969.99,-7,-1,-1,-1,-,-,RIDE_both"
2026-07-23T01:10:00.000-04:00,"2026-7-23 1:10,2968.7,2968.24,2969.36,2969.94,0,0,-1,-1,-,-,neutral"
2026-07-23T01:15:00.000-04:00,"2026-7-23 1:15,2968.2,2968.12,2969.27,2969.87,-7,-1,-1,-1,-,-,RIDE_both"
2026-07-23T01:20:00.000-04:00,"2026-7-23 1:20,2969.3,2968.45,2969.27,2969.85,0,0,-1,-1,-,-,neutral"
2026-07-23T01:25:00.000-04:00,"2026-7-23 1:25,2972.2,2969.78,2969.49,2969.94,5,1,1,-1,B,-,wave_only"
2026-07-23T01:30:00.000-04:00,"2026-7-23 1:30,2972.1,2970.73,2969.7,2970.03,5,1,1,-1,-,-,wave_only"
2026-07-23T01:35:00.000-04:00,"2026-7-23 1:35,2969.9,2970.59,2969.71,2970.02,0,0,1,-1,-,-,neutral"
2026-07-23T01:40:00.000-04:00,"2026-7-23 1:40,2970,2970.51,2969.73,2970.02,0,0,0,-1,-,-,neutral"
2026-07-23T01:45:00.000-04:00,"2026-7-23 1:45,2968.8,2969.99,2969.66,2969.97,0,0,0,-1,-,-,neutral"
2026-07-23T01:50:00.000-04:00,"2026-7-23 1:50,2966.3,2968.68,2969.4,2969.83,-7,-1,0,-1,S,-,tide_only"
2026-07-23T01:55:00.000-04:00,"2026-7-23 1:55,2966.2,2967.68,2969.16,2969.69,-7,-1,-1,-1,-,-,RIDE_both"
2026-07-23T02:00:00.000-04:00,"2026-7-23 2:00,2967.6,2967.48,2969.04,2969.6,-7,-1,-1,-1,-,-,RIDE_both"
2026-07-23T02:05:00.000-04:00,"2026-7-23 2:05,2966.6,2966.98,2968.85,2969.49,-7,-1,-1,-1,-,-,RIDE_both"
2026-07-23T02:10:00.000-04:00,"2026-7-23 2:10,2967.7,2967.04,2968.76,2969.42,0,0,-1,-1,-,-,neutral"
2026-07-23T02:15:00.000-04:00,"2026-7-23 2:15,2968.1,2967.26,2968.71,2969.36,0,0,-1,-1,-,-,neutral"
2026-07-23T02:20:00.000-04:00,"2026-7-23 2:20,2968.3,2967.51,2968.68,2969.32,0,0,-1,-1,-,-,neutral"
2026-07-23T02:25:00.000-04:00,"2026-7-23 2:25,2968.9,2967.93,2968.7,2969.31,3,0,0,-1,-,-,neutral"
2026-07-23T02:30:00.000-04:00,"2026-7-23 2:30,2967.9,2967.88,2968.63,2969.25,-3,-1,0,-1,-,-,tide_only"
2026-07-23T02:35:00.000-04:00,"2026-7-23 2:35,2967.5,2967.7,2968.55,2969.18,-7,-1,0,-1,-,-,tide_only"
2026-07-23T02:40:00.000-04:00,"2026-7-23 2:40,2966.7,2967.28,2968.4,2969.08,-7,-1,-1,-1,-,-,RIDE_both"
2026-07-23T02:45:00.000-04:00,"2026-7-23 2:45,2968.3,2967.58,2968.4,2969.05,3,0,-1,-1,-,-,neutral"
2026-07-23T02:50:00.000-04:00,"2026-7-23 2:50,2966.9,2967.28,2968.28,2968.97,-7,-1,-1,-1,-,-,RIDE_both"
2026-07-23T02:55:00.000-04:00,"2026-7-23 2:55,2966.1,2966.78,2968.11,2968.86,-7,-1,-1,0,-,-,wave_only"
2026-07-23T03:00:00.000-04:00,"2026-7-23 3:00,2965.4,2966.16,2967.91,2968.72,-7,-1,-1,0,-,-,wave_only"
2026-07-23T03:05:00.000-04:00,"2026-7-23 3:05,2963.5,2965.03,2967.57,2968.52,-7,-1,-1,0,-,-,wave_only"
2026-07-23T03:10:00.000-04:00,"2026-7-23 3:10,2960.9,2963.25,2967.05,2968.22,-7,-1,-1,0,-,-,wave_only"
2026-07-23T03:15:00.000-04:00,"2026-7-23 3:15,2963,2962.76,2966.74,2968.01,-7,-1,-1,0,-,-,wave_only"
2026-07-23T03:20:00.000-04:00,"2026-7-23 3:20,2963.5,2962.64,2966.49,2967.84,-3,-1,-1,0,-,-,wave_only"
2026-07-23T03:25:00.000-04:00,"2026-7-23 3:25,2963.9,2962.74,2966.29,2967.68,0,0,-1,0,-,-,neutral"
2026-07-23T03:30:00.000-04:00,"2026-7-23 3:30,2960.4,2961.57,2965.84,2967.4,-7,-1,-1,0,-,-,wave_only"
2026-07-23T03:35:00.000-04:00,"2026-7-23 3:35,2960.8,2960.9,2965.45,2967.14,-7,-1,-1,0,-,-,wave_only"
2026-07-23T03:40:00.000-04:00,"2026-7-23 3:40,2959.7,2960.05,2965.01,2966.85,-7,-1,-1,0,-,-,wave_only"
2026-07-23T03:45:00.000-04:00,"2026-7-23 3:45,2958.7,2959.11,2964.52,2966.53,-7,-1,-1,0,-,-,wave_only"
2026-07-23T03:50:00.000-04:00,"2026-7-23 3:50,2959.5,2958.78,2964.14,2966.25,-3,-1,-1,0,-,-,wave_only"
2026-07-23T03:55:00.000-04:00,"2026-7-23 3:55,2961.7,2959.41,2963.95,2966.07,0,0,-1,-1,-,-,neutral"
2026-07-23T04:00:00.000-04:00,"2026-7-23 4:00,2961.4,2959.81,2963.75,2965.89,0,0,-1,-1,-,-,neutral"
2026-07-23T04:05:00.000-04:00,"2026-7-23 4:05,2965.5,2961.67,2963.89,2965.87,0,0,-1,-1,-,-,neutral"
2026-07-23T04:10:00.000-04:00,"2026-7-23 4:10,2964.4,2962.66,2963.93,2965.82,3,0,0,-1,-,-,neutral"
2026-07-23T04:15:00.000-04:00,"2026-7-23 4:15,2966.5,2964.17,2964.13,2965.84,5,1,0,-1,B,-,FIGHT"
2026-07-23T04:20:00.000-04:00,"2026-7-23 4:20,2965.3,2964.82,2964.22,2965.82,5,1,0,-1,-,-,FIGHT"
2026-07-23T04:25:00.000-04:00,"2026-7-23 4:25,2966.1,2965.58,2964.36,2965.83,5,1,0,-1,-,-,FIGHT"
2026-07-23T04:30:00.000-04:00,"2026-7-23 4:30,2965.9,2966.03,2964.48,2965.84,5,1,0,-1,-,-,FIGHT"
2026-07-23T04:35:00.000-04:00,"2026-7-23 4:35,2965.1,2966.04,2964.53,2965.81,0,0,0,-1,-,-,neutral"
2026-07-23T04:40:00.000-04:00,"2026-7-23 4:40,2964.3,2965.72,2964.51,2965.75,0,0,0,-1,-,-,neutral"
2026-07-23T04:45:00.000-04:00,"2026-7-23 4:45,2966,2966.08,2964.62,2965.76,5,1,0,-1,-,-,FIGHT"
2026-07-23T04:50:00.000-04:00,"2026-7-23 4:50,2967.3,2966.8,2964.83,2965.82,5,1,0,-1,-,-,FIGHT"
2026-07-23T04:55:00.000-04:00,"2026-7-23 4:55,2968.9,2967.89,2965.14,2965.94,5,1,1,0,-,-,wave_only"
2026-07-23T05:00:00.000-04:00,"2026-7-23 5:00,2971.9,2969.77,2965.66,2966.17,5,1,1,0,-,-,wave_only"
2026-07-23T05:05:00.000-04:00,"2026-7-23 5:05,2968.6,2969.87,2965.89,2966.27,0,0,1,0,-,-,neutral"
2026-07-23T05:10:00.000-04:00,"2026-7-23 5:10,2967.6,2969.52,2966.02,2966.32,0,0,1,0,-,-,neutral"
2026-07-23T05:15:00.000-04:00,"2026-7-23 5:15,2968,2969.36,2966.17,2966.39,0,0,1,0,-,-,neutral"
2026-07-23T05:20:00.000-04:00,"2026-7-23 5:20,2966.4,2968.6,2966.19,2966.39,0,0,1,0,-,-,neutral"
2026-07-23T05:25:00.000-04:00,"2026-7-23 5:25,2965.5,2967.67,2966.14,2966.35,0,0,0,0,-,-,neutral"
2026-07-23T05:30:00.000-04:00,"2026-7-23 5:30,2965.3,2966.9,2966.07,2966.31,0,0,0,0,-,-,neutral"
2026-07-23T05:35:00.000-04:00,"2026-7-23 5:35,2966.8,2966.87,2966.13,2966.33,0,0,0,0,-,-,neutral"
2026-07-23T05:40:00.000-04:00,"2026-7-23 5:40,2967.5,2967.11,2966.23,2966.38,5,1,1,0,-,-,wave_only"
2026-07-23T05:45:00.000-04:00,"2026-7-23 5:45,2967.5,2967.27,2966.33,2966.42,5,1,1,0,-,-,wave_only"
2026-07-23T05:50:00.000-04:00,"2026-7-23 5:50,2967.5,2967.39,2966.42,2966.46,0,0,1,0,-,-,neutral"
2026-07-23T05:55:00.000-04:00,"2026-7-23 5:55,2966.6,2967.13,2966.44,2966.47,0,0,0,0,-,-,neutral"
2026-07-23T06:00:00.000-04:00,"2026-7-23 6:00,2966.3,2966.83,2966.42,2966.46,0,0,0,0,-,-,neutral"
2026-07-23T06:05:00.000-04:00,"2026-7-23 6:05,2965.4,2966.27,2966.35,2966.42,-3,-1,0,0,S,-,FIGHT"
2026-07-23T06:10:00.000-04:00,"2026-7-23 6:10,2964.3,2965.45,2966.19,2966.34,-7,-1,-1,0,-,-,wave_only"
2026-07-23T06:15:00.000-04:00,"2026-7-23 6:15,2965.1,2965.16,2966.1,2966.29,-5,-1,-1,0,-,-,wave_only"
2026-07-23T06:20:00.000-04:00,"2026-7-23 6:20,2966.3,2965.4,2966.12,2966.29,0,0,-1,0,-,-,neutral"
2026-07-23T06:25:00.000-04:00,"2026-7-23 6:25,2966.7,2965.75,2966.16,2966.3,0,0,1,0,-,-,neutral"
2026-07-23T06:30:00.000-04:00,"2026-7-23 6:30,2968.4,2966.64,2966.34,2966.39,7,1,1,0,B,-,wave_only"
2026-07-23T06:35:00.000-04:00,"2026-7-23 6:35,2969.5,2967.71,2966.58,2966.51,7,1,1,0,-,-,wave_only"
2026-07-23T06:40:00.000-04:00,"2026-7-23 6:40,2970.1,2968.7,2966.85,2966.65,7,1,1,0,-,-,wave_only"
2026-07-23T06:45:00.000-04:00,"2026-7-23 6:45,2971.6,2969.97,2967.22,2966.84,7,1,1,0,-,-,wave_only"
2026-07-23T06:50:00.000-04:00,"2026-7-23 6:50,2971.9,2970.99,2967.58,2967.04,7,1,1,0,-,-,wave_only"
2026-07-23T06:55:00.000-04:00,"2026-7-23 6:55,2970.9,2971.32,2967.83,2967.19,3,1,1,0,-,-,wave_only"
2026-07-23T07:00:00.000-04:00,"2026-7-23 7:00,2968.7,2970.71,2967.9,2967.25,0,0,1,0,-,-,neutral"
2026-07-23T07:05:00.000-04:00,"2026-7-23 7:05,2967,2969.59,2967.83,2967.24,0,0,1,0,-,-,neutral"
2026-07-23T07:10:00.000-04:00,"2026-7-23 7:10,2968.1,2969.15,2967.85,2967.28,0,0,0,0,-,-,neutral"
2026-07-23T07:15:00.000-04:00,"2026-7-23 7:15,2967.4,2968.56,2967.82,2967.28,0,0,0,0,-,-,neutral"
2026-07-23T07:20:00.000-04:00,"2026-7-23 7:20,2965.2,2967.3,2967.61,2967.2,-5,-1,0,0,S,-,FIGHT"
2026-07-23T07:25:00.000-04:00,"2026-7-23 7:25,2964.5,2966.12,2967.37,2967.09,-5,-1,0,0,-,-,FIGHT"
2026-07-23T07:30:00.000-04:00,"2026-7-23 7:30,2961.4,2964.12,2966.92,2966.87,-7,-1,0,0,-,-,FIGHT"
2026-07-23T07:35:00.000-04:00,"2026-7-23 7:35,2957.2,2961.14,2966.17,2966.49,-5,-1,0,0,-,-,FIGHT"
2026-07-23T07:40:00.000-04:00,"2026-7-23 7:40,2955.2,2958.26,2965.32,2966.05,-5,-1,-1,0,-,-,wave_only"
2026-07-23T07:45:00.000-04:00,"2026-7-23 7:45,2956.2,2956.61,2964.62,2965.66,-5,-1,-1,0,-,-,wave_only"
2026-07-23T07:50:00.000-04:00,"2026-7-23 7:50,2959.6,2956.76,2964.24,2965.42,0,0,-1,0,-,-,neutral"
2026-07-23T07:55:00.000-04:00,"2026-7-23 7:55,2960,2957.12,2963.91,2965.21,0,0,-1,-1,-,-,neutral"
2026-07-23T08:00:00.000-04:00,"2026-7-23 8:00,2957.7,2956.63,2963.43,2964.92,0,0,-1,-1,-,-,neutral"
2026-07-23T08:05:00.000-04:00,"2026-7-23 8:05,2955,2955.35,2962.78,2964.53,-5,-1,-1,-1,-,-,RIDE_both"
2026-07-23T08:10:00.000-04:00,"2026-7-23 8:10,2951.4,2953.17,2961.91,2964.01,-5,-1,-1,-1,-,-,RIDE_both"
2026-07-23T08:15:00.000-04:00,"2026-7-23 8:15,2948.6,2950.63,2960.88,2963.41,-5,-1,-1,-1,-,-,RIDE_both"
2026-07-23T08:20:00.000-04:00,"2026-7-23 8:20,2947.5,2948.47,2959.85,2962.78,-7,-1,-1,-1,-,-,RIDE_both"
2026-07-23T08:25:00.000-04:00,"2026-7-23 8:25,2946.4,2946.61,2958.82,2962.14,-7,-1,-1,-1,-,-,RIDE_both"
2026-07-23T08:30:00.000-04:00,"2026-7-23 8:30,2945.7,2945.13,2957.81,2961.5,-7,-1,-1,-1,-,-,RIDE_both"
2026-07-23T08:35:00.000-04:00,"2026-7-23 8:35,2944.3,2943.67,2956.77,2960.82,-7,-1,-1,-1,-,-,RIDE_both"
2026-07-23T08:40:00.000-04:00,"2026-7-23 8:40,2942.7,2942.15,2955.69,2960.11,-7,-1,-1,-1,-,-,RIDE_both"
2026-07-23T08:45:00.000-04:00,"2026-7-23 8:45,2942.9,2941.27,2954.71,2959.44,0,0,-1,-1,-,-,neutral"
2026-07-23T08:50:00.000-04:00,"2026-7-23 8:50,2943.4,2940.95,2953.84,2958.81,0,0,-1,-1,-,-,neutral"
2026-07-23T08:55:00.000-04:00,"2026-7-23 8:55,2943,2940.72,2953,2958.19,0,0,-1,-1,-,-,neutral"
2026-07-23T09:00:00.000-04:00,"2026-7-23 9:00,2939.6,2939.42,2951.97,2957.46,-7,-1,-1,-1,-,-,RIDE_both"
2026-07-23T09:05:00.000-04:00,"2026-7-23 9:05,2937.7,2937.89,2950.87,2956.68,-7,-1,-1,-1,-,-,RIDE_both"
2026-07-23T09:10:00.000-04:00,"2026-7-23 9:10,2937.1,2936.68,2949.81,2955.92,-7,-1,-1,-1,-,-,RIDE_both"
2026-07-23T09:15:00.000-04:00,"2026-7-23 9:15,2936.5,2935.7,2948.79,2955.16,-7,0,-1,-1,-,-,neutral"
2026-07-23T09:20:00.000-04:00,"2026-7-23 9:20,2934.8,2934.49,2947.71,2954.36,-7,0,-1,-1,-,-,neutral"
2026-07-23T09:25:00.000-04:00,"2026-7-23 9:25,2939.8,2935.58,2947.1,2953.79,0,0,-1,-1,-,-,neutral"
2026-07-23T09:30:00.000-04:00,"2026-7-23 9:30,2952.4,2941.16,2947.51,2953.73,0,0,-1,-1,-,-,neutral"
2026-07-23T09:35:00.000-04:00,"2026-7-23 9:35,2956.2,2946.74,2948.18,2953.83,3,1,-1,-1,B,-,FIGHT"
2026-07-23T09:40:00.000-04:00,"2026-7-23 9:40,2957.4,2951.28,2948.89,2953.97,5,1,0,-1,-,-,FIGHT"
2026-07-23T09:45:00.000-04:00,"2026-7-23 9:45,2947.4,2950.85,2948.78,2953.71,0,0,0,-1,-,-,neutral"
2026-07-23T09:50:00.000-04:00,"2026-7-23 9:50,2950.8,2951.72,2948.93,2953.6,5,1,0,-1,-,-,FIGHT"
2026-07-23T09:55:00.000-04:00,"2026-7-23 9:55,2945.5,2950.32,2948.67,2953.28,0,0,-1,-1,-,-,neutral"
2026-07-23T10:00:00.000-04:00,"2026-7-23 10:00,2952.7,2951.88,2948.98,2953.26,5,1,-1,-1,-,-,FIGHT"
2026-07-23T10:05:00.000-04:00,"2026-7-23 10:05,2948.4,2951.38,2948.93,2953.07,0,0,-1,-1,-,-,neutral"
2026-07-23T10:10:00.000-04:00,"2026-7-23 10:10,2951.8,2952.19,2949.15,2953.02,5,1,0,-1,-,-,FIGHT"
2026-07-23T10:15:00.000-04:00,"2026-7-23 10:15,2952.7,2953.06,2949.43,2953,5,1,0,-1,-,-,FIGHT"
2026-07-23T10:20:00.000-04:00,"2026-7-23 10:20,2950.3,2952.75,2949.49,2952.9,0,0,0,-1,-,-,neutral"
2026-07-23T10:25:00.000-04:00,"2026-7-23 10:25,2951.1,2952.74,2949.62,2952.83,0,0,0,-1,-,-,neutral"
2026-07-23T10:30:00.000-04:00,"2026-7-23 10:30,2947.4,2951.31,2949.45,2952.61,0,0,0,-1,-,-,neutral"
2026-07-23T10:35:00.000-04:00,"2026-7-23 10:35,2952.9,2952.24,2949.71,2952.63,5,1,0,-1,-,-,FIGHT"
2026-07-23T10:40:00.000-04:00,"2026-7-23 10:40,2949.1,2951.48,2949.66,2952.49,0,0,0,-1,-,-,neutral"
2026-07-23T10:45:00.000-04:00,"2026-7-23 10:45,2951.7,2951.85,2949.82,2952.46,0,0,0,-1,-,-,neutral"
2026-07-23T10:50:00.000-04:00,"2026-7-23 10:50,2949.5,2951.27,2949.8,2952.34,0,0,0,-1,-,-,neutral"
2026-07-23T10:55:00.000-04:00,"2026-7-23 10:55,2950.2,2951.07,2949.83,2952.26,0,0,0,0,-,-,neutral"
2026-07-23T11:00:00.000-04:00,"2026-7-23 11:00,2944.7,2948.87,2949.43,2951.96,-3,-1,0,0,S,-,FIGHT"
2026-07-23T11:05:00.000-04:00,"2026-7-23 11:05,2943.3,2946.73,2948.96,2951.62,-7,-1,0,0,-,-,FIGHT"
2026-07-23T11:10:00.000-04:00,"2026-7-23 11:10,2940.3,2944.06,2948.3,2951.18,-7,-1,-1,0,-,-,wave_only"
2026-07-23T11:15:00.000-04:00,"2026-7-23 11:15,2939.9,2942,2947.65,2950.73,-7,-1,-1,0,-,-,wave_only"
2026-07-23T11:20:00.000-04:00,"2026-7-23 11:20,2938,2939.85,2946.91,2950.24,-7,-1,-1,0,-,-,wave_only"
2026-07-23T11:25:00.000-04:00,"2026-7-23 11:25,2935.5,2937.42,2946.03,2949.66,-7,-1,-1,0,-,-,wave_only"
2026-07-23T11:30:00.000-04:00,"2026-7-23 11:30,2935.8,2935.86,2945.24,2949.11,-7,-1,-1,0,-,-,wave_only"
2026-07-23T11:35:00.000-04:00,"2026-7-23 11:35,2942.7,2937.38,2945.05,2948.86,0,0,-1,0,-,-,neutral"
2026-07-23T11:40:00.000-04:00,"2026-7-23 11:40,2941.5,2938.16,2944.77,2948.57,0,0,-1,0,-,-,neutral"
2026-07-23T11:45:00.000-04:00,"2026-7-23 11:45,2942.4,2939.15,2944.59,2948.33,0,0,-1,0,-,-,neutral"
2026-07-23T11:50:00.000-04:00,"2026-7-23 11:50,2944,2940.53,2944.55,2948.16,0,0,-1,0,-,-,neutral"
2026-07-23T11:55:00.000-04:00,"2026-7-23 11:55,2944.5,2941.78,2944.54,2948.02,3,0,0,-1,-,-,neutral"
2026-07-23T12:00:00.000-04:00,"2026-7-23 12:00,2944.6,2942.77,2944.55,2947.88,3,1,0,-1,B,-,FIGHT"
2026-07-23T12:05:00.000-04:00,"2026-7-23 12:05,2944.6,2943.5,2944.55,2947.76,3,1,0,-1,-,-,FIGHT"
2026-07-23T12:10:00.000-04:00,"2026-7-23 12:10,2945.5,2944.37,2944.62,2947.67,5,1,0,-1,-,-,FIGHT"
2026-07-23T12:15:00.000-04:00,"2026-7-23 12:15,2946.1,2945.23,2944.74,2947.61,5,1,0,-1,-,-,FIGHT"
2026-07-23T12:20:00.000-04:00,"2026-7-23 12:20,2949.3,2947.02,2945.09,2947.67,5,1,0,-1,-,-,FIGHT"
2026-07-23T12:25:00.000-04:00,"2026-7-23 12:25,2949.2,2948.27,2945.4,2947.73,5,1,0,-1,-,-,FIGHT"
2026-07-23T12:30:00.000-04:00,"2026-7-23 12:30,2946.9,2948.29,2945.52,2947.7,0,0,0,-1,-,-,neutral"
2026-07-23T12:35:00.000-04:00,"2026-7-23 12:35,2950.9,2949.73,2945.93,2947.82,5,1,0,-1,-,-,FIGHT"
2026-07-23T12:40:00.000-04:00,"2026-7-23 12:40,2946.5,2949.1,2945.98,2947.77,0,0,0,-1,-,-,neutral"
2026-07-23T12:45:00.000-04:00,"2026-7-23 12:45,2943.9,2947.63,2945.82,2947.62,0,0,0,-1,-,-,neutral"
2026-07-23T12:50:00.000-04:00,"2026-7-23 12:50,2944.2,2946.62,2945.69,2947.49,0,0,0,-1,-,-,neutral"
2026-07-23T12:55:00.000-04:00,"2026-7-23 12:55,2947.9,2947.22,2945.86,2947.5,5,1,1,0,-,-,wave_only"
2026-07-23T13:00:00.000-04:00,"2026-7-23 13:00,2945.5,2946.76,2945.83,2947.42,0,0,1,0,-,-,neutral"
2026-07-23T13:05:00.000-04:00,"2026-7-23 13:05,2945.8,2946.51,2945.83,2947.36,0,0,1,0,-,-,neutral"
2026-07-23T13:10:00.000-04:00,"2026-7-23 13:10,2945,2946.02,2945.77,2947.27,0,0,-1,0,-,-,neutral"
2026-07-23T13:15:00.000-04:00,"2026-7-23 13:15,2946.2,2946.1,2945.8,2947.23,0,0,-1,0,-,-,neutral"
2026-07-23T13:20:00.000-04:00,"2026-7-23 13:20,2946.9,2946.41,2945.89,2947.21,5,1,-1,0,-,-,FIGHT"
2026-07-23T13:25:00.000-04:00,"2026-7-23 13:25,2944.7,2945.82,2945.79,2947.11,0,0,-1,0,-,-,neutral"
2026-07-23T13:30:00.000-04:00,"2026-7-23 13:30,2943.2,2944.83,2945.6,2946.96,-7,-1,-1,0,S,-,wave_only"
2026-07-23T13:35:00.000-04:00,"2026-7-23 13:35,2941.3,2943.41,2945.26,2946.74,-7,-1,-1,0,-,-,wave_only"
2026-07-23T13:40:00.000-04:00,"2026-7-23 13:40,2941.7,2942.53,2944.99,2946.54,-7,-1,-1,0,-,-,wave_only"
2026-07-23T13:45:00.000-04:00,"2026-7-23 13:45,2944,2942.76,2944.91,2946.44,0,0,-1,0,-,-,neutral"
2026-07-23T13:50:00.000-04:00,"2026-7-23 13:50,2942.6,2942.45,2944.74,2946.29,-7,-1,-1,0,-,-,wave_only"
2026-07-23T13:55:00.000-04:00,"2026-7-23 13:55,2940.7,2941.54,2944.43,2946.07,-7,-1,-1,-1,-,-,RIDE_both"
2026-07-23T14:00:00.000-04:00,"2026-7-23 14:00,2939.5,2940.47,2944.05,2945.81,-7,-1,-1,-1,-,-,RIDE_both"
2026-07-23T14:05:00.000-04:00,"2026-7-23 14:05,2940.1,2939.94,2943.74,2945.59,-7,-1,-1,-1,-,-,RIDE_both"
2026-07-23T14:10:00.000-04:00,"2026-7-23 14:10,2939.3,2939.31,2943.4,2945.34,-7,-1,-1,-1,-,-,RIDE_both"
2026-07-23T14:15:00.000-04:00,"2026-7-23 14:15,2940.4,2939.3,2943.17,2945.15,0,0,-1,-1,-,-,neutral"
2026-07-23T14:20:00.000-04:00,"2026-7-23 14:20,2942.1,2939.97,2943.09,2945.03,0,0,-1,-1,-,-,neutral"
2026-07-23T14:25:00.000-04:00,"2026-7-23 14:25,2942.5,2940.65,2943.04,2944.93,0,0,0,-1,-,-,neutral"
2026-07-23T14:30:00.000-04:00,"2026-7-23 14:30,2943.5,2941.55,2943.08,2944.87,3,0,0,-1,-,-,neutral"
2026-07-23T14:35:00.000-04:00,"2026-7-23 14:35,2942.5,2941.86,2943.03,2944.78,3,1,0,-1,B,-,FIGHT"
2026-07-23T14:40:00.000-04:00,"2026-7-23 14:40,2942.8,2942.2,2943.02,2944.7,3,1,0,-1,-,-,FIGHT"
2026-07-23T14:45:00.000-04:00,"2026-7-23 14:45,2943.9,2942.87,2943.08,2944.67,5,1,0,-1,-,-,FIGHT"
2026-07-23T14:50:00.000-04:00,"2026-7-23 14:50,2941.5,2942.47,2942.96,2944.55,-7,-1,0,-1,S,-,tide_only"
2026-07-23T14:55:00.000-04:00,"2026-7-23 14:55,2943.5,2942.91,2943,2944.51,5,1,0,-1,B,-,FIGHT"
2026-07-23T15:00:00.000-04:00,"2026-7-23 15:00,2942.4,2942.82,2942.96,2944.42,-3,-1,0,-1,S,-,tide_only"
2026-07-23T15:05:00.000-04:00,"2026-7-23 15:05,2942.8,2942.9,2942.94,2944.36,0,0,0,-1,-,-,neutral"
2026-07-23T15:10:00.000-04:00,"2026-7-23 15:10,2943.8,2943.32,2943.01,2944.34,5,1,0,-1,B,-,FIGHT"
2026-07-23T15:15:00.000-04:00,"2026-7-23 15:15,2944.6,2943.92,2943.13,2944.35,5,1,0,-1,-,-,FIGHT"
2026-07-23T15:20:00.000-04:00,"2026-7-23 15:20,2946.5,2945.05,2943.39,2944.43,5,1,0,-1,-,-,FIGHT"
2026-07-23T15:25:00.000-04:00,"2026-7-23 15:25,2947.7,2946.3,2943.72,2944.56,5,1,1,-1,-,-,wave_only"
2026-07-23T15:30:00.000-04:00,"2026-7-23 15:30,2946.6,2946.77,2943.94,2944.64,5,1,1,-1,-,-,wave_only"
2026-07-23T15:35:00.000-04:00,"2026-7-23 15:35,2947.8,2947.53,2944.24,2944.77,5,1,1,-1,-,-,wave_only"
2026-07-23T15:40:00.000-04:00,"2026-7-23 15:40,2946.3,2947.48,2944.4,2944.83,0,0,1,-1,-,-,neutral"
2026-07-23T15:45:00.000-04:00,"2026-7-23 15:45,2943.7,2946.44,2944.35,2944.78,0,0,1,-1,-,-,neutral"
2026-07-23T15:50:00.000-04:00,"2026-7-23 15:50,2944.4,2945.9,2944.35,2944.77,0,0,1,-1,-,-,neutral"
2026-07-23T15:55:00.000-04:00,"2026-7-23 15:55,2951.8,2948.22,2944.92,2945.04,7,1,1,0,-,-,wave_only"
2026-07-23T16:00:00.000-04:00,"2026-7-23 16:00,2951.6,2949.82,2945.44,2945.3,7,1,1,0,-,-,wave_only"
2026-07-23T16:05:00.000-04:00,"2026-7-23 16:05,2950.5,2950.54,2945.83,2945.5,3,1,1,0,-,-,wave_only"
2026-07-23T16:10:00.000-04:00,"2026-7-23 16:10,2951.3,2951.31,2946.25,2945.73,3,1,1,0,-,-,wave_only"
2026-07-23T16:15:00.000-04:00,"2026-7-23 16:15,2951.2,2951.77,2946.63,2945.95,0,0,1,0,-,-,neutral"
2026-07-23T16:20:00.000-04:00,"2026-7-23 16:20,2951.1,2952.01,2946.97,2946.15,0,0,1,0,-,-,neutral"
2026-07-23T16:25:00.000-04:00,"2026-7-23 16:25,2950.5,2951.91,2947.24,2946.32,0,0,1,0,-,-,neutral"
2026-07-23T16:30:00.000-04:00,"2026-7-23 16:30,2952,2952.33,2947.61,2946.54,0,0,1,0,-,-,neutral"
2026-07-23T16:35:00.000-04:00,"2026-7-23 16:35,2950.8,2952.14,2947.85,2946.71,0,0,1,0,-,-,neutral"
2026-07-23T16:40:00.000-04:00,"2026-7-23 16:40,2950,2951.66,2948.02,2946.84,0,0,1,0,-,-,neutral"
2026-07-23T16:45:00.000-04:00,"2026-7-23 16:45,2950,2951.26,2948.17,2946.96,0,0,1,0,-,-,neutral"
2026-07-23T16:50:00.000-04:00,"2026-7-23 16:50,2949.5,2950.76,2948.27,2947.06,0,0,1,0,-,-,neutral"
2026-07-23T16:55:00.000-04:00,"2026-7-23 16:55,2949.1,2950.22,2948.34,2947.14,0,0,0,0,-,-,neutral"
2026-07-23T18:00:00.000-04:00,"2026-7-23 18:00,2947.7,2949.29,2948.29,2947.16,0,0,0,0,-,-,neutral"
2026-07-23T18:05:00.000-04:00,"2026-7-23 18:05,2947.1,2948.37,2948.2,2947.16,-5,-1,0,0,S,-,FIGHT"
2026-07-23T18:10:00.000-04:00,"2026-7-23 18:10,2946.5,2947.49,2948.07,2947.13,-5,-1,0,0,-,-,FIGHT"
2026-07-23T18:15:00.000-04:00,"2026-7-23 18:15,2946,2946.67,2947.91,2947.09,-5,-1,0,0,-,-,FIGHT"
2026-07-23T18:20:00.000-04:00,"2026-7-23 18:20,2947.7,2946.73,2947.89,2947.11,0,0,0,0,-,-,neutral"
2026-07-23T18:25:00.000-04:00,"2026-7-23 18:25,2946.6,2946.39,2947.79,2947.09,-5,-1,0,0,-,-,FIGHT"
2026-07-23T18:30:00.000-04:00,"2026-7-23 18:30,2947.4,2946.47,2947.76,2947.11,0,0,0,0,-,-,neutral"
2026-07-23T18:35:00.000-04:00,"2026-7-23 18:35,2947,2946.4,2947.7,2947.1,-3,-1,0,0,-,-,FIGHT"
2026-07-23T18:40:00.000-04:00,"2026-7-23 18:40,2947.7,2946.64,2947.7,2947.12,0,0,0,0,-,-,neutral"
2026-07-23T18:45:00.000-04:00,"2026-7-23 18:45,2947.9,2946.91,2947.72,2947.16,0,0,0,0,-,-,neutral"
2026-07-23T18:50:00.000-04:00,"2026-7-23 18:50,2948,2947.16,2947.74,2947.19,0,0,0,0,-,-,neutral"
2026-07-23T18:55:00.000-04:00,"2026-7-23 18:55,2948.8,2947.66,2947.82,2947.25,0,0,0,0,-,-,neutral"
2026-07-23T19:00:00.000-04:00,"2026-7-23 19:00,2947.5,2947.55,2947.8,2947.26,-5,-1,0,0,-,-,FIGHT"
2026-07-23T19:05:00.000-04:00,"2026-7-23 19:05,2947.2,2947.36,2947.75,2947.26,-5,-1,0,0,-,-,FIGHT"
2026-07-23T19:10:00.000-04:00,"2026-7-23 19:10,2947,2947.16,2947.69,2947.25,-5,-1,0,0,-,-,FIGHT"
2026-07-23T19:15:00.000-04:00,"2026-7-23 19:15,2946.8,2946.95,2947.62,2947.23,-5,-1,0,0,-,-,FIGHT"
2026-07-23T19:20:00.000-04:00,"2026-7-23 19:20,2946.9,2946.83,2947.57,2947.22,-5,-1,0,0,-,-,FIGHT"
2026-07-23T19:25:00.000-04:00,"2026-7-23 19:25,2947.2,2946.88,2947.54,2947.22,0,0,0,0,-,-,neutral"
2026-07-23T19:30:00.000-04:00,"2026-7-23 19:30,2947.1,2946.88,2947.51,2947.21,0,0,0,0,-,-,neutral"
2026-07-23T19:35:00.000-04:00,"2026-7-23 19:35,2946.3,2946.59,2947.41,2947.18,-5,-1,0,0,-,-,FIGHT"
2026-07-23T19:40:00.000-04:00,"2026-7-23 19:40,2946.3,2946.4,2947.33,2947.14,-5,-1,0,0,-,-,FIGHT"
2026-07-23T19:45:00.000-04:00,"2026-7-23 19:45,2946.8,2946.45,2947.29,2947.13,0,0,0,0,-,-,neutral"
2026-07-23T19:50:00.000-04:00,"2026-7-23 19:50,2945.2,2945.9,2947.13,2947.05,-7,-1,0,0,-,-,FIGHT"
2026-07-23T19:55:00.000-04:00,"2026-7-23 19:55,2946,2945.81,2947.04,2947.01,-3,-1,-1,-1,-,-,RIDE_both"
2026-07-23T20:00:00.000-04:00,"2026-7-23 20:00,2946,2945.76,2946.96,2946.97,-3,-1,-1,-1,-,-,RIDE_both"
2026-07-23T20:05:00.000-04:00,"2026-7-23 20:05,2945.8,2945.67,2946.87,2946.93,-3,-1,-1,-1,-,-,RIDE_both"
2026-07-23T20:10:00.000-04:00,"2026-7-23 20:10,2946.1,2945.72,2946.81,2946.89,0,0,-1,-1,-,-,neutral"
2026-07-23T20:15:00.000-04:00,"2026-7-23 20:15,2946.3,2945.85,2946.77,2946.87,0,0,-1,-1,-,-,neutral"
2026-07-23T20:20:00.000-04:00,"2026-7-23 20:20,2949.4,2947.1,2946.97,2946.97,7,1,-1,-1,B,-,FIGHT"
2026-07-23T20:25:00.000-04:00,"2026-7-23 20:25,2949.1,2947.91,2947.14,2947.05,7,1,1,-1,-,-,wave_only"
2026-07-23T20:30:00.000-04:00,"2026-7-23 20:30,2948.5,2948.28,2947.24,2947.11,7,1,1,-1,-,-,wave_only"
2026-07-23T20:35:00.000-04:00,"2026-7-23 20:35,2948.9,2948.68,2947.37,2947.18,7,1,1,-1,-,-,wave_only"
2026-07-23T20:40:00.000-04:00,"2026-7-23 20:40,2950.2,2949.43,2947.59,2947.3,7,1,1,-1,-,-,wave_only"
2026-07-23T20:45:00.000-04:00,"2026-7-23 20:45,2950.7,2950.15,2947.83,2947.43,7,1,1,-1,-,-,wave_only"
2026-07-23T20:50:00.000-04:00,"2026-7-23 20:50,2949.2,2950.09,2947.93,2947.5,0,0,1,-1,-,-,neutral"
2026-07-23T20:55:00.000-04:00,"2026-7-23 20:55,2951.5,2950.87,2948.21,2947.66,7,1,1,0,-,-,wave_only"
2026-07-23T21:00:00.000-04:00,"2026-7-23 21:00,2952.1,2951.63,2948.51,2947.83,7,1,1,0,-,-,wave_only"
2026-07-23T21:05:00.000-04:00,"2026-7-23 21:05,2951.8,2952.04,2948.76,2947.99,5,1,1,0,-,-,wave_only"
2026-07-23T21:10:00.000-04:00,"2026-7-23 21:10,2950.3,2951.74,2948.88,2948.08,0,0,1,0,-,-,neutral"
2026-07-23T21:15:00.000-04:00,"2026-7-23 21:15,2951.1,2951.78,2949.05,2948.2,0,0,1,0,-,-,neutral"
2026-07-23T21:20:00.000-04:00,"2026-7-23 21:20,2951.2,2951.81,2949.21,2948.32,0,0,1,0,-,-,neutral"
2026-07-23T21:25:00.000-04:00,"2026-7-23 21:25,2951.2,2951.81,2949.37,2948.43,0,0,1,0,-,-,neutral"
2026-07-23T21:30:00.000-04:00,"2026-7-23 21:30,2952.5,2952.26,2949.61,2948.59,7,1,1,0,-,-,wave_only"
2026-07-23T21:35:00.000-04:00,"2026-7-23 21:35,2951.6,2952.22,2949.76,2948.71,0,0,1,0,-,-,neutral"
2026-07-23T21:40:00.000-04:00,"2026-7-23 21:40,2953.1,2952.73,2950.02,2948.88,7,1,1,0,-,-,wave_only"
2026-07-23T21:45:00.000-04:00,"2026-7-23 21:45,2951.8,2952.59,2950.16,2948.99,0,0,1,0,-,-,neutral"
2026-07-23T21:50:00.000-04:00,"2026-7-23 21:50,2951.3,2952.28,2950.24,2949.08,0,0,1,0,-,-,neutral"
2026-07-23T21:55:00.000-04:00,"2026-7-23 21:55,2950.5,2951.73,2950.26,2949.14,0,0,0,0,-,-,neutral"
2026-07-23T22:00:00.000-04:00,"2026-7-23 22:00,2950,2951.13,2950.24,2949.17,0,0,0,0,-,-,neutral"
2026-07-23T22:05:00.000-04:00,"2026-7-23 22:05,2950.4,2950.83,2950.26,2949.22,-3,0,0,0,-,-,neutral"
2026-07-23T22:10:00.000-04:00,"2026-7-23 22:10,2950.8,2950.75,2950.3,2949.28,0,0,0,0,-,-,neutral"
2026-07-23T22:15:00.000-04:00,"2026-7-23 22:15,2950.5,2950.59,2950.31,2949.33,-3,0,0,0,-,-,neutral"
2026-07-23T22:20:00.000-04:00,"2026-7-23 22:20,2950.5,2950.47,2950.33,2949.38,-5,0,0,0,-,-,neutral"
2026-07-23T22:25:00.000-04:00,"2026-7-23 22:25,2950,2950.21,2950.3,2949.4,-5,-1,0,0,S,-,FIGHT"
2026-07-23T22:30:00.000-04:00,"2026-7-23 22:30,2948.5,2949.46,2950.16,2949.37,-5,-1,0,0,-,-,FIGHT"
2026-07-23T22:35:00.000-04:00,"2026-7-23 22:35,2947.4,2948.52,2949.95,2949.29,-5,-1,0,0,-,-,FIGHT"
2026-07-23T22:40:00.000-04:00,"2026-7-23 22:40,2947.3,2947.82,2949.75,2949.21,-5,-1,0,0,-,-,FIGHT"
2026-07-23T22:45:00.000-04:00,"2026-7-23 22:45,2946.1,2946.88,2949.47,2949.09,-5,-1,0,0,-,-,FIGHT"
2026-07-23T22:50:00.000-04:00,"2026-7-23 22:50,2945,2945.82,2949.12,2948.93,-5,-1,0,0,-,-,FIGHT"
2026-07-23T22:55:00.000-04:00,"2026-7-23 22:55,2944.6,2944.94,2948.77,2948.76,-5,-1,-1,-1,-,-,RIDE_both"
2026-07-23T23:00:00.000-04:00,"2026-7-23 23:00,2944.8,2944.42,2948.47,2948.6,0,0,-1,-1,-,-,neutral"
2026-07-23T23:05:00.000-04:00,"2026-7-23 23:05,2944.4,2943.94,2948.16,2948.44,0,0,-1,-1,-,-,neutral"
2026-07-23T23:10:00.000-04:00,"2026-7-23 23:10,2945.3,2943.98,2947.94,2948.32,0,0,-1,-1,-,-,neutral"
2026-07-23T23:15:00.000-04:00,"2026-7-23 23:15,2944.7,2943.84,2947.69,2948.17,0,0,-1,-1,-,-,neutral"
2026-07-23T23:20:00.000-04:00,"2026-7-23 23:20,2945.6,2944.12,2947.53,2948.07,0,0,-1,-1,-,-,neutral"
2026-07-23T23:25:00.000-04:00,"2026-7-23 23:25,2946,2944.51,2947.41,2947.99,0,0,-1,-1,-,-,neutral"
2026-07-23T23:30:00.000-04:00,"2026-7-23 23:30,2944.6,2944.32,2947.19,2947.86,0,0,-1,-1,-,-,neutral"
2026-07-23T23:35:00.000-04:00,"2026-7-23 23:35,2945.7,2944.62,2947.08,2947.77,0,0,-1,-1,-,-,neutral"
2026-07-23T23:40:00.000-04:00,"2026-7-23 23:40,2945.3,2944.72,2946.94,2947.68,0,0,-1,-1,-,-,neutral"
2026-07-23T23:45:00.000-04:00,"2026-7-23 23:45,2946.1,2945.11,2946.88,2947.61,0,0,-1,-1,-,-,neutral"
2026-07-23T23:50:00.000-04:00,"2026-7-23 23:50,2945.1,2945.04,2946.74,2947.52,-3,-1,-1,-1,-,-,RIDE_both"
2026-07-23T23:55:00.000-04:00,"2026-7-23 23:55,2944.8,2944.9,2946.59,2947.41,0,0,-1,-1,-,-,neutral"
2026-07-24T00:00:00.000-04:00,"2026-7-24 0:00,2943.7,2944.4,2946.37,2947.26,-7,-1,-1,-1,-,-,RIDE_both"
2026-07-24T00:05:00.000-04:00,"2026-7-24 0:05,2945.6,2944.75,2946.31,2947.2,0,0,-1,-1,-,-,neutral"
2026-07-24T00:10:00.000-04:00,"2026-7-24 0:10,2943.9,2944.39,2946.12,2947.07,-7,-1,-1,-1,-,-,RIDE_both"
2026-07-24T00:15:00.000-04:00,"2026-7-24 0:15,2944.5,2944.36,2946,2946.97,0,0,-1,-1,-,-,neutral"
2026-07-24T00:20:00.000-04:00,"2026-7-24 0:20,2944.6,2944.39,2945.89,2946.88,0,0,-1,-1,-,-,neutral"
2026-07-24T00:25:00.000-04:00,"2026-7-24 0:25,2945.9,2944.91,2945.89,2946.84,0,0,0,-1,-,-,neutral"
2026-07-24T00:30:00.000-04:00,"2026-7-24 0:30,2944.8,2944.89,2945.81,2946.76,0,0,0,-1,-,-,neutral"
2026-07-24T00:35:00.000-04:00,"2026-7-24 0:35,2944.1,2944.62,2945.68,2946.65,-7,-1,0,-1,-,-,tide_only"
2026-07-24T00:40:00.000-04:00,"2026-7-24 0:40,2944.1,2944.42,2945.56,2946.55,-7,-1,-1,-1,-,-,RIDE_both"
2026-07-24T00:45:00.000-04:00,"2026-7-24 0:45,2943.7,2944.14,2945.41,2946.44,-7,-1,-1,-1,-,-,RIDE_both"
2026-07-24T00:50:00.000-04:00,"2026-7-24 0:50,2945.1,2944.45,2945.39,2946.39,0,0,-1,-1,-,-,neutral"
2026-07-24T00:55:00.000-04:00,"2026-7-24 0:55,2945.2,2944.73,2945.37,2946.34,3,1,0,-1,B,-,FIGHT"
2026-07-24T01:00:00.000-04:00,"2026-7-24 1:00,2945.5,2945.05,2945.38,2946.31,3,1,0,-1,-,-,FIGHT"
2026-07-24T01:05:00.000-04:00,"2026-7-24 1:05,2947.2,2945.91,2945.52,2946.34,5,1,0,-1,-,-,FIGHT"
2026-07-24T01:10:00.000-04:00,"2026-7-24 1:10,2946.8,2946.38,2945.62,2946.36,5,1,0,-1,-,-,FIGHT"
2026-07-24T01:15:00.000-04:00,"2026-7-24 1:15,2946.7,2946.68,2945.7,2946.38,5,1,0,-1,-,-,FIGHT"
2026-07-24T01:20:00.000-04:00,"2026-7-24 1:20,2948,2947.36,2945.88,2946.44,5,1,0,-1,-,-,FIGHT"
2026-07-24T01:25:00.000-04:00,"2026-7-24 1:25,2947.6,2947.7,2946.01,2946.48,5,1,0,-1,-,-,FIGHT"
2026-07-24T01:30:00.000-04:00,"2026-7-24 1:30,2948,2948.06,2946.17,2946.54,5,1,0,-1,-,-,FIGHT"
2026-07-24T01:35:00.000-04:00,"2026-7-24 1:35,2947.6,2948.15,2946.28,2946.59,0,0,0,-1,-,-,neutral"
2026-07-24T01:40:00.000-04:00,"2026-7-24 1:40,2949.1,2948.75,2946.49,2946.68,5,1,1,-1,-,-,wave_only"
2026-07-24T01:45:00.000-04:00,"2026-7-24 1:45,2949.3,2949.23,2946.71,2946.79,5,1,1,-1,-,-,wave_only"
2026-07-24T01:50:00.000-04:00,"2026-7-24 1:50,2947.3,2948.81,2946.76,2946.81,0,0,1,-1,-,-,neutral"
2026-07-24T01:55:00.000-04:00,"2026-7-24 1:55,2946.5,2948.17,2946.74,2946.79,0,0,-1,0,-,-,neutral"
2026-07-24T02:00:00.000-04:00,"2026-7-24 2:00,2944.8,2947.05,2946.59,2946.72,0,0,-1,0,-,-,neutral"
2026-07-24T02:05:00.000-04:00,"2026-7-24 2:05,2945.5,2946.48,2946.5,2946.67,0,0,-1,0,-,-,neutral"
2026-07-24T02:10:00.000-04:00,"2026-7-24 2:10,2945.6,2946.1,2946.43,2946.63,-5,-1,-1,0,S,-,wave_only"
2026-07-24T02:15:00.000-04:00,"2026-7-24 2:15,2948.5,2946.89,2946.59,2946.7,7,1,-1,0,B,-,FIGHT"
2026-07-24T02:20:00.000-04:00,"2026-7-24 2:20,2948.5,2947.48,2946.74,2946.77,7,1,-1,0,-,-,FIGHT"
2026-07-24T02:25:00.000-04:00,"2026-7-24 2:25,2948.1,2947.76,2946.84,2946.82,7,1,1,0,-,-,wave_only"
2026-07-24T02:30:00.000-04:00,"2026-7-24 2:30,2948.3,2948.03,2946.96,2946.88,7,1,1,0,-,-,wave_only"
2026-07-24T02:35:00.000-04:00,"2026-7-24 2:35,2948.3,2948.22,2947.06,2946.94,3,1,1,0,-,-,wave_only"
2026-07-24T02:40:00.000-04:00,"2026-7-24 2:40,2946.2,2947.57,2946.99,2946.91,0,0,-1,0,-,-,neutral"
2026-07-24T02:45:00.000-04:00,"2026-7-24 2:45,2944.8,2946.56,2946.82,2946.83,-7,-1,-1,0,S,-,wave_only"
2026-07-24T02:50:00.000-04:00,"2026-7-24 2:50,2946.9,2946.6,2946.83,2946.83,0,0,-1,0,-,-,neutral"
2026-07-24T02:55:00.000-04:00,"2026-7-24 2:55,2948.7,2947.3,2946.97,2946.9,7,1,1,0,B,-,wave_only"
2026-07-24T03:00:00.000-04:00,"2026-7-24 3:00,2951.6,2948.9,2947.33,2947.09,7,1,1,0,-,-,wave_only"
2026-07-24T03:05:00.000-04:00,"2026-7-24 3:05,2954.6,2951.16,2947.89,2947.38,7,1,1,0,-,-,wave_only"
2026-07-24T03:10:00.000-04:00,"2026-7-24 3:10,2955.4,2953.1,2948.47,2947.69,7,1,1,0,-,-,wave_only"
2026-07-24T03:15:00.000-04:00,"2026-7-24 3:15,2957,2955.06,2949.12,2948.06,7,1,1,0,-,-,wave_only"
2026-07-24T03:20:00.000-04:00,"2026-7-24 3:20,2956.6,2956.28,2949.7,2948.39,7,1,1,0,-,-,wave_only"
2026-07-24T03:25:00.000-04:00,"2026-7-24 3:25,2957.6,2957.47,2950.31,2948.76,7,1,1,0,-,-,wave_only"
2026-07-24T03:30:00.000-04:00,"2026-7-24 3:30,2956.9,2957.99,2950.81,2949.08,0,0,1,0,-,-,neutral"
2026-07-24T03:35:00.000-04:00,"2026-7-24 3:35,2955.7,2957.85,2951.19,2949.33,0,0,1,0,-,-,neutral"
2026-07-24T03:40:00.000-04:00,"2026-7-24 3:40,2955.2,2957.47,2951.5,2949.56,0,0,1,0,-,-,neutral"
2026-07-24T03:45:00.000-04:00,"2026-7-24 3:45,2955.1,2957.08,2951.77,2949.78,0,0,1,0,-,-,neutral"
2026-07-24T03:50:00.000-04:00,"2026-7-24 3:50,2955.4,2956.85,2952.05,2950,0,0,1,0,-,-,neutral"
2026-07-24T03:55:00.000-04:00,"2026-7-24 3:55,2954.8,2956.41,2952.27,2950.19,0,0,1,1,-,-,neutral"
2026-07-24T04:00:00.000-04:00,"2026-7-24 4:00,2954.2,2955.81,2952.41,2950.35,0,0,1,1,-,-,neutral"
2026-07-24T04:05:00.000-04:00,"2026-7-24 4:05,2953.4,2955.05,2952.49,2950.47,0,0,1,1,-,-,neutral"
2026-07-24T04:10:00.000-04:00,"2026-7-24 4:10,2953.7,2954.58,2952.58,2950.59,0,0,0,1,-,-,neutral"
2026-07-24T04:15:00.000-04:00,"2026-7-24 4:15,2953.4,2954.11,2952.65,2950.7,0,0,0,1,-,-,neutral"
2026-07-24T04:20:00.000-04:00,"2026-7-24 4:20,2953.8,2953.91,2952.73,2950.83,-3,-1,0,1,S,-,FIGHT"
2026-07-24T04:25:00.000-04:00,"2026-7-24 4:25,2956.9,2954.91,2953.05,2951.06,7,1,1,1,B,BUY,RIDE_both"
2026-07-24T04:30:00.000-04:00,"2026-7-24 4:30,2957.7,2955.93,2953.41,2951.32,7,1,1,1,-,-,RIDE_both"
2026-07-24T04:35:00.000-04:00,"2026-7-24 4:35,2957.5,2956.6,2953.73,2951.57,7,1,1,1,-,-,RIDE_both"
2026-07-24T04:40:00.000-04:00,"2026-7-24 4:40,2957.7,2957.14,2954.03,2951.81,7,1,1,1,-,-,RIDE_both"
2026-07-24T04:45:00.000-04:00,"2026-7-24 4:45,2957.6,2957.48,2954.31,2952.03,7,1,1,1,-,-,RIDE_both"
2026-07-24T04:50:00.000-04:00,"2026-7-24 4:50,2957.9,2957.81,2954.58,2952.26,7,1,1,1,-,-,RIDE_both"
2026-07-24T04:55:00.000-04:00,"2026-7-24 4:55,2957.8,2957.98,2954.83,2952.48,7,1,1,1,-,-,RIDE_both"
2026-07-24T05:00:00.000-04:00,"2026-7-24 5:00,2957.5,2957.97,2955.04,2952.68,0,0,1,1,-,-,neutral"
2026-07-24T05:05:00.000-04:00,"2026-7-24 5:05,2960.1,2958.9,2955.43,2952.97,7,1,1,1,-,-,RIDE_both"
2026-07-24T05:10:00.000-04:00,"2026-7-24 5:10,2958.7,2959.04,2955.68,2953.19,0,0,1,1,-,-,neutral"
2026-07-24T05:15:00.000-04:00,"2026-7-24 5:15,2959.5,2959.4,2955.97,2953.44,7,1,1,1,-,-,RIDE_both"
2026-07-24T05:20:00.000-04:00,"2026-7-24 5:20,2961,2960.19,2956.36,2953.74,7,1,1,1,-,-,RIDE_both"
2026-07-24T05:25:00.000-04:00,"2026-7-24 5:25,2960.7,2960.63,2956.69,2954.01,7,1,1,1,-,-,RIDE_both"
2026-07-24T05:30:00.000-04:00,"2026-7-24 5:30,2961.8,2961.32,2957.09,2954.32,7,1,1,1,-,-,RIDE_both"
2026-07-24T05:35:00.000-04:00,"2026-7-24 5:35,2961.8,2961.79,2957.45,2954.61,7,1,1,1,-,-,RIDE_both"
2026-07-24T05:40:00.000-04:00,"2026-7-24 5:40,2962,2962.16,2957.8,2954.9,7,0,1,1,-,-,neutral"
2026-07-24T05:45:00.000-04:00,"2026-7-24 5:45,2961.8,2962.32,2958.11,2955.17,0,0,1,1,-,-,neutral"
2026-07-24T05:50:00.000-04:00,"2026-7-24 5:50,2962.8,2962.76,2958.47,2955.47,7,1,1,1,-,-,RIDE_both"
2026-07-24T05:55:00.000-04:00,"2026-7-24 5:55,2963.1,2963.16,2958.82,2955.77,7,1,1,1,-,-,RIDE_both"
2026-07-24T06:00:00.000-04:00,"2026-7-24 6:00,2962.4,2963.15,2959.1,2956.03,0,0,1,1,-,-,neutral"
2026-07-24T06:05:00.000-04:00,"2026-7-24 6:05,2961.4,2962.73,2959.28,2956.24,0,0,1,1,-,-,neutral"
2026-07-24T06:10:00.000-04:00,"2026-7-24 6:10,2962.6,2962.84,2959.53,2956.49,7,1,0,1,-,-,tide_only"
2026-07-24T06:15:00.000-04:00,"2026-7-24 6:15,2962.6,2962.89,2959.77,2956.73,7,1,0,1,-,-,tide_only"
2026-07-24T06:20:00.000-04:00,"2026-7-24 6:20,2962.9,2963.01,2960.01,2956.97,7,1,0,1,-,-,tide_only"
2026-07-24T06:25:00.000-04:00,"2026-7-24 6:25,2963,2963.12,2960.24,2957.21,7,1,0,1,-,-,tide_only"
2026-07-24T06:30:00.000-04:00,"2026-7-24 6:30,2963,2963.17,2960.45,2957.43,7,1,0,1,-,-,tide_only"
2026-07-24T06:35:00.000-04:00,"2026-7-24 6:35,2962.8,2963.12,2960.63,2957.64,0,0,0,1,-,-,neutral"
2026-07-24T06:40:00.000-04:00,"2026-7-24 6:40,2963.1,2963.17,2960.82,2957.86,7,1,0,1,-,-,tide_only"
2026-07-24T06:45:00.000-04:00,"2026-7-24 6:45,2964.4,2963.67,2961.1,2958.11,7,1,0,1,-,-,tide_only"
2026-07-24T06:50:00.000-04:00,"2026-7-24 6:50,2963.2,2963.58,2961.26,2958.31,0,0,0,1,-,-,neutral"
2026-07-24T06:55:00.000-04:00,"2026-7-24 6:55,2963.7,2963.68,2961.45,2958.53,7,1,0,1,-,-,tide_only"
2026-07-24T07:00:00.000-04:00,"2026-7-24 7:00,2965,2964.22,2961.72,2958.78,7,1,0,1,-,-,tide_only"
2026-07-24T07:05:00.000-04:00,"2026-7-24 7:05,2964.7,2964.49,2961.95,2959.01,7,1,0,1,-,-,tide_only"
2026-07-24T07:10:00.000-04:00,"2026-7-24 7:10,2965,2964.78,2962.18,2959.25,7,1,0,1,-,-,tide_only"
2026-07-24T07:15:00.000-04:00,"2026-7-24 7:15,2965.1,2965.01,2962.41,2959.48,7,1,0,1,-,-,tide_only"
2026-07-24T07:20:00.000-04:00,"2026-7-24 7:20,2964.8,2965.05,2962.59,2959.68,7,1,0,1,-,-,tide_only"
2026-07-24T07:25:00.000-04:00,"2026-7-24 7:25,2964,2964.76,2962.7,2959.85,0,0,0,1,-,-,neutral"
2026-07-24T07:30:00.000-04:00,"2026-7-24 7:30,2962.7,2964.05,2962.7,2959.97,0,0,0,1,-,-,neutral"
2026-07-24T07:35:00.000-04:00,"2026-7-24 7:35,2962.9,2963.59,2962.72,2960.08,-3,-1,0,1,S,-,FIGHT"
2026-07-24T07:40:00.000-04:00,"2026-7-24 7:40,2960.9,2962.52,2962.58,2960.11,-5,-1,0,1,-,-,FIGHT"
2026-07-24T07:45:00.000-04:00,"2026-7-24 7:45,2961.6,2961.99,2962.5,2960.17,-5,-1,0,1,-,-,FIGHT"
2026-07-24T07:50:00.000-04:00,"2026-7-24 7:50,2960.7,2961.29,2962.36,2960.19,-5,-1,0,1,-,-,FIGHT"
2026-07-24T07:55:00.000-04:00,"2026-7-24 7:55,2966.5,2962.95,2962.68,2960.44,7,0,1,1,-,-,neutral"
2026-07-24T08:00:00.000-04:00,"2026-7-24 8:00,2963.4,2963.03,2962.74,2960.56,7,1,1,1,B,BUY,RIDE_both"
2026-07-24T08:05:00.000-04:00,"2026-7-24 8:05,2964.4,2963.47,2962.86,2960.71,7,1,1,1,-,-,RIDE_both"
2026-07-24T08:10:00.000-04:00,"2026-7-24 8:10,2965.5,2964.2,2963.07,2960.89,7,1,0,1,-,-,tide_only"
2026-07-24T08:15:00.000-04:00,"2026-7-24 8:15,2965.3,2964.66,2963.24,2961.07,7,1,0,1,-,-,tide_only"
2026-07-24T08:20:00.000-04:00,"2026-7-24 8:20,2965.1,2964.91,2963.38,2961.23,7,1,0,1,-,-,tide_only"
2026-07-24T08:25:00.000-04:00,"2026-7-24 8:25,2965.3,2965.15,2963.53,2961.38,7,1,0,1,-,-,tide_only"
2026-07-24T08:30:00.000-04:00,"2026-7-24 8:30,2964.6,2965.06,2963.61,2961.51,0,0,0,1,-,-,neutral"
2026-07-24T08:35:00.000-04:00,"2026-7-24 8:35,2965.6,2965.35,2963.76,2961.67,7,1,0,1,-,-,tide_only"
2026-07-24T08:40:00.000-04:00,"2026-7-24 8:40,2963.8,2964.88,2963.77,2961.75,0,0,0,1,-,-,neutral"
2026-07-24T08:45:00.000-04:00,"2026-7-24 8:45,2963.6,2964.45,2963.75,2961.83,-3,-1,0,1,S,-,FIGHT"
2026-07-24T08:50:00.000-04:00,"2026-7-24 8:50,2962.4,2963.68,2963.65,2961.85,-5,-1,0,1,-,-,FIGHT"
2026-07-24T08:55:00.000-04:00,"2026-7-24 8:55,2961.7,2962.86,2963.5,2961.84,-5,-1,0,0,-,-,FIGHT"
2026-07-24T09:00:00.000-04:00,"2026-7-24 9:00,2962.2,2962.46,2963.4,2961.86,-5,-1,0,0,-,-,FIGHT"
2026-07-24T09:05:00.000-04:00,"2026-7-24 9:05,2962.2,2962.17,2963.31,2961.87,-5,-1,0,0,-,-,FIGHT"
2026-07-24T09:10:00.000-04:00,"2026-7-24 9:10,2961.6,2961.77,2963.18,2961.86,-5,-1,0,0,-,-,FIGHT"
2026-07-24T09:15:00.000-04:00,"2026-7-24 9:15,2962.3,2961.75,2963.11,2961.88,0,0,0,0,-,-,neutral"
2026-07-24T09:20:00.000-04:00,"2026-7-24 9:20,2962.2,2961.72,2963.04,2961.89,0,0,0,0,-,-,neutral"
2026-07-24T09:25:00.000-04:00,"2026-7-24 9:25,2964.5,2962.57,2963.15,2961.99,0,0,1,0,-,-,neutral"
2026-07-24T09:30:00.000-04:00,"2026-7-24 9:30,2954,2959.32,2962.45,2961.68,-5,-1,1,0,-,-,FIGHT"
2026-07-24T09:35:00.000-04:00,"2026-7-24 9:35,2952.5,2956.41,2961.68,2961.32,-5,-1,1,0,-,-,FIGHT"
2026-07-24T09:40:00.000-04:00,"2026-7-24 9:40,2954.9,2955.21,2961.16,2961.07,-3,-1,-1,0,-,-,wave_only"
2026-07-24T09:45:00.000-04:00,"2026-7-24 9:45,2955,2954.45,2960.69,2960.83,-3,-1,-1,0,-,-,wave_only"
2026-07-24T09:50:00.000-04:00,"2026-7-24 9:50,2947,2951.01,2959.63,2960.29,-5,-1,-1,0,-,-,wave_only"
2026-07-24T09:55:00.000-04:00,"2026-7-24 9:55,2945.7,2948.1,2958.56,2959.72,-7,-1,-1,0,-,-,wave_only"
2026-07-24T10:00:00.000-04:00,"2026-7-24 10:00,2942.2,2944.79,2957.3,2959.03,-5,-1,-1,0,-,-,wave_only"
2026-07-24T10:05:00.000-04:00,"2026-7-24 10:05,2946,2943.91,2956.43,2958.52,0,0,-1,0,-,-,neutral"
2026-07-24T10:10:00.000-04:00,"2026-7-24 10:10,2951,2945.28,2956.02,2958.22,0,0,-1,0,-,-,neutral"
2026-07-24T10:15:00.000-04:00,"2026-7-24 10:15,2945.5,2944.39,2955.21,2957.72,0,0,-1,0,-,-,neutral"
2026-07-24T10:20:00.000-04:00,"2026-7-24 10:20,2950,2945.52,2954.81,2957.42,0,0,-1,0,-,-,neutral"
2026-07-24T10:25:00.000-04:00,"2026-7-24 10:25,2945,2944.62,2954.05,2956.93,0,0,-1,0,-,-,neutral"
2026-07-24T10:30:00.000-04:00,"2026-7-24 10:30,2940,2942.2,2952.97,2956.27,-7,-1,-1,0,-,-,wave_only"
2026-07-24T10:35:00.000-04:00,"2026-7-24 10:35,2936.8,2939.35,2951.73,2955.51,-7,-1,-1,0,-,-,wave_only"
2026-07-24T10:40:00.000-04:00,"2026-7-24 10:40,2938,2937.83,2950.67,2954.82,-7,-1,-1,0,-,-,wave_only"
2026-07-24T10:45:00.000-04:00,"2026-7-24 10:45,2941.4,2938.11,2949.96,2954.29,0,0,-1,0,-,-,neutral"
2026-07-24T10:50:00.000-04:00,"2026-7-24 10:50,2943.6,2939.27,2949.47,2953.87,0,0,-1,0,-,-,neutral"
2026-07-24T10:55:00.000-04:00,"2026-7-24 10:55,2947.7,2941.75,2949.33,2953.63,0,0,0,0,-,-,neutral"
2026-07-24T11:00:00.000-04:00,"2026-7-24 11:00,2946.4,2943.17,2949.11,2953.35,0,0,0,0,-,-,neutral"
2026-07-24T11:05:00.000-04:00,"2026-7-24 11:05,2945.3,2943.85,2948.81,2953.03,0,0,0,0,-,-,neutral"
2026-07-24T11:10:00.000-04:00,"2026-7-24 11:10,2957.6,2948.95,2949.49,2953.21,5,1,0,0,B,-,FIGHT"
2026-07-24T11:15:00.000-04:00,"2026-7-24 11:15,2958.8,2953.12,2950.21,2953.43,5,1,0,0,-,-,FIGHT"
2026-07-24T11:20:00.000-04:00,"2026-7-24 11:20,2962.8,2957.62,2951.18,2953.8,5,1,0,0,-,-,FIGHT"
2026-07-24T11:25:00.000-04:00,"2026-7-24 11:25,2966.3,2962.11,2952.34,2954.29,5,1,0,0,-,-,FIGHT"
2026-07-24T11:30:00.000-04:00,"2026-7-24 11:30,2962.9,2964.01,2953.15,2954.63,5,1,0,0,-,-,FIGHT"
2026-07-24T11:35:00.000-04:00,"2026-7-24 11:35,2968.6,2967.34,2954.34,2955.17,5,1,0,0,-,-,FIGHT"
2026-07-24T11:40:00.000-04:00,"2026-7-24 11:40,2964.2,2967.98,2955.1,2955.53,0,0,1,0,-,-,neutral"
2026-07-24T11:45:00.000-04:00,"2026-7-24 11:45,2963.2,2967.88,2955.72,2955.83,0,0,1,0,-,-,neutral"
2026-07-24T11:50:00.000-04:00,"2026-7-24 11:50,2964.1,2967.96,2956.37,2956.15,0,0,1,0,-,-,neutral"
2026-07-24T11:55:00.000-04:00,"2026-7-24 11:55,2964.8,2968.12,2957.01,2956.49,0,0,1,1,-,-,neutral"
2026-07-24T12:00:00.000-04:00,"2026-7-24 12:00,2964.8,2968.08,2957.61,2956.82,0,0,1,1,-,-,neutral"
2026-07-24T12:05:00.000-04:00,"2026-7-24 12:05,2965,2967.99,2958.18,2957.14,0,0,1,1,-,-,neutral"
2026-07-24T12:10:00.000-04:00,"2026-7-24 12:10,2964.3,2967.53,2958.65,2957.42,0,0,1,1,-,-,neutral"
2026-07-24T12:15:00.000-04:00,"2026-7-24 12:15,2966.7,2967.98,2959.27,2957.78,0,0,1,1,-,-,neutral"
2026-07-24T12:20:00.000-04:00,"2026-7-24 12:20,2967.2,2968.39,2959.88,2958.15,0,0,1,1,-,-,neutral"
2026-07-24T12:25:00.000-04:00,"2026-7-24 12:25,2966.7,2968.41,2960.41,2958.49,0,0,1,1,-,-,neutral"
2026-07-24T12:30:00.000-04:00,"2026-7-24 12:30,2965,2967.71,2960.76,2958.74,0,0,1,1,-,-,neutral"
2026-07-24T12:35:00.000-04:00,"2026-7-24 12:35,2962.4,2966.16,2960.89,2958.89,0,0,1,1,-,-,neutral"
2026-07-24T12:40:00.000-04:00,"2026-7-24 12:40,2958.3,2963.44,2960.69,2958.86,0,0,0,1,-,-,neutral"
2026-07-24T12:45:00.000-04:00,"2026-7-24 12:45,2956.1,2960.61,2960.33,2958.76,-5,-1,0,1,S,-,FIGHT"
2026-07-24T12:50:00.000-04:00,"2026-7-24 12:50,2954.5,2957.94,2959.88,2958.59,-5,-1,0,1,-,-,FIGHT"
2026-07-24T12:55:00.000-04:00,"2026-7-24 12:55,2958,2957.32,2959.74,2958.57,-5,-1,0,0,-,-,FIGHT"
2026-07-24T13:00:00.000-04:00,"2026-7-24 13:00,2956.1,2956.21,2959.46,2958.47,-5,-1,0,0,-,-,FIGHT"
2026-07-24T13:05:00.000-04:00,"2026-7-24 13:05,2950.9,2953.54,2958.8,2958.17,-5,-1,0,0,-,-,FIGHT"
2026-07-24T13:10:00.000-04:00,"2026-7-24 13:10,2955,2953.17,2958.51,2958.05,-3,-1,0,0,-,-,FIGHT"
2026-07-24T13:15:00.000-04:00,"2026-7-24 13:15,2957.9,2954.07,2958.46,2958.04,0,0,0,0,-,-,neutral"
2026-07-24T13:20:00.000-04:00,"2026-7-24 13:20,2958.6,2955.07,2958.47,2958.06,0,0,0,0,-,-,neutral"
2026-07-24T13:25:00.000-04:00,"2026-7-24 13:25,2960.4,2956.53,2958.62,2958.16,0,0,0,0,-,-,neutral"
2026-07-24T13:30:00.000-04:00,"2026-7-24 13:30,2962.1,2958.28,2958.89,2958.31,0,0,0,0,-,-,neutral"
2026-07-24T13:35:00.000-04:00,"2026-7-24 13:35,2959.7,2958.7,2958.95,2958.36,0,0,0,0,-,-,neutral"
2026-07-24T13:40:00.000-04:00,"2026-7-24 13:40,2958.5,2958.57,2958.92,2958.37,-5,-1,0,0,-,-,FIGHT"
2026-07-24T13:45:00.000-04:00,"2026-7-24 13:45,2958.3,2958.41,2958.87,2958.37,-5,-1,0,0,-,-,FIGHT"
2026-07-24T13:50:00.000-04:00,"2026-7-24 13:50,2957.8,2958.11,2958.79,2958.34,-5,-1,0,0,-,-,FIGHT"
2026-07-24T13:55:00.000-04:00,"2026-7-24 13:55,2957.4,2957.76,2958.68,2958.31,-5,-1,0,0,-,-,FIGHT"
2026-07-24T14:00:00.000-04:00,"2026-7-24 14:00,2956.7,2957.25,2958.53,2958.24,-5,-1,0,0,-,-,FIGHT"
2026-07-24T14:05:00.000-04:00,"2026-7-24 14:05,2957.8,2957.3,2958.47,2958.23,0,0,0,0,-,-,neutral"
2026-07-24T14:10:00.000-04:00,"2026-7-24 14:10,2955.3,2956.43,2958.23,2958.11,-5,-1,-1,0,-,-,wave_only"
2026-07-24T14:15:00.000-04:00,"2026-7-24 14:15,2952.8,2954.88,2957.81,2957.9,-7,-1,-1,0,-,-,wave_only"
2026-07-24T14:20:00.000-04:00,"2026-7-24 14:20,2953.2,2953.93,2957.46,2957.72,-5,-1,-1,0,-,-,wave_only"
2026-07-24T14:25:00.000-04:00,"2026-7-24 14:25,2949.3,2951.83,2956.83,2957.39,-7,-1,-1,0,-,-,wave_only"
2026-07-24T14:30:00.000-04:00,"2026-7-24 14:30,2946.9,2949.45,2956.06,2956.98,-7,-1,-1,0,-,-,wave_only"
2026-07-24T14:35:00.000-04:00,"2026-7-24 14:35,2946.2,2947.52,2955.31,2956.56,-7,-1,-1,0,-,-,wave_only"
2026-07-24T14:40:00.000-04:00,"2026-7-24 14:40,2944.9,2945.72,2954.51,2956.1,-5,-1,-1,0,-,-,wave_only"
2026-07-24T14:45:00.000-04:00,"2026-7-24 14:45,2947.3,2945.39,2953.95,2955.75,0,0,-1,0,-,-,neutral"
2026-07-24T14:50:00.000-04:00,"2026-7-24 14:50,2945.9,2944.74,2953.33,2955.37,0,0,-1,0,-,-,neutral"
2026-07-24T14:55:00.000-04:00,"2026-7-24 14:55,2946.6,2944.62,2952.81,2955.02,-3,-1,-1,0,-,-,wave_only"
2026-07-24T15:00:00.000-04:00,"2026-7-24 15:00,2944.9,2944,2952.21,2954.63,-3,-1,-1,0,-,-,wave_only"
2026-07-24T15:05:00.000-04:00,"2026-7-24 15:05,2940.8,2942.13,2951.33,2954.08,-5,-1,-1,0,-,-,wave_only"
2026-07-24T15:10:00.000-04:00,"2026-7-24 15:10,2939.7,2940.44,2950.43,2953.52,-7,-1,-1,0,-,-,wave_only"
2026-07-24T15:15:00.000-04:00,"2026-7-24 15:15,2940.9,2939.76,2949.7,2953.03,0,0,-1,0,-,-,neutral"
2026-07-24T15:20:00.000-04:00,"2026-7-24 15:20,2940.3,2939.14,2948.98,2952.53,0,0,-1,0,-,-,neutral"
2026-07-24T15:25:00.000-04:00,"2026-7-24 15:25,2941.8,2939.36,2948.42,2952.11,0,0,-1,0,-,-,neutral"
2026-07-24T15:30:00.000-04:00,"2026-7-24 15:30,2944.4,2940.58,2948.12,2951.8,0,0,-1,0,-,-,neutral"
2026-07-24T15:35:00.000-04:00,"2026-7-24 15:35,2942.3,2940.78,2947.67,2951.43,0,0,-1,0,-,-,neutral"
2026-07-24T15:40:00.000-04:00,"2026-7-24 15:40,2943.1,2941.29,2947.32,2951.1,0,0,0,0,-,-,neutral"
2026-07-24T15:45:00.000-04:00,"2026-7-24 15:45,2943.3,2941.79,2947.01,2950.8,0,0,0,0,-,-,neutral"
2026-07-24T15:50:00.000-04:00,"2026-7-24 15:50,2943,2942.1,2946.7,2950.49,0,0,0,0,-,-,neutral"
2026-07-24T15:55:00.000-04:00,"2026-7-24 15:55,2942.5,2942.17,2946.38,2950.18,0,0,0,-1,-,-,neutral"
2026-07-24T16:00:00.000-04:00,"2026-7-24 16:00,2942.7,2942.32,2946.09,2949.89,0,0,0,-1,-,-,neutral"
2026-07-24T16:05:00.000-04:00,"2026-7-24 16:05,2941.5,2942.01,2945.74,2949.56,-7,-1,0,-1,-,-,tide_only"
2026-07-24T16:10:00.000-04:00,"2026-7-24 16:10,2942.7,2942.25,2945.51,2949.29,0,0,0,-1,-,-,neutral"
2026-07-24T16:15:00.000-04:00,"2026-7-24 16:15,2944,2942.92,2945.39,2949.08,3,1,0,-1,B,-,FIGHT"
2026-07-24T16:20:00.000-04:00,"2026-7-24 16:20,2944.7,2943.69,2945.34,2948.91,3,1,0,-1,-,-,FIGHT"
2026-07-24T16:25:00.000-04:00,"2026-7-24 16:25,2944,2943.99,2945.23,2948.72,3,1,0,-1,-,-,FIGHT"
2026-07-24T16:30:00.000-04:00,"2026-7-24 16:30,2942.5,2943.65,2945.02,2948.47,-7,-1,0,-1,S,-,tide_only"
2026-07-24T16:35:00.000-04:00,"2026-7-24 16:35,2942.9,2943.54,2944.86,2948.25,-7,-1,0,-1,-,-,tide_only"
2026-07-24T16:40:00.000-04:00,"2026-7-24 16:40,2943.4,2943.63,2944.75,2948.06,3,0,0,-1,-,-,neutral"
2026-07-24T16:45:00.000-04:00,"2026-7-24 16:45,2943.4,2943.7,2944.64,2947.88,3,0,0,-1,-,-,neutral"
2026-07-24T16:50:00.000-04:00,"2026-7-24 16:50,2945.4,2944.48,2944.7,2947.78,5,1,0,-1,B,-,FIGHT"
2026-07-24T16:55:00.000-04:00,"2026-7-24 16:55,2944.4,2944.68,2944.68,2947.65,5,1,0,-1,-,-,FIGHT"
